work_id,recommendation_id,house,tenure,mp_id,mp_name,work_name,category,sub_category,state,district,constituency,block,village,latitude,longitude,recommended_amount,sanctioned_amount,expenditure_amount,remaining_amount,recommendation_date,sanction_date,start_date,expected_completion_date,actual_completion_date,status,progress_percentage,implementing_agency_id,implementing_agency_name,document_count,photo_count,has_completion_certificate,source_type
MPL-2024-UP-004821,REC-2023-9901,Lok Sabha,17th Lok Sabha (2023-24),MP-LS-17-084,Shri Ramakant Sharma (Hon'ble MP),"Construction of CC Road and Paver Works from Main Chowk to Panchayat Bhawan, Village Rampur",Rural Roads & Bridges,CC Road Construction,Uttar Pradesh,Varanasi,Varanasi,Kashi Vidyapeeth,Rampur,25.321,82.9765,4800000.0,4800000.0,4200000.0,600000.0,2023-08-10,2023-10-25,2023-11-15,2024-05-30,,Ongoing,45.0,AGY-XYZ-99,XYZ Infrastructure & Construction Private Ltd,2,1,False,PUBLIC DATA
MPL-2024-UP-004822,REC-2023-9902,Lok Sabha,17th Lok Sabha (2023-24),MP-LS-17-084,Shri Ramakant Sharma (Hon'ble MP),"Construction of Concrete CC Road from Main Chowk to Gram Panchayat Bhawan, Rampur",Rural Roads & Bridges,CC Road Construction,Uttar Pradesh,Varanasi,Varanasi,Kashi Vidyapeeth,Rampur,25.3235,82.978,4650000.0,4650000.0,3900000.0,750000.0,2023-09-05,2023-11-10,2023-12-01,2024-06-15,,Ongoing,40.0,AGY-XYZ-99,XYZ Infrastructure & Construction Private Ltd,2,1,False,PUBLIC DATA
MPL-2024-MH-001890,REC-2023-7741,Lok Sabha,17th Lok Sabha (2023-24),MP-LS-17-042,Shri Naresh Rao (Hon'ble MP),"Construction of Senior Citizen Recreation Shed at Khadavali, Block Kalyan",Community Infrastructure,Senior Citizen Recreation Shed,Maharashtra,Thane,Thane,Kalyan,Khadavali,19.2941,73.1902,1800000.0,1800000.0,1800000.0,0.0,2023-05-12,2023-06-20,2023-07-05,2024-01-30,2024-02-15,Completed,100.0,AGY-ZP-03,Zila Parishad Rural Infrastructure Cell,2,2,False,PUBLIC DATA
MPL-2024-BR-003310,REC-2023-5512,Lok Sabha,17th Lok Sabha (2023-24),MP-LS-17-019,Dr. Ravi Shankar Sinha (Hon'ble MP),"Installation of Deep Borewell & Solar Pump System at Ranipur, Block Phulwari Sharif",Drinking Water,Deep Borewell & Solar Pump System,Bihar,Patna,Patna Sahib,Phulwari Sharif,Ranipur,25.5612,85.0819,1500000.0,1500000.0,1250000.0,250000.0,2023-04-18,2023-05-30,2023-06-15,2023-11-30,,Delayed,55.0,AGY-WSS-05,Public Health Engineering & Water Supply Dept,1,0,False,PUBLIC DATA
MPL-2024-KE-000005,REC-2023-0005,Lok Sabha,18th Lok Sabha (2024-Present),MP-LO-17-78,Shri Hibi Eden (Hon'ble MP),"Piped Water Overhead Tank at Cherai, Block Aluva",Drinking Water,Piped Water Overhead Tank,Kerala,Ernakulam,Ernakulam,Aluva,Cherai,9.9027,76.3108,1350000.0,1350000.0,724000.0,626000.0,2023-08-28,2023-10-01,2023-10-15,2024-04-01,,Delayed,59.6,AGY-ZP-03,Zila Parishad Rural Infrastructure Cell,1,2,False,PUBLIC DATA
MPL-2024-RA-000006,REC-2023-0006,Lok Sabha,17th Lok Sabha (2023-24),MP-LO-17-76,Smt. Manju Meena (Hon'ble MP),"Public Bus Passenger Shelter at Bassi, Block Kotputli",Community Infrastructure,Public Bus Passenger Shelter,Rajasthan,Jaipur,Jaipur Rural,Kotputli,Bassi,26.8764,75.763,2430000.0,2430000.0,2430000.0,0.0,2023-08-08,2023-10-03,2023-10-29,2024-03-12,2024-03-06,Completed,100.0,AGY-WSS-05,Public Health Engineering & Water Supply Dept,3,2,False,PUBLIC DATA
MPL-2024-UT-000007,REC-2023-0007,Lok Sabha,18th Lok Sabha (2024-Present),MP-LO-17-21,Shri Ramakant Sharma (Hon'ble MP),"Village Waste Segregation Shed at Harahua, Block Kashi Vidyapeeth",Health & Sanitation,Village Waste Segregation Shed,Uttar Pradesh,Varanasi,Varanasi,Kashi Vidyapeeth,Harahua,25.3415,83.0248,2000000.0,2000000.0,596000.0,1404000.0,2023-10-21,2023-11-30,2023-12-25,2024-06-22,,Delayed,33.1,AGY-XYZ-99,XYZ Infrastructure & Construction Private Ltd,1,0,False,PUBLIC DATA
MPL-2024-WE-000008,REC-2023-0008,Lok Sabha,17th Lok Sabha (2023-24),MP-LO-17-20,Smt. Mahua Mitra (Hon'ble MP),"Deep Borewell & Solar Pump System at Bethuadahari, Block Nakashipara",Drinking Water,Deep Borewell & Solar Pump System,West Bengal,Nadia,Krishnanagar,Nakashipara,Bethuadahari,23.3514,88.4531,800000.0,800000.0,800000.0,0.0,2023-11-05,2023-12-24,2024-01-08,2024-06-23,2024-07-10,Completed,100.0,AGY-PWD-01,Public Works Department (PWD) Division I,2,2,True,PUBLIC DATA
MPL-2024-BI-000009,REC-2023-0009,Lok Sabha,17th Lok Sabha (2023-24),MP-LO-17-73,Dr. Ravi Shankar Sinha (Hon'ble MP),"Health Diagnostic Equipment at Sabbalpur, Block Danapur",Health & Sanitation,Health Diagnostic Equipment,Bihar,Patna,Patna Sahib,Danapur,Sabbalpur,25.5513,85.1678,1060000.0,1060000.0,598000.0,462000.0,2023-08-11,2023-10-10,2023-10-24,2024-04-02,,Ongoing,56.8,AGY-ZP-03,Zila Parishad Rural Infrastructure Cell,1,3,False,PUBLIC DATA
MPL-2024-WE-000010,REC-2023-0010,Lok Sabha,18th Lok Sabha (2024-Present),MP-LO-17-57,Smt. Mahua Mitra (Hon'ble MP),"Primary Health Sub-Centre Building at Debagram, Block Krishnanagar-I",Health & Sanitation,Primary Health Sub-Centre Building,West Bengal,Nadia,Krishnanagar,Krishnanagar-I,Debagram,23.3337,88.4839,1410000.0,1410000.0,665000.0,745000.0,2023-11-05,2023-12-23,2024-01-17,2024-08-31,,Delayed,52.4,AGY-DRDA-04,District Rural Development Agency (DRDA),2,0,False,PUBLIC DATA
MPL-2024-BI-000011,REC-2023-0011,Lok Sabha,17th Lok Sabha (2023-24),MP-LO-17-40,Dr. Ravi Shankar Sinha (Hon'ble MP),"Health Diagnostic Equipment at Jethuli, Block Danapur",Health & Sanitation,Health Diagnostic Equipment,Bihar,Patna,Patna Sahib,Danapur,Jethuli,25.6577,85.1011,2030000.0,2030000.0,729000.0,1301000.0,2024-02-18,2024-04-18,2024-04-29,2024-10-02,,Ongoing,37.2,AGY-RWD-02,Rural Works Department (RWD) Engineering Wing,1,4,False,PUBLIC DATA
MPL-2024-UT-000012,REC-2023-0012,Lok Sabha,17th Lok Sabha (2023-24),MP-LO-17-50,Shri Ramakant Sharma (Hon'ble MP),"Community Public Toilet Complex at Babatpur, Block Kashi Vidyapeeth",Health & Sanitation,Community Public Toilet Complex,Uttar Pradesh,Varanasi,Varanasi,Kashi Vidyapeeth,Babatpur,25.3551,82.912,2430000.0,2430000.0,365000.0,2065000.0,2023-09-21,2023-11-15,2023-12-15,2024-05-06,,Delayed,16.7,AGY-WSS-05,Public Health Engineering & Water Supply Dept,2,1,False,PUBLIC DATA
MPL-2024-UT-000013,REC-2023-0013,Rajya Sabha,17th Lok Sabha (2023-24),MP-RA-17-78,Shri Ramakant Sharma (Hon'ble MP),"Primary Health Sub-Centre Building at Tikari, Block Arajiline",Health & Sanitation,Primary Health Sub-Centre Building,Uttar Pradesh,Varanasi,Varanasi,Arajiline,Tikari,25.336,83.0198,1450000.0,1450000.0,1450000.0,0.0,2023-05-31,2023-07-19,2023-07-29,2023-12-02,2023-12-09,Completed,100.0,AGY-RWD-02,Rural Works Department (RWD) Engineering Wing,4,3,True,PUBLIC DATA
MPL-2024-KE-000014,REC-2023-0014,Lok Sabha,17th Lok Sabha (2023-24),MP-LO-17-14,Shri Hibi Eden (Hon'ble MP),"Rooftop Solar for Govt Hospital at Edappally, Block Aluva",Solar & Renewable Energy,Rooftop Solar for Govt Hospital,Kerala,Ernakulam,Ernakulam,Aluva,Edappally,10.0074,76.2325,1140000.0,1140000.0,723000.0,417000.0,2024-03-20,2024-05-07,2024-05-23,2024-12-12,,Ongoing,59.8,AGY-PWD-01,Public Works Department (PWD) Division I,1,1,False,PUBLIC DATA
MPL-2024-UT-000015,REC-2023-0015,Lok Sabha,17th Lok Sabha (2023-24),MP-LO-17-66,Shri Ramakant Sharma (Hon'ble MP),"Community Public Toilet Complex at Chhatar, Block Pindra",Health & Sanitation,Community Public Toilet Complex,Uttar Pradesh,Varanasi,Varanasi,Pindra,Chhatar,25.3166,82.9937,1370000.0,1370000.0,906000.0,464000.0,2023-11-19,2023-12-07,2023-12-30,2024-05-28,,Ongoing,77.6,AGY-ZP-03,Zila Parishad Rural Infrastructure Cell,1,3,False,PUBLIC DATA
MPL-2024-RA-000016,REC-2023-0016,Lok Sabha,17th Lok Sabha (2023-24),MP-LO-17-84,Smt. Manju Meena (Hon'ble MP),"Panchayat Community Hall at Kukas, Block Kotputli",Community Infrastructure,Panchayat Community Hall,Rajasthan,Jaipur,Jaipur Rural,Kotputli,Kukas,26.9452,75.7822,3070000.0,3070000.0,3070000.0,0.0,2023-08-29,2023-09-20,2023-10-17,2024-04-06,2024-03-18,Completed,100.0,AGY-ZP-03,Zila Parishad Rural Infrastructure Cell,2,5,False,PUBLIC DATA
MPL-2024-WE-000017,REC-2023-0017,Lok Sabha,17th Lok Sabha (2023-24),MP-LO-17-34,Smt. Mahua Mitra (Hon'ble MP),"Public Bus Passenger Shelter at Tehatta, Block Nakashipara",Community Infrastructure,Public Bus Passenger Shelter,West Bengal,Nadia,Krishnanagar,Nakashipara,Tehatta,23.4203,88.4559,2710000.0,2710000.0,878000.0,1832000.0,2024-02-05,2024-03-25,2024-04-12,2024-08-19,,Delayed,36.0,AGY-DRDA-04,District Rural Development Agency (DRDA),2,2,False,PUBLIC DATA
MPL-2024-KE-000018,REC-2023-0018,Lok Sabha,18th Lok Sabha (2024-Present),MP-LO-17-46,Shri Hibi Eden (Hon'ble MP),"CC Road Construction at Cherai, Block Aluva",Rural Roads & Bridges,CC Road Construction,Kerala,Ernakulam,Ernakulam,Aluva,Cherai,9.9117,76.3593,2410000.0,2410000.0,2410000.0,0.0,2023-09-20,2023-11-05,2023-11-29,2024-06-27,2024-07-12,Completed,100.0,AGY-RWD-02,Rural Works Department (RWD) Engineering Wing,3,2,True,PUBLIC DATA
MPL-2024-BI-000019,REC-2023-0019,Lok Sabha,18th Lok Sabha (2024-Present),MP-LO-17-34,Dr. Ravi Shankar Sinha (Hon'ble MP),"Public Bus Passenger Shelter at Baikatpur, Block Fatuha",Community Infrastructure,Public Bus Passenger Shelter,Bihar,Patna,Patna Sahib,Fatuha,Baikatpur,25.657,85.1914,1020000.0,1020000.0,1020000.0,0.0,2024-02-12,2024-03-21,2024-04-17,2024-08-15,2024-09-15,Completed,100.0,AGY-PWD-01,Public Works Department (PWD) Division I,4,6,True,PUBLIC DATA
MPL-2024-AS-000020,REC-2023-0020,Lok Sabha,18th Lok Sabha (2024-Present),MP-LO-17-76,Smt. Queen Oja (Hon'ble MP),"Solar Street Light Grid (50 poles) at Dadara, Block Kamalpur",Solar & Renewable Energy,Solar Street Light Grid (50 poles),Assam,Kamrup,Gauhati,Kamalpur,Dadara,26.0668,91.6581,490000.0,490000.0,232000.0,258000.0,2023-10-25,2023-11-12,2023-11-27,2024-05-13,,Ongoing,50.1,AGY-ZP-03,Zila Parishad Rural Infrastructure Cell,2,4,False,PUBLIC DATA
MPL-2024-WE-000021,REC-2023-0021,Lok Sabha,17th Lok Sabha (2023-24),MP-LO-17-33,Smt. Mahua Mitra (Hon'ble MP),"RO Water Treatment Plant at Mayapur, Block Krishnanagar-I",Drinking Water,RO Water Treatment Plant,West Bengal,Nadia,Krishnanagar,Krishnanagar-I,Mayapur,23.4442,88.4873,1470000.0,1470000.0,717000.0,753000.0,2023-05-24,2023-07-15,2023-07-31,2023-11-30,,Delayed,54.2,AGY-PWD-01,Public Works Department (PWD) Division I,1,0,False,PUBLIC DATA
MPL-2024-BI-000022,REC-2023-0022,Lok Sabha,17th Lok Sabha (2023-24),MP-LO-17-19,Dr. Ravi Shankar Sinha (Hon'ble MP),"Solar Street Light Grid (50 poles) at Jethuli, Block Sampatchak",Solar & Renewable Energy,Solar Street Light Grid (50 poles),Bihar,Patna,Patna Sahib,Sampatchak,Jethuli,25.6034,85.0793,640000.0,640000.0,165000.0,475000.0,2023-06-05,2023-07-27,2023-08-06,2024-01-27,,Ongoing,27.7,AGY-PWD-01,Public Works Department (PWD) Division I,1,3,False,PUBLIC DATA
MPL-2024-AS-000023,REC-2023-0023,Lok Sabha,18th Lok Sabha (2024-Present),MP-LO-17-87,Smt. Queen Oja (Hon'ble MP),"Primary Health Sub-Centre Building at Puthimari, Block Kamalpur",Health & Sanitation,Primary Health Sub-Centre Building,Assam,Kamrup,Gauhati,Kamalpur,Puthimari,26.0946,91.8114,1570000.0,1570000.0,714000.0,856000.0,2024-02-29,2024-03-31,2024-04-19,2024-12-15,,Ongoing,50.4,AGY-ZP-03,Zila Parishad Rural Infrastructure Cell,1,3,False,PUBLIC DATA
MPL-2024-BI-000024,REC-2023-0024,Lok Sabha,17th Lok Sabha (2023-24),MP-LO-17-62,Dr. Ravi Shankar Sinha (Hon'ble MP),"High-Mast Solar Lighting Chowk at Gauri Chak, Block Sampatchak",Solar & Renewable Energy,High-Mast Solar Lighting Chowk,Bihar,Patna,Patna Sahib,Sampatchak,Gauri Chak,25.5362,85.1949,1320000.0,1320000.0,394000.0,926000.0,2023-06-21,2023-07-23,2023-08-09,2024-03-12,,Ongoing,33.4,AGY-DRDA-04,District Rural Development Agency (DRDA),1,1,False,PUBLIC DATA
MPL-2024-KA-000025,REC-2023-0025,Lok Sabha,18th Lok Sabha (2024-Present),MP-LO-17-13,Shri K. Venkatesh (Hon'ble MP),"Crematorium Shed with Amenities at Attibele, Block Bengaluru North",Community Infrastructure,Crematorium Shed with Amenities,Karnataka,Bengaluru Urban,Bangalore North,Bengaluru North,Attibele,12.9077,77.6452,1770000.0,1770000.0,1322000.0,448000.0,2024-01-08,2024-02-01,2024-02-14,2024-07-09,,Ongoing,72.5,AGY-WSS-05,Public Health Engineering & Water Supply Dept,1,3,False,PUBLIC DATA
MPL-2024-WE-000026,REC-2023-0026,Lok Sabha,17th Lok Sabha (2023-24),MP-LO-17-30,Smt. Mahua Mitra (Hon'ble MP),"Smart Digital Library Block at Mayapur, Block Krishnanagar-I",Education & Classrooms,Smart Digital Library Block,West Bengal,Nadia,Krishnanagar,Krishnanagar-I,Mayapur,23.3717,88.5068,990000.0,990000.0,990000.0,0.0,2024-05-17,2024-07-14,2024-07-27,2025-01-04,2025-02-08,Completed,100.0,AGY-ZP-03,Zila Parishad Rural Infrastructure Cell,2,6,True,PUBLIC DATA
MPL-2024-AS-000027,REC-2023-0027,Lok Sabha,17th Lok Sabha (2023-24),MP-LO-17-30,Smt. Queen Oja (Hon'ble MP),"CC Road Construction at Sualkuchi, Block Bezera",Rural Roads & Bridges,CC Road Construction,Assam,Kamrup,Gauhati,Bezera,Sualkuchi,26.0842,91.6802,2000000.0,2000000.0,2000000.0,0.0,2024-02-13,2024-03-06,2024-04-01,2024-10-16,2024-11-01,Completed,100.0,AGY-XYZ-99,XYZ Infrastructure & Construction Private Ltd,3,3,True,PUBLIC DATA
MPL-2024-KA-000028,REC-2023-0028,Lok Sabha,18th Lok Sabha (2024-Present),MP-LO-17-28,Shri K. Venkatesh (Hon'ble MP),"Senior Citizen Recreation Shed at Mandur, Block Anekal",Community Infrastructure,Senior Citizen Recreation Shed,Karnataka,Bengaluru Urban,Bangalore North,Anekal,Mandur,12.9418,77.6148,4150000.0,4150000.0,2222000.0,1928000.0,2023-04-22,2023-05-17,2023-06-02,2023-11-23,,Delayed,59.5,AGY-RWD-02,Rural Works Department (RWD) Engineering Wing,2,1,False,PUBLIC DATA
MPL-2024-WE-000029,REC-2023-0029,Lok Sabha,18th Lok Sabha (2024-Present),MP-LO-17-12,Smt. Mahua Mitra (Hon'ble MP),"Hand Pump Installation Cluster at Bethuadahari, Block Nakashipara",Drinking Water,Hand Pump Installation Cluster,West Bengal,Nadia,Krishnanagar,Nakashipara,Bethuadahari,23.4339,88.5146,1590000.0,1590000.0,1590000.0,0.0,2024-01-13,2024-02-15,2024-03-03,2024-08-20,2024-09-29,Completed,100.0,AGY-PWD-01,Public Works Department (PWD) Division I,2,6,True,PUBLIC DATA
MPL-2024-AS-000030,REC-2023-0030,Lok Sabha,17th Lok Sabha (2023-24),MP-LO-17-39,Smt. Queen Oja (Hon'ble MP),"School Science Laboratory at Dadara, Block Rangia",Education & Classrooms,School Science Laboratory,Assam,Kamrup,Gauhati,Rangia,Dadara,26.1856,91.6586,2290000.0,2290000.0,818000.0,1472000.0,2024-03-22,2024-04-07,2024-04-25,2024-12-05,,Delayed,39.7,AGY-WSS-05,Public Health Engineering & Water Supply Dept,1,2,False,PUBLIC DATA
MPL-2024-BI-000031,REC-2023-0031,Lok Sabha,17th Lok Sabha (2023-24),MP-LO-17-28,Dr. Ravi Shankar Sinha (Hon'ble MP),"Deep Borewell & Solar Pump System at Ranipur, Block Bakhtiarpur",Drinking Water,Deep Borewell & Solar Pump System,Bihar,Patna,Patna Sahib,Bakhtiarpur,Ranipur,25.568,85.2145,2060000.0,2060000.0,2060000.0,0.0,2023-05-12,2023-06-08,2023-07-03,2024-01-01,2024-02-07,Completed,100.0,AGY-PWD-01,Public Works Department (PWD) Division I,3,6,True,PUBLIC DATA
MPL-2024-WE-000032,REC-2023-0032,Lok Sabha,18th Lok Sabha (2024-Present),MP-LO-17-20,Smt. Mahua Mitra (Hon'ble MP),"Smart Digital Library Block at Bethuadahari, Block Nabadwip",Education & Classrooms,Smart Digital Library Block,West Bengal,Nadia,Krishnanagar,Nabadwip,Bethuadahari,23.4043,88.5342,4540000.0,4540000.0,1254000.0,3286000.0,2023-07-25,2023-08-18,2023-09-17,2024-03-06,,Delayed,30.7,AGY-RWD-02,Rural Works Department (RWD) Engineering Wing,1,2,False,PUBLIC DATA
MPL-2024-WE-000033,REC-2023-0033,Lok Sabha,17th Lok Sabha (2023-24),MP-LO-17-26,Smt. Mahua Mitra (Hon'ble MP),"Deep Borewell & Solar Pump System at Mayapur, Block Krishnanagar-I",Drinking Water,Deep Borewell & Solar Pump System,West Bengal,Nadia,Krishnanagar,Krishnanagar-I,Mayapur,23.3369,88.5124,1580000.0,1580000.0,716000.0,864000.0,2023-07-15,2023-08-05,2023-09-04,2024-01-29,,Ongoing,44.8,AGY-RWD-02,Rural Works Department (RWD) Engineering Wing,3,2,False,PUBLIC DATA
MPL-2024-KA-000034,REC-2023-0034,Lok Sabha,18th Lok Sabha (2024-Present),MP-LO-17-27,Shri K. Venkatesh (Hon'ble MP),"Public Bus Passenger Shelter at Attibele, Block K.R. Puram",Community Infrastructure,Public Bus Passenger Shelter,Karnataka,Bengaluru Urban,Bangalore North,K.R. Puram,Attibele,12.9789,77.56,2470000.0,2470000.0,948000.0,1522000.0,2023-10-31,2023-11-18,2023-12-05,2024-06-12,,Ongoing,33.7,AGY-RWD-02,Rural Works Department (RWD) Engineering Wing,2,3,False,PUBLIC DATA
MPL-2024-AS-000035,REC-2023-0035,Lok Sabha,17th Lok Sabha (2023-24),MP-LO-17-25,Smt. Queen Oja (Hon'ble MP),"Panchayat Community Hall at Puthimari, Block Rangia",Community Infrastructure,Panchayat Community Hall,Assam,Kamrup,Gauhati,Rangia,Puthimari,26.1463,91.7232,2740000.0,2740000.0,1776000.0,964000.0,2023-06-03,2023-07-14,2023-08-04,2023-12-19,,Ongoing,69.6,AGY-XYZ-99,XYZ Infrastructure & Construction Private Ltd,1,3,False,PUBLIC DATA
MPL-2024-RA-000036,REC-2023-0036,Lok Sabha,17th Lok Sabha (2023-24),MP-LO-17-69,Smt. Manju Meena (Hon'ble MP),"Village Waste Segregation Shed at Bassi, Block Sanganer",Health & Sanitation,Village Waste Segregation Shed,Rajasthan,Jaipur,Jaipur Rural,Sanganer,Bassi,26.9254,75.723,1180000.0,1180000.0,384000.0,796000.0,2023-10-26,2023-11-16,2023-12-13,2024-06-10,,Delayed,36.2,AGY-DRDA-04,District Rural Development Agency (DRDA),2,2,False,PUBLIC DATA
MPL-2024-WE-000037,REC-2023-0037,Rajya Sabha,18th Lok Sabha (2024-Present),MP-RA-17-73,Smt. Mahua Mitra (Hon'ble MP),"School Science Laboratory at Mayapur, Block Krishnanagar-I",Education & Classrooms,School Science Laboratory,West Bengal,Nadia,Krishnanagar,Krishnanagar-I,Mayapur,23.3281,88.4851,1980000.0,1980000.0,1980000.0,0.0,2023-06-19,2023-07-16,2023-08-14,2024-02-24,2024-03-09,Completed,100.0,AGY-DRDA-04,District Rural Development Agency (DRDA),4,6,True,PUBLIC DATA
MPL-2024-UT-000038,REC-2023-0038,Lok Sabha,18th Lok Sabha (2024-Present),MP-LO-17-66,Shri Ramakant Sharma (Hon'ble MP),"Panchayat Community Hall at Shivpur, Block Pindra",Community Infrastructure,Panchayat Community Hall,Uttar Pradesh,Varanasi,Varanasi,Pindra,Shivpur,25.3932,82.9392,2890000.0,2890000.0,1731000.0,1159000.0,2024-05-06,2024-07-05,2024-07-25,2025-01-16,,Ongoing,53.5,AGY-DRDA-04,District Rural Development Agency (DRDA),3,1,False,PUBLIC DATA
MPL-2024-MA-000039,REC-2023-0039,Lok Sabha,18th Lok Sabha (2024-Present),MP-LO-17-35,Shri Naresh Rao (Hon'ble MP),"CC Road Construction at Vashind, Block Ambernath",Rural Roads & Bridges,CC Road Construction,Maharashtra,Thane,Thane,Ambernath,Vashind,19.2648,72.9614,2780000.0,2780000.0,1619000.0,1161000.0,2023-07-09,2023-07-29,2023-08-17,2024-04-04,,Ongoing,68.5,AGY-XYZ-99,XYZ Infrastructure & Construction Private Ltd,1,1,False,PUBLIC DATA
MPL-2024-AS-000040,REC-2023-0040,Lok Sabha,17th Lok Sabha (2023-24),MP-LO-17-52,Smt. Queen Oja (Hon'ble MP),"Rooftop Solar for Govt Hospital at Dadara, Block Rangia",Solar & Renewable Energy,Rooftop Solar for Govt Hospital,Assam,Kamrup,Gauhati,Rangia,Dadara,26.0845,91.6613,980000.0,980000.0,705000.0,275000.0,2024-02-13,2024-04-09,2024-04-25,2024-10-29,,Ongoing,63.3,AGY-DRDA-04,District Rural Development Agency (DRDA),3,1,False,PUBLIC DATA
MPL-2024-AS-000041,REC-2023-0041,Lok Sabha,17th Lok Sabha (2023-24),MP-LO-17-38,Smt. Queen Oja (Hon'ble MP),"Village Waste Segregation Shed at Boko, Block Kamalpur",Health & Sanitation,Village Waste Segregation Shed,Assam,Kamrup,Gauhati,Kamalpur,Boko,26.1721,91.6742,1750000.0,1750000.0,1750000.0,0.0,2023-12-24,2024-02-15,2024-02-26,2024-10-14,2024-11-19,Completed,100.0,AGY-WSS-05,Public Health Engineering & Water Supply Dept,4,2,True,PUBLIC DATA
MPL-2024-KA-000042,REC-2023-0042,Lok Sabha,17th Lok Sabha (2023-24),MP-LO-17-26,Shri K. Venkatesh (Hon'ble MP),"Village Waste Segregation Shed at Mandur, Block Yelahanka",Health & Sanitation,Village Waste Segregation Shed,Karnataka,Bengaluru Urban,Bangalore North,Yelahanka,Mandur,12.9105,77.6308,870000.0,870000.0,383000.0,487000.0,2024-03-06,2024-03-21,2024-04-10,2024-08-26,,Ongoing,41.3,AGY-ZP-03,Zila Parishad Rural Infrastructure Cell,3,2,False,PUBLIC DATA
MPL-2024-UT-000043,REC-2023-0043,Lok Sabha,17th Lok Sabha (2023-24),MP-LO-17-25,Shri Ramakant Sharma (Hon'ble MP),"Additional Classroom Building at Badagaon, Block Cholapur",Education & Classrooms,Additional Classroom Building,Uttar Pradesh,Varanasi,Varanasi,Cholapur,Badagaon,25.3536,82.9477,2910000.0,2910000.0,1258000.0,1652000.0,2024-02-05,2024-03-18,2024-04-16,2024-10-10,,Ongoing,44.9,AGY-XYZ-99,XYZ Infrastructure & Construction Private Ltd,3,1,False,PUBLIC DATA
MPL-2024-KE-000044,REC-2023-0044,Rajya Sabha,17th Lok Sabha (2023-24),MP-RA-17-45,Shri Hibi Eden (Hon'ble MP),"Crematorium Shed with Amenities at Edappally, Block Aluva",Community Infrastructure,Crematorium Shed with Amenities,Kerala,Ernakulam,Ernakulam,Aluva,Edappally,10.0555,76.333,1940000.0,1940000.0,650000.0,1290000.0,2023-10-15,2023-11-10,2023-11-28,2024-05-25,,Ongoing,32.5,AGY-PWD-01,Public Works Department (PWD) Division I,1,1,False,PUBLIC DATA
MPL-2024-KE-000045,REC-2023-0045,Lok Sabha,18th Lok Sabha (2024-Present),MP-LO-17-85,Shri Hibi Eden (Hon'ble MP),"Village Waste Segregation Shed at Edappally, Block Paravur",Health & Sanitation,Village Waste Segregation Shed,Kerala,Ernakulam,Ernakulam,Paravur,Edappally,10.029,76.2562,1170000.0,1170000.0,1170000.0,0.0,2023-06-05,2023-06-27,2023-07-14,2024-01-22,2024-02-28,Completed,100.0,AGY-RWD-02,Rural Works Department (RWD) Engineering Wing,2,4,True,PUBLIC DATA
MPL-2024-WE-000046,REC-2023-0046,Rajya Sabha,18th Lok Sabha (2024-Present),MP-RA-17-92,Smt. Mahua Mitra (Hon'ble MP),"Public Bus Passenger Shelter at Bethuadahari, Block Nakashipara",Community Infrastructure,Public Bus Passenger Shelter,West Bengal,Nadia,Krishnanagar,Nakashipara,Bethuadahari,23.4384,88.5632,3060000.0,3060000.0,3060000.0,0.0,2023-07-05,2023-08-11,2023-09-02,2024-01-09,2024-01-24,Completed,100.0,AGY-PWD-01,Public Works Department (PWD) Division I,2,5,True,PUBLIC DATA
MPL-2024-KA-000047,REC-2023-0047,Lok Sabha,18th Lok Sabha (2024-Present),MP-LO-17-14,Shri K. Venkatesh (Hon'ble MP),"Rooftop Solar for Govt Hospital at Doddaballapur Rd, Block Bengaluru North",Solar & Renewable Energy,Rooftop Solar for Govt Hospital,Karnataka,Bengaluru Urban,Bangalore North,Bengaluru North,Doddaballapur Rd,13.0513,77.5167,920000.0,920000.0,378000.0,542000.0,2023-12-09,2024-01-19,2024-02-15,2024-07-13,,Ongoing,43.3,AGY-ZP-03,Zila Parishad Rural Infrastructure Cell,1,3,False,PUBLIC DATA
MPL-2024-BI-000048,REC-2023-0048,Lok Sabha,18th Lok Sabha (2024-Present),MP-LO-17-67,Dr. Ravi Shankar Sinha (Hon'ble MP),"Village Waste Segregation Shed at Baikatpur, Block Bakhtiarpur",Health & Sanitation,Village Waste Segregation Shed,Bihar,Patna,Patna Sahib,Bakhtiarpur,Baikatpur,25.5376,85.1587,3720000.0,3720000.0,2437000.0,1283000.0,2024-02-17,2024-03-10,2024-04-06,2024-11-12,,Ongoing,62.5,AGY-WSS-05,Public Health Engineering & Water Supply Dept,2,3,False,PUBLIC DATA
MPL-2024-WE-000049,REC-2023-0049,Lok Sabha,17th Lok Sabha (2023-24),MP-LO-17-58,Smt. Mahua Mitra (Hon'ble MP),"Village Waste Segregation Shed at Bethuadahari, Block Nakashipara",Health & Sanitation,Village Waste Segregation Shed,West Bengal,Nadia,Krishnanagar,Nakashipara,Bethuadahari,23.4376,88.5003,1880000.0,1880000.0,1162000.0,718000.0,2024-01-28,2024-03-04,2024-03-30,2024-08-20,,Ongoing,72.1,AGY-ZP-03,Zila Parishad Rural Infrastructure Cell,2,4,False,PUBLIC DATA
MPL-2024-WE-000050,REC-2023-0050,Lok Sabha,17th Lok Sabha (2023-24),MP-LO-17-49,Smt. Mahua Mitra (Hon'ble MP),"School Boundary Wall & Sanitation at Mayapur, Block Nabadwip",Education & Classrooms,School Boundary Wall & Sanitation,West Bengal,Nadia,Krishnanagar,Nabadwip,Mayapur,23.4711,88.4447,4310000.0,4310000.0,4310000.0,0.0,2023-10-05,2023-10-30,2023-11-12,2024-06-21,2024-06-26,Completed,100.0,AGY-RWD-02,Rural Works Department (RWD) Engineering Wing,4,4,True,PUBLIC DATA
MPL-2024-BI-000051,REC-2023-0051,Rajya Sabha,17th Lok Sabha (2023-24),MP-RA-17-80,Dr. Ravi Shankar Sinha (Hon'ble MP),"Senior Citizen Recreation Shed at Sabbalpur, Block Danapur",Community Infrastructure,Senior Citizen Recreation Shed,Bihar,Patna,Patna Sahib,Danapur,Sabbalpur,25.5457,85.0701,4780000.0,4780000.0,1828000.0,2952000.0,2023-07-05,2023-07-23,2023-08-11,2024-02-20,,Delayed,42.5,AGY-PWD-01,Public Works Department (PWD) Division I,1,2,False,PUBLIC DATA
MPL-2024-KE-000052,REC-2023-0052,Lok Sabha,17th Lok Sabha (2023-24),MP-LO-17-39,Shri Hibi Eden (Hon'ble MP),"Community Public Toilet Complex at Perumbavoor, Block Paravur",Health & Sanitation,Community Public Toilet Complex,Kerala,Ernakulam,Ernakulam,Paravur,Perumbavoor,10.057,76.3721,1940000.0,1940000.0,1940000.0,0.0,2024-05-23,2024-07-15,2024-08-01,2025-02-10,2025-02-08,Completed,100.0,AGY-WSS-05,Public Health Engineering & Water Supply Dept,2,4,True,PUBLIC DATA
MPL-2024-KA-000053,REC-2023-0053,Rajya Sabha,17th Lok Sabha (2023-24),MP-RA-17-51,Shri K. Venkatesh (Hon'ble MP),"RO Water Treatment Plant at Attibele, Block K.R. Puram",Drinking Water,RO Water Treatment Plant,Karnataka,Bengaluru Urban,Bangalore North,K.R. Puram,Attibele,13.0353,77.5663,2000000.0,2000000.0,2000000.0,0.0,2023-08-12,2023-09-11,2023-10-07,2024-02-22,2024-03-06,Completed,100.0,AGY-PWD-01,Public Works Department (PWD) Division I,2,2,True,PUBLIC DATA
MPL-2024-MA-000054,REC-2023-0054,Lok Sabha,17th Lok Sabha (2023-24),MP-LO-17-40,Shri Naresh Rao (Hon'ble MP),"Crematorium Shed with Amenities at Saralgaon, Block Bhiwandi",Community Infrastructure,Crematorium Shed with Amenities,Maharashtra,Thane,Thane,Bhiwandi,Saralgaon,19.1655,72.9656,1000000.0,1000000.0,455000.0,545000.0,2023-05-22,2023-06-09,2023-06-21,2023-12-09,,Ongoing,50.0,AGY-DRDA-04,District Rural Development Agency (DRDA),3,3,False,PUBLIC DATA
MPL-2024-AS-000055,REC-2023-0055,Rajya Sabha,18th Lok Sabha (2024-Present),MP-RA-17-23,Smt. Queen Oja (Hon'ble MP),"Paver Block Road at Dadara, Block Kamalpur",Rural Roads & Bridges,Paver Block Road,Assam,Kamrup,Gauhati,Kamalpur,Dadara,26.1665,91.7587,2380000.0,2380000.0,2380000.0,0.0,2023-06-16,2023-08-12,2023-08-22,2024-01-19,2023-12-30,Completed,100.0,AGY-WSS-05,Public Health Engineering & Water Supply Dept,2,5,True,PUBLIC DATA
MPL-2024-UT-000056,REC-2023-0056,Lok Sabha,18th Lok Sabha (2024-Present),MP-LO-17-89,Shri Ramakant Sharma (Hon'ble MP),"Village Waste Segregation Shed at Chhatar, Block Pindra",Health & Sanitation,Village Waste Segregation Shed,Uttar Pradesh,Varanasi,Varanasi,Pindra,Chhatar,25.2583,82.9853,2080000.0,2080000.0,2080000.0,0.0,2024-06-04,2024-07-12,2024-07-22,2024-12-31,2025-01-05,Completed,100.0,AGY-RWD-02,Rural Works Department (RWD) Engineering Wing,4,6,True,PUBLIC DATA
MPL-2024-RA-000057,REC-2023-0057,Lok Sabha,18th Lok Sabha (2024-Present),MP-LO-17-92,Smt. Manju Meena (Hon'ble MP),"Health Diagnostic Equipment at Nayla, Block Chaksu",Health & Sanitation,Health Diagnostic Equipment,Rajasthan,Jaipur,Jaipur Rural,Chaksu,Nayla,26.9669,75.7675,1590000.0,1590000.0,349000.0,1241000.0,2023-06-15,2023-07-07,2023-08-02,2023-12-06,,Delayed,24.4,AGY-PWD-01,Public Works Department (PWD) Division I,1,0,False,PUBLIC DATA
MPL-2024-UT-000058,REC-2023-0058,Lok Sabha,17th Lok Sabha (2023-24),MP-LO-17-42,Shri Ramakant Sharma (Hon'ble MP),"Health Diagnostic Equipment at Rampur, Block Cholapur",Health & Sanitation,Health Diagnostic Equipment,Uttar Pradesh,Varanasi,Varanasi,Cholapur,Rampur,25.3235,82.9669,970000.0,970000.0,970000.0,0.0,2023-05-19,2023-07-02,2023-07-17,2024-03-01,2024-04-10,Completed,100.0,AGY-RWD-02,Rural Works Department (RWD) Engineering Wing,3,4,True,PUBLIC DATA
MPL-2024-KE-000059,REC-2023-0059,Lok Sabha,18th Lok Sabha (2024-Present),MP-LO-17-74,Shri Hibi Eden (Hon'ble MP),"Senior Citizen Recreation Shed at Cherai, Block Muvattupuzha",Community Infrastructure,Senior Citizen Recreation Shed,Kerala,Ernakulam,Ernakulam,Muvattupuzha,Cherai,9.9453,76.2501,2800000.0,2800000.0,2355000.0,445000.0,2023-09-21,2023-10-07,2023-10-17,2024-05-05,,Ongoing,74.9,AGY-DRDA-04,District Rural Development Agency (DRDA),3,1,False,PUBLIC DATA
MPL-2024-WE-000060,REC-2023-0060,Lok Sabha,18th Lok Sabha (2024-Present),MP-LO-17-18,Smt. Mahua Mitra (Hon'ble MP),"Primary Health Sub-Centre Building at Tehatta, Block Nakashipara",Health & Sanitation,Primary Health Sub-Centre Building,West Bengal,Nadia,Krishnanagar,Nakashipara,Tehatta,23.3394,88.5014,1050000.0,1050000.0,489000.0,561000.0,2024-03-05,2024-03-31,2024-04-27,2024-09-13,,Ongoing,46.1,AGY-ZP-03,Zila Parishad Rural Infrastructure Cell,1,2,False,PUBLIC DATA
MPL-2024-WE-000061,REC-2023-0061,Lok Sabha,17th Lok Sabha (2023-24),MP-LO-17-70,Smt. Mahua Mitra (Hon'ble MP),"School Science Laboratory at Mayapur, Block Nakashipara",Education & Classrooms,School Science Laboratory,West Bengal,Nadia,Krishnanagar,Nakashipara,Mayapur,23.4386,88.5255,2410000.0,2410000.0,2410000.0,0.0,2023-04-18,2023-06-14,2023-07-05,2024-02-01,2024-03-12,Completed,100.0,AGY-WSS-05,Public Health Engineering & Water Supply Dept,4,3,False,PUBLIC DATA
MPL-2024-RA-000062,REC-2023-0062,Lok Sabha,18th Lok Sabha (2024-Present),MP-LO-17-36,Smt. Manju Meena (Hon'ble MP),"CC Road Construction at Bagru, Block Kotputli",Rural Roads & Bridges,CC Road Construction,Rajasthan,Jaipur,Jaipur Rural,Kotputli,Bagru,26.9054,75.7887,2790000.0,2790000.0,1303000.0,1487000.0,2024-01-23,2024-03-15,2024-04-04,2024-11-09,,Ongoing,52.6,AGY-PWD-01,Public Works Department (PWD) Division I,1,1,False,PUBLIC DATA
MPL-2024-UT-000063,REC-2023-0063,Lok Sabha,18th Lok Sabha (2024-Present),MP-LO-17-79,Shri Ramakant Sharma (Hon'ble MP),"Village Waste Segregation Shed at Shivpur, Block Pindra",Health & Sanitation,Village Waste Segregation Shed,Uttar Pradesh,Varanasi,Varanasi,Pindra,Shivpur,25.289,82.8973,1860000.0,1860000.0,665000.0,1195000.0,2023-08-05,2023-08-23,2023-09-16,2024-02-25,,Delayed,39.7,AGY-ZP-03,Zila Parishad Rural Infrastructure Cell,2,1,False,PUBLIC DATA
MPL-2024-KE-000064,REC-2023-0064,Lok Sabha,18th Lok Sabha (2024-Present),MP-LO-17-73,Shri Hibi Eden (Hon'ble MP),"Solar Street Light Grid (50 poles) at Kothamangalam, Block Muvattupuzha",Solar & Renewable Energy,Solar Street Light Grid (50 poles),Kerala,Ernakulam,Ernakulam,Muvattupuzha,Kothamangalam,10.0248,76.2893,1380000.0,1380000.0,1380000.0,0.0,2024-06-13,2024-07-04,2024-07-31,2024-12-20,2024-12-11,Completed,100.0,AGY-WSS-05,Public Health Engineering & Water Supply Dept,4,3,True,PUBLIC DATA
MPL-2024-WE-000065,REC-2023-0065,Lok Sabha,18th Lok Sabha (2024-Present),MP-LO-17-88,Smt. Mahua Mitra (Hon'ble MP),"Solar Street Light Grid (50 poles) at Debagram, Block Nabadwip",Solar & Renewable Energy,Solar Street Light Grid (50 poles),West Bengal,Nadia,Krishnanagar,Nabadwip,Debagram,23.3323,88.5232,880000.0,880000.0,765000.0,115000.0,2023-11-18,2024-01-03,2024-01-14,2024-08-18,,Ongoing,80.8,AGY-RWD-02,Rural Works Department (RWD) Engineering Wing,3,3,False,PUBLIC DATA
MPL-2024-KA-000066,REC-2023-0066,Lok Sabha,18th Lok Sabha (2024-Present),MP-LO-17-81,Shri K. Venkatesh (Hon'ble MP),"Community Public Toilet Complex at Doddaballapur Rd, Block Bengaluru North",Health & Sanitation,Community Public Toilet Complex,Karnataka,Bengaluru Urban,Bangalore North,Bengaluru North,Doddaballapur Rd,12.9314,77.5943,1150000.0,1150000.0,441000.0,709000.0,2023-12-12,2024-01-22,2024-02-16,2024-08-21,,Ongoing,41.9,AGY-ZP-03,Zila Parishad Rural Infrastructure Cell,1,4,False,PUBLIC DATA
MPL-2024-KA-000067,REC-2023-0067,Lok Sabha,18th Lok Sabha (2024-Present),MP-LO-17-82,Shri K. Venkatesh (Hon'ble MP),"School Science Laboratory at Attibele, Block Bengaluru North",Education & Classrooms,School Science Laboratory,Karnataka,Bengaluru Urban,Bangalore North,Bengaluru North,Attibele,12.8946,77.5843,900000.0,900000.0,900000.0,0.0,2023-11-16,2023-12-15,2024-01-10,2024-09-04,2024-08-27,Completed,100.0,AGY-PWD-01,Public Works Department (PWD) Division I,3,5,True,PUBLIC DATA
MPL-2024-BI-000068,REC-2023-0068,Lok Sabha,18th Lok Sabha (2024-Present),MP-LO-17-95,Dr. Ravi Shankar Sinha (Hon'ble MP),"Primary Health Sub-Centre Building at Gauri Chak, Block Phulwari Sharif",Health & Sanitation,Primary Health Sub-Centre Building,Bihar,Patna,Patna Sahib,Phulwari Sharif,Gauri Chak,25.6649,85.0858,3970000.0,3970000.0,3047000.0,923000.0,2023-11-17,2024-01-08,2024-01-22,2024-05-27,,Ongoing,76.7,AGY-PWD-01,Public Works Department (PWD) Division I,1,4,False,PUBLIC DATA
MPL-2024-MA-000069,REC-2023-0069,Lok Sabha,18th Lok Sabha (2024-Present),MP-LO-17-32,Shri Naresh Rao (Hon'ble MP),"RO Water Treatment Plant at Vashind, Block Bhiwandi",Drinking Water,RO Water Treatment Plant,Maharashtra,Thane,Thane,Bhiwandi,Vashind,19.2555,73.0358,1120000.0,1120000.0,431000.0,689000.0,2024-01-19,2024-03-07,2024-03-18,2024-09-25,,Ongoing,38.4,AGY-WSS-05,Public Health Engineering & Water Supply Dept,1,2,False,PUBLIC DATA
MPL-2024-KA-000070,REC-2023-0070,Lok Sabha,18th Lok Sabha (2024-Present),MP-LO-17-47,Shri K. Venkatesh (Hon'ble MP),"Senior Citizen Recreation Shed at Hesaraghatta, Block Bengaluru North",Community Infrastructure,Senior Citizen Recreation Shed,Karnataka,Bengaluru Urban,Bangalore North,Bengaluru North,Hesaraghatta,12.9179,77.6188,2380000.0,2380000.0,1694000.0,686000.0,2024-03-01,2024-04-28,2024-05-20,2024-12-28,,Ongoing,66.3,AGY-ZP-03,Zila Parishad Rural Infrastructure Cell,2,2,False,PUBLIC DATA
MPL-2024-KE-000071,REC-2023-0071,Lok Sabha,17th Lok Sabha (2023-24),MP-LO-17-30,Shri Hibi Eden (Hon'ble MP),"Paver Block Road at Kothamangalam, Block Angamaly",Rural Roads & Bridges,Paver Block Road,Kerala,Ernakulam,Ernakulam,Angamaly,Kothamangalam,9.9786,76.2674,6000000.0,6000000.0,6000000.0,0.0,2023-10-03,2023-10-25,2023-11-23,2024-04-03,2024-03-27,Completed,100.0,AGY-PWD-01,Public Works Department (PWD) Division I,4,4,True,PUBLIC DATA
MPL-2024-UT-000072,REC-2023-0072,Lok Sabha,17th Lok Sabha (2023-24),MP-LO-17-56,Shri Ramakant Sharma (Hon'ble MP),"Additional Classroom Building at Harahua, Block Kashi Vidyapeeth",Education & Classrooms,Additional Classroom Building,Uttar Pradesh,Varanasi,Varanasi,Kashi Vidyapeeth,Harahua,25.3096,82.9675,1280000.0,1280000.0,1280000.0,0.0,2023-12-14,2024-02-06,2024-02-16,2024-06-15,2024-07-22,Completed,100.0,AGY-RWD-02,Rural Works Department (RWD) Engineering Wing,4,6,True,PUBLIC DATA
MPL-2024-MA-000073,REC-2023-0073,Lok Sabha,18th Lok Sabha (2024-Present),MP-LO-17-42,Shri Naresh Rao (Hon'ble MP),"Crematorium Shed with Amenities at Khadavali, Block Kalyan",Community Infrastructure,Crematorium Shed with Amenities,Maharashtra,Thane,Thane,Kalyan,Khadavali,19.1934,73.0052,2000000.0,2000000.0,1212000.0,788000.0,2023-07-27,2023-09-25,2023-10-17,2024-06-01,,Ongoing,56.4,AGY-RWD-02,Rural Works Department (RWD) Engineering Wing,1,2,False,PUBLIC DATA
MPL-2024-RA-000074,REC-2023-0074,Lok Sabha,17th Lok Sabha (2023-24),MP-LO-17-38,Smt. Manju Meena (Hon'ble MP),"School Science Laboratory at Manoharpur, Block Kotputli",Education & Classrooms,School Science Laboratory,Rajasthan,Jaipur,Jaipur Rural,Kotputli,Manoharpur,26.9213,75.7645,4350000.0,4350000.0,4350000.0,0.0,2023-12-12,2024-01-18,2024-02-16,2024-09-30,2024-10-10,Completed,100.0,AGY-ZP-03,Zila Parishad Rural Infrastructure Cell,3,2,True,PUBLIC DATA
MPL-2024-MA-000075,REC-2023-0075,Lok Sabha,18th Lok Sabha (2024-Present),MP-LO-17-87,Shri Naresh Rao (Hon'ble MP),"Paver Block Road at Titwala, Block Murbad",Rural Roads & Bridges,Paver Block Road,Maharashtra,Thane,Thane,Murbad,Titwala,19.139,73.0005,1820000.0,1820000.0,938000.0,882000.0,2024-02-11,2024-03-16,2024-04-15,2024-11-20,,Ongoing,50.4,AGY-RWD-02,Rural Works Department (RWD) Engineering Wing,2,3,False,PUBLIC DATA
MPL-2024-MA-000076,REC-2023-0076,Lok Sabha,17th Lok Sabha (2023-24),MP-LO-17-52,Shri Naresh Rao (Hon'ble MP),"Hand Pump Installation Cluster at Khadavali, Block Ambernath",Drinking Water,Hand Pump Installation Cluster,Maharashtra,Thane,Thane,Ambernath,Khadavali,19.2697,72.9966,1210000.0,1210000.0,264000.0,946000.0,2023-12-08,2023-12-25,2024-01-18,2024-05-19,,Delayed,24.2,AGY-ZP-03,Zila Parishad Rural Infrastructure Cell,1,1,False,PUBLIC DATA
MPL-2024-WE-000077,REC-2023-0077,Lok Sabha,18th Lok Sabha (2024-Present),MP-LO-17-97,Smt. Mahua Mitra (Hon'ble MP),"Deep Borewell & Solar Pump System at Tehatta, Block Nakashipara",Drinking Water,Deep Borewell & Solar Pump System,West Bengal,Nadia,Krishnanagar,Nakashipara,Tehatta,23.4755,88.4842,2100000.0,2100000.0,2100000.0,0.0,2024-03-13,2024-03-28,2024-04-19,2024-11-24,2024-12-09,Completed,100.0,AGY-WSS-05,Public Health Engineering & Water Supply Dept,4,3,False,PUBLIC DATA
MPL-2024-AS-000078,REC-2023-0078,Rajya Sabha,17th Lok Sabha (2023-24),MP-RA-17-39,Smt. Queen Oja (Hon'ble MP),"Panchayat Community Hall at Dadara, Block Rangia",Community Infrastructure,Panchayat Community Hall,Assam,Kamrup,Gauhati,Rangia,Dadara,26.2236,91.6803,2150000.0,2150000.0,2150000.0,0.0,2024-01-22,2024-02-28,2024-03-13,2024-08-25,2024-08-18,Completed,100.0,AGY-DRDA-04,District Rural Development Agency (DRDA),2,2,True,PUBLIC DATA
MPL-2024-MA-000079,REC-2023-0079,Lok Sabha,18th Lok Sabha (2024-Present),MP-LO-17-80,Shri Naresh Rao (Hon'ble MP),"Deep Borewell & Solar Pump System at Padgha, Block Shahapur",Drinking Water,Deep Borewell & Solar Pump System,Maharashtra,Thane,Thane,Shahapur,Padgha,19.1756,73.0253,1720000.0,1720000.0,1720000.0,0.0,2024-02-09,2024-03-24,2024-04-07,2024-11-24,2024-11-11,Completed,100.0,AGY-XYZ-99,XYZ Infrastructure & Construction Private Ltd,2,6,True,PUBLIC DATA
MPL-2024-AS-000080,REC-2023-0080,Rajya Sabha,17th Lok Sabha (2023-24),MP-RA-17-59,Smt. Queen Oja (Hon'ble MP),"Link Road Widening at Dadara, Block Bezera",Rural Roads & Bridges,Link Road Widening,Assam,Kamrup,Gauhati,Bezera,Dadara,26.1096,91.813,3220000.0,3220000.0,1374000.0,1846000.0,2023-05-03,2023-05-20,2023-06-09,2023-12-04,,Delayed,47.4,AGY-DRDA-04,District Rural Development Agency (DRDA),2,0,False,PUBLIC DATA
MPL-2024-BI-000081,REC-2023-0081,Lok Sabha,17th Lok Sabha (2023-24),MP-LO-17-85,Dr. Ravi Shankar Sinha (Hon'ble MP),"Community Public Toilet Complex at Jethuli, Block Phulwari Sharif",Health & Sanitation,Community Public Toilet Complex,Bihar,Patna,Patna Sahib,Phulwari Sharif,Jethuli,25.5153,85.111,2180000.0,2180000.0,2180000.0,0.0,2024-02-10,2024-02-29,2024-03-17,2024-08-30,2024-09-22,Completed,100.0,AGY-WSS-05,Public Health Engineering & Water Supply Dept,2,6,True,PUBLIC DATA
MPL-2024-WE-000082,REC-2023-0082,Lok Sabha,17th Lok Sabha (2023-24),MP-LO-17-79,Smt. Mahua Mitra (Hon'ble MP),"High-Mast Solar Lighting Chowk at Debagram, Block Nabadwip",Solar & Renewable Energy,High-Mast Solar Lighting Chowk,West Bengal,Nadia,Krishnanagar,Nabadwip,Debagram,23.4766,88.5515,1470000.0,1470000.0,1470000.0,0.0,2024-02-15,2024-03-13,2024-04-04,2024-09-24,2024-10-03,Completed,100.0,AGY-WSS-05,Public Health Engineering & Water Supply Dept,3,6,False,PUBLIC DATA
MPL-2024-BI-000083,REC-2023-0083,Rajya Sabha,17th Lok Sabha (2023-24),MP-RA-17-72,Dr. Ravi Shankar Sinha (Hon'ble MP),"Paver Block Road at Jethuli, Block Phulwari Sharif",Rural Roads & Bridges,Paver Block Road,Bihar,Patna,Patna Sahib,Phulwari Sharif,Jethuli,25.5382,85.163,3360000.0,3360000.0,1201000.0,2159000.0,2023-07-19,2023-08-15,2023-09-08,2024-02-10,,Ongoing,37.7,AGY-DRDA-04,District Rural Development Agency (DRDA),3,2,False,PUBLIC DATA
MPL-2024-KE-000084,REC-2023-0084,Lok Sabha,17th Lok Sabha (2023-24),MP-LO-17-67,Shri Hibi Eden (Hon'ble MP),"CC Road Construction at Edappally, Block Muvattupuzha",Rural Roads & Bridges,CC Road Construction,Kerala,Ernakulam,Ernakulam,Muvattupuzha,Edappally,9.9945,76.2984,2450000.0,2450000.0,2450000.0,0.0,2023-06-01,2023-06-19,2023-07-02,2024-01-16,2024-01-04,Completed,100.0,AGY-DRDA-04,District Rural Development Agency (DRDA),2,6,True,PUBLIC DATA
MPL-2024-WE-000085,REC-2023-0085,Lok Sabha,17th Lok Sabha (2023-24),MP-LO-17-68,Smt. Mahua Mitra (Hon'ble MP),"Health Diagnostic Equipment at Tehatta, Block Nabadwip",Health & Sanitation,Health Diagnostic Equipment,West Bengal,Nadia,Krishnanagar,Nabadwip,Tehatta,23.3246,88.5522,1960000.0,1960000.0,1596000.0,364000.0,2023-05-01,2023-06-24,2023-07-16,2024-02-29,,Ongoing,71.4,AGY-PWD-01,Public Works Department (PWD) Division I,1,3,False,PUBLIC DATA
MPL-2024-WE-000086,REC-2023-0086,Lok Sabha,17th Lok Sabha (2023-24),MP-LO-17-63,Smt. Mahua Mitra (Hon'ble MP),"Crematorium Shed with Amenities at Mayapur, Block Nakashipara",Community Infrastructure,Crematorium Shed with Amenities,West Bengal,Nadia,Krishnanagar,Nakashipara,Mayapur,23.4349,88.4744,2140000.0,2140000.0,1032000.0,1108000.0,2024-04-30,2024-06-07,2024-06-30,2025-01-17,,Ongoing,50.9,AGY-WSS-05,Public Health Engineering & Water Supply Dept,2,1,False,PUBLIC DATA
MPL-2024-AS-000087,REC-2023-0087,Lok Sabha,17th Lok Sabha (2023-24),MP-LO-17-98,Smt. Queen Oja (Hon'ble MP),"Village Waste Segregation Shed at Boko, Block Hajo",Health & Sanitation,Village Waste Segregation Shed,Assam,Kamrup,Gauhati,Hajo,Boko,26.0881,91.7184,1400000.0,1400000.0,703000.0,697000.0,2023-08-19,2023-10-16,2023-11-11,2024-06-04,,Delayed,55.8,AGY-ZP-03,Zila Parishad Rural Infrastructure Cell,2,0,False,PUBLIC DATA
MPL-2024-BI-000088,REC-2023-0088,Lok Sabha,17th Lok Sabha (2023-24),MP-LO-17-79,Dr. Ravi Shankar Sinha (Hon'ble MP),"Link Road Widening at Baikatpur, Block Phulwari Sharif",Rural Roads & Bridges,Link Road Widening,Bihar,Patna,Patna Sahib,Phulwari Sharif,Baikatpur,25.5755,85.1066,3660000.0,3660000.0,1547000.0,2113000.0,2023-12-25,2024-01-23,2024-02-10,2024-07-26,,Ongoing,42.7,AGY-PWD-01,Public Works Department (PWD) Division I,2,1,False,PUBLIC DATA
MPL-2024-KE-000089,REC-2023-0089,Lok Sabha,17th Lok Sabha (2023-24),MP-LO-17-72,Shri Hibi Eden (Hon'ble MP),"Additional Classroom Building at Kothamangalam, Block Paravur",Education & Classrooms,Additional Classroom Building,Kerala,Ernakulam,Ernakulam,Paravur,Kothamangalam,9.9727,76.3781,900000.0,900000.0,680000.0,220000.0,2024-01-09,2024-02-14,2024-03-01,2024-10-18,,Ongoing,66.5,AGY-PWD-01,Public Works Department (PWD) Division I,3,2,False,PUBLIC DATA
MPL-2024-WE-000090,REC-2023-0090,Lok Sabha,18th Lok Sabha (2024-Present),MP-LO-17-19,Smt. Mahua Mitra (Hon'ble MP),"Senior Citizen Recreation Shed at Debagram, Block Nabadwip",Community Infrastructure,Senior Citizen Recreation Shed,West Bengal,Nadia,Krishnanagar,Nabadwip,Debagram,23.3434,88.4763,2430000.0,2430000.0,2430000.0,0.0,2024-05-01,2024-06-11,2024-06-24,2024-12-31,2025-01-08,Completed,100.0,AGY-ZP-03,Zila Parishad Rural Infrastructure Cell,4,6,True,PUBLIC DATA
MPL-2024-AS-000091,REC-2023-0091,Lok Sabha,17th Lok Sabha (2023-24),MP-LO-17-72,Smt. Queen Oja (Hon'ble MP),"Community Public Toilet Complex at Puthimari, Block Hajo",Health & Sanitation,Community Public Toilet Complex,Assam,Kamrup,Gauhati,Hajo,Puthimari,26.2192,91.8118,1100000.0,1100000.0,330000.0,770000.0,2024-06-13,2024-08-02,2024-08-15,2025-01-28,,Ongoing,31.2,AGY-ZP-03,Zila Parishad Rural Infrastructure Cell,1,1,False,PUBLIC DATA
MPL-2024-AS-000092,REC-2023-0092,Lok Sabha,17th Lok Sabha (2023-24),MP-LO-17-96,Smt. Queen Oja (Hon'ble MP),"Panchayat Community Hall at Dadara, Block Bezera",Community Infrastructure,Panchayat Community Hall,Assam,Kamrup,Gauhati,Bezera,Dadara,26.1404,91.7434,1820000.0,1820000.0,898000.0,922000.0,2023-05-17,2023-07-15,2023-08-02,2024-03-25,,Delayed,54.8,AGY-XYZ-99,XYZ Infrastructure & Construction Private Ltd,1,2,False,PUBLIC DATA
MPL-2024-KA-000093,REC-2023-0093,Lok Sabha,17th Lok Sabha (2023-24),MP-LO-17-50,Shri K. Venkatesh (Hon'ble MP),"Crematorium Shed with Amenities at Singanayakanahalli, Block Anekal",Community Infrastructure,Crematorium Shed with Amenities,Karnataka,Bengaluru Urban,Bangalore North,Anekal,Singanayakanahalli,13.0167,77.635,3020000.0,3020000.0,1008000.0,2012000.0,2023-12-05,2024-01-04,2024-01-30,2024-06-04,,Delayed,37.1,AGY-DRDA-04,District Rural Development Agency (DRDA),2,2,False,PUBLIC DATA
MPL-2024-RA-000094,REC-2023-0094,Lok Sabha,18th Lok Sabha (2024-Present),MP-LO-17-70,Smt. Manju Meena (Hon'ble MP),"Crematorium Shed with Amenities at Achrol, Block Chaksu",Community Infrastructure,Crematorium Shed with Amenities,Rajasthan,Jaipur,Jaipur Rural,Chaksu,Achrol,26.8564,75.7176,2980000.0,2980000.0,2980000.0,0.0,2023-05-09,2023-05-25,2023-06-04,2023-11-01,2023-11-01,Completed,100.0,AGY-WSS-05,Public Health Engineering & Water Supply Dept,2,5,True,PUBLIC DATA
MPL-2024-AS-000095,REC-2023-0095,Lok Sabha,17th Lok Sabha (2023-24),MP-LO-17-57,Smt. Queen Oja (Hon'ble MP),"Senior Citizen Recreation Shed at Boko, Block Rangia",Community Infrastructure,Senior Citizen Recreation Shed,Assam,Kamrup,Gauhati,Rangia,Boko,26.1846,91.7638,2400000.0,2400000.0,445000.0,1955000.0,2024-06-14,2024-07-08,2024-07-23,2025-02-13,,Delayed,20.6,AGY-PWD-01,Public Works Department (PWD) Division I,1,2,False,PUBLIC DATA
MPL-2024-UT-000096,REC-2023-0096,Lok Sabha,17th Lok Sabha (2023-24),MP-LO-17-41,Shri Ramakant Sharma (Hon'ble MP),"Solar Street Light Grid (50 poles) at Rampur, Block Arajiline",Solar & Renewable Energy,Solar Street Light Grid (50 poles),Uttar Pradesh,Varanasi,Varanasi,Arajiline,Rampur,25.3858,82.9529,1220000.0,1220000.0,413000.0,807000.0,2023-12-05,2023-12-29,2024-01-10,2024-08-30,,Ongoing,32.5,AGY-ZP-03,Zila Parishad Rural Infrastructure Cell,2,3,False,PUBLIC DATA
MPL-2024-UT-000097,REC-2023-0097,Lok Sabha,17th Lok Sabha (2023-24),MP-LO-17-41,Shri Ramakant Sharma (Hon'ble MP),"Community Public Toilet Complex at Badagaon, Block Cholapur",Health & Sanitation,Community Public Toilet Complex,Uttar Pradesh,Varanasi,Varanasi,Cholapur,Badagaon,25.238,83.0249,2980000.0,2980000.0,2980000.0,0.0,2024-02-06,2024-03-03,2024-04-02,2024-08-08,2024-08-21,Completed,100.0,AGY-DRDA-04,District Rural Development Agency (DRDA),3,6,True,PUBLIC DATA
MPL-2024-KA-000098,REC-2023-0098,Lok Sabha,18th Lok Sabha (2024-Present),MP-LO-17-90,Shri K. Venkatesh (Hon'ble MP),"RO Water Treatment Plant at Mandur, Block K.R. Puram",Drinking Water,RO Water Treatment Plant,Karnataka,Bengaluru Urban,Bangalore North,K.R. Puram,Mandur,12.9281,77.6669,1870000.0,1870000.0,1240000.0,630000.0,2023-10-01,2023-11-04,2023-11-23,2024-03-31,,Ongoing,72.0,AGY-DRDA-04,District Rural Development Agency (DRDA),3,4,False,PUBLIC DATA
MPL-2024-RA-000099,REC-2023-0099,Lok Sabha,17th Lok Sabha (2023-24),MP-LO-17-93,Smt. Manju Meena (Hon'ble MP),"High-Mast Solar Lighting Chowk at Achrol, Block Shahpura",Solar & Renewable Energy,High-Mast Solar Lighting Chowk,Rajasthan,Jaipur,Jaipur Rural,Shahpura,Achrol,26.9671,75.8411,540000.0,540000.0,439000.0,101000.0,2024-03-17,2024-05-08,2024-05-18,2024-11-20,,Ongoing,79.5,AGY-PWD-01,Public Works Department (PWD) Division I,1,2,False,PUBLIC DATA
MPL-2024-MA-000100,REC-2023-0100,Lok Sabha,17th Lok Sabha (2023-24),MP-LO-17-63,Shri Naresh Rao (Hon'ble MP),"Smart Digital Library Block at Khadavali, Block Shahapur",Education & Classrooms,Smart Digital Library Block,Maharashtra,Thane,Thane,Shahapur,Khadavali,19.14,72.9515,1170000.0,1170000.0,1170000.0,0.0,2024-04-11,2024-05-19,2024-06-16,2024-12-21,2024-12-23,Completed,100.0,AGY-WSS-05,Public Health Engineering & Water Supply Dept,3,4,True,PUBLIC DATA
MPL-2024-AS-000101,REC-2023-0101,Rajya Sabha,17th Lok Sabha (2023-24),MP-RA-17-87,Smt. Queen Oja (Hon'ble MP),"School Boundary Wall & Sanitation at Sualkuchi, Block Bezera",Education & Classrooms,School Boundary Wall & Sanitation,Assam,Kamrup,Gauhati,Bezera,Sualkuchi,26.2073,91.6902,1490000.0,1490000.0,1490000.0,0.0,2024-02-25,2024-04-23,2024-05-07,2024-10-26,2024-10-13,Completed,100.0,AGY-WSS-05,Public Health Engineering & Water Supply Dept,3,5,True,PUBLIC DATA
MPL-2024-WE-000102,REC-2023-0102,Lok Sabha,17th Lok Sabha (2023-24),MP-LO-17-73,Smt. Mahua Mitra (Hon'ble MP),"High-Mast Solar Lighting Chowk at Bethuadahari, Block Krishnanagar-I",Solar & Renewable Energy,High-Mast Solar Lighting Chowk,West Bengal,Nadia,Krishnanagar,Krishnanagar-I,Bethuadahari,23.3619,88.4992,980000.0,980000.0,735000.0,245000.0,2023-08-14,2023-09-26,2023-10-19,2024-06-15,,Ongoing,69.8,AGY-WSS-05,Public Health Engineering & Water Supply Dept,1,2,False,PUBLIC DATA
MPL-2024-MA-000103,REC-2023-0103,Lok Sabha,17th Lok Sabha (2023-24),MP-LO-17-71,Shri Naresh Rao (Hon'ble MP),"Public Bus Passenger Shelter at Vashind, Block Ambernath",Community Infrastructure,Public Bus Passenger Shelter,Maharashtra,Thane,Thane,Ambernath,Vashind,19.2356,73.036,2760000.0,2760000.0,2760000.0,0.0,2024-01-25,2024-03-04,2024-04-02,2024-09-20,2024-10-17,Completed,100.0,AGY-XYZ-99,XYZ Infrastructure & Construction Private Ltd,3,4,True,PUBLIC DATA
MPL-2024-UT-000104,REC-2023-0104,Lok Sabha,17th Lok Sabha (2023-24),MP-LO-17-75,Shri Ramakant Sharma (Hon'ble MP),"Smart Digital Library Block at Harahua, Block Cholapur",Education & Classrooms,Smart Digital Library Block,Uttar Pradesh,Varanasi,Varanasi,Cholapur,Harahua,25.3078,82.9511,890000.0,890000.0,340000.0,550000.0,2024-05-16,2024-06-09,2024-06-22,2025-01-25,,Delayed,42.4,AGY-WSS-05,Public Health Engineering & Water Supply Dept,1,2,False,PUBLIC DATA
MPL-2024-BI-000105,REC-2023-0105,Lok Sabha,18th Lok Sabha (2024-Present),MP-LO-17-21,Dr. Ravi Shankar Sinha (Hon'ble MP),"Link Road Widening at Jethuli, Block Bakhtiarpur",Rural Roads & Bridges,Link Road Widening,Bihar,Patna,Patna Sahib,Bakhtiarpur,Jethuli,25.5633,85.2069,3380000.0,3380000.0,1296000.0,2084000.0,2024-04-22,2024-05-27,2024-06-24,2024-11-06,,Ongoing,36.2,AGY-PWD-01,Public Works Department (PWD) Division I,2,1,False,PUBLIC DATA
MPL-2024-AS-000106,REC-2023-0106,Lok Sabha,17th Lok Sabha (2023-24),MP-LO-17-23,Smt. Queen Oja (Hon'ble MP),"Paver Block Road at Mirza, Block Kamalpur",Rural Roads & Bridges,Paver Block Road,Assam,Kamrup,Gauhati,Kamalpur,Mirza,26.1779,91.7398,2750000.0,2750000.0,604000.0,2146000.0,2023-11-23,2023-12-11,2024-01-07,2024-05-31,,Delayed,24.4,AGY-XYZ-99,XYZ Infrastructure & Construction Private Ltd,2,2,False,PUBLIC DATA
MPL-2024-UT-000107,REC-2023-0107,Lok Sabha,17th Lok Sabha (2023-24),MP-LO-17-64,Shri Ramakant Sharma (Hon'ble MP),"Hand Pump Installation Cluster at Babatpur, Block Sewapuri",Drinking Water,Hand Pump Installation Cluster,Uttar Pradesh,Varanasi,Varanasi,Sewapuri,Babatpur,25.2759,83.0179,690000.0,690000.0,690000.0,0.0,2023-07-19,2023-09-15,2023-09-30,2024-03-27,2024-04-21,Completed,100.0,AGY-XYZ-99,XYZ Infrastructure & Construction Private Ltd,3,3,True,PUBLIC DATA
MPL-2024-KA-000108,REC-2023-0108,Rajya Sabha,17th Lok Sabha (2023-24),MP-RA-17-99,Shri K. Venkatesh (Hon'ble MP),"Senior Citizen Recreation Shed at Singanayakanahalli, Block Yelahanka",Community Infrastructure,Senior Citizen Recreation Shed,Karnataka,Bengaluru Urban,Bangalore North,Yelahanka,Singanayakanahalli,12.92,77.6391,1100000.0,1100000.0,1100000.0,0.0,2023-09-21,2023-10-06,2023-11-03,2024-05-21,2024-05-10,Completed,100.0,AGY-RWD-02,Rural Works Department (RWD) Engineering Wing,4,3,True,PUBLIC DATA
MPL-2024-RA-000109,REC-2023-0109,Lok Sabha,17th Lok Sabha (2023-24),MP-LO-17-77,Smt. Manju Meena (Hon'ble MP),"Primary Health Sub-Centre Building at Manoharpur, Block Kotputli",Health & Sanitation,Primary Health Sub-Centre Building,Rajasthan,Jaipur,Jaipur Rural,Kotputli,Manoharpur,26.9163,75.8069,2340000.0,2340000.0,2340000.0,0.0,2023-07-16,2023-09-11,2023-09-27,2024-04-16,2024-05-26,Completed,100.0,AGY-WSS-05,Public Health Engineering & Water Supply Dept,4,6,True,PUBLIC DATA
MPL-2024-WE-000110,REC-2023-0110,Lok Sabha,17th Lok Sabha (2023-24),MP-LO-17-97,Smt. Mahua Mitra (Hon'ble MP),"Paver Block Road at Tehatta, Block Nabadwip",Rural Roads & Bridges,Paver Block Road,West Bengal,Nadia,Krishnanagar,Nabadwip,Tehatta,23.4038,88.4294,1780000.0,1780000.0,1121000.0,659000.0,2024-04-26,2024-05-19,2024-06-15,2025-01-31,,Ongoing,63.2,AGY-RWD-02,Rural Works Department (RWD) Engineering Wing,2,2,False,PUBLIC DATA
MPL-2024-MA-000111,REC-2023-0111,Lok Sabha,17th Lok Sabha (2023-24),MP-LO-17-55,Shri Naresh Rao (Hon'ble MP),"Smart Digital Library Block at Khadavali, Block Bhiwandi",Education & Classrooms,Smart Digital Library Block,Maharashtra,Thane,Thane,Bhiwandi,Khadavali,19.2201,72.9981,3840000.0,3840000.0,3840000.0,0.0,2023-08-28,2023-10-05,2023-11-01,2024-03-06,2024-03-03,Completed,100.0,AGY-RWD-02,Rural Works Department (RWD) Engineering Wing,2,5,True,PUBLIC DATA
MPL-2024-UT-000112,REC-2023-0112,Lok Sabha,17th Lok Sabha (2023-24),MP-LO-17-65,Shri Ramakant Sharma (Hon'ble MP),"Panchayat Community Hall at Badagaon, Block Pindra",Community Infrastructure,Panchayat Community Hall,Uttar Pradesh,Varanasi,Varanasi,Pindra,Badagaon,25.332,83.0338,1510000.0,1510000.0,1510000.0,0.0,2024-04-05,2024-05-17,2024-06-16,2024-10-20,2024-10-07,Completed,100.0,AGY-WSS-05,Public Health Engineering & Water Supply Dept,3,3,True,PUBLIC DATA
MPL-2024-WE-000113,REC-2023-0113,Lok Sabha,17th Lok Sabha (2023-24),MP-LO-17-31,Smt. Mahua Mitra (Hon'ble MP),"Link Road Widening at Dhubulia, Block Krishnanagar-I",Rural Roads & Bridges,Link Road Widening,West Bengal,Nadia,Krishnanagar,Krishnanagar-I,Dhubulia,23.4391,88.547,3220000.0,3220000.0,2122000.0,1098000.0,2023-09-16,2023-10-02,2023-10-14,2024-06-09,,Ongoing,74.1,AGY-WSS-05,Public Health Engineering & Water Supply Dept,1,4,False,PUBLIC DATA
MPL-2024-MA-000114,REC-2023-0114,Lok Sabha,17th Lok Sabha (2023-24),MP-LO-17-85,Shri Naresh Rao (Hon'ble MP),"Rooftop Solar for Govt Hospital at Titwala, Block Murbad",Solar & Renewable Energy,Rooftop Solar for Govt Hospital,Maharashtra,Thane,Thane,Murbad,Titwala,19.1982,72.9584,840000.0,840000.0,271000.0,569000.0,2024-01-06,2024-02-25,2024-03-14,2024-10-27,,Delayed,35.9,AGY-XYZ-99,XYZ Infrastructure & Construction Private Ltd,1,2,False,PUBLIC DATA
MPL-2024-KE-000115,REC-2023-0115,Rajya Sabha,17th Lok Sabha (2023-24),MP-RA-17-19,Shri Hibi Eden (Hon'ble MP),"High-Mast Solar Lighting Chowk at Edappally, Block Angamaly",Solar & Renewable Energy,High-Mast Solar Lighting Chowk,Kerala,Ernakulam,Ernakulam,Angamaly,Edappally,9.949,76.3565,1100000.0,1100000.0,1100000.0,0.0,2023-07-24,2023-08-26,2023-09-10,2024-04-06,2024-05-09,Completed,100.0,AGY-RWD-02,Rural Works Department (RWD) Engineering Wing,2,6,True,PUBLIC DATA
MPL-2024-KE-000116,REC-2023-0116,Lok Sabha,18th Lok Sabha (2024-Present),MP-LO-17-71,Shri Hibi Eden (Hon'ble MP),"Village Waste Segregation Shed at Cherai, Block Vyttila",Health & Sanitation,Village Waste Segregation Shed,Kerala,Ernakulam,Ernakulam,Vyttila,Cherai,9.9819,76.2885,760000.0,760000.0,326000.0,434000.0,2024-06-16,2024-08-07,2024-08-22,2025-02-09,,Delayed,47.6,AGY-PWD-01,Public Works Department (PWD) Division I,1,2,False,PUBLIC DATA
MPL-2024-BI-000117,REC-2023-0117,Lok Sabha,17th Lok Sabha (2023-24),MP-LO-17-80,Dr. Ravi Shankar Sinha (Hon'ble MP),"Health Diagnostic Equipment at Ranipur, Block Danapur",Health & Sanitation,Health Diagnostic Equipment,Bihar,Patna,Patna Sahib,Danapur,Ranipur,25.6038,85.1962,1070000.0,1070000.0,1070000.0,0.0,2023-10-14,2023-12-02,2023-12-13,2024-07-15,2024-07-29,Completed,100.0,AGY-ZP-03,Zila Parishad Rural Infrastructure Cell,2,2,True,PUBLIC DATA
MPL-2024-WE-000118,REC-2023-0118,Lok Sabha,18th Lok Sabha (2024-Present),MP-LO-17-84,Smt. Mahua Mitra (Hon'ble MP),"Deep Borewell & Solar Pump System at Tehatta, Block Chapra",Drinking Water,Deep Borewell & Solar Pump System,West Bengal,Nadia,Krishnanagar,Chapra,Tehatta,23.3604,88.4204,780000.0,780000.0,780000.0,0.0,2023-11-10,2023-12-27,2024-01-25,2024-08-20,2024-08-20,Completed,100.0,AGY-WSS-05,Public Health Engineering & Water Supply Dept,4,3,True,PUBLIC DATA
MPL-2024-MA-000119,REC-2023-0119,Lok Sabha,18th Lok Sabha (2024-Present),MP-LO-17-61,Shri Naresh Rao (Hon'ble MP),"Rooftop Solar for Govt Hospital at Vashind, Block Kalyan",Solar & Renewable Energy,Rooftop Solar for Govt Hospital,Maharashtra,Thane,Thane,Kalyan,Vashind,19.2449,72.9111,910000.0,910000.0,910000.0,0.0,2023-10-20,2023-12-03,2023-12-23,2024-07-26,2024-07-09,Completed,100.0,AGY-XYZ-99,XYZ Infrastructure & Construction Private Ltd,2,3,False,PUBLIC DATA
MPL-2024-MA-000120,REC-2023-0120,Rajya Sabha,17th Lok Sabha (2023-24),MP-RA-17-24,Shri Naresh Rao (Hon'ble MP),"Smart Digital Library Block at Padgha, Block Bhiwandi",Education & Classrooms,Smart Digital Library Block,Maharashtra,Thane,Thane,Bhiwandi,Padgha,19.2799,72.9334,2160000.0,2160000.0,1401000.0,759000.0,2024-04-06,2024-05-22,2024-06-05,2024-11-21,,Ongoing,63.4,AGY-XYZ-99,XYZ Infrastructure & Construction Private Ltd,2,2,False,PUBLIC DATA
MPL-2024-KA-000121,REC-2023-0121,Lok Sabha,17th Lok Sabha (2023-24),MP-LO-17-41,Shri K. Venkatesh (Hon'ble MP),"Public Bus Passenger Shelter at Mandur, Block Bengaluru North",Community Infrastructure,Public Bus Passenger Shelter,Karnataka,Bengaluru Urban,Bangalore North,Bengaluru North,Mandur,13.0417,77.599,1790000.0,1790000.0,822000.0,968000.0,2024-03-25,2024-04-26,2024-05-15,2025-01-09,,Delayed,51.0,AGY-ZP-03,Zila Parishad Rural Infrastructure Cell,1,0,False,PUBLIC DATA
MPL-2024-KA-000122,REC-2023-0122,Lok Sabha,18th Lok Sabha (2024-Present),MP-LO-17-82,Shri K. Venkatesh (Hon'ble MP),"Senior Citizen Recreation Shed at Singanayakanahalli, Block Anekal",Community Infrastructure,Senior Citizen Recreation Shed,Karnataka,Bengaluru Urban,Bangalore North,Anekal,Singanayakanahalli,12.9781,77.6554,1340000.0,1340000.0,370000.0,970000.0,2023-07-22,2023-08-25,2023-09-15,2024-03-13,,Ongoing,32.2,AGY-DRDA-04,District Rural Development Agency (DRDA),1,3,False,PUBLIC DATA
MPL-2024-RA-000123,REC-2023-0123,Lok Sabha,17th Lok Sabha (2023-24),MP-LO-17-71,Smt. Manju Meena (Hon'ble MP),"School Boundary Wall & Sanitation at Manoharpur, Block Chaksu",Education & Classrooms,School Boundary Wall & Sanitation,Rajasthan,Jaipur,Jaipur Rural,Chaksu,Manoharpur,26.9913,75.844,1270000.0,1270000.0,743000.0,527000.0,2023-07-10,2023-09-04,2023-09-20,2024-05-04,,Ongoing,64.2,AGY-ZP-03,Zila Parishad Rural Infrastructure Cell,3,4,False,PUBLIC DATA
MPL-2024-MA-000124,REC-2023-0124,Lok Sabha,18th Lok Sabha (2024-Present),MP-LO-17-23,Shri Naresh Rao (Hon'ble MP),"Smart Digital Library Block at Vashind, Block Shahapur",Education & Classrooms,Smart Digital Library Block,Maharashtra,Thane,Thane,Shahapur,Vashind,19.2029,73.0387,1640000.0,1640000.0,406000.0,1234000.0,2023-04-15,2023-05-17,2023-06-07,2024-01-04,,Delayed,27.5,AGY-PWD-01,Public Works Department (PWD) Division I,2,1,False,PUBLIC DATA
MPL-2024-BI-000125,REC-2023-0125,Lok Sabha,17th Lok Sabha (2023-24),MP-LO-17-47,Dr. Ravi Shankar Sinha (Hon'ble MP),"Link Road Widening at Sabbalpur, Block Bakhtiarpur",Rural Roads & Bridges,Link Road Widening,Bihar,Patna,Patna Sahib,Bakhtiarpur,Sabbalpur,25.6437,85.0963,3410000.0,3410000.0,3410000.0,0.0,2023-10-09,2023-11-16,2023-12-01,2024-05-14,2024-04-25,Completed,100.0,AGY-DRDA-04,District Rural Development Agency (DRDA),4,6,True,PUBLIC DATA
MPL-2024-BI-000126,REC-2023-0126,Lok Sabha,17th Lok Sabha (2023-24),MP-LO-17-81,Dr. Ravi Shankar Sinha (Hon'ble MP),"Health Diagnostic Equipment at Gauri Chak, Block Phulwari Sharif",Health & Sanitation,Health Diagnostic Equipment,Bihar,Patna,Patna Sahib,Phulwari Sharif,Gauri Chak,25.5174,85.1904,1740000.0,1740000.0,454000.0,1286000.0,2024-01-03,2024-01-31,2024-02-20,2024-08-14,,Delayed,29.0,AGY-PWD-01,Public Works Department (PWD) Division I,1,2,False,PUBLIC DATA
MPL-2024-MA-000127,REC-2023-0127,Lok Sabha,18th Lok Sabha (2024-Present),MP-LO-17-20,Shri Naresh Rao (Hon'ble MP),"Solar Street Light Grid (50 poles) at Tokawade, Block Ambernath",Solar & Renewable Energy,Solar Street Light Grid (50 poles),Maharashtra,Thane,Thane,Ambernath,Tokawade,19.2886,72.9398,500000.0,500000.0,410000.0,90000.0,2024-02-11,2024-03-05,2024-03-21,2024-08-24,,Ongoing,78.4,AGY-ZP-03,Zila Parishad Rural Infrastructure Cell,2,3,False,PUBLIC DATA
MPL-2024-MA-000128,REC-2023-0128,Rajya Sabha,18th Lok Sabha (2024-Present),MP-RA-17-81,Shri Naresh Rao (Hon'ble MP),"Primary Health Sub-Centre Building at Tokawade, Block Shahapur",Health & Sanitation,Primary Health Sub-Centre Building,Maharashtra,Thane,Thane,Shahapur,Tokawade,19.2128,73.0204,1690000.0,1690000.0,537000.0,1153000.0,2024-02-08,2024-04-02,2024-04-28,2024-10-13,,Ongoing,36.4,AGY-DRDA-04,District Rural Development Agency (DRDA),3,4,False,PUBLIC DATA
MPL-2024-BI-000129,REC-2023-0129,Lok Sabha,18th Lok Sabha (2024-Present),MP-LO-17-21,Dr. Ravi Shankar Sinha (Hon'ble MP),"High-Mast Solar Lighting Chowk at Jethuli, Block Bakhtiarpur",Solar & Renewable Energy,High-Mast Solar Lighting Chowk,Bihar,Patna,Patna Sahib,Bakhtiarpur,Jethuli,25.5323,85.1295,2100000.0,2100000.0,2100000.0,0.0,2023-10-19,2023-12-05,2023-12-21,2024-06-24,2024-06-11,Completed,100.0,AGY-ZP-03,Zila Parishad Rural Infrastructure Cell,4,6,True,PUBLIC DATA
MPL-2024-BI-000130,REC-2023-0130,Lok Sabha,18th Lok Sabha (2024-Present),MP-LO-17-15,Dr. Ravi Shankar Sinha (Hon'ble MP),"Crematorium Shed with Amenities at Sabbalpur, Block Fatuha",Community Infrastructure,Crematorium Shed with Amenities,Bihar,Patna,Patna Sahib,Fatuha,Sabbalpur,25.5371,85.0767,1200000.0,1200000.0,415000.0,785000.0,2024-04-16,2024-05-20,2024-05-30,2024-11-17,,Ongoing,30.7,AGY-DRDA-04,District Rural Development Agency (DRDA),3,1,False,PUBLIC DATA
MPL-2024-KE-000131,REC-2023-0131,Rajya Sabha,18th Lok Sabha (2024-Present),MP-RA-17-68,Shri Hibi Eden (Hon'ble MP),"High-Mast Solar Lighting Chowk at Perumbavoor, Block Paravur",Solar & Renewable Energy,High-Mast Solar Lighting Chowk,Kerala,Ernakulam,Ernakulam,Paravur,Perumbavoor,10.0084,76.3114,1940000.0,1940000.0,590000.0,1350000.0,2024-03-21,2024-04-16,2024-05-04,2024-11-12,,Delayed,33.8,AGY-PWD-01,Public Works Department (PWD) Division I,2,1,False,PUBLIC DATA
MPL-2024-MA-000132,REC-2023-0132,Lok Sabha,18th Lok Sabha (2024-Present),MP-LO-17-47,Shri Naresh Rao (Hon'ble MP),"RO Water Treatment Plant at Saralgaon, Block Ambernath",Drinking Water,RO Water Treatment Plant,Maharashtra,Thane,Thane,Ambernath,Saralgaon,19.1513,73.0217,1540000.0,1540000.0,1540000.0,0.0,2023-12-08,2023-12-26,2024-01-15,2024-08-28,2024-10-02,Completed,100.0,AGY-DRDA-04,District Rural Development Agency (DRDA),4,4,True,PUBLIC DATA
MPL-2024-BI-000133,REC-2023-0133,Lok Sabha,18th Lok Sabha (2024-Present),MP-LO-17-90,Dr. Ravi Shankar Sinha (Hon'ble MP),"Health Diagnostic Equipment at Baikatpur, Block Sampatchak",Health & Sanitation,Health Diagnostic Equipment,Bihar,Patna,Patna Sahib,Sampatchak,Baikatpur,25.5299,85.1886,730000.0,730000.0,519000.0,211000.0,2024-02-07,2024-03-10,2024-03-26,2024-08-04,,Ongoing,74.9,AGY-RWD-02,Rural Works Department (RWD) Engineering Wing,1,1,False,PUBLIC DATA
MPL-2024-MA-000134,REC-2023-0134,Rajya Sabha,17th Lok Sabha (2023-24),MP-RA-17-17,Shri Naresh Rao (Hon'ble MP),"Panchayat Community Hall at Vashind, Block Ambernath",Community Infrastructure,Panchayat Community Hall,Maharashtra,Thane,Thane,Ambernath,Vashind,19.1797,72.9094,1470000.0,1470000.0,1470000.0,0.0,2024-01-26,2024-02-26,2024-03-21,2024-10-14,2024-11-13,Completed,100.0,AGY-XYZ-99,XYZ Infrastructure & Construction Private Ltd,3,2,True,PUBLIC DATA
MPL-2024-RA-000135,REC-2023-0135,Lok Sabha,17th Lok Sabha (2023-24),MP-LO-17-85,Smt. Manju Meena (Hon'ble MP),"Senior Citizen Recreation Shed at Achrol, Block Kotputli",Community Infrastructure,Senior Citizen Recreation Shed,Rajasthan,Jaipur,Jaipur Rural,Kotputli,Achrol,26.874,75.8668,1440000.0,1440000.0,1440000.0,0.0,2023-04-13,2023-05-18,2023-06-08,2023-12-30,2024-02-05,Completed,100.0,AGY-PWD-01,Public Works Department (PWD) Division I,4,5,True,PUBLIC DATA
MPL-2024-WE-000136,REC-2023-0136,Lok Sabha,17th Lok Sabha (2023-24),MP-LO-17-50,Smt. Mahua Mitra (Hon'ble MP),"Health Diagnostic Equipment at Mayapur, Block Chapra",Health & Sanitation,Health Diagnostic Equipment,West Bengal,Nadia,Krishnanagar,Chapra,Mayapur,23.3619,88.5198,1810000.0,1810000.0,1358000.0,452000.0,2023-10-02,2023-11-19,2023-12-08,2024-06-06,,Ongoing,67.5,AGY-ZP-03,Zila Parishad Rural Infrastructure Cell,2,1,False,PUBLIC DATA
MPL-2024-WE-000137,REC-2023-0137,Rajya Sabha,18th Lok Sabha (2024-Present),MP-RA-17-46,Smt. Mahua Mitra (Hon'ble MP),"High-Mast Solar Lighting Chowk at Dhubulia, Block Chapra",Solar & Renewable Energy,High-Mast Solar Lighting Chowk,West Bengal,Nadia,Krishnanagar,Chapra,Dhubulia,23.4577,88.4399,1260000.0,1260000.0,1260000.0,0.0,2024-03-04,2024-04-01,2024-04-14,2024-09-06,2024-09-30,Completed,100.0,AGY-DRDA-04,District Rural Development Agency (DRDA),2,3,True,PUBLIC DATA
MPL-2024-RA-000138,REC-2023-0138,Lok Sabha,17th Lok Sabha (2023-24),MP-LO-17-53,Smt. Manju Meena (Hon'ble MP),"Hand Pump Installation Cluster at Manoharpur, Block Shahpura",Drinking Water,Hand Pump Installation Cluster,Rajasthan,Jaipur,Jaipur Rural,Shahpura,Manoharpur,26.8614,75.8201,3030000.0,3030000.0,1017000.0,2013000.0,2024-05-27,2024-07-14,2024-08-04,2025-02-10,,Ongoing,36.8,AGY-DRDA-04,District Rural Development Agency (DRDA),1,2,False,PUBLIC DATA
MPL-2024-KA-000139,REC-2023-0139,Lok Sabha,18th Lok Sabha (2024-Present),MP-LO-17-30,Shri K. Venkatesh (Hon'ble MP),"Deep Borewell & Solar Pump System at Doddaballapur Rd, Block Yelahanka",Drinking Water,Deep Borewell & Solar Pump System,Karnataka,Bengaluru Urban,Bangalore North,Yelahanka,Doddaballapur Rd,13.0074,77.6516,530000.0,530000.0,530000.0,0.0,2023-06-30,2023-07-25,2023-08-17,2024-03-28,2024-05-04,Completed,100.0,AGY-RWD-02,Rural Works Department (RWD) Engineering Wing,4,2,True,PUBLIC DATA
MPL-2024-RA-000140,REC-2023-0140,Lok Sabha,17th Lok Sabha (2023-24),MP-LO-17-57,Smt. Manju Meena (Hon'ble MP),"Link Road Widening at Manoharpur, Block Chaksu",Rural Roads & Bridges,Link Road Widening,Rajasthan,Jaipur,Jaipur Rural,Chaksu,Manoharpur,26.8573,75.8578,2580000.0,2580000.0,2580000.0,0.0,2023-04-15,2023-05-23,2023-06-15,2023-11-15,2023-11-03,Completed,100.0,AGY-RWD-02,Rural Works Department (RWD) Engineering Wing,4,3,True,PUBLIC DATA
MPL-2024-UT-000141,REC-2023-0141,Lok Sabha,17th Lok Sabha (2023-24),MP-LO-17-65,Shri Ramakant Sharma (Hon'ble MP),"School Science Laboratory at Harahua, Block Kashi Vidyapeeth",Education & Classrooms,School Science Laboratory,Uttar Pradesh,Varanasi,Varanasi,Kashi Vidyapeeth,Harahua,25.393,82.9018,2830000.0,2830000.0,2830000.0,0.0,2024-03-06,2024-05-01,2024-05-29,2025-01-12,2025-01-09,Completed,100.0,AGY-ZP-03,Zila Parishad Rural Infrastructure Cell,4,6,False,PUBLIC DATA
MPL-2024-WE-000142,REC-2023-0142,Lok Sabha,17th Lok Sabha (2023-24),MP-LO-17-73,Smt. Mahua Mitra (Hon'ble MP),"Smart Digital Library Block at Debagram, Block Krishnanagar-I",Education & Classrooms,Smart Digital Library Block,West Bengal,Nadia,Krishnanagar,Krishnanagar-I,Debagram,23.3737,88.5634,2800000.0,2800000.0,879000.0,1921000.0,2023-05-30,2023-06-21,2023-07-05,2023-11-28,,Delayed,34.9,AGY-ZP-03,Zila Parishad Rural Infrastructure Cell,2,0,False,PUBLIC DATA
MPL-2024-KA-000143,REC-2023-0143,Lok Sabha,18th Lok Sabha (2024-Present),MP-LO-17-40,Shri K. Venkatesh (Hon'ble MP),"Public Bus Passenger Shelter at Doddaballapur Rd, Block Anekal",Community Infrastructure,Public Bus Passenger Shelter,Karnataka,Bengaluru Urban,Bangalore North,Anekal,Doddaballapur Rd,12.9335,77.5542,2700000.0,2700000.0,2198000.0,502000.0,2024-01-31,2024-03-26,2024-04-23,2024-10-14,,Ongoing,75.4,AGY-RWD-02,Rural Works Department (RWD) Engineering Wing,3,4,False,PUBLIC DATA
MPL-2024-WE-000144,REC-2023-0144,Lok Sabha,18th Lok Sabha (2024-Present),MP-LO-17-54,Smt. Mahua Mitra (Hon'ble MP),"Additional Classroom Building at Debagram, Block Nabadwip",Education & Classrooms,Additional Classroom Building,West Bengal,Nadia,Krishnanagar,Nabadwip,Debagram,23.4159,88.5773,1230000.0,1230000.0,1230000.0,0.0,2023-08-01,2023-09-10,2023-10-08,2024-04-04,2024-03-17,Completed,100.0,AGY-ZP-03,Zila Parishad Rural Infrastructure Cell,4,3,True,PUBLIC DATA
MPL-2024-KE-000145,REC-2023-0145,Lok Sabha,18th Lok Sabha (2024-Present),MP-LO-17-89,Shri Hibi Eden (Hon'ble MP),"RO Water Treatment Plant at Perumbavoor, Block Angamaly",Drinking Water,RO Water Treatment Plant,Kerala,Ernakulam,Ernakulam,Angamaly,Perumbavoor,9.906,76.2546,1520000.0,1520000.0,454000.0,1066000.0,2024-02-11,2024-03-17,2024-04-14,2024-08-25,,Delayed,33.2,AGY-DRDA-04,District Rural Development Agency (DRDA),2,1,False,PUBLIC DATA
MPL-2024-WE-000146,REC-2023-0146,Rajya Sabha,17th Lok Sabha (2023-24),MP-RA-17-23,Smt. Mahua Mitra (Hon'ble MP),"Paver Block Road at Mayapur, Block Krishnanagar-I",Rural Roads & Bridges,Paver Block Road,West Bengal,Nadia,Krishnanagar,Krishnanagar-I,Mayapur,23.3942,88.4319,1600000.0,1600000.0,966000.0,634000.0,2023-08-09,2023-09-18,2023-10-17,2024-03-09,,Ongoing,65.2,AGY-PWD-01,Public Works Department (PWD) Division I,3,2,False,PUBLIC DATA
MPL-2024-MA-000147,REC-2023-0147,Lok Sabha,18th Lok Sabha (2024-Present),MP-LO-17-24,Shri Naresh Rao (Hon'ble MP),"Public Bus Passenger Shelter at Padgha, Block Murbad",Community Infrastructure,Public Bus Passenger Shelter,Maharashtra,Thane,Thane,Murbad,Padgha,19.2737,72.9787,1060000.0,1060000.0,483000.0,577000.0,2024-04-08,2024-06-02,2024-06-16,2025-01-04,,Ongoing,47.6,AGY-DRDA-04,District Rural Development Agency (DRDA),1,3,False,PUBLIC DATA
MPL-2024-BI-000148,REC-2023-0148,Lok Sabha,17th Lok Sabha (2023-24),MP-LO-17-57,Dr. Ravi Shankar Sinha (Hon'ble MP),"Hand Pump Installation Cluster at Gauri Chak, Block Danapur",Drinking Water,Hand Pump Installation Cluster,Bihar,Patna,Patna Sahib,Danapur,Gauri Chak,25.6567,85.1053,1420000.0,1420000.0,357000.0,1063000.0,2023-04-17,2023-06-08,2023-06-26,2024-02-08,,Delayed,27.9,AGY-DRDA-04,District Rural Development Agency (DRDA),2,2,False,PUBLIC DATA
MPL-2024-BI-000149,REC-2023-0149,Lok Sabha,18th Lok Sabha (2024-Present),MP-LO-17-45,Dr. Ravi Shankar Sinha (Hon'ble MP),"Rooftop Solar for Govt Hospital at Gauri Chak, Block Fatuha",Solar & Renewable Energy,Rooftop Solar for Govt Hospital,Bihar,Patna,Patna Sahib,Fatuha,Gauri Chak,25.6061,85.0624,950000.0,950000.0,950000.0,0.0,2024-05-12,2024-06-05,2024-07-03,2025-01-15,2025-02-14,Completed,100.0,AGY-PWD-01,Public Works Department (PWD) Division I,2,5,True,PUBLIC DATA
MPL-2024-BI-000150,REC-2023-0150,Lok Sabha,18th Lok Sabha (2024-Present),MP-LO-17-18,Dr. Ravi Shankar Sinha (Hon'ble MP),"Culvert & Drainage Bridge at Jethuli, Block Danapur",Rural Roads & Bridges,Culvert & Drainage Bridge,Bihar,Patna,Patna Sahib,Danapur,Jethuli,25.5703,85.171,2810000.0,2810000.0,2810000.0,0.0,2023-12-12,2024-02-06,2024-02-17,2024-06-21,2024-06-06,Completed,100.0,AGY-PWD-01,Public Works Department (PWD) Division I,4,2,True,PUBLIC DATA
MPL-2024-RA-000151,REC-2023-0151,Lok Sabha,17th Lok Sabha (2023-24),MP-LO-17-81,Smt. Manju Meena (Hon'ble MP),"Hand Pump Installation Cluster at Kukas, Block Sanganer",Drinking Water,Hand Pump Installation Cluster,Rajasthan,Jaipur,Jaipur Rural,Sanganer,Kukas,26.9837,75.7701,730000.0,730000.0,494000.0,236000.0,2024-04-02,2024-04-23,2024-05-23,2024-10-18,,Ongoing,72.1,AGY-PWD-01,Public Works Department (PWD) Division I,1,2,False,PUBLIC DATA
MPL-2024-BI-000152,REC-2023-0152,Lok Sabha,17th Lok Sabha (2023-24),MP-LO-17-70,Dr. Ravi Shankar Sinha (Hon'ble MP),"High-Mast Solar Lighting Chowk at Sabbalpur, Block Bakhtiarpur",Solar & Renewable Energy,High-Mast Solar Lighting Chowk,Bihar,Patna,Patna Sahib,Bakhtiarpur,Sabbalpur,25.5738,85.1517,710000.0,710000.0,121000.0,589000.0,2024-05-05,2024-06-14,2024-06-26,2024-11-25,,Delayed,19.0,AGY-ZP-03,Zila Parishad Rural Infrastructure Cell,1,2,False,PUBLIC DATA
MPL-2024-KA-000153,REC-2023-0153,Rajya Sabha,17th Lok Sabha (2023-24),MP-RA-17-49,Shri K. Venkatesh (Hon'ble MP),"School Science Laboratory at Mandur, Block Anekal",Education & Classrooms,School Science Laboratory,Karnataka,Bengaluru Urban,Bangalore North,Anekal,Mandur,12.943,77.6531,2130000.0,2130000.0,966000.0,1164000.0,2024-02-27,2024-03-15,2024-04-01,2024-11-22,,Ongoing,51.5,AGY-ZP-03,Zila Parishad Rural Infrastructure Cell,2,3,False,PUBLIC DATA
MPL-2024-BI-000154,REC-2023-0154,Lok Sabha,18th Lok Sabha (2024-Present),MP-LO-17-17,Dr. Ravi Shankar Sinha (Hon'ble MP),"Primary Health Sub-Centre Building at Baikatpur, Block Danapur",Health & Sanitation,Primary Health Sub-Centre Building,Bihar,Patna,Patna Sahib,Danapur,Baikatpur,25.5444,85.1299,2190000.0,2190000.0,1092000.0,1098000.0,2024-03-23,2024-04-29,2024-05-09,2024-11-28,,Delayed,55.4,AGY-RWD-02,Rural Works Department (RWD) Engineering Wing,2,1,False,PUBLIC DATA
MPL-2024-WE-000155,REC-2023-0155,Lok Sabha,18th Lok Sabha (2024-Present),MP-LO-17-57,Smt. Mahua Mitra (Hon'ble MP),"Solar Street Light Grid (50 poles) at Dhubulia, Block Chapra",Solar & Renewable Energy,Solar Street Light Grid (50 poles),West Bengal,Nadia,Krishnanagar,Chapra,Dhubulia,23.4207,88.4868,1260000.0,1260000.0,1260000.0,0.0,2023-09-10,2023-10-21,2023-11-03,2024-06-29,2024-06-09,Completed,100.0,AGY-RWD-02,Rural Works Department (RWD) Engineering Wing,4,4,True,PUBLIC DATA
MPL-2024-WE-000156,REC-2023-0156,Rajya Sabha,17th Lok Sabha (2023-24),MP-RA-17-59,Smt. Mahua Mitra (Hon'ble MP),"Link Road Widening at Bethuadahari, Block Chapra",Rural Roads & Bridges,Link Road Widening,West Bengal,Nadia,Krishnanagar,Chapra,Bethuadahari,23.4522,88.5402,3570000.0,3570000.0,1295000.0,2275000.0,2023-08-24,2023-09-10,2023-09-25,2024-01-26,,Ongoing,40.3,AGY-PWD-01,Public Works Department (PWD) Division I,3,4,False,PUBLIC DATA
MPL-2024-UT-000157,REC-2023-0157,Rajya Sabha,17th Lok Sabha (2023-24),MP-RA-17-73,Shri Ramakant Sharma (Hon'ble MP),"Crematorium Shed with Amenities at Harahua, Block Cholapur",Community Infrastructure,Crematorium Shed with Amenities,Uttar Pradesh,Varanasi,Varanasi,Cholapur,Harahua,25.2838,82.9964,1100000.0,1100000.0,1100000.0,0.0,2024-06-18,2024-07-19,2024-08-03,2025-01-29,2025-03-07,Completed,100.0,AGY-RWD-02,Rural Works Department (RWD) Engineering Wing,4,3,True,PUBLIC DATA
MPL-2024-WE-000158,REC-2023-0158,Lok Sabha,18th Lok Sabha (2024-Present),MP-LO-17-24,Smt. Mahua Mitra (Hon'ble MP),"CC Road Construction at Dhubulia, Block Nakashipara",Rural Roads & Bridges,CC Road Construction,West Bengal,Nadia,Krishnanagar,Nakashipara,Dhubulia,23.3432,88.4877,2410000.0,2410000.0,2104000.0,306000.0,2023-08-10,2023-10-03,2023-10-21,2024-06-14,,Ongoing,77.0,AGY-WSS-05,Public Health Engineering & Water Supply Dept,1,4,False,PUBLIC DATA
MPL-2024-WE-000159,REC-2023-0159,Lok Sabha,17th Lok Sabha (2023-24),MP-LO-17-77,Smt. Mahua Mitra (Hon'ble MP),"Public Bus Passenger Shelter at Debagram, Block Krishnanagar-I",Community Infrastructure,Public Bus Passenger Shelter,West Bengal,Nadia,Krishnanagar,Krishnanagar-I,Debagram,23.4383,88.5056,1470000.0,1470000.0,1470000.0,0.0,2024-02-04,2024-03-05,2024-03-23,2024-11-08,2024-12-05,Completed,100.0,AGY-RWD-02,Rural Works Department (RWD) Engineering Wing,2,5,True,PUBLIC DATA
MPL-2024-AS-000160,REC-2023-0160,Rajya Sabha,18th Lok Sabha (2024-Present),MP-RA-17-36,Smt. Queen Oja (Hon'ble MP),"Panchayat Community Hall at Dadara, Block Bezera",Community Infrastructure,Panchayat Community Hall,Assam,Kamrup,Gauhati,Bezera,Dadara,26.2131,91.7298,3140000.0,3140000.0,1299000.0,1841000.0,2023-11-21,2024-01-11,2024-02-04,2024-09-07,,Ongoing,45.4,AGY-RWD-02,Rural Works Department (RWD) Engineering Wing,2,2,False,PUBLIC DATA
MPL-2024-KA-000161,REC-2023-0161,Rajya Sabha,18th Lok Sabha (2024-Present),MP-RA-17-74,Shri K. Venkatesh (Hon'ble MP),"Senior Citizen Recreation Shed at Attibele, Block Anekal",Community Infrastructure,Senior Citizen Recreation Shed,Karnataka,Bengaluru Urban,Bangalore North,Anekal,Attibele,12.9183,77.5298,1680000.0,1680000.0,773000.0,907000.0,2024-06-02,2024-06-30,2024-07-15,2024-11-29,,Ongoing,41.5,AGY-PWD-01,Public Works Department (PWD) Division I,1,1,False,PUBLIC DATA
MPL-2024-KE-000162,REC-2023-0162,Lok Sabha,17th Lok Sabha (2023-24),MP-LO-17-85,Shri Hibi Eden (Hon'ble MP),"Piped Water Overhead Tank at Kothamangalam, Block Vyttila",Drinking Water,Piped Water Overhead Tank,Kerala,Ernakulam,Ernakulam,Vyttila,Kothamangalam,9.9202,76.2906,1040000.0,1040000.0,457000.0,583000.0,2023-10-18,2023-11-28,2023-12-12,2024-08-05,,Delayed,48.8,AGY-WSS-05,Public Health Engineering & Water Supply Dept,1,1,False,PUBLIC DATA
MPL-2024-KA-000163,REC-2023-0163,Lok Sabha,17th Lok Sabha (2023-24),MP-LO-17-73,Shri K. Venkatesh (Hon'ble MP),"Link Road Widening at Mandur, Block Yelahanka",Rural Roads & Bridges,Link Road Widening,Karnataka,Bengaluru Urban,Bangalore North,Yelahanka,Mandur,12.9893,77.5741,1910000.0,1910000.0,661000.0,1249000.0,2024-03-15,2024-04-15,2024-05-13,2024-11-29,,Ongoing,38.3,AGY-DRDA-04,District Rural Development Agency (DRDA),1,3,False,PUBLIC DATA
MPL-2024-KA-000164,REC-2023-0164,Rajya Sabha,17th Lok Sabha (2023-24),MP-RA-17-28,Shri K. Venkatesh (Hon'ble MP),"Additional Classroom Building at Hesaraghatta, Block Yelahanka",Education & Classrooms,Additional Classroom Building,Karnataka,Bengaluru Urban,Bangalore North,Yelahanka,Hesaraghatta,12.9738,77.6718,2120000.0,2120000.0,496000.0,1624000.0,2023-09-03,2023-10-01,2023-10-30,2024-04-30,,Delayed,26.0,AGY-DRDA-04,District Rural Development Agency (DRDA),2,2,False,PUBLIC DATA
MPL-2024-KA-000165,REC-2023-0165,Lok Sabha,17th Lok Sabha (2023-24),MP-LO-17-21,Shri K. Venkatesh (Hon'ble MP),"Crematorium Shed with Amenities at Doddaballapur Rd, Block Anekal",Community Infrastructure,Crematorium Shed with Amenities,Karnataka,Bengaluru Urban,Bangalore North,Anekal,Doddaballapur Rd,12.9288,77.5605,1780000.0,1780000.0,1245000.0,535000.0,2024-05-23,2024-07-04,2024-08-01,2025-03-06,,Ongoing,64.5,AGY-RWD-02,Rural Works Department (RWD) Engineering Wing,2,1,False,PUBLIC DATA
MPL-2024-WE-000166,REC-2023-0166,Lok Sabha,17th Lok Sabha (2023-24),MP-LO-17-73,Smt. Mahua Mitra (Hon'ble MP),"Primary Health Sub-Centre Building at Dhubulia, Block Nakashipara",Health & Sanitation,Primary Health Sub-Centre Building,West Bengal,Nadia,Krishnanagar,Nakashipara,Dhubulia,23.391,88.5032,2160000.0,2160000.0,2160000.0,0.0,2024-05-26,2024-06-29,2024-07-28,2024-12-21,2024-12-02,Completed,100.0,AGY-PWD-01,Public Works Department (PWD) Division I,3,3,True,PUBLIC DATA
MPL-2024-KA-000167,REC-2023-0167,Lok Sabha,17th Lok Sabha (2023-24),MP-LO-17-61,Shri K. Venkatesh (Hon'ble MP),"Crematorium Shed with Amenities at Singanayakanahalli, Block Anekal",Community Infrastructure,Crematorium Shed with Amenities,Karnataka,Bengaluru Urban,Bangalore North,Anekal,Singanayakanahalli,12.964,77.6219,2860000.0,2860000.0,2860000.0,0.0,2024-05-03,2024-06-18,2024-07-09,2024-12-12,2024-12-13,Completed,100.0,AGY-RWD-02,Rural Works Department (RWD) Engineering Wing,2,4,True,PUBLIC DATA
MPL-2024-KE-000168,REC-2023-0168,Rajya Sabha,17th Lok Sabha (2023-24),MP-RA-17-60,Shri Hibi Eden (Hon'ble MP),"Solar Street Light Grid (50 poles) at Perumbavoor, Block Vyttila",Solar & Renewable Energy,Solar Street Light Grid (50 poles),Kerala,Ernakulam,Ernakulam,Vyttila,Perumbavoor,9.9436,76.2752,440000.0,440000.0,440000.0,0.0,2024-04-30,2024-05-22,2024-06-21,2024-11-19,2024-12-23,Completed,100.0,AGY-DRDA-04,District Rural Development Agency (DRDA),3,2,True,PUBLIC DATA
MPL-2024-BI-000169,REC-2023-0169,Lok Sabha,17th Lok Sabha (2023-24),MP-LO-17-47,Dr. Ravi Shankar Sinha (Hon'ble MP),"Link Road Widening at Sabbalpur, Block Danapur",Rural Roads & Bridges,Link Road Widening,Bihar,Patna,Patna Sahib,Danapur,Sabbalpur,25.6638,85.0722,2330000.0,2330000.0,2330000.0,0.0,2023-11-05,2023-12-24,2024-01-07,2024-06-27,2024-06-11,Completed,100.0,AGY-ZP-03,Zila Parishad Rural Infrastructure Cell,2,6,True,PUBLIC DATA
MPL-2024-UT-000170,REC-2023-0170,Lok Sabha,18th Lok Sabha (2024-Present),MP-LO-17-31,Shri Ramakant Sharma (Hon'ble MP),"Solar Street Light Grid (50 poles) at Tikari, Block Arajiline",Solar & Renewable Energy,Solar Street Light Grid (50 poles),Uttar Pradesh,Varanasi,Varanasi,Arajiline,Tikari,25.321,82.9799,1060000.0,1060000.0,560000.0,500000.0,2024-01-17,2024-02-19,2024-03-15,2024-10-03,,Delayed,58.7,AGY-PWD-01,Public Works Department (PWD) Division I,2,0,False,PUBLIC DATA
MPL-2024-KA-000171,REC-2023-0171,Lok Sabha,18th Lok Sabha (2024-Present),MP-LO-17-48,Shri K. Venkatesh (Hon'ble MP),"Crematorium Shed with Amenities at Singanayakanahalli, Block Anekal",Community Infrastructure,Crematorium Shed with Amenities,Karnataka,Bengaluru Urban,Bangalore North,Anekal,Singanayakanahalli,12.9231,77.5456,2650000.0,2650000.0,2650000.0,0.0,2023-12-20,2024-02-18,2024-03-17,2024-10-06,2024-10-25,Completed,100.0,AGY-DRDA-04,District Rural Development Agency (DRDA),3,4,True,PUBLIC DATA
MPL-2024-AS-000172,REC-2023-0172,Lok Sabha,17th Lok Sabha (2023-24),MP-LO-17-91,Smt. Queen Oja (Hon'ble MP),"Culvert & Drainage Bridge at Boko, Block Hajo",Rural Roads & Bridges,Culvert & Drainage Bridge,Assam,Kamrup,Gauhati,Hajo,Boko,26.136,91.7827,2820000.0,2820000.0,2820000.0,0.0,2023-11-18,2023-12-29,2024-01-15,2024-05-17,2024-06-25,Completed,100.0,AGY-XYZ-99,XYZ Infrastructure & Construction Private Ltd,2,2,True,PUBLIC DATA
MPL-2024-WE-000173,REC-2023-0173,Lok Sabha,17th Lok Sabha (2023-24),MP-LO-17-26,Smt. Mahua Mitra (Hon'ble MP),"Panchayat Community Hall at Mayapur, Block Chapra",Community Infrastructure,Panchayat Community Hall,West Bengal,Nadia,Krishnanagar,Chapra,Mayapur,23.3821,88.568,2170000.0,2170000.0,2170000.0,0.0,2023-10-11,2023-11-20,2023-12-17,2024-05-01,2024-06-05,Completed,100.0,AGY-WSS-05,Public Health Engineering & Water Supply Dept,2,5,True,PUBLIC DATA
MPL-2024-KA-000174,REC-2023-0174,Lok Sabha,17th Lok Sabha (2023-24),MP-LO-17-18,Shri K. Venkatesh (Hon'ble MP),"School Boundary Wall & Sanitation at Hesaraghatta, Block Anekal",Education & Classrooms,School Boundary Wall & Sanitation,Karnataka,Bengaluru Urban,Bangalore North,Anekal,Hesaraghatta,12.8934,77.6507,920000.0,920000.0,524000.0,396000.0,2023-04-18,2023-05-14,2023-05-26,2023-10-03,,Ongoing,65.6,AGY-ZP-03,Zila Parishad Rural Infrastructure Cell,2,1,False,PUBLIC DATA
MPL-2024-RA-000175,REC-2023-0175,Rajya Sabha,18th Lok Sabha (2024-Present),MP-RA-17-41,Smt. Manju Meena (Hon'ble MP),"Community Public Toilet Complex at Bagru, Block Amer",Health & Sanitation,Community Public Toilet Complex,Rajasthan,Jaipur,Jaipur Rural,Amer,Bagru,26.9667,75.7162,1730000.0,1730000.0,694000.0,1036000.0,2023-04-30,2023-05-22,2023-06-10,2024-01-12,,Delayed,44.6,AGY-ZP-03,Zila Parishad Rural Infrastructure Cell,1,0,False,PUBLIC DATA
MPL-2024-UT-000176,REC-2023-0176,Lok Sabha,18th Lok Sabha (2024-Present),MP-LO-17-12,Shri Ramakant Sharma (Hon'ble MP),"Smart Digital Library Block at Rampur, Block Cholapur",Education & Classrooms,Smart Digital Library Block,Uttar Pradesh,Varanasi,Varanasi,Cholapur,Rampur,25.279,83.0395,1620000.0,1620000.0,1620000.0,0.0,2024-03-25,2024-05-15,2024-05-31,2024-10-12,2024-11-17,Completed,100.0,AGY-ZP-03,Zila Parishad Rural Infrastructure Cell,4,4,True,PUBLIC DATA
MPL-2024-BI-000177,REC-2023-0177,Lok Sabha,18th Lok Sabha (2024-Present),MP-LO-17-61,Dr. Ravi Shankar Sinha (Hon'ble MP),"Piped Water Overhead Tank at Baikatpur, Block Bakhtiarpur",Drinking Water,Piped Water Overhead Tank,Bihar,Patna,Patna Sahib,Bakhtiarpur,Baikatpur,25.6359,85.2142,1320000.0,1320000.0,1320000.0,0.0,2023-11-23,2023-12-11,2024-01-10,2024-06-26,2024-08-04,Completed,100.0,AGY-WSS-05,Public Health Engineering & Water Supply Dept,4,5,True,PUBLIC DATA
MPL-2024-AS-000178,REC-2023-0178,Lok Sabha,18th Lok Sabha (2024-Present),MP-LO-17-64,Smt. Queen Oja (Hon'ble MP),"Village Waste Segregation Shed at Dadara, Block Chaygaon",Health & Sanitation,Village Waste Segregation Shed,Assam,Kamrup,Gauhati,Chaygaon,Dadara,26.1273,91.7711,700000.0,700000.0,334000.0,366000.0,2023-07-09,2023-09-04,2023-09-29,2024-03-12,,Ongoing,49.4,AGY-RWD-02,Rural Works Department (RWD) Engineering Wing,1,4,False,PUBLIC DATA
MPL-2024-MA-000179,REC-2023-0179,Lok Sabha,17th Lok Sabha (2023-24),MP-LO-17-66,Shri Naresh Rao (Hon'ble MP),"Senior Citizen Recreation Shed at Khadavali, Block Kalyan",Community Infrastructure,Senior Citizen Recreation Shed,Maharashtra,Thane,Thane,Kalyan,Khadavali,19.2793,72.9186,1190000.0,1190000.0,527000.0,663000.0,2023-08-27,2023-10-22,2023-11-09,2024-05-02,,Ongoing,48.6,AGY-ZP-03,Zila Parishad Rural Infrastructure Cell,1,4,False,PUBLIC DATA
MPL-2024-MA-000180,REC-2023-0180,Rajya Sabha,17th Lok Sabha (2023-24),MP-RA-17-30,Shri Naresh Rao (Hon'ble MP),"CC Road Construction at Tokawade, Block Kalyan",Rural Roads & Bridges,CC Road Construction,Maharashtra,Thane,Thane,Kalyan,Tokawade,19.2663,72.9835,2240000.0,2240000.0,2026000.0,214000.0,2024-06-15,2024-07-10,2024-08-03,2024-12-03,,Ongoing,81.1,AGY-DRDA-04,District Rural Development Agency (DRDA),2,2,False,PUBLIC DATA
MPL-2024-UT-000181,REC-2023-0181,Lok Sabha,17th Lok Sabha (2023-24),MP-LO-17-20,Shri Ramakant Sharma (Hon'ble MP),"Community Public Toilet Complex at Rampur, Block Kashi Vidyapeeth",Health & Sanitation,Community Public Toilet Complex,Uttar Pradesh,Varanasi,Varanasi,Kashi Vidyapeeth,Rampur,25.3328,82.969,1460000.0,1460000.0,1460000.0,0.0,2024-02-11,2024-02-26,2024-03-07,2024-08-17,2024-09-24,Completed,100.0,AGY-PWD-01,Public Works Department (PWD) Division I,4,6,False,PUBLIC DATA
MPL-2024-KE-000182,REC-2023-0182,Rajya Sabha,17th Lok Sabha (2023-24),MP-RA-17-31,Shri Hibi Eden (Hon'ble MP),"RO Water Treatment Plant at Cherai, Block Muvattupuzha",Drinking Water,RO Water Treatment Plant,Kerala,Ernakulam,Ernakulam,Muvattupuzha,Cherai,10.0362,76.277,1010000.0,1010000.0,138000.0,872000.0,2023-07-09,2023-08-28,2023-09-25,2024-02-18,,Delayed,15.2,AGY-WSS-05,Public Health Engineering & Water Supply Dept,1,2,False,PUBLIC DATA
MPL-2024-AS-000183,REC-2023-0183,Lok Sabha,18th Lok Sabha (2024-Present),MP-LO-17-57,Smt. Queen Oja (Hon'ble MP),"School Boundary Wall & Sanitation at Dadara, Block Rangia",Education & Classrooms,School Boundary Wall & Sanitation,Assam,Kamrup,Gauhati,Rangia,Dadara,26.1028,91.8114,1530000.0,1530000.0,402000.0,1128000.0,2024-03-23,2024-04-24,2024-05-04,2024-09-18,,Delayed,29.2,AGY-XYZ-99,XYZ Infrastructure & Construction Private Ltd,2,1,False,PUBLIC DATA
MPL-2024-UT-000184,REC-2023-0184,Rajya Sabha,18th Lok Sabha (2024-Present),MP-RA-17-21,Shri Ramakant Sharma (Hon'ble MP),"Public Bus Passenger Shelter at Rampur, Block Arajiline",Community Infrastructure,Public Bus Passenger Shelter,Uttar Pradesh,Varanasi,Varanasi,Arajiline,Rampur,25.3957,82.8976,3270000.0,3270000.0,1229000.0,2041000.0,2023-10-17,2023-12-03,2023-12-27,2024-06-30,,Ongoing,38.0,AGY-WSS-05,Public Health Engineering & Water Supply Dept,2,2,False,PUBLIC DATA
MPL-2024-WE-000185,REC-2023-0185,Lok Sabha,17th Lok Sabha (2023-24),MP-LO-17-96,Smt. Mahua Mitra (Hon'ble MP),"Hand Pump Installation Cluster at Mayapur, Block Nabadwip",Drinking Water,Hand Pump Installation Cluster,West Bengal,Nadia,Krishnanagar,Nabadwip,Mayapur,23.4557,88.5479,1230000.0,1230000.0,1230000.0,0.0,2023-07-18,2023-08-11,2023-08-21,2024-01-13,2024-01-17,Completed,100.0,AGY-ZP-03,Zila Parishad Rural Infrastructure Cell,4,3,True,PUBLIC DATA
MPL-2024-AS-000186,REC-2023-0186,Lok Sabha,18th Lok Sabha (2024-Present),MP-LO-17-50,Smt. Queen Oja (Hon'ble MP),"Deep Borewell & Solar Pump System at Sualkuchi, Block Kamalpur",Drinking Water,Deep Borewell & Solar Pump System,Assam,Kamrup,Gauhati,Kamalpur,Sualkuchi,26.1515,91.6687,2630000.0,2630000.0,1044000.0,1586000.0,2024-04-04,2024-04-20,2024-05-05,2024-11-15,,Delayed,44.1,AGY-ZP-03,Zila Parishad Rural Infrastructure Cell,2,1,False,PUBLIC DATA
MPL-2024-MA-000187,REC-2023-0187,Lok Sabha,17th Lok Sabha (2023-24),MP-LO-17-52,Shri Naresh Rao (Hon'ble MP),"High-Mast Solar Lighting Chowk at Titwala, Block Kalyan",Solar & Renewable Energy,High-Mast Solar Lighting Chowk,Maharashtra,Thane,Thane,Kalyan,Titwala,19.2935,73.0517,1180000.0,1180000.0,731000.0,449000.0,2023-07-30,2023-09-18,2023-10-15,2024-02-15,,Ongoing,66.4,AGY-PWD-01,Public Works Department (PWD) Division I,1,3,False,PUBLIC DATA
MPL-2024-KA-000188,REC-2023-0188,Rajya Sabha,18th Lok Sabha (2024-Present),MP-RA-17-94,Shri K. Venkatesh (Hon'ble MP),"Culvert & Drainage Bridge at Mandur, Block Yelahanka",Rural Roads & Bridges,Culvert & Drainage Bridge,Karnataka,Bengaluru Urban,Bangalore North,Yelahanka,Mandur,12.9936,77.6424,4650000.0,4650000.0,2407000.0,2243000.0,2023-08-11,2023-09-07,2023-09-24,2024-05-20,,Ongoing,57.8,AGY-DRDA-04,District Rural Development Agency (DRDA),3,2,False,PUBLIC DATA
MPL-2024-BI-000189,REC-2023-0189,Lok Sabha,18th Lok Sabha (2024-Present),MP-LO-17-39,Dr. Ravi Shankar Sinha (Hon'ble MP),"RO Water Treatment Plant at Ranipur, Block Danapur",Drinking Water,RO Water Treatment Plant,Bihar,Patna,Patna Sahib,Danapur,Ranipur,25.5514,85.191,2080000.0,2080000.0,1033000.0,1047000.0,2024-04-13,2024-06-05,2024-06-18,2025-01-23,,Ongoing,58.4,AGY-ZP-03,Zila Parishad Rural Infrastructure Cell,1,3,False,PUBLIC DATA
MPL-2024-UT-000190,REC-2023-0190,Rajya Sabha,18th Lok Sabha (2024-Present),MP-RA-17-41,Shri Ramakant Sharma (Hon'ble MP),"Health Diagnostic Equipment at Tikari, Block Pindra",Health & Sanitation,Health Diagnostic Equipment,Uttar Pradesh,Varanasi,Varanasi,Pindra,Tikari,25.3824,82.924,1460000.0,1460000.0,1460000.0,0.0,2023-08-05,2023-09-06,2023-09-21,2024-05-14,2024-05-31,Completed,100.0,AGY-RWD-02,Rural Works Department (RWD) Engineering Wing,3,3,True,PUBLIC DATA
MPL-2024-RA-000191,REC-2023-0191,Lok Sabha,18th Lok Sabha (2024-Present),MP-LO-17-81,Smt. Manju Meena (Hon'ble MP),"Smart Digital Library Block at Manoharpur, Block Amer",Education & Classrooms,Smart Digital Library Block,Rajasthan,Jaipur,Jaipur Rural,Amer,Manoharpur,26.9684,75.842,2910000.0,2910000.0,2910000.0,0.0,2023-10-22,2023-12-03,2023-12-31,2024-05-07,2024-06-07,Completed,100.0,AGY-RWD-02,Rural Works Department (RWD) Engineering Wing,2,5,True,PUBLIC DATA
MPL-2024-KE-000192,REC-2023-0192,Lok Sabha,18th Lok Sabha (2024-Present),MP-LO-17-71,Shri Hibi Eden (Hon'ble MP),"Deep Borewell & Solar Pump System at Kalamassery, Block Aluva",Drinking Water,Deep Borewell & Solar Pump System,Kerala,Ernakulam,Ernakulam,Aluva,Kalamassery,9.9677,76.3478,1460000.0,1460000.0,1460000.0,0.0,2024-04-24,2024-05-22,2024-06-19,2024-12-20,2025-01-24,Completed,100.0,AGY-PWD-01,Public Works Department (PWD) Division I,3,6,False,PUBLIC DATA
MPL-2024-AS-000193,REC-2023-0193,Lok Sabha,17th Lok Sabha (2023-24),MP-LO-17-94,Smt. Queen Oja (Hon'ble MP),"Primary Health Sub-Centre Building at Puthimari, Block Bezera",Health & Sanitation,Primary Health Sub-Centre Building,Assam,Kamrup,Gauhati,Bezera,Puthimari,26.0853,91.8122,2430000.0,2430000.0,2430000.0,0.0,2023-05-08,2023-06-04,2023-06-20,2023-11-04,2023-10-29,Completed,100.0,AGY-DRDA-04,District Rural Development Agency (DRDA),4,3,True,PUBLIC DATA
MPL-2024-BI-000194,REC-2023-0194,Lok Sabha,17th Lok Sabha (2023-24),MP-LO-17-10,Dr. Ravi Shankar Sinha (Hon'ble MP),"Paver Block Road at Baikatpur, Block Danapur",Rural Roads & Bridges,Paver Block Road,Bihar,Patna,Patna Sahib,Danapur,Baikatpur,25.5352,85.176,2670000.0,2670000.0,2670000.0,0.0,2024-03-19,2024-04-24,2024-05-06,2024-12-11,2025-01-14,Completed,100.0,AGY-WSS-05,Public Health Engineering & Water Supply Dept,2,6,False,PUBLIC DATA
MPL-2024-KA-000195,REC-2023-0195,Lok Sabha,17th Lok Sabha (2023-24),MP-LO-17-24,Shri K. Venkatesh (Hon'ble MP),"Public Bus Passenger Shelter at Hesaraghatta, Block Bengaluru North",Community Infrastructure,Public Bus Passenger Shelter,Karnataka,Bengaluru Urban,Bangalore North,Bengaluru North,Hesaraghatta,12.9029,77.5486,1490000.0,1490000.0,1122000.0,368000.0,2024-04-24,2024-05-14,2024-05-25,2025-01-13,,Ongoing,71.1,AGY-DRDA-04,District Rural Development Agency (DRDA),2,4,False,PUBLIC DATA
MPL-2024-AS-000196,REC-2023-0196,Lok Sabha,17th Lok Sabha (2023-24),MP-LO-17-23,Smt. Queen Oja (Hon'ble MP),"Panchayat Community Hall at Puthimari, Block Hajo",Community Infrastructure,Panchayat Community Hall,Assam,Kamrup,Gauhati,Hajo,Puthimari,26.106,91.6914,1580000.0,1580000.0,774000.0,806000.0,2023-07-31,2023-08-16,2023-09-06,2024-02-02,,Delayed,54.4,AGY-RWD-02,Rural Works Department (RWD) Engineering Wing,2,2,False,PUBLIC DATA
MPL-2024-WE-000197,REC-2023-0197,Lok Sabha,18th Lok Sabha (2024-Present),MP-LO-17-59,Smt. Mahua Mitra (Hon'ble MP),"CC Road Construction at Tehatta, Block Nakashipara",Rural Roads & Bridges,CC Road Construction,West Bengal,Nadia,Krishnanagar,Nakashipara,Tehatta,23.4666,88.533,1530000.0,1530000.0,1132000.0,398000.0,2023-08-05,2023-08-31,2023-09-27,2024-02-03,,Ongoing,65.1,AGY-RWD-02,Rural Works Department (RWD) Engineering Wing,2,1,False,PUBLIC DATA
MPL-2024-BI-000198,REC-2023-0198,Rajya Sabha,17th Lok Sabha (2023-24),MP-RA-17-21,Dr. Ravi Shankar Sinha (Hon'ble MP),"Deep Borewell & Solar Pump System at Gauri Chak, Block Danapur",Drinking Water,Deep Borewell & Solar Pump System,Bihar,Patna,Patna Sahib,Danapur,Gauri Chak,25.6101,85.0704,630000.0,630000.0,406000.0,224000.0,2023-06-16,2023-07-13,2023-07-27,2024-02-14,,Ongoing,75.6,AGY-DRDA-04,District Rural Development Agency (DRDA),3,3,False,PUBLIC DATA
MPL-2024-BI-000199,REC-2023-0199,Rajya Sabha,17th Lok Sabha (2023-24),MP-RA-17-47,Dr. Ravi Shankar Sinha (Hon'ble MP),"Public Bus Passenger Shelter at Jethuli, Block Sampatchak",Community Infrastructure,Public Bus Passenger Shelter,Bihar,Patna,Patna Sahib,Sampatchak,Jethuli,25.533,85.1804,3350000.0,3350000.0,3350000.0,0.0,2023-05-11,2023-06-02,2023-06-12,2023-11-11,2023-11-29,Completed,100.0,AGY-RWD-02,Rural Works Department (RWD) Engineering Wing,2,5,False,PUBLIC DATA
MPL-2024-AS-000200,REC-2023-0200,Lok Sabha,17th Lok Sabha (2023-24),MP-LO-17-63,Smt. Queen Oja (Hon'ble MP),"Additional Classroom Building at Sualkuchi, Block Hajo",Education & Classrooms,Additional Classroom Building,Assam,Kamrup,Gauhati,Hajo,Sualkuchi,26.1895,91.6846,2570000.0,2570000.0,2570000.0,0.0,2023-05-16,2023-06-28,2023-07-26,2024-02-09,2024-03-18,Completed,100.0,AGY-XYZ-99,XYZ Infrastructure & Construction Private Ltd,3,6,True,PUBLIC DATA
MPL-2024-WE-000201,REC-2023-0201,Lok Sabha,17th Lok Sabha (2023-24),MP-LO-17-53,Smt. Mahua Mitra (Hon'ble MP),"Panchayat Community Hall at Tehatta, Block Krishnanagar-I",Community Infrastructure,Panchayat Community Hall,West Bengal,Nadia,Krishnanagar,Krishnanagar-I,Tehatta,23.4723,88.4484,2330000.0,2330000.0,2330000.0,0.0,2024-01-02,2024-02-16,2024-03-08,2024-09-05,2024-09-30,Completed,100.0,AGY-DRDA-04,District Rural Development Agency (DRDA),4,4,True,PUBLIC DATA
MPL-2024-BI-000202,REC-2023-0202,Lok Sabha,17th Lok Sabha (2023-24),MP-LO-17-37,Dr. Ravi Shankar Sinha (Hon'ble MP),"RO Water Treatment Plant at Ranipur, Block Phulwari Sharif",Drinking Water,RO Water Treatment Plant,Bihar,Patna,Patna Sahib,Phulwari Sharif,Ranipur,25.6494,85.0586,1720000.0,1720000.0,782000.0,938000.0,2023-04-28,2023-06-20,2023-07-05,2024-01-13,,Ongoing,47.8,AGY-PWD-01,Public Works Department (PWD) Division I,3,4,False,PUBLIC DATA
MPL-2024-KE-000203,REC-2023-0203,Lok Sabha,17th Lok Sabha (2023-24),MP-LO-17-73,Shri Hibi Eden (Hon'ble MP),"RO Water Treatment Plant at Kalamassery, Block Paravur",Drinking Water,RO Water Treatment Plant,Kerala,Ernakulam,Ernakulam,Paravur,Kalamassery,9.9933,76.3138,2720000.0,2720000.0,2720000.0,0.0,2023-10-08,2023-11-08,2023-11-26,2024-05-06,2024-05-19,Completed,100.0,AGY-RWD-02,Rural Works Department (RWD) Engineering Wing,3,2,True,PUBLIC DATA
MPL-2024-WE-000204,REC-2023-0204,Lok Sabha,17th Lok Sabha (2023-24),MP-LO-17-42,Smt. Mahua Mitra (Hon'ble MP),"School Science Laboratory at Tehatta, Block Nabadwip",Education & Classrooms,School Science Laboratory,West Bengal,Nadia,Krishnanagar,Nabadwip,Tehatta,23.4261,88.5643,1470000.0,1470000.0,1470000.0,0.0,2024-04-21,2024-05-17,2024-06-16,2024-12-04,2024-12-13,Completed,100.0,AGY-DRDA-04,District Rural Development Agency (DRDA),2,5,True,PUBLIC DATA
MPL-2024-KE-000205,REC-2023-0205,Rajya Sabha,17th Lok Sabha (2023-24),MP-RA-17-47,Shri Hibi Eden (Hon'ble MP),"Village Waste Segregation Shed at Cherai, Block Vyttila",Health & Sanitation,Village Waste Segregation Shed,Kerala,Ernakulam,Ernakulam,Vyttila,Cherai,9.9256,76.3307,1030000.0,1030000.0,1030000.0,0.0,2024-02-18,2024-03-26,2024-04-11,2024-10-06,2024-10-06,Completed,100.0,AGY-ZP-03,Zila Parishad Rural Infrastructure Cell,3,2,True,PUBLIC DATA
MPL-2024-MA-000206,REC-2023-0206,Lok Sabha,17th Lok Sabha (2023-24),MP-LO-17-65,Shri Naresh Rao (Hon'ble MP),"Community Public Toilet Complex at Tokawade, Block Bhiwandi",Health & Sanitation,Community Public Toilet Complex,Maharashtra,Thane,Thane,Bhiwandi,Tokawade,19.1772,72.9651,1130000.0,1130000.0,1130000.0,0.0,2024-01-19,2024-02-18,2024-02-29,2024-10-06,2024-10-19,Completed,100.0,AGY-PWD-01,Public Works Department (PWD) Division I,4,6,True,PUBLIC DATA
MPL-2024-AS-000207,REC-2023-0207,Lok Sabha,17th Lok Sabha (2023-24),MP-LO-17-19,Smt. Queen Oja (Hon'ble MP),"Rooftop Solar for Govt Hospital at Boko, Block Bezera",Solar & Renewable Energy,Rooftop Solar for Govt Hospital,Assam,Kamrup,Gauhati,Bezera,Boko,26.1548,91.6564,900000.0,900000.0,590000.0,310000.0,2023-08-21,2023-09-14,2023-09-28,2024-04-25,,Ongoing,58.8,AGY-PWD-01,Public Works Department (PWD) Division I,3,1,False,PUBLIC DATA
MPL-2024-AS-000208,REC-2023-0208,Lok Sabha,17th Lok Sabha (2023-24),MP-LO-17-59,Smt. Queen Oja (Hon'ble MP),"Link Road Widening at Boko, Block Rangia",Rural Roads & Bridges,Link Road Widening,Assam,Kamrup,Gauhati,Rangia,Boko,26.0838,91.7726,3120000.0,3120000.0,2028000.0,1092000.0,2024-05-28,2024-07-10,2024-07-22,2025-01-23,,Ongoing,67.1,AGY-ZP-03,Zila Parishad Rural Infrastructure Cell,1,2,False,PUBLIC DATA
MPL-2024-KE-000209,REC-2023-0209,Rajya Sabha,18th Lok Sabha (2024-Present),MP-RA-17-56,Shri Hibi Eden (Hon'ble MP),"Deep Borewell & Solar Pump System at Kothamangalam, Block Aluva",Drinking Water,Deep Borewell & Solar Pump System,Kerala,Ernakulam,Ernakulam,Aluva,Kothamangalam,10.017,76.2943,740000.0,740000.0,234000.0,506000.0,2023-05-02,2023-06-07,2023-07-03,2024-02-01,,Ongoing,30.7,AGY-WSS-05,Public Health Engineering & Water Supply Dept,1,3,False,PUBLIC DATA
MPL-2024-BI-000210,REC-2023-0210,Rajya Sabha,17th Lok Sabha (2023-24),MP-RA-17-94,Dr. Ravi Shankar Sinha (Hon'ble MP),"Smart Digital Library Block at Sabbalpur, Block Danapur",Education & Classrooms,Smart Digital Library Block,Bihar,Patna,Patna Sahib,Danapur,Sabbalpur,25.5769,85.1877,4070000.0,4070000.0,839000.0,3231000.0,2023-04-24,2023-05-22,2023-06-06,2023-10-28,,Delayed,22.9,AGY-PWD-01,Public Works Department (PWD) Division I,2,2,False,PUBLIC DATA
MPL-2024-KE-000211,REC-2023-0211,Lok Sabha,17th Lok Sabha (2023-24),MP-LO-17-74,Shri Hibi Eden (Hon'ble MP),"Paver Block Road at Cherai, Block Paravur",Rural Roads & Bridges,Paver Block Road,Kerala,Ernakulam,Ernakulam,Paravur,Cherai,9.9769,76.2635,3680000.0,3680000.0,679000.0,3001000.0,2024-04-25,2024-06-08,2024-07-02,2025-01-18,,Delayed,20.5,AGY-ZP-03,Zila Parishad Rural Infrastructure Cell,1,0,False,PUBLIC DATA
MPL-2024-BI-000212,REC-2023-0212,Rajya Sabha,17th Lok Sabha (2023-24),MP-RA-17-91,Dr. Ravi Shankar Sinha (Hon'ble MP),"Primary Health Sub-Centre Building at Baikatpur, Block Danapur",Health & Sanitation,Primary Health Sub-Centre Building,Bihar,Patna,Patna Sahib,Danapur,Baikatpur,25.5144,85.1279,2140000.0,2140000.0,2140000.0,0.0,2024-04-23,2024-05-09,2024-06-03,2024-10-23,2024-11-25,Completed,100.0,AGY-ZP-03,Zila Parishad Rural Infrastructure Cell,4,4,True,PUBLIC DATA
MPL-2024-KE-000213,REC-2023-0213,Lok Sabha,17th Lok Sabha (2023-24),MP-LO-17-63,Shri Hibi Eden (Hon'ble MP),"Link Road Widening at Perumbavoor, Block Vyttila",Rural Roads & Bridges,Link Road Widening,Kerala,Ernakulam,Ernakulam,Vyttila,Perumbavoor,10.0272,76.2363,4430000.0,4430000.0,829000.0,3601000.0,2023-04-29,2023-05-31,2023-06-25,2023-12-19,,Delayed,20.8,AGY-WSS-05,Public Health Engineering & Water Supply Dept,1,0,False,PUBLIC DATA
MPL-2024-WE-000214,REC-2023-0214,Rajya Sabha,17th Lok Sabha (2023-24),MP-RA-17-41,Smt. Mahua Mitra (Hon'ble MP),"Senior Citizen Recreation Shed at Dhubulia, Block Nakashipara",Community Infrastructure,Senior Citizen Recreation Shed,West Bengal,Nadia,Krishnanagar,Nakashipara,Dhubulia,23.358,88.4242,3140000.0,3140000.0,1537000.0,1603000.0,2023-11-09,2023-12-26,2024-01-06,2024-09-01,,Delayed,54.4,AGY-DRDA-04,District Rural Development Agency (DRDA),1,0,False,PUBLIC DATA
MPL-2024-WE-000215,REC-2023-0215,Lok Sabha,18th Lok Sabha (2024-Present),MP-LO-17-76,Smt. Mahua Mitra (Hon'ble MP),"CC Road Construction at Dhubulia, Block Nakashipara",Rural Roads & Bridges,CC Road Construction,West Bengal,Nadia,Krishnanagar,Nakashipara,Dhubulia,23.3289,88.4701,2460000.0,2460000.0,2460000.0,0.0,2023-07-14,2023-09-01,2023-10-01,2024-05-08,2024-05-08,Completed,100.0,AGY-WSS-05,Public Health Engineering & Water Supply Dept,2,3,True,PUBLIC DATA
MPL-2024-AS-000216,REC-2023-0216,Lok Sabha,17th Lok Sabha (2023-24),MP-LO-17-42,Smt. Queen Oja (Hon'ble MP),"Panchayat Community Hall at Boko, Block Rangia",Community Infrastructure,Panchayat Community Hall,Assam,Kamrup,Gauhati,Rangia,Boko,26.2139,91.7955,2630000.0,2630000.0,2630000.0,0.0,2023-06-01,2023-06-21,2023-07-02,2024-01-10,2024-01-04,Completed,100.0,AGY-PWD-01,Public Works Department (PWD) Division I,4,3,True,PUBLIC DATA
MPL-2024-KE-000217,REC-2023-0217,Lok Sabha,17th Lok Sabha (2023-24),MP-LO-17-12,Shri Hibi Eden (Hon'ble MP),"Primary Health Sub-Centre Building at Kalamassery, Block Paravur",Health & Sanitation,Primary Health Sub-Centre Building,Kerala,Ernakulam,Ernakulam,Paravur,Kalamassery,10.0247,76.3344,2440000.0,2440000.0,1940000.0,500000.0,2023-07-07,2023-08-30,2023-09-25,2024-01-28,,Ongoing,80.8,AGY-PWD-01,Public Works Department (PWD) Division I,2,4,False,PUBLIC DATA
MPL-2024-RA-000218,REC-2023-0218,Lok Sabha,17th Lok Sabha (2023-24),MP-LO-17-58,Smt. Manju Meena (Hon'ble MP),"Piped Water Overhead Tank at Kukas, Block Shahpura",Drinking Water,Piped Water Overhead Tank,Rajasthan,Jaipur,Jaipur Rural,Shahpura,Kukas,26.9838,75.784,940000.0,940000.0,940000.0,0.0,2023-09-12,2023-10-15,2023-11-04,2024-03-29,2024-04-18,Completed,100.0,AGY-RWD-02,Rural Works Department (RWD) Engineering Wing,4,6,True,PUBLIC DATA
MPL-2024-KE-000219,REC-2023-0219,Lok Sabha,17th Lok Sabha (2023-24),MP-LO-17-75,Shri Hibi Eden (Hon'ble MP),"Piped Water Overhead Tank at Cherai, Block Paravur",Drinking Water,Piped Water Overhead Tank,Kerala,Ernakulam,Ernakulam,Paravur,Cherai,10.0451,76.2505,1780000.0,1780000.0,1082000.0,698000.0,2023-06-01,2023-06-17,2023-07-14,2024-01-13,,Ongoing,57.6,AGY-PWD-01,Public Works Department (PWD) Division I,3,1,False,PUBLIC DATA
MPL-2024-KA-000220,REC-2023-0220,Lok Sabha,17th Lok Sabha (2023-24),MP-LO-17-78,Shri K. Venkatesh (Hon'ble MP),"Health Diagnostic Equipment at Mandur, Block K.R. Puram",Health & Sanitation,Health Diagnostic Equipment,Karnataka,Bengaluru Urban,Bangalore North,K.R. Puram,Mandur,12.9627,77.595,1610000.0,1610000.0,652000.0,958000.0,2023-05-11,2023-05-27,2023-06-22,2024-01-19,,Delayed,45.0,AGY-ZP-03,Zila Parishad Rural Infrastructure Cell,2,2,False,PUBLIC DATA
MPL-2024-AS-000221,REC-2023-0221,Lok Sabha,18th Lok Sabha (2024-Present),MP-LO-17-46,Smt. Queen Oja (Hon'ble MP),"Crematorium Shed with Amenities at Puthimari, Block Chaygaon",Community Infrastructure,Crematorium Shed with Amenities,Assam,Kamrup,Gauhati,Chaygaon,Puthimari,26.1698,91.7484,1290000.0,1290000.0,1290000.0,0.0,2024-05-16,2024-07-09,2024-07-28,2025-01-27,2025-01-21,Completed,100.0,AGY-RWD-02,Rural Works Department (RWD) Engineering Wing,2,5,True,PUBLIC DATA
MPL-2024-KA-000222,REC-2023-0222,Lok Sabha,17th Lok Sabha (2023-24),MP-LO-17-60,Shri K. Venkatesh (Hon'ble MP),"High-Mast Solar Lighting Chowk at Mandur, Block Bengaluru North",Solar & Renewable Energy,High-Mast Solar Lighting Chowk,Karnataka,Bengaluru Urban,Bangalore North,Bengaluru North,Mandur,12.9099,77.6237,600000.0,600000.0,492000.0,108000.0,2024-01-07,2024-02-27,2024-03-13,2024-07-15,,Ongoing,79.7,AGY-WSS-05,Public Health Engineering & Water Supply Dept,2,3,False,PUBLIC DATA
MPL-2024-KE-000223,REC-2023-0223,Lok Sabha,18th Lok Sabha (2024-Present),MP-LO-17-25,Shri Hibi Eden (Hon'ble MP),"Solar Street Light Grid (50 poles) at Perumbavoor, Block Paravur",Solar & Renewable Energy,Solar Street Light Grid (50 poles),Kerala,Ernakulam,Ernakulam,Paravur,Perumbavoor,9.9957,76.2631,1180000.0,1180000.0,521000.0,659000.0,2024-05-13,2024-05-31,2024-06-12,2025-01-24,,Delayed,49.1,AGY-DRDA-04,District Rural Development Agency (DRDA),2,1,False,PUBLIC DATA
MPL-2024-AS-000224,REC-2023-0224,Lok Sabha,17th Lok Sabha (2023-24),MP-LO-17-82,Smt. Queen Oja (Hon'ble MP),"High-Mast Solar Lighting Chowk at Boko, Block Kamalpur",Solar & Renewable Energy,High-Mast Solar Lighting Chowk,Assam,Kamrup,Gauhati,Kamalpur,Boko,26.2067,91.663,580000.0,580000.0,580000.0,0.0,2024-03-21,2024-05-13,2024-06-09,2025-01-26,2025-01-30,Completed,100.0,AGY-WSS-05,Public Health Engineering & Water Supply Dept,2,3,True,PUBLIC DATA
MPL-2024-WE-000225,REC-2023-0225,Lok Sabha,17th Lok Sabha (2023-24),MP-LO-17-41,Smt. Mahua Mitra (Hon'ble MP),"High-Mast Solar Lighting Chowk at Debagram, Block Chapra",Solar & Renewable Energy,High-Mast Solar Lighting Chowk,West Bengal,Nadia,Krishnanagar,Chapra,Debagram,23.4241,88.4858,1090000.0,1090000.0,793000.0,297000.0,2023-11-23,2024-01-12,2024-01-25,2024-05-28,,Ongoing,74.3,AGY-ZP-03,Zila Parishad Rural Infrastructure Cell,3,1,False,PUBLIC DATA
MPL-2024-RA-000226,REC-2023-0226,Lok Sabha,17th Lok Sabha (2023-24),MP-LO-17-84,Smt. Manju Meena (Hon'ble MP),"Additional Classroom Building at Achrol, Block Chaksu",Education & Classrooms,Additional Classroom Building,Rajasthan,Jaipur,Jaipur Rural,Chaksu,Achrol,26.8495,75.7206,2110000.0,2110000.0,714000.0,1396000.0,2023-12-28,2024-02-25,2024-03-19,2024-10-26,,Delayed,37.6,AGY-WSS-05,Public Health Engineering & Water Supply Dept,1,2,False,PUBLIC DATA
MPL-2024-RA-000227,REC-2023-0227,Lok Sabha,18th Lok Sabha (2024-Present),MP-LO-17-41,Smt. Manju Meena (Hon'ble MP),"School Boundary Wall & Sanitation at Bagru, Block Chaksu",Education & Classrooms,School Boundary Wall & Sanitation,Rajasthan,Jaipur,Jaipur Rural,Chaksu,Bagru,26.87,75.8014,2090000.0,2090000.0,905000.0,1185000.0,2024-06-12,2024-07-16,2024-08-03,2024-12-03,,Delayed,48.1,AGY-WSS-05,Public Health Engineering & Water Supply Dept,1,1,False,PUBLIC DATA
MPL-2024-BI-000228,REC-2023-0228,Rajya Sabha,18th Lok Sabha (2024-Present),MP-RA-17-62,Dr. Ravi Shankar Sinha (Hon'ble MP),"School Science Laboratory at Sabbalpur, Block Danapur",Education & Classrooms,School Science Laboratory,Bihar,Patna,Patna Sahib,Danapur,Sabbalpur,25.5903,85.1326,1450000.0,1450000.0,1450000.0,0.0,2023-06-25,2023-07-19,2023-08-08,2024-02-08,2024-02-27,Completed,100.0,AGY-RWD-02,Rural Works Department (RWD) Engineering Wing,4,2,True,PUBLIC DATA
MPL-2024-MA-000229,REC-2023-0229,Rajya Sabha,17th Lok Sabha (2023-24),MP-RA-17-43,Shri Naresh Rao (Hon'ble MP),"Public Bus Passenger Shelter at Padgha, Block Shahapur",Community Infrastructure,Public Bus Passenger Shelter,Maharashtra,Thane,Thane,Shahapur,Padgha,19.1874,72.9073,1520000.0,1520000.0,1520000.0,0.0,2023-09-10,2023-10-29,2023-11-20,2024-07-06,2024-06-22,Completed,100.0,AGY-XYZ-99,XYZ Infrastructure & Construction Private Ltd,3,4,False,PUBLIC DATA
MPL-2024-WE-000230,REC-2023-0230,Lok Sabha,18th Lok Sabha (2024-Present),MP-LO-17-57,Smt. Mahua Mitra (Hon'ble MP),"Crematorium Shed with Amenities at Bethuadahari, Block Krishnanagar-I",Community Infrastructure,Crematorium Shed with Amenities,West Bengal,Nadia,Krishnanagar,Krishnanagar-I,Bethuadahari,23.4452,88.4292,2850000.0,2850000.0,2850000.0,0.0,2023-11-30,2024-01-21,2024-02-03,2024-07-30,2024-08-02,Completed,100.0,AGY-RWD-02,Rural Works Department (RWD) Engineering Wing,4,5,True,PUBLIC DATA
MPL-2024-RA-000231,REC-2023-0231,Lok Sabha,17th Lok Sabha (2023-24),MP-LO-17-55,Smt. Manju Meena (Hon'ble MP),"Health Diagnostic Equipment at Bassi, Block Chaksu",Health & Sanitation,Health Diagnostic Equipment,Rajasthan,Jaipur,Jaipur Rural,Chaksu,Bassi,26.8646,75.7338,990000.0,990000.0,674000.0,316000.0,2023-05-13,2023-06-28,2023-07-12,2024-01-15,,Ongoing,73.9,AGY-RWD-02,Rural Works Department (RWD) Engineering Wing,1,3,False,PUBLIC DATA
MPL-2024-UT-000232,REC-2023-0232,Lok Sabha,18th Lok Sabha (2024-Present),MP-LO-17-52,Shri Ramakant Sharma (Hon'ble MP),"Smart Digital Library Block at Tikari, Block Sewapuri",Education & Classrooms,Smart Digital Library Block,Uttar Pradesh,Varanasi,Varanasi,Sewapuri,Tikari,25.3898,83.0248,1440000.0,1440000.0,699000.0,741000.0,2023-11-15,2023-12-26,2024-01-25,2024-06-10,,Ongoing,43.0,AGY-XYZ-99,XYZ Infrastructure & Construction Private Ltd,1,3,False,PUBLIC DATA
MPL-2024-AS-000233,REC-2023-0233,Rajya Sabha,18th Lok Sabha (2024-Present),MP-RA-17-16,Smt. Queen Oja (Hon'ble MP),"Senior Citizen Recreation Shed at Boko, Block Kamalpur",Community Infrastructure,Senior Citizen Recreation Shed,Assam,Kamrup,Gauhati,Kamalpur,Boko,26.099,91.6934,2260000.0,2260000.0,2260000.0,0.0,2024-06-19,2024-08-14,2024-08-25,2025-01-25,2025-02-05,Completed,100.0,AGY-ZP-03,Zila Parishad Rural Infrastructure Cell,4,5,True,PUBLIC DATA
MPL-2024-BI-000234,REC-2023-0234,Lok Sabha,18th Lok Sabha (2024-Present),MP-LO-17-40,Dr. Ravi Shankar Sinha (Hon'ble MP),"Crematorium Shed with Amenities at Baikatpur, Block Danapur",Community Infrastructure,Crematorium Shed with Amenities,Bihar,Patna,Patna Sahib,Danapur,Baikatpur,25.5854,85.0691,3210000.0,3210000.0,3210000.0,0.0,2023-09-20,2023-10-17,2023-10-31,2024-06-19,2024-07-11,Completed,100.0,AGY-WSS-05,Public Health Engineering & Water Supply Dept,4,2,True,PUBLIC DATA
MPL-2024-AS-000235,REC-2023-0235,Lok Sabha,17th Lok Sabha (2023-24),MP-LO-17-80,Smt. Queen Oja (Hon'ble MP),"Village Waste Segregation Shed at Dadara, Block Bezera",Health & Sanitation,Village Waste Segregation Shed,Assam,Kamrup,Gauhati,Bezera,Dadara,26.2226,91.8017,2470000.0,2470000.0,1040000.0,1430000.0,2024-03-02,2024-04-09,2024-04-22,2024-10-07,,Delayed,46.8,AGY-XYZ-99,XYZ Infrastructure & Construction Private Ltd,1,2,False,PUBLIC DATA
MPL-2024-KE-000236,REC-2023-0236,Lok Sabha,17th Lok Sabha (2023-24),MP-LO-17-70,Shri Hibi Eden (Hon'ble MP),"School Boundary Wall & Sanitation at Kothamangalam, Block Muvattupuzha",Education & Classrooms,School Boundary Wall & Sanitation,Kerala,Ernakulam,Ernakulam,Muvattupuzha,Kothamangalam,10.0097,76.2243,1380000.0,1380000.0,475000.0,905000.0,2023-08-26,2023-09-26,2023-10-17,2024-03-29,,Ongoing,40.4,AGY-WSS-05,Public Health Engineering & Water Supply Dept,3,1,False,PUBLIC DATA
MPL-2024-BI-000237,REC-2023-0237,Lok Sabha,18th Lok Sabha (2024-Present),MP-LO-17-37,Dr. Ravi Shankar Sinha (Hon'ble MP),"Smart Digital Library Block at Ranipur, Block Danapur",Education & Classrooms,Smart Digital Library Block,Bihar,Patna,Patna Sahib,Danapur,Ranipur,25.5831,85.191,810000.0,810000.0,810000.0,0.0,2024-01-08,2024-02-24,2024-03-20,2024-08-27,2024-08-26,Completed,100.0,AGY-ZP-03,Zila Parishad Rural Infrastructure Cell,3,3,True,PUBLIC DATA
MPL-2024-RA-000238,REC-2023-0238,Lok Sabha,17th Lok Sabha (2023-24),MP-LO-17-52,Smt. Manju Meena (Hon'ble MP),"RO Water Treatment Plant at Kukas, Block Amer",Drinking Water,RO Water Treatment Plant,Rajasthan,Jaipur,Jaipur Rural,Amer,Kukas,26.9898,75.7882,730000.0,730000.0,730000.0,0.0,2024-06-01,2024-07-25,2024-08-10,2025-01-26,2025-02-27,Completed,100.0,AGY-WSS-05,Public Health Engineering & Water Supply Dept,2,3,True,PUBLIC DATA
MPL-2024-AS-000239,REC-2023-0239,Lok Sabha,18th Lok Sabha (2024-Present),MP-LO-17-56,Smt. Queen Oja (Hon'ble MP),"Health Diagnostic Equipment at Boko, Block Rangia",Health & Sanitation,Health Diagnostic Equipment,Assam,Kamrup,Gauhati,Rangia,Boko,26.1087,91.6887,1290000.0,1290000.0,969000.0,321000.0,2023-06-01,2023-06-23,2023-07-06,2024-02-03,,Ongoing,71.8,AGY-XYZ-99,XYZ Infrastructure & Construction Private Ltd,3,3,False,PUBLIC DATA
MPL-2024-RA-000240,REC-2023-0240,Rajya Sabha,18th Lok Sabha (2024-Present),MP-RA-17-92,Smt. Manju Meena (Hon'ble MP),"Hand Pump Installation Cluster at Bagru, Block Shahpura",Drinking Water,Hand Pump Installation Cluster,Rajasthan,Jaipur,Jaipur Rural,Shahpura,Bagru,26.8935,75.7814,1280000.0,1280000.0,865000.0,415000.0,2024-06-11,2024-06-30,2024-07-19,2025-03-03,,Ongoing,79.4,AGY-RWD-02,Rural Works Department (RWD) Engineering Wing,2,4,False,PUBLIC DATA
MPL-2024-UT-000241,REC-2023-0241,Lok Sabha,18th Lok Sabha (2024-Present),MP-LO-17-39,Shri Ramakant Sharma (Hon'ble MP),"Village Waste Segregation Shed at Tikari, Block Cholapur",Health & Sanitation,Village Waste Segregation Shed,Uttar Pradesh,Varanasi,Varanasi,Cholapur,Tikari,25.2465,83.0396,1600000.0,1600000.0,1112000.0,488000.0,2023-10-24,2023-12-15,2024-01-07,2024-05-15,,Ongoing,80.2,AGY-XYZ-99,XYZ Infrastructure & Construction Private Ltd,1,4,False,PUBLIC DATA
MPL-2024-KE-000242,REC-2023-0242,Lok Sabha,17th Lok Sabha (2023-24),MP-LO-17-22,Shri Hibi Eden (Hon'ble MP),"School Science Laboratory at Kothamangalam, Block Paravur",Education & Classrooms,School Science Laboratory,Kerala,Ernakulam,Ernakulam,Paravur,Kothamangalam,9.9798,76.3172,1330000.0,1330000.0,1330000.0,0.0,2023-08-19,2023-09-26,2023-10-25,2024-04-30,2024-06-02,Completed,100.0,AGY-PWD-01,Public Works Department (PWD) Division I,4,5,False,PUBLIC DATA
MPL-2024-WE-000243,REC-2023-0243,Lok Sabha,17th Lok Sabha (2023-24),MP-LO-17-78,Smt. Mahua Mitra (Hon'ble MP),"School Boundary Wall & Sanitation at Mayapur, Block Nakashipara",Education & Classrooms,School Boundary Wall & Sanitation,West Bengal,Nadia,Krishnanagar,Nakashipara,Mayapur,23.323,88.4427,1680000.0,1680000.0,1680000.0,0.0,2023-04-15,2023-06-13,2023-06-29,2023-12-31,2023-12-14,Completed,100.0,AGY-DRDA-04,District Rural Development Agency (DRDA),3,3,True,PUBLIC DATA
MPL-2024-KA-000244,REC-2023-0244,Lok Sabha,17th Lok Sabha (2023-24),MP-LO-17-17,Shri K. Venkatesh (Hon'ble MP),"Primary Health Sub-Centre Building at Doddaballapur Rd, Block Bengaluru North",Health & Sanitation,Primary Health Sub-Centre Building,Karnataka,Bengaluru Urban,Bangalore North,Bengaluru North,Doddaballapur Rd,12.9765,77.5246,1850000.0,1850000.0,670000.0,1180000.0,2023-10-22,2023-12-10,2023-12-20,2024-04-24,,Ongoing,35.6,AGY-PWD-01,Public Works Department (PWD) Division I,1,2,False,PUBLIC DATA
MPL-2024-BI-000245,REC-2023-0245,Lok Sabha,17th Lok Sabha (2023-24),MP-LO-17-19,Dr. Ravi Shankar Sinha (Hon'ble MP),"Crematorium Shed with Amenities at Gauri Chak, Block Bakhtiarpur",Community Infrastructure,Crematorium Shed with Amenities,Bihar,Patna,Patna Sahib,Bakhtiarpur,Gauri Chak,25.5216,85.1799,2660000.0,2660000.0,2660000.0,0.0,2023-11-29,2023-12-25,2024-01-20,2024-07-07,2024-07-26,Completed,100.0,AGY-DRDA-04,District Rural Development Agency (DRDA),3,2,True,PUBLIC DATA
MPL-2024-MA-000246,REC-2023-0246,Lok Sabha,17th Lok Sabha (2023-24),MP-LO-17-84,Shri Naresh Rao (Hon'ble MP),"Piped Water Overhead Tank at Tokawade, Block Murbad",Drinking Water,Piped Water Overhead Tank,Maharashtra,Thane,Thane,Murbad,Tokawade,19.2951,72.9152,2010000.0,2010000.0,2010000.0,0.0,2023-05-21,2023-06-10,2023-06-21,2023-12-08,2024-01-16,Completed,100.0,AGY-WSS-05,Public Health Engineering & Water Supply Dept,4,5,True,PUBLIC DATA
MPL-2024-RA-000247,REC-2023-0247,Lok Sabha,17th Lok Sabha (2023-24),MP-LO-17-87,Smt. Manju Meena (Hon'ble MP),"Village Waste Segregation Shed at Achrol, Block Kotputli",Health & Sanitation,Village Waste Segregation Shed,Rajasthan,Jaipur,Jaipur Rural,Kotputli,Achrol,26.9434,75.7827,2120000.0,2120000.0,2120000.0,0.0,2023-12-17,2024-01-16,2024-02-09,2024-06-10,2024-06-04,Completed,100.0,AGY-DRDA-04,District Rural Development Agency (DRDA),3,3,True,PUBLIC DATA
MPL-2024-BI-000248,REC-2023-0248,Rajya Sabha,17th Lok Sabha (2023-24),MP-RA-17-11,Dr. Ravi Shankar Sinha (Hon'ble MP),"Link Road Widening at Sabbalpur, Block Danapur",Rural Roads & Bridges,Link Road Widening,Bihar,Patna,Patna Sahib,Danapur,Sabbalpur,25.638,85.0833,3220000.0,3220000.0,519000.0,2701000.0,2023-04-24,2023-06-18,2023-07-08,2023-12-13,,Delayed,17.9,AGY-ZP-03,Zila Parishad Rural Infrastructure Cell,1,1,False,PUBLIC DATA
MPL-2024-RA-000249,REC-2023-0249,Lok Sabha,17th Lok Sabha (2023-24),MP-LO-17-19,Smt. Manju Meena (Hon'ble MP),"Additional Classroom Building at Bagru, Block Kotputli",Education & Classrooms,Additional Classroom Building,Rajasthan,Jaipur,Jaipur Rural,Kotputli,Bagru,26.8687,75.7673,1420000.0,1420000.0,1093000.0,327000.0,2024-05-07,2024-06-30,2024-07-11,2025-01-30,,Ongoing,70.7,AGY-WSS-05,Public Health Engineering & Water Supply Dept,2,3,False,PUBLIC DATA
MPL-2024-AS-000250,REC-2023-0250,Lok Sabha,17th Lok Sabha (2023-24),MP-LO-17-18,Smt. Queen Oja (Hon'ble MP),"Health Diagnostic Equipment at Dadara, Block Rangia",Health & Sanitation,Health Diagnostic Equipment,Assam,Kamrup,Gauhati,Rangia,Dadara,26.1457,91.7682,1870000.0,1870000.0,1073000.0,797000.0,2023-09-22,2023-10-30,2023-11-09,2024-06-12,,Ongoing,56.4,AGY-XYZ-99,XYZ Infrastructure & Construction Private Ltd,2,4,False,PUBLIC DATA
MPL-2024-KE-000251,REC-2023-0251,Lok Sabha,17th Lok Sabha (2023-24),MP-LO-17-86,Shri Hibi Eden (Hon'ble MP),"High-Mast Solar Lighting Chowk at Kothamangalam, Block Paravur",Solar & Renewable Energy,High-Mast Solar Lighting Chowk,Kerala,Ernakulam,Ernakulam,Paravur,Kothamangalam,10.0265,76.2987,810000.0,810000.0,359000.0,451000.0,2023-09-07,2023-11-06,2023-12-04,2024-05-29,,Delayed,49.3,AGY-ZP-03,Zila Parishad Rural Infrastructure Cell,1,2,False,PUBLIC DATA
MPL-2024-UT-000252,REC-2023-0252,Lok Sabha,18th Lok Sabha (2024-Present),MP-LO-17-57,Shri Ramakant Sharma (Hon'ble MP),"Solar Street Light Grid (50 poles) at Badagaon, Block Pindra",Solar & Renewable Energy,Solar Street Light Grid (50 poles),Uttar Pradesh,Varanasi,Varanasi,Pindra,Badagaon,25.3372,83.039,550000.0,550000.0,550000.0,0.0,2023-05-06,2023-06-22,2023-07-13,2023-12-25,2024-01-10,Completed,100.0,AGY-RWD-02,Rural Works Department (RWD) Engineering Wing,4,6,True,PUBLIC DATA
MPL-2024-KA-000253,REC-2023-0253,Lok Sabha,17th Lok Sabha (2023-24),MP-LO-17-74,Shri K. Venkatesh (Hon'ble MP),"School Science Laboratory at Doddaballapur Rd, Block Bengaluru North",Education & Classrooms,School Science Laboratory,Karnataka,Bengaluru Urban,Bangalore North,Bengaluru North,Doddaballapur Rd,12.9184,77.5303,2470000.0,2470000.0,1644000.0,826000.0,2023-05-01,2023-05-23,2023-06-02,2023-10-24,,Ongoing,64.8,AGY-RWD-02,Rural Works Department (RWD) Engineering Wing,2,1,False,PUBLIC DATA
MPL-2024-MA-000254,REC-2023-0254,Rajya Sabha,17th Lok Sabha (2023-24),MP-RA-17-70,Shri Naresh Rao (Hon'ble MP),"Deep Borewell & Solar Pump System at Vashind, Block Shahapur",Drinking Water,Deep Borewell & Solar Pump System,Maharashtra,Thane,Thane,Shahapur,Vashind,19.178,73.055,1870000.0,1870000.0,1870000.0,0.0,2023-04-21,2023-05-31,2023-06-25,2023-12-02,2023-11-25,Completed,100.0,AGY-PWD-01,Public Works Department (PWD) Division I,2,3,True,PUBLIC DATA
MPL-2024-KA-000255,REC-2023-0255,Lok Sabha,18th Lok Sabha (2024-Present),MP-LO-17-32,Shri K. Venkatesh (Hon'ble MP),"Senior Citizen Recreation Shed at Doddaballapur Rd, Block Anekal",Community Infrastructure,Senior Citizen Recreation Shed,Karnataka,Bengaluru Urban,Bangalore North,Anekal,Doddaballapur Rd,12.9305,77.574,3860000.0,3860000.0,3113000.0,747000.0,2023-05-25,2023-06-09,2023-07-04,2024-02-07,,Ongoing,79.3,AGY-WSS-05,Public Health Engineering & Water Supply Dept,1,1,False,PUBLIC DATA
MPL-2024-BI-000256,REC-2023-0256,Lok Sabha,17th Lok Sabha (2023-24),MP-LO-17-81,Dr. Ravi Shankar Sinha (Hon'ble MP),"Solar Street Light Grid (50 poles) at Ranipur, Block Sampatchak",Solar & Renewable Energy,Solar Street Light Grid (50 poles),Bihar,Patna,Patna Sahib,Sampatchak,Ranipur,25.6242,85.1975,1520000.0,1520000.0,1520000.0,0.0,2024-06-12,2024-07-14,2024-08-10,2025-03-21,2025-04-02,Completed,100.0,AGY-DRDA-04,District Rural Development Agency (DRDA),2,6,True,PUBLIC DATA
MPL-2024-UT-000257,REC-2023-0257,Lok Sabha,17th Lok Sabha (2023-24),MP-LO-17-45,Shri Ramakant Sharma (Hon'ble MP),"Smart Digital Library Block at Rampur, Block Arajiline",Education & Classrooms,Smart Digital Library Block,Uttar Pradesh,Varanasi,Varanasi,Arajiline,Rampur,25.2857,82.9578,2370000.0,2370000.0,1354000.0,1016000.0,2023-11-23,2023-12-29,2024-01-18,2024-08-03,,Ongoing,53.6,AGY-DRDA-04,District Rural Development Agency (DRDA),3,3,False,PUBLIC DATA
MPL-2024-MA-000258,REC-2023-0258,Lok Sabha,17th Lok Sabha (2023-24),MP-LO-17-58,Shri Naresh Rao (Hon'ble MP),"School Science Laboratory at Tokawade, Block Bhiwandi",Education & Classrooms,School Science Laboratory,Maharashtra,Thane,Thane,Bhiwandi,Tokawade,19.1653,72.9778,1650000.0,1650000.0,561000.0,1089000.0,2024-06-06,2024-07-26,2024-08-15,2025-03-05,,Delayed,37.8,AGY-PWD-01,Public Works Department (PWD) Division I,2,1,False,PUBLIC DATA
MPL-2024-AS-000259,REC-2023-0259,Lok Sabha,17th Lok Sabha (2023-24),MP-LO-17-76,Smt. Queen Oja (Hon'ble MP),"Public Bus Passenger Shelter at Dadara, Block Hajo",Community Infrastructure,Public Bus Passenger Shelter,Assam,Kamrup,Gauhati,Hajo,Dadara,26.209,91.6831,3370000.0,3370000.0,3370000.0,0.0,2023-09-07,2023-10-26,2023-11-25,2024-04-23,2024-05-07,Completed,100.0,AGY-RWD-02,Rural Works Department (RWD) Engineering Wing,4,3,True,PUBLIC DATA
MPL-2024-KA-000260,REC-2023-0260,Lok Sabha,18th Lok Sabha (2024-Present),MP-LO-17-50,Shri K. Venkatesh (Hon'ble MP),"Paver Block Road at Singanayakanahalli, Block Yelahanka",Rural Roads & Bridges,Paver Block Road,Karnataka,Bengaluru Urban,Bangalore North,Yelahanka,Singanayakanahalli,12.9375,77.6099,3440000.0,3440000.0,3440000.0,0.0,2023-05-30,2023-07-22,2023-08-14,2024-04-05,2024-04-03,Completed,100.0,AGY-DRDA-04,District Rural Development Agency (DRDA),4,2,True,PUBLIC DATA
MPL-2024-RA-000261,REC-2023-0261,Rajya Sabha,17th Lok Sabha (2023-24),MP-RA-17-63,Smt. Manju Meena (Hon'ble MP),"Deep Borewell & Solar Pump System at Bagru, Block Shahpura",Drinking Water,Deep Borewell & Solar Pump System,Rajasthan,Jaipur,Jaipur Rural,Shahpura,Bagru,26.8388,75.7214,960000.0,960000.0,960000.0,0.0,2023-12-23,2024-01-13,2024-02-11,2024-06-17,2024-06-15,Completed,100.0,AGY-RWD-02,Rural Works Department (RWD) Engineering Wing,3,3,True,PUBLIC DATA
MPL-2024-BI-000262,REC-2023-0262,Rajya Sabha,17th Lok Sabha (2023-24),MP-RA-17-48,Dr. Ravi Shankar Sinha (Hon'ble MP),"Panchayat Community Hall at Baikatpur, Block Fatuha",Community Infrastructure,Panchayat Community Hall,Bihar,Patna,Patna Sahib,Fatuha,Baikatpur,25.6373,85.0848,2310000.0,2310000.0,2310000.0,0.0,2023-10-27,2023-12-25,2024-01-15,2024-08-12,2024-09-08,Completed,100.0,AGY-WSS-05,Public Health Engineering & Water Supply Dept,4,3,True,PUBLIC DATA
MPL-2024-BI-000263,REC-2023-0263,Lok Sabha,17th Lok Sabha (2023-24),MP-LO-17-50,Dr. Ravi Shankar Sinha (Hon'ble MP),"Paver Block Road at Baikatpur, Block Fatuha",Rural Roads & Bridges,Paver Block Road,Bihar,Patna,Patna Sahib,Fatuha,Baikatpur,25.6147,85.1424,2790000.0,2790000.0,1665000.0,1125000.0,2023-05-22,2023-06-13,2023-07-09,2024-01-20,,Ongoing,66.4,AGY-RWD-02,Rural Works Department (RWD) Engineering Wing,2,4,False,PUBLIC DATA
MPL-2024-AS-000264,REC-2023-0264,Lok Sabha,18th Lok Sabha (2024-Present),MP-LO-17-48,Smt. Queen Oja (Hon'ble MP),"School Boundary Wall & Sanitation at Puthimari, Block Hajo",Education & Classrooms,School Boundary Wall & Sanitation,Assam,Kamrup,Gauhati,Hajo,Puthimari,26.1154,91.7442,1510000.0,1510000.0,1510000.0,0.0,2023-05-06,2023-06-12,2023-07-04,2024-02-01,2024-03-08,Completed,100.0,AGY-WSS-05,Public Health Engineering & Water Supply Dept,3,2,True,PUBLIC DATA
MPL-2024-BI-000265,REC-2023-0265,Rajya Sabha,17th Lok Sabha (2023-24),MP-RA-17-38,Dr. Ravi Shankar Sinha (Hon'ble MP),"Additional Classroom Building at Jethuli, Block Bakhtiarpur",Education & Classrooms,Additional Classroom Building,Bihar,Patna,Patna Sahib,Bakhtiarpur,Jethuli,25.639,85.1996,1890000.0,1890000.0,443000.0,1447000.0,2023-10-24,2023-11-13,2023-11-23,2024-05-22,,Ongoing,27.0,AGY-ZP-03,Zila Parishad Rural Infrastructure Cell,2,1,False,PUBLIC DATA
MPL-2024-MA-000266,REC-2023-0266,Lok Sabha,17th Lok Sabha (2023-24),MP-LO-17-48,Shri Naresh Rao (Hon'ble MP),"RO Water Treatment Plant at Saralgaon, Block Ambernath",Drinking Water,RO Water Treatment Plant,Maharashtra,Thane,Thane,Ambernath,Saralgaon,19.271,72.9016,1390000.0,1390000.0,422000.0,968000.0,2023-05-13,2023-06-03,2023-06-27,2023-12-13,,Delayed,33.7,AGY-XYZ-99,XYZ Infrastructure & Construction Private Ltd,1,2,False,PUBLIC DATA
MPL-2024-RA-000267,REC-2023-0267,Lok Sabha,17th Lok Sabha (2023-24),MP-LO-17-62,Smt. Manju Meena (Hon'ble MP),"Community Public Toilet Complex at Bassi, Block Kotputli",Health & Sanitation,Community Public Toilet Complex,Rajasthan,Jaipur,Jaipur Rural,Kotputli,Bassi,26.9618,75.8671,2410000.0,2410000.0,2410000.0,0.0,2024-01-23,2024-02-11,2024-03-03,2024-08-22,2024-08-22,Completed,100.0,AGY-ZP-03,Zila Parishad Rural Infrastructure Cell,4,2,True,PUBLIC DATA
MPL-2024-RA-000268,REC-2023-0268,Lok Sabha,17th Lok Sabha (2023-24),MP-LO-17-61,Smt. Manju Meena (Hon'ble MP),"Culvert & Drainage Bridge at Kukas, Block Shahpura",Rural Roads & Bridges,Culvert & Drainage Bridge,Rajasthan,Jaipur,Jaipur Rural,Shahpura,Kukas,26.8602,75.8183,4780000.0,4780000.0,1845000.0,2935000.0,2023-09-04,2023-10-19,2023-11-10,2024-03-26,,Ongoing,35.9,AGY-PWD-01,Public Works Department (PWD) Division I,1,3,False,PUBLIC DATA
MPL-2024-AS-000269,REC-2023-0269,Lok Sabha,17th Lok Sabha (2023-24),MP-LO-17-94,Smt. Queen Oja (Hon'ble MP),"High-Mast Solar Lighting Chowk at Mirza, Block Kamalpur",Solar & Renewable Energy,High-Mast Solar Lighting Chowk,Assam,Kamrup,Gauhati,Kamalpur,Mirza,26.0715,91.7106,680000.0,680000.0,680000.0,0.0,2023-04-14,2023-05-04,2023-05-21,2024-01-16,2024-02-18,Completed,100.0,AGY-WSS-05,Public Health Engineering & Water Supply Dept,4,6,True,PUBLIC DATA
MPL-2024-AS-000270,REC-2023-0270,Lok Sabha,17th Lok Sabha (2023-24),MP-LO-17-27,Smt. Queen Oja (Hon'ble MP),"Deep Borewell & Solar Pump System at Puthimari, Block Kamalpur",Drinking Water,Deep Borewell & Solar Pump System,Assam,Kamrup,Gauhati,Kamalpur,Puthimari,26.1807,91.7051,1710000.0,1710000.0,1710000.0,0.0,2023-05-29,2023-07-06,2023-07-31,2024-03-20,2024-04-26,Completed,100.0,AGY-RWD-02,Rural Works Department (RWD) Engineering Wing,3,6,True,PUBLIC DATA
MPL-2024-UT-000271,REC-2023-0271,Lok Sabha,17th Lok Sabha (2023-24),MP-LO-17-27,Shri Ramakant Sharma (Hon'ble MP),"Senior Citizen Recreation Shed at Babatpur, Block Kashi Vidyapeeth",Community Infrastructure,Senior Citizen Recreation Shed,Uttar Pradesh,Varanasi,Varanasi,Kashi Vidyapeeth,Babatpur,25.2558,83.008,1380000.0,1380000.0,697000.0,683000.0,2023-07-17,2023-08-03,2023-08-20,2024-03-22,,Ongoing,55.9,AGY-ZP-03,Zila Parishad Rural Infrastructure Cell,3,1,False,PUBLIC DATA
MPL-2024-BI-000272,REC-2023-0272,Lok Sabha,17th Lok Sabha (2023-24),MP-LO-17-93,Dr. Ravi Shankar Sinha (Hon'ble MP),"Link Road Widening at Baikatpur, Block Phulwari Sharif",Rural Roads & Bridges,Link Road Widening,Bihar,Patna,Patna Sahib,Phulwari Sharif,Baikatpur,25.651,85.1378,3350000.0,3350000.0,841000.0,2509000.0,2024-04-07,2024-04-26,2024-05-07,2024-09-04,,Delayed,27.9,AGY-RWD-02,Rural Works Department (RWD) Engineering Wing,1,2,False,PUBLIC DATA
MPL-2024-WE-000273,REC-2023-0273,Rajya Sabha,17th Lok Sabha (2023-24),MP-RA-17-64,Smt. Mahua Mitra (Hon'ble MP),"Health Diagnostic Equipment at Tehatta, Block Nabadwip",Health & Sanitation,Health Diagnostic Equipment,West Bengal,Nadia,Krishnanagar,Nabadwip,Tehatta,23.4435,88.5658,1900000.0,1900000.0,1627000.0,273000.0,2023-08-22,2023-10-20,2023-11-02,2024-05-22,,Ongoing,75.2,AGY-RWD-02,Rural Works Department (RWD) Engineering Wing,1,1,False,PUBLIC DATA
MPL-2024-KA-000274,REC-2023-0274,Lok Sabha,17th Lok Sabha (2023-24),MP-LO-17-53,Shri K. Venkatesh (Hon'ble MP),"Solar Street Light Grid (50 poles) at Hesaraghatta, Block Yelahanka",Solar & Renewable Energy,Solar Street Light Grid (50 poles),Karnataka,Bengaluru Urban,Bangalore North,Yelahanka,Hesaraghatta,12.9163,77.5333,1020000.0,1020000.0,477000.0,543000.0,2023-07-30,2023-08-29,2023-09-15,2024-01-23,,Ongoing,47.8,AGY-RWD-02,Rural Works Department (RWD) Engineering Wing,1,2,False,PUBLIC DATA
MPL-2024-RA-000275,REC-2023-0275,Lok Sabha,17th Lok Sabha (2023-24),MP-LO-17-20,Smt. Manju Meena (Hon'ble MP),"Village Waste Segregation Shed at Nayla, Block Sanganer",Health & Sanitation,Village Waste Segregation Shed,Rajasthan,Jaipur,Jaipur Rural,Sanganer,Nayla,26.9541,75.8621,760000.0,760000.0,464000.0,296000.0,2023-06-13,2023-07-16,2023-07-30,2023-12-13,,Ongoing,53.6,AGY-DRDA-04,District Rural Development Agency (DRDA),2,4,False,PUBLIC DATA
MPL-2024-KA-000276,REC-2023-0276,Lok Sabha,18th Lok Sabha (2024-Present),MP-LO-17-99,Shri K. Venkatesh (Hon'ble MP),"Smart Digital Library Block at Singanayakanahalli, Block Bengaluru North",Education & Classrooms,Smart Digital Library Block,Karnataka,Bengaluru Urban,Bangalore North,Bengaluru North,Singanayakanahalli,13.0429,77.5764,2720000.0,2720000.0,460000.0,2260000.0,2024-02-08,2024-03-08,2024-04-01,2024-08-12,,Delayed,18.8,AGY-RWD-02,Rural Works Department (RWD) Engineering Wing,2,2,False,PUBLIC DATA
MPL-2024-WE-000277,REC-2023-0277,Rajya Sabha,17th Lok Sabha (2023-24),MP-RA-17-19,Smt. Mahua Mitra (Hon'ble MP),"School Science Laboratory at Dhubulia, Block Chapra",Education & Classrooms,School Science Laboratory,West Bengal,Nadia,Krishnanagar,Chapra,Dhubulia,23.4551,88.4253,1570000.0,1570000.0,1570000.0,0.0,2023-05-20,2023-06-19,2023-07-16,2023-12-01,2024-01-10,Completed,100.0,AGY-DRDA-04,District Rural Development Agency (DRDA),2,3,True,PUBLIC DATA
MPL-2024-MA-000278,REC-2023-0278,Lok Sabha,17th Lok Sabha (2023-24),MP-LO-17-30,Shri Naresh Rao (Hon'ble MP),"Crematorium Shed with Amenities at Padgha, Block Bhiwandi",Community Infrastructure,Crematorium Shed with Amenities,Maharashtra,Thane,Thane,Bhiwandi,Padgha,19.2396,72.9031,2200000.0,2200000.0,475000.0,1725000.0,2023-04-18,2023-06-08,2023-06-19,2023-10-22,,Delayed,24.0,AGY-XYZ-99,XYZ Infrastructure & Construction Private Ltd,1,0,False,PUBLIC DATA
MPL-2024-AS-000279,REC-2023-0279,Lok Sabha,17th Lok Sabha (2023-24),MP-LO-17-90,Smt. Queen Oja (Hon'ble MP),"School Boundary Wall & Sanitation at Dadara, Block Hajo",Education & Classrooms,School Boundary Wall & Sanitation,Assam,Kamrup,Gauhati,Hajo,Dadara,26.218,91.6656,1500000.0,1500000.0,1500000.0,0.0,2023-09-10,2023-10-06,2023-10-22,2024-06-17,2024-06-17,Completed,100.0,AGY-RWD-02,Rural Works Department (RWD) Engineering Wing,3,5,True,PUBLIC DATA
MPL-2024-RA-000280,REC-2023-0280,Lok Sabha,17th Lok Sabha (2023-24),MP-LO-17-89,Smt. Manju Meena (Hon'ble MP),"Hand Pump Installation Cluster at Kukas, Block Amer",Drinking Water,Hand Pump Installation Cluster,Rajasthan,Jaipur,Jaipur Rural,Amer,Kukas,26.8974,75.7429,1220000.0,1220000.0,418000.0,802000.0,2023-10-18,2023-11-20,2023-12-11,2024-05-26,,Delayed,38.1,AGY-ZP-03,Zila Parishad Rural Infrastructure Cell,2,1,False,PUBLIC DATA
MPL-2024-AS-000281,REC-2023-0281,Lok Sabha,17th Lok Sabha (2023-24),MP-LO-17-65,Smt. Queen Oja (Hon'ble MP),"Health Diagnostic Equipment at Puthimari, Block Rangia",Health & Sanitation,Health Diagnostic Equipment,Assam,Kamrup,Gauhati,Rangia,Puthimari,26.1828,91.6567,1990000.0,1990000.0,1990000.0,0.0,2023-06-16,2023-07-21,2023-08-10,2024-03-12,2024-03-12,Completed,100.0,AGY-WSS-05,Public Health Engineering & Water Supply Dept,3,2,True,PUBLIC DATA
MPL-2024-UT-000282,REC-2023-0282,Rajya Sabha,18th Lok Sabha (2024-Present),MP-RA-17-55,Shri Ramakant Sharma (Hon'ble MP),"Primary Health Sub-Centre Building at Tikari, Block Sewapuri",Health & Sanitation,Primary Health Sub-Centre Building,Uttar Pradesh,Varanasi,Varanasi,Sewapuri,Tikari,25.2642,82.9579,2030000.0,2030000.0,740000.0,1290000.0,2023-06-19,2023-08-17,2023-09-07,2024-05-01,,Delayed,40.5,AGY-XYZ-99,XYZ Infrastructure & Construction Private Ltd,2,2,False,PUBLIC DATA
MPL-2024-KA-000283,REC-2023-0283,Rajya Sabha,17th Lok Sabha (2023-24),MP-RA-17-74,Shri K. Venkatesh (Hon'ble MP),"School Boundary Wall & Sanitation at Mandur, Block Anekal",Education & Classrooms,School Boundary Wall & Sanitation,Karnataka,Bengaluru Urban,Bangalore North,Anekal,Mandur,13.0158,77.6628,1460000.0,1460000.0,1460000.0,0.0,2024-02-04,2024-03-16,2024-04-02,2024-09-11,2024-09-08,Completed,100.0,AGY-ZP-03,Zila Parishad Rural Infrastructure Cell,3,5,True,PUBLIC DATA
MPL-2024-UT-000284,REC-2023-0284,Lok Sabha,18th Lok Sabha (2024-Present),MP-LO-17-77,Shri Ramakant Sharma (Hon'ble MP),"Hand Pump Installation Cluster at Rampur, Block Arajiline",Drinking Water,Hand Pump Installation Cluster,Uttar Pradesh,Varanasi,Varanasi,Arajiline,Rampur,25.3438,82.9999,1510000.0,1510000.0,302000.0,1208000.0,2024-05-04,2024-06-19,2024-07-11,2025-02-05,,Delayed,22.2,AGY-DRDA-04,District Rural Development Agency (DRDA),1,0,False,PUBLIC DATA
MPL-2024-UT-000285,REC-2023-0285,Lok Sabha,17th Lok Sabha (2023-24),MP-LO-17-28,Shri Ramakant Sharma (Hon'ble MP),"Rooftop Solar for Govt Hospital at Shivpur, Block Pindra",Solar & Renewable Energy,Rooftop Solar for Govt Hospital,Uttar Pradesh,Varanasi,Varanasi,Pindra,Shivpur,25.2513,82.9899,1460000.0,1460000.0,738000.0,722000.0,2023-11-27,2023-12-28,2024-01-15,2024-06-13,,Ongoing,57.3,AGY-WSS-05,Public Health Engineering & Water Supply Dept,1,2,False,PUBLIC DATA
MPL-2024-RA-000286,REC-2023-0286,Lok Sabha,18th Lok Sabha (2024-Present),MP-LO-17-70,Smt. Manju Meena (Hon'ble MP),"Paver Block Road at Kukas, Block Chaksu",Rural Roads & Bridges,Paver Block Road,Rajasthan,Jaipur,Jaipur Rural,Chaksu,Kukas,26.9449,75.8346,3120000.0,3120000.0,2019000.0,1101000.0,2024-03-25,2024-04-12,2024-04-27,2024-09-30,,Ongoing,71.3,AGY-WSS-05,Public Health Engineering & Water Supply Dept,1,2,False,PUBLIC DATA
MPL-2024-KA-000287,REC-2023-0287,Lok Sabha,17th Lok Sabha (2023-24),MP-LO-17-74,Shri K. Venkatesh (Hon'ble MP),"Smart Digital Library Block at Hesaraghatta, Block Anekal",Education & Classrooms,Smart Digital Library Block,Karnataka,Bengaluru Urban,Bangalore North,Anekal,Hesaraghatta,13.021,77.5189,1370000.0,1370000.0,1370000.0,0.0,2023-12-06,2024-02-04,2024-02-29,2024-07-21,2024-08-17,Completed,100.0,AGY-ZP-03,Zila Parishad Rural Infrastructure Cell,3,3,True,PUBLIC DATA
MPL-2024-KA-000288,REC-2023-0288,Rajya Sabha,18th Lok Sabha (2024-Present),MP-RA-17-81,Shri K. Venkatesh (Hon'ble MP),"Community Public Toilet Complex at Singanayakanahalli, Block K.R. Puram",Health & Sanitation,Community Public Toilet Complex,Karnataka,Bengaluru Urban,Bangalore North,K.R. Puram,Singanayakanahalli,12.9297,77.6331,1640000.0,1640000.0,893000.0,747000.0,2024-03-03,2024-04-28,2024-05-27,2024-12-21,,Ongoing,51.2,AGY-PWD-01,Public Works Department (PWD) Division I,2,1,False,PUBLIC DATA
MPL-2024-UT-000289,REC-2023-0289,Lok Sabha,17th Lok Sabha (2023-24),MP-LO-17-85,Shri Ramakant Sharma (Hon'ble MP),"Panchayat Community Hall at Badagaon, Block Sewapuri",Community Infrastructure,Panchayat Community Hall,Uttar Pradesh,Varanasi,Varanasi,Sewapuri,Badagaon,25.2938,82.9842,2140000.0,2140000.0,391000.0,1749000.0,2023-09-10,2023-10-01,2023-10-17,2024-03-25,,Delayed,20.3,AGY-PWD-01,Public Works Department (PWD) Division I,1,0,False,PUBLIC DATA
MPL-2024-WE-000290,REC-2023-0290,Lok Sabha,18th Lok Sabha (2024-Present),MP-LO-17-36,Smt. Mahua Mitra (Hon'ble MP),"Community Public Toilet Complex at Debagram, Block Nakashipara",Health & Sanitation,Community Public Toilet Complex,West Bengal,Nadia,Krishnanagar,Nakashipara,Debagram,23.4623,88.4479,2350000.0,2350000.0,1228000.0,1122000.0,2023-10-18,2023-11-03,2023-11-18,2024-04-03,,Ongoing,59.1,AGY-WSS-05,Public Health Engineering & Water Supply Dept,1,3,False,PUBLIC DATA
MPL-2024-AS-000291,REC-2023-0291,Lok Sabha,17th Lok Sabha (2023-24),MP-LO-17-84,Smt. Queen Oja (Hon'ble MP),"Piped Water Overhead Tank at Sualkuchi, Block Hajo",Drinking Water,Piped Water Overhead Tank,Assam,Kamrup,Gauhati,Hajo,Sualkuchi,26.1498,91.7802,930000.0,930000.0,930000.0,0.0,2023-12-16,2024-01-30,2024-02-11,2024-10-03,2024-10-19,Completed,100.0,AGY-DRDA-04,District Rural Development Agency (DRDA),3,3,True,PUBLIC DATA
MPL-2024-KA-000292,REC-2023-0292,Lok Sabha,17th Lok Sabha (2023-24),MP-LO-17-16,Shri K. Venkatesh (Hon'ble MP),"Rooftop Solar for Govt Hospital at Singanayakanahalli, Block Anekal",Solar & Renewable Energy,Rooftop Solar for Govt Hospital,Karnataka,Bengaluru Urban,Bangalore North,Anekal,Singanayakanahalli,13.0282,77.5742,1200000.0,1200000.0,931000.0,269000.0,2023-08-18,2023-09-12,2023-10-12,2024-03-10,,Ongoing,68.8,AGY-PWD-01,Public Works Department (PWD) Division I,3,2,False,PUBLIC DATA
MPL-2024-RA-000293,REC-2023-0293,Lok Sabha,17th Lok Sabha (2023-24),MP-LO-17-56,Smt. Manju Meena (Hon'ble MP),"Deep Borewell & Solar Pump System at Nayla, Block Shahpura",Drinking Water,Deep Borewell & Solar Pump System,Rajasthan,Jaipur,Jaipur Rural,Shahpura,Nayla,26.934,75.7322,2870000.0,2870000.0,2870000.0,0.0,2024-02-26,2024-03-29,2024-04-21,2024-12-07,2024-12-18,Completed,100.0,AGY-PWD-01,Public Works Department (PWD) Division I,4,4,True,PUBLIC DATA
MPL-2024-WE-000294,REC-2023-0294,Rajya Sabha,18th Lok Sabha (2024-Present),MP-RA-17-57,Smt. Mahua Mitra (Hon'ble MP),"Additional Classroom Building at Bethuadahari, Block Nabadwip",Education & Classrooms,Additional Classroom Building,West Bengal,Nadia,Krishnanagar,Nabadwip,Bethuadahari,23.4068,88.5712,2690000.0,2690000.0,944000.0,1746000.0,2023-07-07,2023-08-09,2023-08-20,2024-03-01,,Ongoing,38.2,AGY-WSS-05,Public Health Engineering & Water Supply Dept,2,3,False,PUBLIC DATA
MPL-2024-KE-000295,REC-2023-0295,Lok Sabha,18th Lok Sabha (2024-Present),MP-LO-17-52,Shri Hibi Eden (Hon'ble MP),"Solar Street Light Grid (50 poles) at Cherai, Block Muvattupuzha",Solar & Renewable Energy,Solar Street Light Grid (50 poles),Kerala,Ernakulam,Ernakulam,Muvattupuzha,Cherai,9.9659,76.3441,1120000.0,1120000.0,616000.0,504000.0,2024-05-18,2024-06-16,2024-07-06,2025-01-19,,Ongoing,62.4,AGY-ZP-03,Zila Parishad Rural Infrastructure Cell,3,3,False,PUBLIC DATA
MPL-2024-KE-000296,REC-2023-0296,Lok Sabha,18th Lok Sabha (2024-Present),MP-LO-17-98,Shri Hibi Eden (Hon'ble MP),"Health Diagnostic Equipment at Kalamassery, Block Aluva",Health & Sanitation,Health Diagnostic Equipment,Kerala,Ernakulam,Ernakulam,Aluva,Kalamassery,9.9533,76.2452,1490000.0,1490000.0,737000.0,753000.0,2024-06-01,2024-06-27,2024-07-20,2025-02-15,,Ongoing,56.4,AGY-DRDA-04,District Rural Development Agency (DRDA),2,1,False,PUBLIC DATA
MPL-2024-KA-000297,REC-2023-0297,Lok Sabha,17th Lok Sabha (2023-24),MP-LO-17-29,Shri K. Venkatesh (Hon'ble MP),"Paver Block Road at Attibele, Block Yelahanka",Rural Roads & Bridges,Paver Block Road,Karnataka,Bengaluru Urban,Bangalore North,Yelahanka,Attibele,13.0357,77.5194,3290000.0,3290000.0,1778000.0,1512000.0,2024-06-15,2024-07-14,2024-08-03,2024-12-20,,Ongoing,52.5,AGY-PWD-01,Public Works Department (PWD) Division I,3,3,False,PUBLIC DATA
MPL-2024-BI-000298,REC-2023-0298,Lok Sabha,18th Lok Sabha (2024-Present),MP-LO-17-80,Dr. Ravi Shankar Sinha (Hon'ble MP),"Public Bus Passenger Shelter at Sabbalpur, Block Phulwari Sharif",Community Infrastructure,Public Bus Passenger Shelter,Bihar,Patna,Patna Sahib,Phulwari Sharif,Sabbalpur,25.587,85.1951,3210000.0,3210000.0,1730000.0,1480000.0,2024-04-09,2024-06-03,2024-06-20,2025-01-07,,Ongoing,61.8,AGY-ZP-03,Zila Parishad Rural Infrastructure Cell,2,3,False,PUBLIC DATA
MPL-2024-KA-000299,REC-2023-0299,Lok Sabha,18th Lok Sabha (2024-Present),MP-LO-17-75,Shri K. Venkatesh (Hon'ble MP),"Rooftop Solar for Govt Hospital at Singanayakanahalli, Block K.R. Puram",Solar & Renewable Energy,Rooftop Solar for Govt Hospital,Karnataka,Bengaluru Urban,Bangalore North,K.R. Puram,Singanayakanahalli,13.0065,77.6081,760000.0,760000.0,760000.0,0.0,2023-08-24,2023-09-22,2023-10-08,2024-04-23,2024-05-25,Completed,100.0,AGY-PWD-01,Public Works Department (PWD) Division I,3,5,True,PUBLIC DATA
MPL-2024-BI-000300,REC-2023-0300,Lok Sabha,17th Lok Sabha (2023-24),MP-LO-17-83,Dr. Ravi Shankar Sinha (Hon'ble MP),"Primary Health Sub-Centre Building at Baikatpur, Block Bakhtiarpur",Health & Sanitation,Primary Health Sub-Centre Building,Bihar,Patna,Patna Sahib,Bakhtiarpur,Baikatpur,25.5465,85.1448,2240000.0,2240000.0,2240000.0,0.0,2023-07-23,2023-08-10,2023-09-02,2024-03-25,2024-04-12,Completed,100.0,AGY-WSS-05,Public Health Engineering & Water Supply Dept,2,4,True,PUBLIC DATA
MPL-2024-KE-000301,REC-2023-0301,Lok Sabha,17th Lok Sabha (2023-24),MP-LO-17-93,Shri Hibi Eden (Hon'ble MP),"Community Public Toilet Complex at Edappally, Block Angamaly",Health & Sanitation,Community Public Toilet Complex,Kerala,Ernakulam,Ernakulam,Angamaly,Edappally,9.9023,76.2201,1910000.0,1910000.0,1910000.0,0.0,2024-01-15,2024-02-24,2024-03-20,2024-08-13,2024-08-30,Completed,100.0,AGY-PWD-01,Public Works Department (PWD) Division I,2,6,True,PUBLIC DATA
MPL-2024-WE-000302,REC-2023-0302,Lok Sabha,18th Lok Sabha (2024-Present),MP-LO-17-89,Smt. Mahua Mitra (Hon'ble MP),"Smart Digital Library Block at Bethuadahari, Block Chapra",Education & Classrooms,Smart Digital Library Block,West Bengal,Nadia,Krishnanagar,Chapra,Bethuadahari,23.3339,88.5612,2270000.0,2270000.0,2270000.0,0.0,2023-05-29,2023-06-29,2023-07-23,2024-03-05,2024-03-07,Completed,100.0,AGY-PWD-01,Public Works Department (PWD) Division I,2,4,True,PUBLIC DATA
MPL-2024-KA-000303,REC-2023-0303,Lok Sabha,18th Lok Sabha (2024-Present),MP-LO-17-87,Shri K. Venkatesh (Hon'ble MP),"High-Mast Solar Lighting Chowk at Doddaballapur Rd, Block Bengaluru North",Solar & Renewable Energy,High-Mast Solar Lighting Chowk,Karnataka,Bengaluru Urban,Bangalore North,Bengaluru North,Doddaballapur Rd,12.9515,77.5483,1060000.0,1060000.0,644000.0,416000.0,2024-01-01,2024-02-13,2024-02-27,2024-09-27,,Ongoing,57.6,AGY-PWD-01,Public Works Department (PWD) Division I,2,3,False,PUBLIC DATA
MPL-2024-KA-000304,REC-2023-0304,Lok Sabha,17th Lok Sabha (2023-24),MP-LO-17-59,Shri K. Venkatesh (Hon'ble MP),"Senior Citizen Recreation Shed at Singanayakanahalli, Block K.R. Puram",Community Infrastructure,Senior Citizen Recreation Shed,Karnataka,Bengaluru Urban,Bangalore North,K.R. Puram,Singanayakanahalli,12.9405,77.586,1200000.0,1200000.0,238000.0,962000.0,2023-11-08,2023-11-29,2023-12-22,2024-05-29,,Delayed,22.0,AGY-RWD-02,Rural Works Department (RWD) Engineering Wing,2,1,False,PUBLIC DATA
MPL-2024-RA-000305,REC-2023-0305,Lok Sabha,17th Lok Sabha (2023-24),MP-LO-17-41,Smt. Manju Meena (Hon'ble MP),"Rooftop Solar for Govt Hospital at Bassi, Block Sanganer",Solar & Renewable Energy,Rooftop Solar for Govt Hospital,Rajasthan,Jaipur,Jaipur Rural,Sanganer,Bassi,26.8698,75.8194,1200000.0,1200000.0,490000.0,710000.0,2023-08-27,2023-10-24,2023-11-10,2024-04-12,,Ongoing,42.9,AGY-DRDA-04,District Rural Development Agency (DRDA),2,2,False,PUBLIC DATA
MPL-2024-WE-000306,REC-2023-0306,Lok Sabha,17th Lok Sabha (2023-24),MP-LO-17-29,Smt. Mahua Mitra (Hon'ble MP),"Culvert & Drainage Bridge at Bethuadahari, Block Nabadwip",Rural Roads & Bridges,Culvert & Drainage Bridge,West Bengal,Nadia,Krishnanagar,Nabadwip,Bethuadahari,23.4586,88.4715,2750000.0,2750000.0,2750000.0,0.0,2023-12-29,2024-02-14,2024-03-08,2024-09-14,2024-10-03,Completed,100.0,AGY-DRDA-04,District Rural Development Agency (DRDA),3,4,True,PUBLIC DATA
MPL-2024-WE-000307,REC-2023-0307,Lok Sabha,17th Lok Sabha (2023-24),MP-LO-17-87,Smt. Mahua Mitra (Hon'ble MP),"Piped Water Overhead Tank at Mayapur, Block Nabadwip",Drinking Water,Piped Water Overhead Tank,West Bengal,Nadia,Krishnanagar,Nabadwip,Mayapur,23.347,88.4891,640000.0,640000.0,165000.0,475000.0,2024-03-09,2024-04-13,2024-04-26,2024-09-01,,Delayed,28.7,AGY-WSS-05,Public Health Engineering & Water Supply Dept,1,2,False,PUBLIC DATA
MPL-2024-KE-000308,REC-2023-0308,Lok Sabha,17th Lok Sabha (2023-24),MP-LO-17-50,Shri Hibi Eden (Hon'ble MP),"Deep Borewell & Solar Pump System at Cherai, Block Paravur",Drinking Water,Deep Borewell & Solar Pump System,Kerala,Ernakulam,Ernakulam,Paravur,Cherai,9.9333,76.2623,1870000.0,1870000.0,832000.0,1038000.0,2024-03-08,2024-04-16,2024-05-01,2024-10-10,,Ongoing,43.1,AGY-RWD-02,Rural Works Department (RWD) Engineering Wing,3,2,False,PUBLIC DATA
MPL-2024-BI-000309,REC-2023-0309,Lok Sabha,17th Lok Sabha (2023-24),MP-LO-17-85,Dr. Ravi Shankar Sinha (Hon'ble MP),"Health Diagnostic Equipment at Ranipur, Block Sampatchak",Health & Sanitation,Health Diagnostic Equipment,Bihar,Patna,Patna Sahib,Sampatchak,Ranipur,25.5862,85.1235,1950000.0,1950000.0,1019000.0,931000.0,2023-07-03,2023-07-25,2023-08-04,2023-12-02,,Ongoing,47.7,AGY-DRDA-04,District Rural Development Agency (DRDA),3,1,False,PUBLIC DATA
MPL-2024-MA-000310,REC-2023-0310,Lok Sabha,18th Lok Sabha (2024-Present),MP-LO-17-56,Shri Naresh Rao (Hon'ble MP),"Community Public Toilet Complex at Tokawade, Block Bhiwandi",Health & Sanitation,Community Public Toilet Complex,Maharashtra,Thane,Thane,Bhiwandi,Tokawade,19.2876,72.959,2490000.0,2490000.0,2490000.0,0.0,2024-01-10,2024-03-09,2024-03-19,2024-07-23,2024-07-29,Completed,100.0,AGY-RWD-02,Rural Works Department (RWD) Engineering Wing,4,4,True,PUBLIC DATA
MPL-2024-WE-000311,REC-2023-0311,Lok Sabha,17th Lok Sabha (2023-24),MP-LO-17-23,Smt. Mahua Mitra (Hon'ble MP),"Rooftop Solar for Govt Hospital at Bethuadahari, Block Krishnanagar-I",Solar & Renewable Energy,Rooftop Solar for Govt Hospital,West Bengal,Nadia,Krishnanagar,Krishnanagar-I,Bethuadahari,23.4698,88.5126,1160000.0,1160000.0,406000.0,754000.0,2023-05-26,2023-06-21,2023-07-16,2024-01-14,,Ongoing,34.6,AGY-ZP-03,Zila Parishad Rural Infrastructure Cell,1,3,False,PUBLIC DATA
MPL-2024-AS-000312,REC-2023-0312,Lok Sabha,17th Lok Sabha (2023-24),MP-LO-17-48,Smt. Queen Oja (Hon'ble MP),"School Boundary Wall & Sanitation at Sualkuchi, Block Bezera",Education & Classrooms,School Boundary Wall & Sanitation,Assam,Kamrup,Gauhati,Bezera,Sualkuchi,26.0683,91.8124,2070000.0,2070000.0,1623000.0,447000.0,2023-06-22,2023-07-08,2023-07-24,2024-01-30,,Ongoing,73.8,AGY-RWD-02,Rural Works Department (RWD) Engineering Wing,3,4,False,PUBLIC DATA
MPL-2024-KA-000313,REC-2023-0313,Lok Sabha,17th Lok Sabha (2023-24),MP-LO-17-53,Shri K. Venkatesh (Hon'ble MP),"Additional Classroom Building at Hesaraghatta, Block Bengaluru North",Education & Classrooms,Additional Classroom Building,Karnataka,Bengaluru Urban,Bangalore North,Bengaluru North,Hesaraghatta,12.9646,77.5363,2880000.0,2880000.0,1736000.0,1144000.0,2023-12-18,2024-02-15,2024-03-09,2024-07-15,,Ongoing,62.3,AGY-RWD-02,Rural Works Department (RWD) Engineering Wing,1,3,False,PUBLIC DATA
MPL-2024-BI-000314,REC-2023-0314,Lok Sabha,17th Lok Sabha (2023-24),MP-LO-17-73,Dr. Ravi Shankar Sinha (Hon'ble MP),"Health Diagnostic Equipment at Gauri Chak, Block Fatuha",Health & Sanitation,Health Diagnostic Equipment,Bihar,Patna,Patna Sahib,Fatuha,Gauri Chak,25.6069,85.0944,1930000.0,1930000.0,1249000.0,681000.0,2023-12-27,2024-01-23,2024-02-14,2024-09-07,,Ongoing,57.7,AGY-PWD-01,Public Works Department (PWD) Division I,2,4,False,PUBLIC DATA
MPL-2024-AS-000315,REC-2023-0315,Lok Sabha,17th Lok Sabha (2023-24),MP-LO-17-43,Smt. Queen Oja (Hon'ble MP),"Smart Digital Library Block at Sualkuchi, Block Hajo",Education & Classrooms,Smart Digital Library Block,Assam,Kamrup,Gauhati,Hajo,Sualkuchi,26.1981,91.7896,890000.0,890000.0,261000.0,629000.0,2023-10-20,2023-12-02,2023-12-21,2024-06-17,,Ongoing,31.8,AGY-XYZ-99,XYZ Infrastructure & Construction Private Ltd,1,2,False,PUBLIC DATA
MPL-2024-RA-000316,REC-2023-0316,Lok Sabha,17th Lok Sabha (2023-24),MP-LO-17-20,Smt. Manju Meena (Hon'ble MP),"Rooftop Solar for Govt Hospital at Kukas, Block Kotputli",Solar & Renewable Energy,Rooftop Solar for Govt Hospital,Rajasthan,Jaipur,Jaipur Rural,Kotputli,Kukas,26.8606,75.7751,1300000.0,1300000.0,882000.0,418000.0,2023-09-03,2023-11-02,2023-11-29,2024-05-10,,Ongoing,72.7,AGY-WSS-05,Public Health Engineering & Water Supply Dept,3,2,False,PUBLIC DATA
MPL-2024-RA-000317,REC-2023-0317,Lok Sabha,18th Lok Sabha (2024-Present),MP-LO-17-38,Smt. Manju Meena (Hon'ble MP),"Crematorium Shed with Amenities at Bassi, Block Kotputli",Community Infrastructure,Crematorium Shed with Amenities,Rajasthan,Jaipur,Jaipur Rural,Kotputli,Bassi,26.9682,75.7471,1250000.0,1250000.0,1250000.0,0.0,2024-04-28,2024-05-26,2024-06-24,2024-12-10,2024-12-11,Completed,100.0,AGY-RWD-02,Rural Works Department (RWD) Engineering Wing,4,4,True,PUBLIC DATA
MPL-2024-WE-000318,REC-2023-0318,Lok Sabha,18th Lok Sabha (2024-Present),MP-LO-17-24,Smt. Mahua Mitra (Hon'ble MP),"Solar Street Light Grid (50 poles) at Debagram, Block Chapra",Solar & Renewable Energy,Solar Street Light Grid (50 poles),West Bengal,Nadia,Krishnanagar,Chapra,Debagram,23.339,88.5508,920000.0,920000.0,846000.0,74000.0,2024-04-06,2024-05-05,2024-05-15,2024-09-23,,Ongoing,82.1,AGY-WSS-05,Public Health Engineering & Water Supply Dept,2,2,False,PUBLIC DATA
MPL-2024-BI-000319,REC-2023-0319,Rajya Sabha,18th Lok Sabha (2024-Present),MP-RA-17-96,Dr. Ravi Shankar Sinha (Hon'ble MP),"Piped Water Overhead Tank at Gauri Chak, Block Danapur",Drinking Water,Piped Water Overhead Tank,Bihar,Patna,Patna Sahib,Danapur,Gauri Chak,25.594,85.115,720000.0,720000.0,269000.0,451000.0,2024-03-09,2024-03-27,2024-04-24,2024-10-03,,Ongoing,39.3,AGY-PWD-01,Public Works Department (PWD) Division I,2,4,False,PUBLIC DATA
MPL-2024-MA-000320,REC-2023-0320,Lok Sabha,18th Lok Sabha (2024-Present),MP-LO-17-99,Shri Naresh Rao (Hon'ble MP),"Primary Health Sub-Centre Building at Padgha, Block Kalyan",Health & Sanitation,Primary Health Sub-Centre Building,Maharashtra,Thane,Thane,Kalyan,Padgha,19.2893,73.022,1360000.0,1360000.0,1360000.0,0.0,2023-08-25,2023-10-01,2023-10-25,2024-06-19,2024-06-09,Completed,100.0,AGY-ZP-03,Zila Parishad Rural Infrastructure Cell,2,3,True,PUBLIC DATA
MPL-2024-BI-000321,REC-2023-0321,Lok Sabha,17th Lok Sabha (2023-24),MP-LO-17-74,Dr. Ravi Shankar Sinha (Hon'ble MP),"Public Bus Passenger Shelter at Ranipur, Block Sampatchak",Community Infrastructure,Public Bus Passenger Shelter,Bihar,Patna,Patna Sahib,Sampatchak,Ranipur,25.6157,85.0624,3160000.0,3160000.0,1212000.0,1948000.0,2023-12-07,2024-01-31,2024-02-21,2024-07-02,,Ongoing,34.9,AGY-WSS-05,Public Health Engineering & Water Supply Dept,3,4,False,PUBLIC DATA
MPL-2024-MA-000322,REC-2023-0322,Lok Sabha,17th Lok Sabha (2023-24),MP-LO-17-99,Shri Naresh Rao (Hon'ble MP),"Community Public Toilet Complex at Titwala, Block Murbad",Health & Sanitation,Community Public Toilet Complex,Maharashtra,Thane,Thane,Murbad,Titwala,19.1842,72.9169,2190000.0,2190000.0,361000.0,1829000.0,2023-07-25,2023-08-18,2023-08-31,2024-04-25,,Delayed,18.3,AGY-DRDA-04,District Rural Development Agency (DRDA),1,2,False,PUBLIC DATA
MPL-2024-BI-000323,REC-2023-0323,Lok Sabha,18th Lok Sabha (2024-Present),MP-LO-17-23,Dr. Ravi Shankar Sinha (Hon'ble MP),"Culvert & Drainage Bridge at Jethuli, Block Fatuha",Rural Roads & Bridges,Culvert & Drainage Bridge,Bihar,Patna,Patna Sahib,Fatuha,Jethuli,25.6668,85.2117,3640000.0,3640000.0,567000.0,3073000.0,2024-03-15,2024-05-04,2024-05-28,2024-12-16,,Delayed,17.3,AGY-ZP-03,Zila Parishad Rural Infrastructure Cell,2,2,False,PUBLIC DATA
MPL-2024-UT-000324,REC-2023-0324,Lok Sabha,17th Lok Sabha (2023-24),MP-LO-17-35,Shri Ramakant Sharma (Hon'ble MP),"High-Mast Solar Lighting Chowk at Harahua, Block Pindra",Solar & Renewable Energy,High-Mast Solar Lighting Chowk,Uttar Pradesh,Varanasi,Varanasi,Pindra,Harahua,25.3138,82.9794,1110000.0,1110000.0,487000.0,623000.0,2023-12-23,2024-02-11,2024-02-29,2024-09-09,,Delayed,48.7,AGY-XYZ-99,XYZ Infrastructure & Construction Private Ltd,1,2,False,PUBLIC DATA
MPL-2024-KE-000325,REC-2023-0325,Lok Sabha,18th Lok Sabha (2024-Present),MP-LO-17-75,Shri Hibi Eden (Hon'ble MP),"Senior Citizen Recreation Shed at Kalamassery, Block Angamaly",Community Infrastructure,Senior Citizen Recreation Shed,Kerala,Ernakulam,Ernakulam,Angamaly,Kalamassery,10.0566,76.2486,2490000.0,2490000.0,2490000.0,0.0,2023-08-31,2023-09-24,2023-10-12,2024-06-02,2024-05-31,Completed,100.0,AGY-DRDA-04,District Rural Development Agency (DRDA),3,4,True,PUBLIC DATA
MPL-2024-MA-000326,REC-2023-0326,Lok Sabha,18th Lok Sabha (2024-Present),MP-LO-17-19,Shri Naresh Rao (Hon'ble MP),"Solar Street Light Grid (50 poles) at Saralgaon, Block Ambernath",Solar & Renewable Energy,Solar Street Light Grid (50 poles),Maharashtra,Thane,Thane,Ambernath,Saralgaon,19.188,72.9906,970000.0,970000.0,970000.0,0.0,2024-04-26,2024-05-26,2024-06-10,2024-10-12,2024-10-30,Completed,100.0,AGY-XYZ-99,XYZ Infrastructure & Construction Private Ltd,3,6,True,PUBLIC DATA
MPL-2024-KE-000327,REC-2023-0327,Rajya Sabha,17th Lok Sabha (2023-24),MP-RA-17-46,Shri Hibi Eden (Hon'ble MP),"Hand Pump Installation Cluster at Cherai, Block Muvattupuzha",Drinking Water,Hand Pump Installation Cluster,Kerala,Ernakulam,Ernakulam,Muvattupuzha,Cherai,10.0428,76.2497,1090000.0,1090000.0,422000.0,668000.0,2023-12-29,2024-01-25,2024-02-14,2024-08-12,,Delayed,43.0,AGY-ZP-03,Zila Parishad Rural Infrastructure Cell,1,0,False,PUBLIC DATA
MPL-2024-BI-000328,REC-2023-0328,Lok Sabha,17th Lok Sabha (2023-24),MP-LO-17-92,Dr. Ravi Shankar Sinha (Hon'ble MP),"Hand Pump Installation Cluster at Jethuli, Block Danapur",Drinking Water,Hand Pump Installation Cluster,Bihar,Patna,Patna Sahib,Danapur,Jethuli,25.5935,85.0717,1640000.0,1640000.0,1640000.0,0.0,2024-06-08,2024-07-14,2024-08-07,2025-01-06,2025-01-05,Completed,100.0,AGY-ZP-03,Zila Parishad Rural Infrastructure Cell,3,5,True,PUBLIC DATA
MPL-2024-KE-000329,REC-2023-0329,Rajya Sabha,17th Lok Sabha (2023-24),MP-RA-17-46,Shri Hibi Eden (Hon'ble MP),"School Boundary Wall & Sanitation at Cherai, Block Vyttila",Education & Classrooms,School Boundary Wall & Sanitation,Kerala,Ernakulam,Ernakulam,Vyttila,Cherai,9.9535,76.2459,4570000.0,4570000.0,4570000.0,0.0,2023-07-13,2023-08-11,2023-09-04,2024-01-03,2023-12-24,Completed,100.0,AGY-DRDA-04,District Rural Development Agency (DRDA),3,2,True,PUBLIC DATA
MPL-2024-RA-000330,REC-2023-0330,Rajya Sabha,18th Lok Sabha (2024-Present),MP-RA-17-25,Smt. Manju Meena (Hon'ble MP),"Community Public Toilet Complex at Nayla, Block Sanganer",Health & Sanitation,Community Public Toilet Complex,Rajasthan,Jaipur,Jaipur Rural,Sanganer,Nayla,26.8969,75.7183,1680000.0,1680000.0,514000.0,1166000.0,2023-06-23,2023-08-20,2023-09-04,2024-02-22,,Delayed,34.0,AGY-DRDA-04,District Rural Development Agency (DRDA),2,0,False,PUBLIC DATA
MPL-2024-KE-000331,REC-2023-0331,Rajya Sabha,17th Lok Sabha (2023-24),MP-RA-17-81,Shri Hibi Eden (Hon'ble MP),"Link Road Widening at Edappally, Block Angamaly",Rural Roads & Bridges,Link Road Widening,Kerala,Ernakulam,Ernakulam,Angamaly,Edappally,9.9525,76.2961,4400000.0,4400000.0,1505000.0,2895000.0,2023-11-15,2024-01-08,2024-02-03,2024-08-10,,Delayed,38.0,AGY-PWD-01,Public Works Department (PWD) Division I,2,2,False,PUBLIC DATA
MPL-2024-AS-000332,REC-2023-0332,Lok Sabha,17th Lok Sabha (2023-24),MP-LO-17-81,Smt. Queen Oja (Hon'ble MP),"High-Mast Solar Lighting Chowk at Dadara, Block Kamalpur",Solar & Renewable Energy,High-Mast Solar Lighting Chowk,Assam,Kamrup,Gauhati,Kamalpur,Dadara,26.201,91.7461,2270000.0,2270000.0,1048000.0,1222000.0,2023-05-13,2023-07-07,2023-08-04,2023-12-24,,Delayed,51.3,AGY-DRDA-04,District Rural Development Agency (DRDA),2,0,False,PUBLIC DATA
MPL-2024-MA-000333,REC-2023-0333,Rajya Sabha,18th Lok Sabha (2024-Present),MP-RA-17-82,Shri Naresh Rao (Hon'ble MP),"Community Public Toilet Complex at Khadavali, Block Shahapur",Health & Sanitation,Community Public Toilet Complex,Maharashtra,Thane,Thane,Shahapur,Khadavali,19.2366,73.0395,2370000.0,2370000.0,2370000.0,0.0,2024-04-24,2024-06-03,2024-07-01,2025-01-06,2024-12-18,Completed,100.0,AGY-DRDA-04,District Rural Development Agency (DRDA),2,5,True,PUBLIC DATA
MPL-2024-UT-000334,REC-2023-0334,Rajya Sabha,17th Lok Sabha (2023-24),MP-RA-17-94,Shri Ramakant Sharma (Hon'ble MP),"Health Diagnostic Equipment at Shivpur, Block Kashi Vidyapeeth",Health & Sanitation,Health Diagnostic Equipment,Uttar Pradesh,Varanasi,Varanasi,Kashi Vidyapeeth,Shivpur,25.3783,82.9971,1100000.0,1100000.0,1100000.0,0.0,2023-04-12,2023-06-11,2023-06-26,2023-11-04,2023-11-23,Completed,100.0,AGY-RWD-02,Rural Works Department (RWD) Engineering Wing,4,6,True,PUBLIC DATA
MPL-2024-RA-000335,REC-2023-0335,Lok Sabha,17th Lok Sabha (2023-24),MP-LO-17-10,Smt. Manju Meena (Hon'ble MP),"Paver Block Road at Manoharpur, Block Sanganer",Rural Roads & Bridges,Paver Block Road,Rajasthan,Jaipur,Jaipur Rural,Sanganer,Manoharpur,26.8675,75.8085,3560000.0,3560000.0,1817000.0,1743000.0,2023-06-29,2023-08-08,2023-08-31,2024-04-13,,Delayed,56.7,AGY-WSS-05,Public Health Engineering & Water Supply Dept,1,0,False,PUBLIC DATA
MPL-2024-UT-000336,REC-2023-0336,Rajya Sabha,18th Lok Sabha (2024-Present),MP-RA-17-90,Shri Ramakant Sharma (Hon'ble MP),"Link Road Widening at Babatpur, Block Pindra",Rural Roads & Bridges,Link Road Widening,Uttar Pradesh,Varanasi,Varanasi,Pindra,Babatpur,25.2852,83.0224,2660000.0,2660000.0,2660000.0,0.0,2023-09-02,2023-09-22,2023-10-16,2024-05-22,2024-05-19,Completed,100.0,AGY-XYZ-99,XYZ Infrastructure & Construction Private Ltd,4,3,True,PUBLIC DATA
MPL-2024-AS-000337,REC-2023-0337,Lok Sabha,17th Lok Sabha (2023-24),MP-LO-17-14,Smt. Queen Oja (Hon'ble MP),"Culvert & Drainage Bridge at Sualkuchi, Block Chaygaon",Rural Roads & Bridges,Culvert & Drainage Bridge,Assam,Kamrup,Gauhati,Chaygaon,Sualkuchi,26.0922,91.6596,1620000.0,1620000.0,926000.0,694000.0,2024-03-23,2024-05-12,2024-05-24,2024-12-30,,Ongoing,60.5,AGY-WSS-05,Public Health Engineering & Water Supply Dept,3,3,False,PUBLIC DATA
MPL-2024-KA-000338,REC-2023-0338,Lok Sabha,18th Lok Sabha (2024-Present),MP-LO-17-24,Shri K. Venkatesh (Hon'ble MP),"Community Public Toilet Complex at Singanayakanahalli, Block Anekal",Health & Sanitation,Community Public Toilet Complex,Karnataka,Bengaluru Urban,Bangalore North,Anekal,Singanayakanahalli,12.9729,77.547,750000.0,750000.0,750000.0,0.0,2024-06-09,2024-06-25,2024-07-14,2025-02-08,2025-02-15,Completed,100.0,AGY-RWD-02,Rural Works Department (RWD) Engineering Wing,3,4,True,PUBLIC DATA
MPL-2024-MA-000339,REC-2023-0339,Lok Sabha,18th Lok Sabha (2024-Present),MP-LO-17-55,Shri Naresh Rao (Hon'ble MP),"Solar Street Light Grid (50 poles) at Saralgaon, Block Ambernath",Solar & Renewable Energy,Solar Street Light Grid (50 poles),Maharashtra,Thane,Thane,Ambernath,Saralgaon,19.2345,73.0487,1330000.0,1330000.0,734000.0,596000.0,2023-09-08,2023-10-11,2023-10-29,2024-05-28,,Ongoing,60.8,AGY-PWD-01,Public Works Department (PWD) Division I,3,2,False,PUBLIC DATA
MPL-2024-MA-000340,REC-2023-0340,Lok Sabha,17th Lok Sabha (2023-24),MP-LO-17-79,Shri Naresh Rao (Hon'ble MP),"Rooftop Solar for Govt Hospital at Titwala, Block Ambernath",Solar & Renewable Energy,Rooftop Solar for Govt Hospital,Maharashtra,Thane,Thane,Ambernath,Titwala,19.2055,72.9259,1180000.0,1180000.0,560000.0,620000.0,2023-05-30,2023-07-08,2023-08-07,2024-02-23,,Delayed,52.7,AGY-XYZ-99,XYZ Infrastructure & Construction Private Ltd,2,2,False,PUBLIC DATA
MPL-2024-BI-000341,REC-2023-0341,Lok Sabha,17th Lok Sabha (2023-24),MP-LO-17-97,Dr. Ravi Shankar Sinha (Hon'ble MP),"Rooftop Solar for Govt Hospital at Ranipur, Block Phulwari Sharif",Solar & Renewable Energy,Rooftop Solar for Govt Hospital,Bihar,Patna,Patna Sahib,Phulwari Sharif,Ranipur,25.6184,85.1741,820000.0,820000.0,214000.0,606000.0,2023-12-24,2024-02-12,2024-03-03,2024-08-03,,Ongoing,29.6,AGY-ZP-03,Zila Parishad Rural Infrastructure Cell,1,3,False,PUBLIC DATA
MPL-2024-WE-000342,REC-2023-0342,Lok Sabha,17th Lok Sabha (2023-24),MP-LO-17-78,Smt. Mahua Mitra (Hon'ble MP),"Additional Classroom Building at Mayapur, Block Chapra",Education & Classrooms,Additional Classroom Building,West Bengal,Nadia,Krishnanagar,Chapra,Mayapur,23.425,88.5693,2850000.0,2850000.0,946000.0,1904000.0,2023-08-10,2023-09-02,2023-09-19,2024-05-02,,Delayed,36.9,AGY-RWD-02,Rural Works Department (RWD) Engineering Wing,2,1,False,PUBLIC DATA
MPL-2024-MA-000343,REC-2023-0343,Lok Sabha,18th Lok Sabha (2024-Present),MP-LO-17-66,Shri Naresh Rao (Hon'ble MP),"Link Road Widening at Vashind, Block Bhiwandi",Rural Roads & Bridges,Link Road Widening,Maharashtra,Thane,Thane,Bhiwandi,Vashind,19.2538,72.9809,3740000.0,3740000.0,3740000.0,0.0,2023-09-05,2023-10-21,2023-11-14,2024-05-04,2024-05-03,Completed,100.0,AGY-XYZ-99,XYZ Infrastructure & Construction Private Ltd,2,6,False,PUBLIC DATA
MPL-2024-RA-000344,REC-2023-0344,Lok Sabha,17th Lok Sabha (2023-24),MP-LO-17-18,Smt. Manju Meena (Hon'ble MP),"School Science Laboratory at Manoharpur, Block Amer",Education & Classrooms,School Science Laboratory,Rajasthan,Jaipur,Jaipur Rural,Amer,Manoharpur,26.946,75.8043,2090000.0,2090000.0,2090000.0,0.0,2023-11-20,2023-12-13,2024-01-03,2024-08-14,2024-07-31,Completed,100.0,AGY-RWD-02,Rural Works Department (RWD) Engineering Wing,3,6,True,PUBLIC DATA
MPL-2024-UT-000345,REC-2023-0345,Lok Sabha,17th Lok Sabha (2023-24),MP-LO-17-67,Shri Ramakant Sharma (Hon'ble MP),"Hand Pump Installation Cluster at Shivpur, Block Cholapur",Drinking Water,Hand Pump Installation Cluster,Uttar Pradesh,Varanasi,Varanasi,Cholapur,Shivpur,25.3292,83.0453,1670000.0,1670000.0,1213000.0,457000.0,2024-01-24,2024-02-14,2024-03-11,2024-08-21,,Ongoing,77.4,AGY-XYZ-99,XYZ Infrastructure & Construction Private Ltd,1,2,False,PUBLIC DATA
MPL-2024-UT-000346,REC-2023-0346,Lok Sabha,17th Lok Sabha (2023-24),MP-LO-17-81,Shri Ramakant Sharma (Hon'ble MP),"Hand Pump Installation Cluster at Shivpur, Block Sewapuri",Drinking Water,Hand Pump Installation Cluster,Uttar Pradesh,Varanasi,Varanasi,Sewapuri,Shivpur,25.3082,82.9885,1120000.0,1120000.0,212000.0,908000.0,2023-09-22,2023-10-29,2023-11-15,2024-06-14,,Delayed,21.0,AGY-ZP-03,Zila Parishad Rural Infrastructure Cell,1,0,False,PUBLIC DATA
MPL-2024-MA-000347,REC-2023-0347,Lok Sabha,17th Lok Sabha (2023-24),MP-LO-17-30,Shri Naresh Rao (Hon'ble MP),"Community Public Toilet Complex at Titwala, Block Murbad",Health & Sanitation,Community Public Toilet Complex,Maharashtra,Thane,Thane,Murbad,Titwala,19.2315,72.9731,3210000.0,3210000.0,1528000.0,1682000.0,2024-03-06,2024-04-20,2024-05-02,2024-12-17,,Delayed,52.9,AGY-ZP-03,Zila Parishad Rural Infrastructure Cell,1,0,False,PUBLIC DATA
MPL-2024-MA-000348,REC-2023-0348,Lok Sabha,18th Lok Sabha (2024-Present),MP-LO-17-22,Shri Naresh Rao (Hon'ble MP),"Rooftop Solar for Govt Hospital at Padgha, Block Ambernath",Solar & Renewable Energy,Rooftop Solar for Govt Hospital,Maharashtra,Thane,Thane,Ambernath,Padgha,19.1602,72.9919,430000.0,430000.0,210000.0,220000.0,2023-07-29,2023-09-26,2023-10-18,2024-03-12,,Ongoing,51.4,AGY-XYZ-99,XYZ Infrastructure & Construction Private Ltd,3,3,False,PUBLIC DATA
MPL-2024-AS-000349,REC-2023-0349,Rajya Sabha,17th Lok Sabha (2023-24),MP-RA-17-48,Smt. Queen Oja (Hon'ble MP),"School Boundary Wall & Sanitation at Puthimari, Block Chaygaon",Education & Classrooms,School Boundary Wall & Sanitation,Assam,Kamrup,Gauhati,Chaygaon,Puthimari,26.0982,91.7328,1730000.0,1730000.0,417000.0,1313000.0,2024-02-10,2024-03-12,2024-04-06,2024-09-24,,Delayed,26.8,AGY-RWD-02,Rural Works Department (RWD) Engineering Wing,2,1,False,PUBLIC DATA
MPL-2024-BI-000350,REC-2023-0350,Lok Sabha,17th Lok Sabha (2023-24),MP-LO-17-61,Dr. Ravi Shankar Sinha (Hon'ble MP),"Smart Digital Library Block at Baikatpur, Block Bakhtiarpur",Education & Classrooms,Smart Digital Library Block,Bihar,Patna,Patna Sahib,Bakhtiarpur,Baikatpur,25.5885,85.0935,1130000.0,1130000.0,597000.0,533000.0,2024-01-19,2024-03-11,2024-03-30,2024-09-01,,Delayed,58.7,AGY-RWD-02,Rural Works Department (RWD) Engineering Wing,2,2,False,PUBLIC DATA
MPL-2024-UT-000351,REC-2023-0351,Rajya Sabha,18th Lok Sabha (2024-Present),MP-RA-17-61,Shri Ramakant Sharma (Hon'ble MP),"Rooftop Solar for Govt Hospital at Tikari, Block Sewapuri",Solar & Renewable Energy,Rooftop Solar for Govt Hospital,Uttar Pradesh,Varanasi,Varanasi,Sewapuri,Tikari,25.3154,83.0064,630000.0,630000.0,630000.0,0.0,2023-05-28,2023-07-01,2023-07-19,2023-12-18,2023-12-22,Completed,100.0,AGY-ZP-03,Zila Parishad Rural Infrastructure Cell,2,4,True,PUBLIC DATA
MPL-2024-AS-000352,REC-2023-0352,Lok Sabha,17th Lok Sabha (2023-24),MP-LO-17-16,Smt. Queen Oja (Hon'ble MP),"Solar Street Light Grid (50 poles) at Puthimari, Block Rangia",Solar & Renewable Energy,Solar Street Light Grid (50 poles),Assam,Kamrup,Gauhati,Rangia,Puthimari,26.1776,91.7093,980000.0,980000.0,980000.0,0.0,2024-02-01,2024-04-01,2024-04-15,2024-08-15,2024-08-18,Completed,100.0,AGY-DRDA-04,District Rural Development Agency (DRDA),4,5,True,PUBLIC DATA
MPL-2024-MA-000353,REC-2023-0353,Lok Sabha,18th Lok Sabha (2024-Present),MP-LO-17-24,Shri Naresh Rao (Hon'ble MP),"RO Water Treatment Plant at Padgha, Block Bhiwandi",Drinking Water,RO Water Treatment Plant,Maharashtra,Thane,Thane,Bhiwandi,Padgha,19.2861,72.9298,2000000.0,2000000.0,1123000.0,877000.0,2023-12-17,2024-01-06,2024-02-05,2024-06-28,,Ongoing,62.9,AGY-DRDA-04,District Rural Development Agency (DRDA),3,1,False,PUBLIC DATA
MPL-2024-RA-000354,REC-2023-0354,Lok Sabha,17th Lok Sabha (2023-24),MP-LO-17-52,Smt. Manju Meena (Hon'ble MP),"Crematorium Shed with Amenities at Achrol, Block Kotputli",Community Infrastructure,Crematorium Shed with Amenities,Rajasthan,Jaipur,Jaipur Rural,Kotputli,Achrol,26.903,75.8397,1960000.0,1960000.0,527000.0,1433000.0,2024-06-10,2024-07-08,2024-08-01,2025-01-07,,Delayed,29.9,AGY-RWD-02,Rural Works Department (RWD) Engineering Wing,1,2,False,PUBLIC DATA
MPL-2024-WE-000355,REC-2023-0355,Lok Sabha,17th Lok Sabha (2023-24),MP-LO-17-10,Smt. Mahua Mitra (Hon'ble MP),"Culvert & Drainage Bridge at Bethuadahari, Block Nabadwip",Rural Roads & Bridges,Culvert & Drainage Bridge,West Bengal,Nadia,Krishnanagar,Nabadwip,Bethuadahari,23.3561,88.5575,2480000.0,2480000.0,2480000.0,0.0,2024-06-02,2024-07-12,2024-08-06,2024-12-18,2024-12-28,Completed,100.0,AGY-RWD-02,Rural Works Department (RWD) Engineering Wing,2,6,True,PUBLIC DATA
MPL-2024-RA-000356,REC-2023-0356,Rajya Sabha,18th Lok Sabha (2024-Present),MP-RA-17-15,Smt. Manju Meena (Hon'ble MP),"School Boundary Wall & Sanitation at Bassi, Block Kotputli",Education & Classrooms,School Boundary Wall & Sanitation,Rajasthan,Jaipur,Jaipur Rural,Kotputli,Bassi,26.9782,75.8597,3420000.0,3420000.0,1456000.0,1964000.0,2023-05-08,2023-05-23,2023-06-17,2023-11-20,,Delayed,47.3,AGY-RWD-02,Rural Works Department (RWD) Engineering Wing,2,1,False,PUBLIC DATA
MPL-2024-UT-000357,REC-2023-0357,Lok Sabha,17th Lok Sabha (2023-24),MP-LO-17-30,Shri Ramakant Sharma (Hon'ble MP),"Paver Block Road at Chhatar, Block Cholapur",Rural Roads & Bridges,Paver Block Road,Uttar Pradesh,Varanasi,Varanasi,Cholapur,Chhatar,25.3896,82.9045,2300000.0,2300000.0,1774000.0,526000.0,2023-07-04,2023-08-27,2023-09-12,2024-04-15,,Ongoing,76.2,AGY-WSS-05,Public Health Engineering & Water Supply Dept,2,3,False,PUBLIC DATA
MPL-2024-WE-000358,REC-2023-0358,Lok Sabha,17th Lok Sabha (2023-24),MP-LO-17-68,Smt. Mahua Mitra (Hon'ble MP),"Additional Classroom Building at Dhubulia, Block Chapra",Education & Classrooms,Additional Classroom Building,West Bengal,Nadia,Krishnanagar,Chapra,Dhubulia,23.3891,88.5762,1110000.0,1110000.0,217000.0,893000.0,2023-05-12,2023-06-25,2023-07-13,2023-11-27,,Delayed,21.7,AGY-PWD-01,Public Works Department (PWD) Division I,1,0,False,PUBLIC DATA
MPL-2024-BI-000359,REC-2023-0359,Rajya Sabha,17th Lok Sabha (2023-24),MP-RA-17-82,Dr. Ravi Shankar Sinha (Hon'ble MP),"CC Road Construction at Sabbalpur, Block Sampatchak",Rural Roads & Bridges,CC Road Construction,Bihar,Patna,Patna Sahib,Sampatchak,Sabbalpur,25.5473,85.1557,3580000.0,3580000.0,3580000.0,0.0,2024-03-04,2024-03-29,2024-04-26,2024-08-27,2024-08-27,Completed,100.0,AGY-PWD-01,Public Works Department (PWD) Division I,2,2,True,PUBLIC DATA
MPL-2024-KA-000360,REC-2023-0360,Lok Sabha,17th Lok Sabha (2023-24),MP-LO-17-85,Shri K. Venkatesh (Hon'ble MP),"Piped Water Overhead Tank at Attibele, Block K.R. Puram",Drinking Water,Piped Water Overhead Tank,Karnataka,Bengaluru Urban,Bangalore North,K.R. Puram,Attibele,13.0162,77.5343,1200000.0,1200000.0,441000.0,759000.0,2024-02-23,2024-04-20,2024-04-30,2024-11-21,,Delayed,40.8,AGY-ZP-03,Zila Parishad Rural Infrastructure Cell,2,1,False,PUBLIC DATA
MPL-2024-KE-000361,REC-2023-0361,Lok Sabha,17th Lok Sabha (2023-24),MP-LO-17-38,Shri Hibi Eden (Hon'ble MP),"Solar Street Light Grid (50 poles) at Kalamassery, Block Vyttila",Solar & Renewable Energy,Solar Street Light Grid (50 poles),Kerala,Ernakulam,Ernakulam,Vyttila,Kalamassery,10.0347,76.2257,890000.0,890000.0,401000.0,489000.0,2023-08-09,2023-09-17,2023-10-08,2024-02-29,,Delayed,50.1,AGY-ZP-03,Zila Parishad Rural Infrastructure Cell,2,0,False,PUBLIC DATA
MPL-2024-KA-000362,REC-2023-0362,Lok Sabha,18th Lok Sabha (2024-Present),MP-LO-17-50,Shri K. Venkatesh (Hon'ble MP),"Additional Classroom Building at Mandur, Block K.R. Puram",Education & Classrooms,Additional Classroom Building,Karnataka,Bengaluru Urban,Bangalore North,K.R. Puram,Mandur,12.9973,77.5856,2670000.0,2670000.0,1964000.0,706000.0,2024-03-14,2024-04-19,2024-05-01,2024-09-09,,Ongoing,83.1,AGY-DRDA-04,District Rural Development Agency (DRDA),2,4,False,PUBLIC DATA
MPL-2024-KA-000363,REC-2023-0363,Lok Sabha,18th Lok Sabha (2024-Present),MP-LO-17-32,Shri K. Venkatesh (Hon'ble MP),"Community Public Toilet Complex at Mandur, Block Yelahanka",Health & Sanitation,Community Public Toilet Complex,Karnataka,Bengaluru Urban,Bangalore North,Yelahanka,Mandur,13.0502,77.5414,3650000.0,3650000.0,1304000.0,2346000.0,2024-02-28,2024-04-25,2024-05-25,2024-09-28,,Ongoing,39.4,AGY-DRDA-04,District Rural Development Agency (DRDA),3,1,False,PUBLIC DATA
MPL-2024-RA-000364,REC-2023-0364,Lok Sabha,17th Lok Sabha (2023-24),MP-LO-17-54,Smt. Manju Meena (Hon'ble MP),"Deep Borewell & Solar Pump System at Kukas, Block Chaksu",Drinking Water,Deep Borewell & Solar Pump System,Rajasthan,Jaipur,Jaipur Rural,Chaksu,Kukas,26.8747,75.7078,910000.0,910000.0,320000.0,590000.0,2023-09-27,2023-10-19,2023-11-07,2024-04-11,,Delayed,39.1,AGY-PWD-01,Public Works Department (PWD) Division I,2,1,False,PUBLIC DATA
MPL-2024-KA-000365,REC-2023-0365,Lok Sabha,17th Lok Sabha (2023-24),MP-LO-17-43,Shri K. Venkatesh (Hon'ble MP),"CC Road Construction at Mandur, Block Anekal",Rural Roads & Bridges,CC Road Construction,Karnataka,Bengaluru Urban,Bangalore North,Anekal,Mandur,13.0472,77.5464,2250000.0,2250000.0,2250000.0,0.0,2024-02-22,2024-04-07,2024-04-17,2024-09-03,2024-09-28,Completed,100.0,AGY-RWD-02,Rural Works Department (RWD) Engineering Wing,4,5,False,PUBLIC DATA
MPL-2024-KE-000366,REC-2023-0366,Lok Sabha,17th Lok Sabha (2023-24),MP-LO-17-89,Shri Hibi Eden (Hon'ble MP),"Hand Pump Installation Cluster at Perumbavoor, Block Muvattupuzha",Drinking Water,Hand Pump Installation Cluster,Kerala,Ernakulam,Ernakulam,Muvattupuzha,Perumbavoor,10.0077,76.3742,1700000.0,1700000.0,1700000.0,0.0,2023-08-07,2023-09-08,2023-10-05,2024-04-03,2024-03-15,Completed,100.0,AGY-DRDA-04,District Rural Development Agency (DRDA),4,5,True,PUBLIC DATA
MPL-2024-BI-000367,REC-2023-0367,Lok Sabha,17th Lok Sabha (2023-24),MP-LO-17-93,Dr. Ravi Shankar Sinha (Hon'ble MP),"CC Road Construction at Gauri Chak, Block Sampatchak",Rural Roads & Bridges,CC Road Construction,Bihar,Patna,Patna Sahib,Sampatchak,Gauri Chak,25.5821,85.1527,2080000.0,2080000.0,2080000.0,0.0,2024-06-20,2024-08-12,2024-09-03,2025-01-01,2024-12-29,Completed,100.0,AGY-PWD-01,Public Works Department (PWD) Division I,4,4,True,PUBLIC DATA
MPL-2024-BI-000368,REC-2023-0368,Lok Sabha,18th Lok Sabha (2024-Present),MP-LO-17-30,Dr. Ravi Shankar Sinha (Hon'ble MP),"Solar Street Light Grid (50 poles) at Jethuli, Block Sampatchak",Solar & Renewable Energy,Solar Street Light Grid (50 poles),Bihar,Patna,Patna Sahib,Sampatchak,Jethuli,25.6601,85.1598,660000.0,660000.0,502000.0,158000.0,2023-09-29,2023-11-18,2023-12-15,2024-07-25,,Ongoing,69.9,AGY-RWD-02,Rural Works Department (RWD) Engineering Wing,3,3,False,PUBLIC DATA
MPL-2024-KA-000369,REC-2023-0369,Lok Sabha,17th Lok Sabha (2023-24),MP-LO-17-22,Shri K. Venkatesh (Hon'ble MP),"Rooftop Solar for Govt Hospital at Doddaballapur Rd, Block Bengaluru North",Solar & Renewable Energy,Rooftop Solar for Govt Hospital,Karnataka,Bengaluru Urban,Bangalore North,Bengaluru North,Doddaballapur Rd,12.9374,77.6345,890000.0,890000.0,890000.0,0.0,2023-08-02,2023-08-17,2023-09-04,2024-03-28,2024-03-21,Completed,100.0,AGY-RWD-02,Rural Works Department (RWD) Engineering Wing,4,4,True,PUBLIC DATA
MPL-2024-AS-000370,REC-2023-0370,Lok Sabha,18th Lok Sabha (2024-Present),MP-LO-17-55,Smt. Queen Oja (Hon'ble MP),"Deep Borewell & Solar Pump System at Boko, Block Kamalpur",Drinking Water,Deep Borewell & Solar Pump System,Assam,Kamrup,Gauhati,Kamalpur,Boko,26.1782,91.77,860000.0,860000.0,660000.0,200000.0,2024-01-01,2024-01-25,2024-02-10,2024-09-02,,Ongoing,76.3,AGY-ZP-03,Zila Parishad Rural Infrastructure Cell,2,2,False,PUBLIC DATA
MPL-2024-AS-000371,REC-2023-0371,Lok Sabha,18th Lok Sabha (2024-Present),MP-LO-17-33,Smt. Queen Oja (Hon'ble MP),"Piped Water Overhead Tank at Sualkuchi, Block Rangia",Drinking Water,Piped Water Overhead Tank,Assam,Kamrup,Gauhati,Rangia,Sualkuchi,26.1223,91.7162,1030000.0,1030000.0,298000.0,732000.0,2023-07-09,2023-07-26,2023-08-19,2023-12-30,,Delayed,32.2,AGY-XYZ-99,XYZ Infrastructure & Construction Private Ltd,2,1,False,PUBLIC DATA
MPL-2024-BI-000372,REC-2023-0372,Rajya Sabha,18th Lok Sabha (2024-Present),MP-RA-17-33,Dr. Ravi Shankar Sinha (Hon'ble MP),"Rooftop Solar for Govt Hospital at Gauri Chak, Block Danapur",Solar & Renewable Energy,Rooftop Solar for Govt Hospital,Bihar,Patna,Patna Sahib,Danapur,Gauri Chak,25.6059,85.1051,620000.0,620000.0,620000.0,0.0,2023-07-21,2023-08-30,2023-09-28,2024-03-24,2024-04-14,Completed,100.0,AGY-PWD-01,Public Works Department (PWD) Division I,2,3,True,PUBLIC DATA
MPL-2024-KA-000373,REC-2023-0373,Lok Sabha,18th Lok Sabha (2024-Present),MP-LO-17-56,Shri K. Venkatesh (Hon'ble MP),"Deep Borewell & Solar Pump System at Mandur, Block Anekal",Drinking Water,Deep Borewell & Solar Pump System,Karnataka,Bengaluru Urban,Bangalore North,Anekal,Mandur,12.9434,77.5762,1840000.0,1840000.0,328000.0,1512000.0,2023-10-03,2023-11-04,2023-11-14,2024-06-10,,Delayed,19.8,AGY-RWD-02,Rural Works Department (RWD) Engineering Wing,2,1,False,PUBLIC DATA
MPL-2024-BI-000374,REC-2023-0374,Lok Sabha,17th Lok Sabha (2023-24),MP-LO-17-68,Dr. Ravi Shankar Sinha (Hon'ble MP),"School Science Laboratory at Jethuli, Block Bakhtiarpur",Education & Classrooms,School Science Laboratory,Bihar,Patna,Patna Sahib,Bakhtiarpur,Jethuli,25.5804,85.2057,1530000.0,1530000.0,1530000.0,0.0,2024-04-01,2024-05-29,2024-06-25,2024-12-25,2025-01-23,Completed,100.0,AGY-RWD-02,Rural Works Department (RWD) Engineering Wing,2,2,True,PUBLIC DATA
MPL-2024-MA-000375,REC-2023-0375,Lok Sabha,17th Lok Sabha (2023-24),MP-LO-17-72,Shri Naresh Rao (Hon'ble MP),"Senior Citizen Recreation Shed at Padgha, Block Bhiwandi",Community Infrastructure,Senior Citizen Recreation Shed,Maharashtra,Thane,Thane,Bhiwandi,Padgha,19.2557,72.9559,1130000.0,1130000.0,857000.0,273000.0,2023-12-01,2023-12-22,2024-01-03,2024-08-09,,Ongoing,81.0,AGY-PWD-01,Public Works Department (PWD) Division I,2,3,False,PUBLIC DATA
MPL-2024-MA-000376,REC-2023-0376,Rajya Sabha,17th Lok Sabha (2023-24),MP-RA-17-65,Shri Naresh Rao (Hon'ble MP),"Village Waste Segregation Shed at Padgha, Block Shahapur",Health & Sanitation,Village Waste Segregation Shed,Maharashtra,Thane,Thane,Shahapur,Padgha,19.1572,73.0307,940000.0,940000.0,399000.0,541000.0,2024-04-01,2024-05-30,2024-06-13,2024-12-05,,Ongoing,47.6,AGY-PWD-01,Public Works Department (PWD) Division I,1,4,False,PUBLIC DATA
MPL-2024-KE-000377,REC-2023-0377,Lok Sabha,18th Lok Sabha (2024-Present),MP-LO-17-34,Shri Hibi Eden (Hon'ble MP),"Community Public Toilet Complex at Kalamassery, Block Vyttila",Health & Sanitation,Community Public Toilet Complex,Kerala,Ernakulam,Ernakulam,Vyttila,Kalamassery,9.977,76.2266,1540000.0,1540000.0,553000.0,987000.0,2024-02-22,2024-04-18,2024-04-28,2024-11-18,,Delayed,39.9,AGY-ZP-03,Zila Parishad Rural Infrastructure Cell,2,2,False,PUBLIC DATA
MPL-2024-WE-000378,REC-2023-0378,Lok Sabha,17th Lok Sabha (2023-24),MP-LO-17-90,Smt. Mahua Mitra (Hon'ble MP),"Paver Block Road at Dhubulia, Block Krishnanagar-I",Rural Roads & Bridges,Paver Block Road,West Bengal,Nadia,Krishnanagar,Krishnanagar-I,Dhubulia,23.4281,88.4682,1550000.0,1550000.0,1550000.0,0.0,2024-02-12,2024-03-30,2024-04-26,2024-12-22,2025-01-03,Completed,100.0,AGY-RWD-02,Rural Works Department (RWD) Engineering Wing,2,4,True,PUBLIC DATA
MPL-2024-AS-000379,REC-2023-0379,Lok Sabha,18th Lok Sabha (2024-Present),MP-LO-17-82,Smt. Queen Oja (Hon'ble MP),"Link Road Widening at Puthimari, Block Bezera",Rural Roads & Bridges,Link Road Widening,Assam,Kamrup,Gauhati,Bezera,Puthimari,26.1872,91.6616,2860000.0,2860000.0,1727000.0,1133000.0,2024-05-11,2024-07-09,2024-07-22,2025-02-12,,Ongoing,57.6,AGY-XYZ-99,XYZ Infrastructure & Construction Private Ltd,2,1,False,PUBLIC DATA
MPL-2024-MA-000380,REC-2023-0380,Rajya Sabha,18th Lok Sabha (2024-Present),MP-RA-17-86,Shri Naresh Rao (Hon'ble MP),"Paver Block Road at Vashind, Block Ambernath",Rural Roads & Bridges,Paver Block Road,Maharashtra,Thane,Thane,Ambernath,Vashind,19.1423,72.968,1940000.0,1940000.0,768000.0,1172000.0,2023-10-03,2023-11-20,2023-12-05,2024-05-02,,Delayed,44.0,AGY-DRDA-04,District Rural Development Agency (DRDA),1,2,False,PUBLIC DATA
MPL-2024-UT-000381,REC-2023-0381,Lok Sabha,18th Lok Sabha (2024-Present),MP-LO-17-46,Shri Ramakant Sharma (Hon'ble MP),"Public Bus Passenger Shelter at Chhatar, Block Sewapuri",Community Infrastructure,Public Bus Passenger Shelter,Uttar Pradesh,Varanasi,Varanasi,Sewapuri,Chhatar,25.2386,82.9217,1210000.0,1210000.0,846000.0,364000.0,2024-06-18,2024-08-10,2024-08-20,2025-04-12,,Ongoing,65.6,AGY-WSS-05,Public Health Engineering & Water Supply Dept,1,1,False,PUBLIC DATA
MPL-2024-BI-000382,REC-2023-0382,Lok Sabha,18th Lok Sabha (2024-Present),MP-LO-17-33,Dr. Ravi Shankar Sinha (Hon'ble MP),"CC Road Construction at Ranipur, Block Sampatchak",Rural Roads & Bridges,CC Road Construction,Bihar,Patna,Patna Sahib,Sampatchak,Ranipur,25.6049,85.112,3450000.0,3450000.0,994000.0,2456000.0,2024-04-22,2024-06-20,2024-07-06,2025-02-13,,Delayed,32.0,AGY-PWD-01,Public Works Department (PWD) Division I,2,1,False,PUBLIC DATA
MPL-2024-MA-000383,REC-2023-0383,Rajya Sabha,17th Lok Sabha (2023-24),MP-RA-17-75,Shri Naresh Rao (Hon'ble MP),"Primary Health Sub-Centre Building at Vashind, Block Shahapur",Health & Sanitation,Primary Health Sub-Centre Building,Maharashtra,Thane,Thane,Shahapur,Vashind,19.17,72.9179,2480000.0,2480000.0,551000.0,1929000.0,2023-07-13,2023-09-03,2023-09-15,2024-01-29,,Delayed,24.7,AGY-WSS-05,Public Health Engineering & Water Supply Dept,1,0,False,PUBLIC DATA
MPL-2024-UT-000384,REC-2023-0384,Lok Sabha,18th Lok Sabha (2024-Present),MP-LO-17-71,Shri Ramakant Sharma (Hon'ble MP),"Culvert & Drainage Bridge at Rampur, Block Kashi Vidyapeeth",Rural Roads & Bridges,Culvert & Drainage Bridge,Uttar Pradesh,Varanasi,Varanasi,Kashi Vidyapeeth,Rampur,25.2829,82.9009,2250000.0,2250000.0,1045000.0,1205000.0,2023-06-09,2023-07-09,2023-08-06,2024-02-12,,Delayed,51.6,AGY-WSS-05,Public Health Engineering & Water Supply Dept,1,1,False,PUBLIC DATA
MPL-2024-KA-000385,REC-2023-0385,Lok Sabha,17th Lok Sabha (2023-24),MP-LO-17-71,Shri K. Venkatesh (Hon'ble MP),"Piped Water Overhead Tank at Mandur, Block K.R. Puram",Drinking Water,Piped Water Overhead Tank,Karnataka,Bengaluru Urban,Bangalore North,K.R. Puram,Mandur,12.9374,77.5438,710000.0,710000.0,548000.0,162000.0,2023-07-22,2023-08-14,2023-08-26,2024-01-08,,Ongoing,82.1,AGY-WSS-05,Public Health Engineering & Water Supply Dept,2,2,False,PUBLIC DATA
MPL-2024-MA-000386,REC-2023-0386,Lok Sabha,18th Lok Sabha (2024-Present),MP-LO-17-51,Shri Naresh Rao (Hon'ble MP),"Crematorium Shed with Amenities at Vashind, Block Shahapur",Community Infrastructure,Crematorium Shed with Amenities,Maharashtra,Thane,Thane,Shahapur,Vashind,19.2977,73.0504,2650000.0,2650000.0,1047000.0,1603000.0,2023-07-21,2023-08-16,2023-09-09,2024-01-17,,Delayed,43.9,AGY-DRDA-04,District Rural Development Agency (DRDA),2,1,False,PUBLIC DATA
MPL-2024-RA-000387,REC-2023-0387,Lok Sabha,17th Lok Sabha (2023-24),MP-LO-17-86,Smt. Manju Meena (Hon'ble MP),"High-Mast Solar Lighting Chowk at Bagru, Block Chaksu",Solar & Renewable Energy,High-Mast Solar Lighting Chowk,Rajasthan,Jaipur,Jaipur Rural,Chaksu,Bagru,26.9118,75.7571,420000.0,420000.0,143000.0,277000.0,2024-03-19,2024-04-10,2024-04-22,2024-11-03,,Delayed,37.7,AGY-WSS-05,Public Health Engineering & Water Supply Dept,2,0,False,PUBLIC DATA
MPL-2024-BI-000388,REC-2023-0388,Lok Sabha,17th Lok Sabha (2023-24),MP-LO-17-51,Dr. Ravi Shankar Sinha (Hon'ble MP),"Piped Water Overhead Tank at Ranipur, Block Danapur",Drinking Water,Piped Water Overhead Tank,Bihar,Patna,Patna Sahib,Danapur,Ranipur,25.5275,85.1391,1130000.0,1130000.0,1130000.0,0.0,2023-12-14,2024-02-02,2024-02-21,2024-08-03,2024-07-27,Completed,100.0,AGY-WSS-05,Public Health Engineering & Water Supply Dept,2,2,True,PUBLIC DATA
MPL-2024-RA-000389,REC-2023-0389,Lok Sabha,18th Lok Sabha (2024-Present),MP-LO-17-83,Smt. Manju Meena (Hon'ble MP),"Piped Water Overhead Tank at Manoharpur, Block Sanganer",Drinking Water,Piped Water Overhead Tank,Rajasthan,Jaipur,Jaipur Rural,Sanganer,Manoharpur,26.9748,75.7463,1750000.0,1750000.0,280000.0,1470000.0,2024-03-23,2024-05-02,2024-05-29,2025-01-22,,Delayed,17.8,AGY-DRDA-04,District Rural Development Agency (DRDA),1,0,False,PUBLIC DATA
MPL-2024-UT-000390,REC-2023-0390,Lok Sabha,17th Lok Sabha (2023-24),MP-LO-17-47,Shri Ramakant Sharma (Hon'ble MP),"Solar Street Light Grid (50 poles) at Babatpur, Block Kashi Vidyapeeth",Solar & Renewable Energy,Solar Street Light Grid (50 poles),Uttar Pradesh,Varanasi,Varanasi,Kashi Vidyapeeth,Babatpur,25.2651,82.9354,860000.0,860000.0,860000.0,0.0,2024-05-25,2024-07-16,2024-08-06,2025-03-18,2025-03-26,Completed,100.0,AGY-WSS-05,Public Health Engineering & Water Supply Dept,2,5,True,PUBLIC DATA
MPL-2024-BI-000391,REC-2023-0391,Lok Sabha,17th Lok Sabha (2023-24),MP-LO-17-74,Dr. Ravi Shankar Sinha (Hon'ble MP),"RO Water Treatment Plant at Ranipur, Block Phulwari Sharif",Drinking Water,RO Water Treatment Plant,Bihar,Patna,Patna Sahib,Phulwari Sharif,Ranipur,25.6468,85.1435,970000.0,970000.0,970000.0,0.0,2024-06-06,2024-07-20,2024-08-16,2024-12-24,2024-12-28,Completed,100.0,AGY-DRDA-04,District Rural Development Agency (DRDA),3,2,True,PUBLIC DATA
MPL-2024-BI-000392,REC-2023-0392,Lok Sabha,17th Lok Sabha (2023-24),MP-LO-17-62,Dr. Ravi Shankar Sinha (Hon'ble MP),"Culvert & Drainage Bridge at Jethuli, Block Fatuha",Rural Roads & Bridges,Culvert & Drainage Bridge,Bihar,Patna,Patna Sahib,Fatuha,Jethuli,25.6646,85.0737,2550000.0,2550000.0,1088000.0,1462000.0,2023-11-26,2023-12-28,2024-01-21,2024-08-16,,Delayed,47.4,AGY-PWD-01,Public Works Department (PWD) Division I,2,0,False,PUBLIC DATA
MPL-2024-MA-000393,REC-2023-0393,Lok Sabha,17th Lok Sabha (2023-24),MP-LO-17-86,Shri Naresh Rao (Hon'ble MP),"Senior Citizen Recreation Shed at Vashind, Block Kalyan",Community Infrastructure,Senior Citizen Recreation Shed,Maharashtra,Thane,Thane,Kalyan,Vashind,19.1611,72.9987,3340000.0,3340000.0,2873000.0,467000.0,2024-03-21,2024-04-20,2024-05-11,2024-09-26,,Ongoing,81.2,AGY-WSS-05,Public Health Engineering & Water Supply Dept,1,1,False,PUBLIC DATA
MPL-2024-MA-000394,REC-2023-0394,Lok Sabha,18th Lok Sabha (2024-Present),MP-LO-17-25,Shri Naresh Rao (Hon'ble MP),"CC Road Construction at Saralgaon, Block Ambernath",Rural Roads & Bridges,CC Road Construction,Maharashtra,Thane,Thane,Ambernath,Saralgaon,19.2063,72.9151,3760000.0,3760000.0,3760000.0,0.0,2024-01-19,2024-03-09,2024-03-27,2024-11-20,2024-12-25,Completed,100.0,AGY-ZP-03,Zila Parishad Rural Infrastructure Cell,2,2,True,PUBLIC DATA
MPL-2024-KA-000395,REC-2023-0395,Lok Sabha,17th Lok Sabha (2023-24),MP-LO-17-95,Shri K. Venkatesh (Hon'ble MP),"Panchayat Community Hall at Doddaballapur Rd, Block Anekal",Community Infrastructure,Panchayat Community Hall,Karnataka,Bengaluru Urban,Bangalore North,Anekal,Doddaballapur Rd,12.9367,77.6013,1050000.0,1050000.0,1050000.0,0.0,2024-02-29,2024-04-19,2024-05-11,2024-12-05,2024-12-25,Completed,100.0,AGY-RWD-02,Rural Works Department (RWD) Engineering Wing,2,2,False,PUBLIC DATA
MPL-2024-WE-000396,REC-2023-0396,Lok Sabha,18th Lok Sabha (2024-Present),MP-LO-17-64,Smt. Mahua Mitra (Hon'ble MP),"School Science Laboratory at Mayapur, Block Nabadwip",Education & Classrooms,School Science Laboratory,West Bengal,Nadia,Krishnanagar,Nabadwip,Mayapur,23.4774,88.5611,1730000.0,1730000.0,1730000.0,0.0,2023-09-29,2023-11-05,2023-12-03,2024-07-27,2024-08-08,Completed,100.0,AGY-WSS-05,Public Health Engineering & Water Supply Dept,2,6,True,PUBLIC DATA
MPL-2024-UT-000397,REC-2023-0397,Lok Sabha,17th Lok Sabha (2023-24),MP-LO-17-16,Shri Ramakant Sharma (Hon'ble MP),"Crematorium Shed with Amenities at Babatpur, Block Pindra",Community Infrastructure,Crematorium Shed with Amenities,Uttar Pradesh,Varanasi,Varanasi,Pindra,Babatpur,25.3883,82.9171,1290000.0,1290000.0,1066000.0,224000.0,2024-05-30,2024-06-19,2024-07-03,2025-01-10,,Ongoing,81.0,AGY-PWD-01,Public Works Department (PWD) Division I,2,2,False,PUBLIC DATA
MPL-2024-KA-000398,REC-2023-0398,Lok Sabha,17th Lok Sabha (2023-24),MP-LO-17-86,Shri K. Venkatesh (Hon'ble MP),"Health Diagnostic Equipment at Mandur, Block K.R. Puram",Health & Sanitation,Health Diagnostic Equipment,Karnataka,Bengaluru Urban,Bangalore North,K.R. Puram,Mandur,12.9021,77.5533,900000.0,900000.0,900000.0,0.0,2023-05-02,2023-06-07,2023-06-29,2024-02-13,2024-02-11,Completed,100.0,AGY-WSS-05,Public Health Engineering & Water Supply Dept,2,3,True,PUBLIC DATA
MPL-2024-KA-000399,REC-2023-0399,Lok Sabha,17th Lok Sabha (2023-24),MP-LO-17-51,Shri K. Venkatesh (Hon'ble MP),"Culvert & Drainage Bridge at Attibele, Block K.R. Puram",Rural Roads & Bridges,Culvert & Drainage Bridge,Karnataka,Bengaluru Urban,Bangalore North,K.R. Puram,Attibele,12.9718,77.5825,2740000.0,2740000.0,828000.0,1912000.0,2023-07-06,2023-07-21,2023-08-04,2024-01-28,,Ongoing,28.3,AGY-RWD-02,Rural Works Department (RWD) Engineering Wing,1,1,False,PUBLIC DATA
MPL-2024-WE-000400,REC-2023-0400,Lok Sabha,17th Lok Sabha (2023-24),MP-LO-17-83,Smt. Mahua Mitra (Hon'ble MP),"Link Road Widening at Tehatta, Block Chapra",Rural Roads & Bridges,Link Road Widening,West Bengal,Nadia,Krishnanagar,Chapra,Tehatta,23.4172,88.5189,1700000.0,1700000.0,697000.0,1003000.0,2024-02-29,2024-03-21,2024-04-16,2024-10-21,,Ongoing,39.7,AGY-RWD-02,Rural Works Department (RWD) Engineering Wing,3,3,False,PUBLIC DATA
MPL-2024-KE-000401,REC-2023-0401,Lok Sabha,17th Lok Sabha (2023-24),MP-LO-17-63,Shri Hibi Eden (Hon'ble MP),"Piped Water Overhead Tank at Kalamassery, Block Vyttila",Drinking Water,Piped Water Overhead Tank,Kerala,Ernakulam,Ernakulam,Vyttila,Kalamassery,10.0075,76.2223,1450000.0,1450000.0,356000.0,1094000.0,2023-12-28,2024-01-17,2024-01-28,2024-08-02,,Delayed,27.3,AGY-WSS-05,Public Health Engineering & Water Supply Dept,2,2,False,PUBLIC DATA
MPL-2024-BI-000402,REC-2023-0402,Lok Sabha,17th Lok Sabha (2023-24),MP-LO-17-87,Dr. Ravi Shankar Sinha (Hon'ble MP),"High-Mast Solar Lighting Chowk at Gauri Chak, Block Danapur",Solar & Renewable Energy,High-Mast Solar Lighting Chowk,Bihar,Patna,Patna Sahib,Danapur,Gauri Chak,25.5639,85.1189,930000.0,930000.0,234000.0,696000.0,2023-06-17,2023-07-24,2023-08-05,2023-12-27,,Delayed,28.0,AGY-RWD-02,Rural Works Department (RWD) Engineering Wing,2,0,False,PUBLIC DATA
MPL-2024-KE-000403,REC-2023-0403,Lok Sabha,18th Lok Sabha (2024-Present),MP-LO-17-73,Shri Hibi Eden (Hon'ble MP),"Senior Citizen Recreation Shed at Cherai, Block Vyttila",Community Infrastructure,Senior Citizen Recreation Shed,Kerala,Ernakulam,Ernakulam,Vyttila,Cherai,10.0135,76.3483,2690000.0,2690000.0,2690000.0,0.0,2023-11-26,2023-12-24,2024-01-11,2024-07-22,2024-07-05,Completed,100.0,AGY-RWD-02,Rural Works Department (RWD) Engineering Wing,3,6,True,PUBLIC DATA
MPL-2024-WE-000404,REC-2023-0404,Lok Sabha,18th Lok Sabha (2024-Present),MP-LO-17-84,Smt. Mahua Mitra (Hon'ble MP),"Deep Borewell & Solar Pump System at Bethuadahari, Block Nabadwip",Drinking Water,Deep Borewell & Solar Pump System,West Bengal,Nadia,Krishnanagar,Nabadwip,Bethuadahari,23.3452,88.4513,1610000.0,1610000.0,746000.0,864000.0,2023-08-19,2023-09-19,2023-10-18,2024-04-15,,Ongoing,46.4,AGY-DRDA-04,District Rural Development Agency (DRDA),1,4,False,PUBLIC DATA
MPL-2024-KA-000405,REC-2023-0405,Lok Sabha,17th Lok Sabha (2023-24),MP-LO-17-17,Shri K. Venkatesh (Hon'ble MP),"CC Road Construction at Mandur, Block K.R. Puram",Rural Roads & Bridges,CC Road Construction,Karnataka,Bengaluru Urban,Bangalore North,K.R. Puram,Mandur,13.0485,77.6167,2500000.0,2500000.0,1721000.0,779000.0,2024-04-24,2024-05-21,2024-05-31,2024-12-06,,Ongoing,79.8,AGY-RWD-02,Rural Works Department (RWD) Engineering Wing,3,1,False,PUBLIC DATA
MPL-2024-WE-000406,REC-2023-0406,Rajya Sabha,17th Lok Sabha (2023-24),MP-RA-17-32,Smt. Mahua Mitra (Hon'ble MP),"Culvert & Drainage Bridge at Tehatta, Block Nakashipara",Rural Roads & Bridges,Culvert & Drainage Bridge,West Bengal,Nadia,Krishnanagar,Nakashipara,Tehatta,23.3935,88.4515,3160000.0,3160000.0,1735000.0,1425000.0,2023-07-02,2023-07-30,2023-08-09,2023-12-22,,Ongoing,54.2,AGY-DRDA-04,District Rural Development Agency (DRDA),1,2,False,PUBLIC DATA
MPL-2024-BI-000407,REC-2023-0407,Lok Sabha,18th Lok Sabha (2024-Present),MP-LO-17-76,Dr. Ravi Shankar Sinha (Hon'ble MP),"Community Public Toilet Complex at Baikatpur, Block Sampatchak",Health & Sanitation,Community Public Toilet Complex,Bihar,Patna,Patna Sahib,Sampatchak,Baikatpur,25.5709,85.2089,1000000.0,1000000.0,568000.0,432000.0,2024-03-15,2024-04-19,2024-05-08,2024-10-07,,Ongoing,50.9,AGY-RWD-02,Rural Works Department (RWD) Engineering Wing,1,4,False,PUBLIC DATA
MPL-2024-AS-000408,REC-2023-0408,Lok Sabha,18th Lok Sabha (2024-Present),MP-LO-17-71,Smt. Queen Oja (Hon'ble MP),"Health Diagnostic Equipment at Dadara, Block Kamalpur",Health & Sanitation,Health Diagnostic Equipment,Assam,Kamrup,Gauhati,Kamalpur,Dadara,26.1666,91.7973,3680000.0,3680000.0,3680000.0,0.0,2024-02-19,2024-03-31,2024-04-15,2024-11-02,2024-11-08,Completed,100.0,AGY-ZP-03,Zila Parishad Rural Infrastructure Cell,2,3,True,PUBLIC DATA
MPL-2024-WE-000409,REC-2023-0409,Lok Sabha,17th Lok Sabha (2023-24),MP-LO-17-63,Smt. Mahua Mitra (Hon'ble MP),"Rooftop Solar for Govt Hospital at Mayapur, Block Nabadwip",Solar & Renewable Energy,Rooftop Solar for Govt Hospital,West Bengal,Nadia,Krishnanagar,Nabadwip,Mayapur,23.3359,88.5743,1000000.0,1000000.0,375000.0,625000.0,2024-01-09,2024-02-13,2024-03-14,2024-08-08,,Delayed,41.7,AGY-PWD-01,Public Works Department (PWD) Division I,1,0,False,PUBLIC DATA
MPL-2024-KA-000410,REC-2023-0410,Lok Sabha,17th Lok Sabha (2023-24),MP-LO-17-88,Shri K. Venkatesh (Hon'ble MP),"Senior Citizen Recreation Shed at Attibele, Block Anekal",Community Infrastructure,Senior Citizen Recreation Shed,Karnataka,Bengaluru Urban,Bangalore North,Anekal,Attibele,12.9878,77.5156,3370000.0,3370000.0,1969000.0,1401000.0,2024-06-17,2024-07-29,2024-08-19,2025-01-28,,Ongoing,66.8,AGY-ZP-03,Zila Parishad Rural Infrastructure Cell,1,1,False,PUBLIC DATA
MPL-2024-AS-000411,REC-2023-0411,Lok Sabha,18th Lok Sabha (2024-Present),MP-LO-17-95,Smt. Queen Oja (Hon'ble MP),"Hand Pump Installation Cluster at Sualkuchi, Block Hajo",Drinking Water,Hand Pump Installation Cluster,Assam,Kamrup,Gauhati,Hajo,Sualkuchi,26.1001,91.7629,790000.0,790000.0,164000.0,626000.0,2023-05-09,2023-06-12,2023-07-09,2024-01-29,,Delayed,23.0,AGY-RWD-02,Rural Works Department (RWD) Engineering Wing,2,1,False,PUBLIC DATA
MPL-2024-KA-000412,REC-2023-0412,Rajya Sabha,17th Lok Sabha (2023-24),MP-RA-17-99,Shri K. Venkatesh (Hon'ble MP),"Crematorium Shed with Amenities at Mandur, Block Anekal",Community Infrastructure,Crematorium Shed with Amenities,Karnataka,Bengaluru Urban,Bangalore North,Anekal,Mandur,12.9658,77.6717,1000000.0,1000000.0,1000000.0,0.0,2023-07-25,2023-09-06,2023-09-22,2024-03-29,2024-04-10,Completed,100.0,AGY-ZP-03,Zila Parishad Rural Infrastructure Cell,4,2,True,PUBLIC DATA
MPL-2024-KE-000413,REC-2023-0413,Lok Sabha,18th Lok Sabha (2024-Present),MP-LO-17-61,Shri Hibi Eden (Hon'ble MP),"School Boundary Wall & Sanitation at Kalamassery, Block Muvattupuzha",Education & Classrooms,School Boundary Wall & Sanitation,Kerala,Ernakulam,Ernakulam,Muvattupuzha,Kalamassery,9.972,76.3328,1790000.0,1790000.0,1790000.0,0.0,2023-11-01,2023-12-24,2024-01-11,2024-05-10,2024-05-11,Completed,100.0,AGY-RWD-02,Rural Works Department (RWD) Engineering Wing,2,5,True,PUBLIC DATA
MPL-2024-RA-000414,REC-2023-0414,Lok Sabha,17th Lok Sabha (2023-24),MP-LO-17-26,Smt. Manju Meena (Hon'ble MP),"Link Road Widening at Achrol, Block Chaksu",Rural Roads & Bridges,Link Road Widening,Rajasthan,Jaipur,Jaipur Rural,Chaksu,Achrol,26.9844,75.8136,3470000.0,3470000.0,1299000.0,2171000.0,2024-04-05,2024-05-02,2024-05-27,2024-12-09,,Delayed,41.6,AGY-WSS-05,Public Health Engineering & Water Supply Dept,1,2,False,PUBLIC DATA
MPL-2024-WE-000415,REC-2023-0415,Lok Sabha,18th Lok Sabha (2024-Present),MP-LO-17-27,Smt. Mahua Mitra (Hon'ble MP),"RO Water Treatment Plant at Tehatta, Block Nabadwip",Drinking Water,RO Water Treatment Plant,West Bengal,Nadia,Krishnanagar,Nabadwip,Tehatta,23.3925,88.4558,1410000.0,1410000.0,1337000.0,73000.0,2023-07-23,2023-08-17,2023-09-02,2024-04-11,,Ongoing,83.5,AGY-DRDA-04,District Rural Development Agency (DRDA),3,4,False,PUBLIC DATA
MPL-2024-WE-000416,REC-2023-0416,Rajya Sabha,18th Lok Sabha (2024-Present),MP-RA-17-64,Smt. Mahua Mitra (Hon'ble MP),"Additional Classroom Building at Bethuadahari, Block Nakashipara",Education & Classrooms,Additional Classroom Building,West Bengal,Nadia,Krishnanagar,Nakashipara,Bethuadahari,23.4569,88.5394,2560000.0,2560000.0,2560000.0,0.0,2024-01-06,2024-01-31,2024-02-24,2024-10-19,2024-11-11,Completed,100.0,AGY-RWD-02,Rural Works Department (RWD) Engineering Wing,4,6,False,PUBLIC DATA
MPL-2024-MA-000417,REC-2023-0417,Lok Sabha,17th Lok Sabha (2023-24),MP-LO-17-93,Shri Naresh Rao (Hon'ble MP),"Community Public Toilet Complex at Vashind, Block Murbad",Health & Sanitation,Community Public Toilet Complex,Maharashtra,Thane,Thane,Murbad,Vashind,19.1995,72.9813,1960000.0,1960000.0,418000.0,1542000.0,2023-11-10,2023-12-02,2023-12-20,2024-05-23,,Delayed,23.7,AGY-DRDA-04,District Rural Development Agency (DRDA),2,1,False,PUBLIC DATA
MPL-2024-RA-000418,REC-2023-0418,Lok Sabha,17th Lok Sabha (2023-24),MP-LO-17-22,Smt. Manju Meena (Hon'ble MP),"School Boundary Wall & Sanitation at Kukas, Block Sanganer",Education & Classrooms,School Boundary Wall & Sanitation,Rajasthan,Jaipur,Jaipur Rural,Sanganer,Kukas,26.9872,75.8403,4350000.0,4350000.0,3061000.0,1289000.0,2023-09-28,2023-11-10,2023-11-23,2024-07-09,,Ongoing,81.6,AGY-WSS-05,Public Health Engineering & Water Supply Dept,3,1,False,PUBLIC DATA
MPL-2024-RA-000419,REC-2023-0419,Lok Sabha,17th Lok Sabha (2023-24),MP-LO-17-10,Smt. Manju Meena (Hon'ble MP),"Hand Pump Installation Cluster at Manoharpur, Block Sanganer",Drinking Water,Hand Pump Installation Cluster,Rajasthan,Jaipur,Jaipur Rural,Sanganer,Manoharpur,26.9324,75.8549,2610000.0,2610000.0,989000.0,1621000.0,2024-02-07,2024-02-28,2024-03-15,2024-10-12,,Delayed,42.1,AGY-RWD-02,Rural Works Department (RWD) Engineering Wing,2,0,False,PUBLIC DATA
MPL-2024-BI-000420,REC-2023-0420,Lok Sabha,17th Lok Sabha (2023-24),MP-LO-17-83,Dr. Ravi Shankar Sinha (Hon'ble MP),"School Boundary Wall & Sanitation at Jethuli, Block Bakhtiarpur",Education & Classrooms,School Boundary Wall & Sanitation,Bihar,Patna,Patna Sahib,Bakhtiarpur,Jethuli,25.5422,85.1353,1260000.0,1260000.0,1260000.0,0.0,2023-05-21,2023-06-18,2023-07-06,2024-01-31,2024-02-17,Completed,100.0,AGY-DRDA-04,District Rural Development Agency (DRDA),3,2,True,PUBLIC DATA
MPL-2024-KA-000421,REC-2023-0421,Rajya Sabha,17th Lok Sabha (2023-24),MP-RA-17-99,Shri K. Venkatesh (Hon'ble MP),"Primary Health Sub-Centre Building at Hesaraghatta, Block K.R. Puram",Health & Sanitation,Primary Health Sub-Centre Building,Karnataka,Bengaluru Urban,Bangalore North,K.R. Puram,Hesaraghatta,12.9698,77.5595,1630000.0,1630000.0,1018000.0,612000.0,2023-11-03,2023-12-23,2024-01-04,2024-08-06,,Ongoing,72.2,AGY-PWD-01,Public Works Department (PWD) Division I,1,3,False,PUBLIC DATA
MPL-2024-MA-000422,REC-2023-0422,Lok Sabha,18th Lok Sabha (2024-Present),MP-LO-17-78,Shri Naresh Rao (Hon'ble MP),"RO Water Treatment Plant at Khadavali, Block Murbad",Drinking Water,RO Water Treatment Plant,Maharashtra,Thane,Thane,Murbad,Khadavali,19.2227,72.9941,960000.0,960000.0,499000.0,461000.0,2023-06-28,2023-07-19,2023-08-13,2024-02-03,,Delayed,57.7,AGY-PWD-01,Public Works Department (PWD) Division I,2,2,False,PUBLIC DATA
MPL-2024-AS-000423,REC-2023-0423,Lok Sabha,17th Lok Sabha (2023-24),MP-LO-17-33,Smt. Queen Oja (Hon'ble MP),"Additional Classroom Building at Boko, Block Chaygaon",Education & Classrooms,Additional Classroom Building,Assam,Kamrup,Gauhati,Chaygaon,Boko,26.0756,91.6912,1150000.0,1150000.0,1150000.0,0.0,2023-07-05,2023-09-02,2023-09-28,2024-04-30,2024-04-24,Completed,100.0,AGY-DRDA-04,District Rural Development Agency (DRDA),2,2,True,PUBLIC DATA
MPL-2024-RA-000424,REC-2023-0424,Lok Sabha,18th Lok Sabha (2024-Present),MP-LO-17-21,Smt. Manju Meena (Hon'ble MP),"Senior Citizen Recreation Shed at Bassi, Block Shahpura",Community Infrastructure,Senior Citizen Recreation Shed,Rajasthan,Jaipur,Jaipur Rural,Shahpura,Bassi,26.8912,75.7537,1710000.0,1710000.0,608000.0,1102000.0,2023-05-12,2023-06-02,2023-06-22,2023-12-21,,Ongoing,38.7,AGY-ZP-03,Zila Parishad Rural Infrastructure Cell,1,3,False,PUBLIC DATA
MPL-2024-MA-000425,REC-2023-0425,Lok Sabha,17th Lok Sabha (2023-24),MP-LO-17-57,Shri Naresh Rao (Hon'ble MP),"RO Water Treatment Plant at Khadavali, Block Shahapur",Drinking Water,RO Water Treatment Plant,Maharashtra,Thane,Thane,Shahapur,Khadavali,19.1621,73.0456,1890000.0,1890000.0,1890000.0,0.0,2023-05-27,2023-06-22,2023-07-10,2024-01-29,2024-02-23,Completed,100.0,AGY-PWD-01,Public Works Department (PWD) Division I,4,6,True,PUBLIC DATA
MPL-2024-AS-000426,REC-2023-0426,Lok Sabha,17th Lok Sabha (2023-24),MP-LO-17-13,Smt. Queen Oja (Hon'ble MP),"Hand Pump Installation Cluster at Dadara, Block Rangia",Drinking Water,Hand Pump Installation Cluster,Assam,Kamrup,Gauhati,Rangia,Dadara,26.1773,91.8119,1940000.0,1940000.0,1413000.0,527000.0,2023-07-30,2023-09-22,2023-10-10,2024-05-21,,Ongoing,84.8,AGY-PWD-01,Public Works Department (PWD) Division I,2,3,False,PUBLIC DATA
MPL-2024-UT-000427,REC-2023-0427,Rajya Sabha,18th Lok Sabha (2024-Present),MP-RA-17-93,Shri Ramakant Sharma (Hon'ble MP),"School Boundary Wall & Sanitation at Babatpur, Block Cholapur",Education & Classrooms,School Boundary Wall & Sanitation,Uttar Pradesh,Varanasi,Varanasi,Cholapur,Babatpur,25.3052,82.9894,990000.0,990000.0,454000.0,536000.0,2023-06-17,2023-07-30,2023-08-27,2024-02-21,,Delayed,51.0,AGY-XYZ-99,XYZ Infrastructure & Construction Private Ltd,1,1,False,PUBLIC DATA
MPL-2024-KA-000428,REC-2023-0428,Lok Sabha,18th Lok Sabha (2024-Present),MP-LO-17-21,Shri K. Venkatesh (Hon'ble MP),"High-Mast Solar Lighting Chowk at Attibele, Block Bengaluru North",Solar & Renewable Energy,High-Mast Solar Lighting Chowk,Karnataka,Bengaluru Urban,Bangalore North,Bengaluru North,Attibele,12.9025,77.5288,1840000.0,1840000.0,766000.0,1074000.0,2023-12-16,2024-01-16,2024-01-29,2024-07-23,,Ongoing,40.6,AGY-WSS-05,Public Health Engineering & Water Supply Dept,2,1,False,PUBLIC DATA
MPL-2024-BI-000429,REC-2023-0429,Lok Sabha,17th Lok Sabha (2023-24),MP-LO-17-99,Dr. Ravi Shankar Sinha (Hon'ble MP),"Panchayat Community Hall at Ranipur, Block Phulwari Sharif",Community Infrastructure,Panchayat Community Hall,Bihar,Patna,Patna Sahib,Phulwari Sharif,Ranipur,25.5618,85.183,1480000.0,1480000.0,1480000.0,0.0,2023-12-10,2024-02-01,2024-02-27,2024-10-17,2024-10-03,Completed,100.0,AGY-RWD-02,Rural Works Department (RWD) Engineering Wing,2,3,True,PUBLIC DATA
MPL-2024-MA-000430,REC-2023-0430,Lok Sabha,17th Lok Sabha (2023-24),MP-LO-17-69,Shri Naresh Rao (Hon'ble MP),"CC Road Construction at Tokawade, Block Bhiwandi",Rural Roads & Bridges,CC Road Construction,Maharashtra,Thane,Thane,Bhiwandi,Tokawade,19.1906,72.9753,2250000.0,2250000.0,2250000.0,0.0,2024-03-29,2024-05-18,2024-06-11,2025-02-02,2025-01-25,Completed,100.0,AGY-DRDA-04,District Rural Development Agency (DRDA),2,2,True,PUBLIC DATA
MPL-2024-RA-000431,REC-2023-0431,Lok Sabha,17th Lok Sabha (2023-24),MP-LO-17-29,Smt. Manju Meena (Hon'ble MP),"Deep Borewell & Solar Pump System at Kukas, Block Chaksu",Drinking Water,Deep Borewell & Solar Pump System,Rajasthan,Jaipur,Jaipur Rural,Chaksu,Kukas,26.9546,75.7423,1330000.0,1330000.0,952000.0,378000.0,2023-12-15,2024-01-05,2024-01-22,2024-06-28,,Ongoing,82.4,AGY-DRDA-04,District Rural Development Agency (DRDA),1,4,False,PUBLIC DATA
MPL-2024-KE-000432,REC-2023-0432,Rajya Sabha,18th Lok Sabha (2024-Present),MP-RA-17-90,Shri Hibi Eden (Hon'ble MP),"Solar Street Light Grid (50 poles) at Cherai, Block Angamaly",Solar & Renewable Energy,Solar Street Light Grid (50 poles),Kerala,Ernakulam,Ernakulam,Angamaly,Cherai,9.981,76.3003,670000.0,670000.0,275000.0,395000.0,2024-03-09,2024-04-07,2024-05-01,2024-12-15,,Delayed,45.6,AGY-PWD-01,Public Works Department (PWD) Division I,1,1,False,PUBLIC DATA
MPL-2024-AS-000433,REC-2023-0433,Rajya Sabha,17th Lok Sabha (2023-24),MP-RA-17-84,Smt. Queen Oja (Hon'ble MP),"CC Road Construction at Puthimari, Block Rangia",Rural Roads & Bridges,CC Road Construction,Assam,Kamrup,Gauhati,Rangia,Puthimari,26.1748,91.6675,3760000.0,3760000.0,3760000.0,0.0,2024-05-17,2024-07-11,2024-08-07,2024-12-05,2024-12-28,Completed,100.0,AGY-ZP-03,Zila Parishad Rural Infrastructure Cell,2,2,True,PUBLIC DATA
MPL-2024-WE-000434,REC-2023-0434,Lok Sabha,18th Lok Sabha (2024-Present),MP-LO-17-96,Smt. Mahua Mitra (Hon'ble MP),"Crematorium Shed with Amenities at Debagram, Block Chapra",Community Infrastructure,Crematorium Shed with Amenities,West Bengal,Nadia,Krishnanagar,Chapra,Debagram,23.4035,88.5522,2440000.0,2440000.0,575000.0,1865000.0,2024-02-10,2024-03-14,2024-03-27,2024-11-09,,Ongoing,26.4,AGY-DRDA-04,District Rural Development Agency (DRDA),3,4,False,PUBLIC DATA
MPL-2024-AS-000435,REC-2023-0435,Lok Sabha,17th Lok Sabha (2023-24),MP-LO-17-73,Smt. Queen Oja (Hon'ble MP),"Culvert & Drainage Bridge at Dadara, Block Bezera",Rural Roads & Bridges,Culvert & Drainage Bridge,Assam,Kamrup,Gauhati,Bezera,Dadara,26.1864,91.7733,1880000.0,1880000.0,1880000.0,0.0,2023-07-18,2023-08-31,2023-09-10,2024-03-23,2024-04-01,Completed,100.0,AGY-WSS-05,Public Health Engineering & Water Supply Dept,4,3,True,PUBLIC DATA
MPL-2024-WE-000436,REC-2023-0436,Lok Sabha,17th Lok Sabha (2023-24),MP-LO-17-69,Smt. Mahua Mitra (Hon'ble MP),"Senior Citizen Recreation Shed at Dhubulia, Block Nakashipara",Community Infrastructure,Senior Citizen Recreation Shed,West Bengal,Nadia,Krishnanagar,Nakashipara,Dhubulia,23.4162,88.58,2380000.0,2380000.0,2380000.0,0.0,2023-08-28,2023-10-25,2023-11-09,2024-05-01,2024-05-23,Completed,100.0,AGY-ZP-03,Zila Parishad Rural Infrastructure Cell,3,6,True,PUBLIC DATA
MPL-2024-BI-000437,REC-2023-0437,Lok Sabha,17th Lok Sabha (2023-24),MP-LO-17-67,Dr. Ravi Shankar Sinha (Hon'ble MP),"RO Water Treatment Plant at Sabbalpur, Block Sampatchak",Drinking Water,RO Water Treatment Plant,Bihar,Patna,Patna Sahib,Sampatchak,Sabbalpur,25.6704,85.1648,1970000.0,1970000.0,588000.0,1382000.0,2023-08-31,2023-10-20,2023-10-30,2024-04-14,,Ongoing,28.1,AGY-RWD-02,Rural Works Department (RWD) Engineering Wing,2,2,False,PUBLIC DATA
MPL-2024-MA-000438,REC-2023-0438,Rajya Sabha,18th Lok Sabha (2024-Present),MP-RA-17-43,Shri Naresh Rao (Hon'ble MP),"RO Water Treatment Plant at Tokawade, Block Murbad",Drinking Water,RO Water Treatment Plant,Maharashtra,Thane,Thane,Murbad,Tokawade,19.2444,72.9132,1800000.0,1800000.0,662000.0,1138000.0,2024-01-29,2024-03-23,2024-04-10,2024-09-21,,Ongoing,40.2,AGY-RWD-02,Rural Works Department (RWD) Engineering Wing,2,4,False,PUBLIC DATA
MPL-2024-AS-000439,REC-2023-0439,Lok Sabha,17th Lok Sabha (2023-24),MP-LO-17-34,Smt. Queen Oja (Hon'ble MP),"Rooftop Solar for Govt Hospital at Dadara, Block Chaygaon",Solar & Renewable Energy,Rooftop Solar for Govt Hospital,Assam,Kamrup,Gauhati,Chaygaon,Dadara,26.1783,91.7042,810000.0,810000.0,810000.0,0.0,2024-01-16,2024-02-25,2024-03-18,2024-08-10,2024-08-01,Completed,100.0,AGY-WSS-05,Public Health Engineering & Water Supply Dept,2,5,True,PUBLIC DATA
MPL-2024-KA-000440,REC-2023-0440,Rajya Sabha,17th Lok Sabha (2023-24),MP-RA-17-10,Shri K. Venkatesh (Hon'ble MP),"Link Road Widening at Attibele, Block K.R. Puram",Rural Roads & Bridges,Link Road Widening,Karnataka,Bengaluru Urban,Bangalore North,K.R. Puram,Attibele,13.008,77.6198,3420000.0,3420000.0,1407000.0,2013000.0,2023-05-08,2023-06-22,2023-07-11,2024-02-12,,Delayed,45.7,AGY-WSS-05,Public Health Engineering & Water Supply Dept,1,1,False,PUBLIC DATA
MPL-2024-AS-000441,REC-2023-0441,Rajya Sabha,17th Lok Sabha (2023-24),MP-RA-17-16,Smt. Queen Oja (Hon'ble MP),"Hand Pump Installation Cluster at Boko, Block Kamalpur",Drinking Water,Hand Pump Installation Cluster,Assam,Kamrup,Gauhati,Kamalpur,Boko,26.0984,91.7016,640000.0,640000.0,319000.0,321000.0,2023-12-08,2023-12-30,2024-01-16,2024-08-03,,Delayed,55.4,AGY-PWD-01,Public Works Department (PWD) Division I,2,1,False,PUBLIC DATA
MPL-2024-RA-000442,REC-2023-0442,Lok Sabha,18th Lok Sabha (2024-Present),MP-LO-17-71,Smt. Manju Meena (Hon'ble MP),"Solar Street Light Grid (50 poles) at Bassi, Block Sanganer",Solar & Renewable Energy,Solar Street Light Grid (50 poles),Rajasthan,Jaipur,Jaipur Rural,Sanganer,Bassi,26.872,75.7649,1490000.0,1490000.0,314000.0,1176000.0,2024-05-04,2024-05-28,2024-06-10,2024-12-12,,Delayed,23.4,AGY-PWD-01,Public Works Department (PWD) Division I,1,1,False,PUBLIC DATA
MPL-2024-KE-000443,REC-2023-0443,Lok Sabha,18th Lok Sabha (2024-Present),MP-LO-17-32,Shri Hibi Eden (Hon'ble MP),"Paver Block Road at Perumbavoor, Block Vyttila",Rural Roads & Bridges,Paver Block Road,Kerala,Ernakulam,Ernakulam,Vyttila,Perumbavoor,9.9704,76.236,5020000.0,5020000.0,5020000.0,0.0,2023-11-27,2023-12-12,2024-01-05,2024-07-30,2024-07-10,Completed,100.0,AGY-RWD-02,Rural Works Department (RWD) Engineering Wing,4,6,True,PUBLIC DATA
MPL-2024-RA-000444,REC-2023-0444,Rajya Sabha,18th Lok Sabha (2024-Present),MP-RA-17-81,Smt. Manju Meena (Hon'ble MP),"CC Road Construction at Bassi, Block Sanganer",Rural Roads & Bridges,CC Road Construction,Rajasthan,Jaipur,Jaipur Rural,Sanganer,Bassi,26.8463,75.7317,1950000.0,1950000.0,695000.0,1255000.0,2024-01-05,2024-02-10,2024-02-23,2024-09-01,,Ongoing,36.9,AGY-ZP-03,Zila Parishad Rural Infrastructure Cell,3,4,False,PUBLIC DATA
MPL-2024-MA-000445,REC-2023-0445,Rajya Sabha,17th Lok Sabha (2023-24),MP-RA-17-36,Shri Naresh Rao (Hon'ble MP),"Smart Digital Library Block at Khadavali, Block Bhiwandi",Education & Classrooms,Smart Digital Library Block,Maharashtra,Thane,Thane,Bhiwandi,Khadavali,19.2969,72.9099,1770000.0,1770000.0,1770000.0,0.0,2024-04-11,2024-05-19,2024-06-05,2025-01-29,2025-01-31,Completed,100.0,AGY-DRDA-04,District Rural Development Agency (DRDA),3,5,False,PUBLIC DATA
MPL-2024-MA-000446,REC-2023-0446,Lok Sabha,17th Lok Sabha (2023-24),MP-LO-17-50,Shri Naresh Rao (Hon'ble MP),"Village Waste Segregation Shed at Tokawade, Block Murbad",Health & Sanitation,Village Waste Segregation Shed,Maharashtra,Thane,Thane,Murbad,Tokawade,19.2496,73.0403,840000.0,840000.0,840000.0,0.0,2023-09-30,2023-10-23,2023-11-19,2024-06-18,2024-07-21,Completed,100.0,AGY-PWD-01,Public Works Department (PWD) Division I,4,6,False,PUBLIC DATA
MPL-2024-KE-000447,REC-2023-0447,Lok Sabha,17th Lok Sabha (2023-24),MP-LO-17-98,Shri Hibi Eden (Hon'ble MP),"Paver Block Road at Perumbavoor, Block Aluva",Rural Roads & Bridges,Paver Block Road,Kerala,Ernakulam,Ernakulam,Aluva,Perumbavoor,9.9163,76.3056,3140000.0,3140000.0,3140000.0,0.0,2024-02-23,2024-03-13,2024-04-10,2024-08-29,2024-09-29,Completed,100.0,AGY-PWD-01,Public Works Department (PWD) Division I,2,4,True,PUBLIC DATA
MPL-2024-BI-000448,REC-2023-0448,Lok Sabha,17th Lok Sabha (2023-24),MP-LO-17-62,Dr. Ravi Shankar Sinha (Hon'ble MP),"Community Public Toilet Complex at Sabbalpur, Block Sampatchak",Health & Sanitation,Community Public Toilet Complex,Bihar,Patna,Patna Sahib,Sampatchak,Sabbalpur,25.5336,85.1645,2280000.0,2280000.0,2280000.0,0.0,2024-04-18,2024-05-06,2024-05-22,2025-01-11,2024-12-27,Completed,100.0,AGY-DRDA-04,District Rural Development Agency (DRDA),3,6,True,PUBLIC DATA
MPL-2024-RA-000449,REC-2023-0449,Lok Sabha,17th Lok Sabha (2023-24),MP-LO-17-15,Smt. Manju Meena (Hon'ble MP),"Solar Street Light Grid (50 poles) at Achrol, Block Kotputli",Solar & Renewable Energy,Solar Street Light Grid (50 poles),Rajasthan,Jaipur,Jaipur Rural,Kotputli,Achrol,26.9789,75.7941,1470000.0,1470000.0,939000.0,531000.0,2024-03-23,2024-05-17,2024-06-09,2025-01-12,,Ongoing,55.7,AGY-RWD-02,Rural Works Department (RWD) Engineering Wing,1,2,False,PUBLIC DATA
MPL-2024-AS-000450,REC-2023-0450,Lok Sabha,17th Lok Sabha (2023-24),MP-LO-17-32,Smt. Queen Oja (Hon'ble MP),"Solar Street Light Grid (50 poles) at Mirza, Block Kamalpur",Solar & Renewable Energy,Solar Street Light Grid (50 poles),Assam,Kamrup,Gauhati,Kamalpur,Mirza,26.216,91.7308,1010000.0,1010000.0,512000.0,498000.0,2023-05-11,2023-06-16,2023-07-10,2023-12-03,,Ongoing,55.2,AGY-DRDA-04,District Rural Development Agency (DRDA),2,3,False,PUBLIC DATA
MPL-2024-UT-000451,REC-2023-0451,Lok Sabha,18th Lok Sabha (2024-Present),MP-LO-17-39,Shri Ramakant Sharma (Hon'ble MP),"Hand Pump Installation Cluster at Rampur, Block Arajiline",Drinking Water,Hand Pump Installation Cluster,Uttar Pradesh,Varanasi,Varanasi,Arajiline,Rampur,25.3593,82.9288,2010000.0,2010000.0,2010000.0,0.0,2023-08-14,2023-09-05,2023-10-02,2024-05-27,2024-05-31,Completed,100.0,AGY-ZP-03,Zila Parishad Rural Infrastructure Cell,3,6,True,PUBLIC DATA
MPL-2024-UT-000452,REC-2023-0452,Lok Sabha,18th Lok Sabha (2024-Present),MP-LO-17-88,Shri Ramakant Sharma (Hon'ble MP),"School Boundary Wall & Sanitation at Tikari, Block Arajiline",Education & Classrooms,School Boundary Wall & Sanitation,Uttar Pradesh,Varanasi,Varanasi,Arajiline,Tikari,25.2525,82.9834,2140000.0,2140000.0,433000.0,1707000.0,2023-05-02,2023-06-24,2023-07-08,2024-02-25,,Delayed,22.5,AGY-PWD-01,Public Works Department (PWD) Division I,2,1,False,PUBLIC DATA
MPL-2024-KA-000453,REC-2023-0453,Lok Sabha,17th Lok Sabha (2023-24),MP-LO-17-74,Shri K. Venkatesh (Hon'ble MP),"RO Water Treatment Plant at Doddaballapur Rd, Block Anekal",Drinking Water,RO Water Treatment Plant,Karnataka,Bengaluru Urban,Bangalore North,Anekal,Doddaballapur Rd,12.9961,77.6506,1200000.0,1200000.0,355000.0,845000.0,2023-05-21,2023-06-17,2023-07-09,2023-11-06,,Ongoing,27.5,AGY-RWD-02,Rural Works Department (RWD) Engineering Wing,3,3,False,PUBLIC DATA
MPL-2024-KA-000454,REC-2023-0454,Lok Sabha,17th Lok Sabha (2023-24),MP-LO-17-40,Shri K. Venkatesh (Hon'ble MP),"Deep Borewell & Solar Pump System at Doddaballapur Rd, Block K.R. Puram",Drinking Water,Deep Borewell & Solar Pump System,Karnataka,Bengaluru Urban,Bangalore North,K.R. Puram,Doddaballapur Rd,13.0122,77.5749,1590000.0,1590000.0,1590000.0,0.0,2024-02-15,2024-04-01,2024-04-20,2024-10-31,2024-11-10,Completed,100.0,AGY-PWD-01,Public Works Department (PWD) Division I,3,5,True,PUBLIC DATA
MPL-2024-UT-000455,REC-2023-0455,Rajya Sabha,17th Lok Sabha (2023-24),MP-RA-17-67,Shri Ramakant Sharma (Hon'ble MP),"School Boundary Wall & Sanitation at Tikari, Block Cholapur",Education & Classrooms,School Boundary Wall & Sanitation,Uttar Pradesh,Varanasi,Varanasi,Cholapur,Tikari,25.2481,82.9983,2560000.0,2560000.0,1195000.0,1365000.0,2023-05-04,2023-07-01,2023-07-18,2024-02-20,,Ongoing,42.6,AGY-WSS-05,Public Health Engineering & Water Supply Dept,3,1,False,PUBLIC DATA
MPL-2024-KE-000456,REC-2023-0456,Lok Sabha,17th Lok Sabha (2023-24),MP-LO-17-10,Shri Hibi Eden (Hon'ble MP),"High-Mast Solar Lighting Chowk at Perumbavoor, Block Vyttila",Solar & Renewable Energy,High-Mast Solar Lighting Chowk,Kerala,Ernakulam,Ernakulam,Vyttila,Perumbavoor,9.994,76.2481,1160000.0,1160000.0,596000.0,564000.0,2023-10-02,2023-11-02,2023-11-20,2024-05-18,,Ongoing,47.5,AGY-DRDA-04,District Rural Development Agency (DRDA),3,1,False,PUBLIC DATA
MPL-2024-AS-000457,REC-2023-0457,Lok Sabha,17th Lok Sabha (2023-24),MP-LO-17-26,Smt. Queen Oja (Hon'ble MP),"Link Road Widening at Sualkuchi, Block Rangia",Rural Roads & Bridges,Link Road Widening,Assam,Kamrup,Gauhati,Rangia,Sualkuchi,26.0922,91.773,3520000.0,3520000.0,3520000.0,0.0,2024-04-20,2024-06-14,2024-07-03,2024-11-19,2024-11-20,Completed,100.0,AGY-XYZ-99,XYZ Infrastructure & Construction Private Ltd,3,2,True,PUBLIC DATA
MPL-2024-RA-000458,REC-2023-0458,Lok Sabha,17th Lok Sabha (2023-24),MP-LO-17-74,Smt. Manju Meena (Hon'ble MP),"Primary Health Sub-Centre Building at Nayla, Block Kotputli",Health & Sanitation,Primary Health Sub-Centre Building,Rajasthan,Jaipur,Jaipur Rural,Kotputli,Nayla,26.8931,75.8096,820000.0,820000.0,820000.0,0.0,2023-06-04,2023-07-29,2023-08-12,2024-03-20,2024-04-17,Completed,100.0,AGY-DRDA-04,District Rural Development Agency (DRDA),3,3,True,PUBLIC DATA
MPL-2024-AS-000459,REC-2023-0459,Lok Sabha,17th Lok Sabha (2023-24),MP-LO-17-50,Smt. Queen Oja (Hon'ble MP),"Piped Water Overhead Tank at Dadara, Block Hajo",Drinking Water,Piped Water Overhead Tank,Assam,Kamrup,Gauhati,Hajo,Dadara,26.1989,91.689,1980000.0,1980000.0,1980000.0,0.0,2024-03-02,2024-04-29,2024-05-14,2024-12-25,2025-02-01,Completed,100.0,AGY-RWD-02,Rural Works Department (RWD) Engineering Wing,3,3,True,PUBLIC DATA
MPL-2024-MA-000460,REC-2023-0460,Lok Sabha,17th Lok Sabha (2023-24),MP-LO-17-41,Shri Naresh Rao (Hon'ble MP),"Hand Pump Installation Cluster at Khadavali, Block Murbad",Drinking Water,Hand Pump Installation Cluster,Maharashtra,Thane,Thane,Murbad,Khadavali,19.2525,73.0381,940000.0,940000.0,825000.0,115000.0,2023-09-04,2023-09-23,2023-10-10,2024-02-17,,Ongoing,76.9,AGY-PWD-01,Public Works Department (PWD) Division I,3,1,False,PUBLIC DATA
MPL-2024-KA-000461,REC-2023-0461,Lok Sabha,17th Lok Sabha (2023-24),MP-LO-17-90,Shri K. Venkatesh (Hon'ble MP),"Culvert & Drainage Bridge at Singanayakanahalli, Block Bengaluru North",Rural Roads & Bridges,Culvert & Drainage Bridge,Karnataka,Bengaluru Urban,Bangalore North,Bengaluru North,Singanayakanahalli,12.9906,77.5877,3320000.0,3320000.0,989000.0,2331000.0,2024-05-05,2024-05-26,2024-06-15,2024-10-15,,Delayed,33.1,AGY-RWD-02,Rural Works Department (RWD) Engineering Wing,2,2,False,PUBLIC DATA
MPL-2024-RA-000462,REC-2023-0462,Lok Sabha,17th Lok Sabha (2023-24),MP-LO-17-87,Smt. Manju Meena (Hon'ble MP),"CC Road Construction at Achrol, Block Sanganer",Rural Roads & Bridges,CC Road Construction,Rajasthan,Jaipur,Jaipur Rural,Sanganer,Achrol,26.8824,75.7299,3600000.0,3600000.0,1006000.0,2594000.0,2023-09-14,2023-10-31,2023-11-27,2024-07-11,,Ongoing,26.2,AGY-RWD-02,Rural Works Department (RWD) Engineering Wing,2,1,False,PUBLIC DATA
MPL-2024-BI-000463,REC-2023-0463,Rajya Sabha,18th Lok Sabha (2024-Present),MP-RA-17-94,Dr. Ravi Shankar Sinha (Hon'ble MP),"Culvert & Drainage Bridge at Baikatpur, Block Phulwari Sharif",Rural Roads & Bridges,Culvert & Drainage Bridge,Bihar,Patna,Patna Sahib,Phulwari Sharif,Baikatpur,25.5829,85.1037,3210000.0,3210000.0,3210000.0,0.0,2024-01-29,2024-03-10,2024-03-28,2024-10-28,2024-11-26,Completed,100.0,AGY-RWD-02,Rural Works Department (RWD) Engineering Wing,4,3,True,PUBLIC DATA
MPL-2024-BI-000464,REC-2023-0464,Lok Sabha,17th Lok Sabha (2023-24),MP-LO-17-10,Dr. Ravi Shankar Sinha (Hon'ble MP),"Rooftop Solar for Govt Hospital at Sabbalpur, Block Sampatchak",Solar & Renewable Energy,Rooftop Solar for Govt Hospital,Bihar,Patna,Patna Sahib,Sampatchak,Sabbalpur,25.5614,85.1451,1490000.0,1490000.0,599000.0,891000.0,2024-06-07,2024-07-06,2024-07-16,2024-12-15,,Ongoing,39.7,AGY-ZP-03,Zila Parishad Rural Infrastructure Cell,1,3,False,PUBLIC DATA
MPL-2024-WE-000465,REC-2023-0465,Rajya Sabha,17th Lok Sabha (2023-24),MP-RA-17-47,Smt. Mahua Mitra (Hon'ble MP),"Rooftop Solar for Govt Hospital at Tehatta, Block Krishnanagar-I",Solar & Renewable Energy,Rooftop Solar for Govt Hospital,West Bengal,Nadia,Krishnanagar,Krishnanagar-I,Tehatta,23.3605,88.5428,910000.0,910000.0,910000.0,0.0,2023-04-14,2023-06-12,2023-06-22,2023-11-11,2023-11-22,Completed,100.0,AGY-WSS-05,Public Health Engineering & Water Supply Dept,2,6,True,PUBLIC DATA
MPL-2024-KA-000466,REC-2023-0466,Lok Sabha,18th Lok Sabha (2024-Present),MP-LO-17-12,Shri K. Venkatesh (Hon'ble MP),"School Science Laboratory at Attibele, Block Bengaluru North",Education & Classrooms,School Science Laboratory,Karnataka,Bengaluru Urban,Bangalore North,Bengaluru North,Attibele,12.9683,77.661,2690000.0,2690000.0,1058000.0,1632000.0,2024-05-14,2024-06-06,2024-06-27,2025-02-16,,Delayed,43.7,AGY-ZP-03,Zila Parishad Rural Infrastructure Cell,2,2,False,PUBLIC DATA
MPL-2024-AS-000467,REC-2023-0467,Lok Sabha,18th Lok Sabha (2024-Present),MP-LO-17-73,Smt. Queen Oja (Hon'ble MP),"Panchayat Community Hall at Sualkuchi, Block Hajo",Community Infrastructure,Panchayat Community Hall,Assam,Kamrup,Gauhati,Hajo,Sualkuchi,26.1364,91.667,1540000.0,1540000.0,965000.0,575000.0,2023-05-09,2023-06-12,2023-07-02,2024-01-30,,Ongoing,65.2,AGY-ZP-03,Zila Parishad Rural Infrastructure Cell,3,2,False,PUBLIC DATA
MPL-2024-KA-000468,REC-2023-0468,Rajya Sabha,17th Lok Sabha (2023-24),MP-RA-17-82,Shri K. Venkatesh (Hon'ble MP),"Primary Health Sub-Centre Building at Attibele, Block K.R. Puram",Health & Sanitation,Primary Health Sub-Centre Building,Karnataka,Bengaluru Urban,Bangalore North,K.R. Puram,Attibele,12.9676,77.6587,1220000.0,1220000.0,905000.0,315000.0,2023-11-29,2023-12-14,2024-01-11,2024-06-08,,Ongoing,82.6,AGY-RWD-02,Rural Works Department (RWD) Engineering Wing,1,1,False,PUBLIC DATA
MPL-2024-KE-000469,REC-2023-0469,Lok Sabha,18th Lok Sabha (2024-Present),MP-LO-17-41,Shri Hibi Eden (Hon'ble MP),"Link Road Widening at Cherai, Block Aluva",Rural Roads & Bridges,Link Road Widening,Kerala,Ernakulam,Ernakulam,Aluva,Cherai,10.0462,76.3289,3740000.0,3740000.0,3740000.0,0.0,2024-05-08,2024-06-19,2024-07-08,2024-12-04,2024-12-02,Completed,100.0,AGY-RWD-02,Rural Works Department (RWD) Engineering Wing,2,2,True,PUBLIC DATA
MPL-2024-UT-000470,REC-2023-0470,Rajya Sabha,18th Lok Sabha (2024-Present),MP-RA-17-23,Shri Ramakant Sharma (Hon'ble MP),"CC Road Construction at Tikari, Block Sewapuri",Rural Roads & Bridges,CC Road Construction,Uttar Pradesh,Varanasi,Varanasi,Sewapuri,Tikari,25.3693,82.9473,2190000.0,2190000.0,1824000.0,366000.0,2023-10-23,2023-12-19,2024-01-02,2024-06-27,,Ongoing,75.1,AGY-XYZ-99,XYZ Infrastructure & Construction Private Ltd,2,4,False,PUBLIC DATA
MPL-2024-KA-000471,REC-2023-0471,Lok Sabha,17th Lok Sabha (2023-24),MP-LO-17-69,Shri K. Venkatesh (Hon'ble MP),"Deep Borewell & Solar Pump System at Attibele, Block Anekal",Drinking Water,Deep Borewell & Solar Pump System,Karnataka,Bengaluru Urban,Bangalore North,Anekal,Attibele,12.9622,77.5154,920000.0,920000.0,310000.0,610000.0,2024-03-19,2024-04-29,2024-05-23,2024-12-20,,Ongoing,37.4,AGY-RWD-02,Rural Works Department (RWD) Engineering Wing,2,3,False,PUBLIC DATA
MPL-2024-WE-000472,REC-2023-0472,Rajya Sabha,17th Lok Sabha (2023-24),MP-RA-17-95,Smt. Mahua Mitra (Hon'ble MP),"Piped Water Overhead Tank at Dhubulia, Block Chapra",Drinking Water,Piped Water Overhead Tank,West Bengal,Nadia,Krishnanagar,Chapra,Dhubulia,23.397,88.5369,1740000.0,1740000.0,287000.0,1453000.0,2024-05-03,2024-07-01,2024-07-22,2024-12-08,,Delayed,18.3,AGY-DRDA-04,District Rural Development Agency (DRDA),1,1,False,PUBLIC DATA
MPL-2024-RA-000473,REC-2023-0473,Rajya Sabha,18th Lok Sabha (2024-Present),MP-RA-17-51,Smt. Manju Meena (Hon'ble MP),"Crematorium Shed with Amenities at Bassi, Block Chaksu",Community Infrastructure,Crematorium Shed with Amenities,Rajasthan,Jaipur,Jaipur Rural,Chaksu,Bassi,26.89,75.8352,3150000.0,3150000.0,1511000.0,1639000.0,2023-10-20,2023-11-12,2023-11-23,2024-06-09,,Delayed,53.3,AGY-WSS-05,Public Health Engineering & Water Supply Dept,1,0,False,PUBLIC DATA
MPL-2024-KE-000474,REC-2023-0474,Lok Sabha,17th Lok Sabha (2023-24),MP-LO-17-17,Shri Hibi Eden (Hon'ble MP),"RO Water Treatment Plant at Perumbavoor, Block Paravur",Drinking Water,RO Water Treatment Plant,Kerala,Ernakulam,Ernakulam,Paravur,Perumbavoor,9.9033,76.2702,2410000.0,2410000.0,2036000.0,374000.0,2024-04-13,2024-05-25,2024-06-15,2024-12-03,,Ongoing,77.3,AGY-RWD-02,Rural Works Department (RWD) Engineering Wing,2,3,False,PUBLIC DATA
MPL-2024-AS-000475,REC-2023-0475,Lok Sabha,17th Lok Sabha (2023-24),MP-LO-17-78,Smt. Queen Oja (Hon'ble MP),"School Science Laboratory at Mirza, Block Hajo",Education & Classrooms,School Science Laboratory,Assam,Kamrup,Gauhati,Hajo,Mirza,26.105,91.6707,2290000.0,2290000.0,2290000.0,0.0,2024-03-06,2024-04-13,2024-04-27,2024-11-14,2024-11-03,Completed,100.0,AGY-RWD-02,Rural Works Department (RWD) Engineering Wing,4,6,False,PUBLIC DATA
MPL-2024-KA-000476,REC-2023-0476,Lok Sabha,17th Lok Sabha (2023-24),MP-LO-17-97,Shri K. Venkatesh (Hon'ble MP),"High-Mast Solar Lighting Chowk at Attibele, Block Yelahanka",Solar & Renewable Energy,High-Mast Solar Lighting Chowk,Karnataka,Bengaluru Urban,Bangalore North,Yelahanka,Attibele,12.9467,77.5778,990000.0,990000.0,158000.0,832000.0,2024-04-12,2024-05-09,2024-05-23,2024-09-21,,Delayed,17.7,AGY-ZP-03,Zila Parishad Rural Infrastructure Cell,2,2,False,PUBLIC DATA
MPL-2024-WE-000477,REC-2023-0477,Lok Sabha,17th Lok Sabha (2023-24),MP-LO-17-42,Smt. Mahua Mitra (Hon'ble MP),"Primary Health Sub-Centre Building at Bethuadahari, Block Nakashipara",Health & Sanitation,Primary Health Sub-Centre Building,West Bengal,Nadia,Krishnanagar,Nakashipara,Bethuadahari,23.3409,88.428,1190000.0,1190000.0,329000.0,861000.0,2023-08-23,2023-10-17,2023-11-09,2024-05-31,,Ongoing,27.0,AGY-WSS-05,Public Health Engineering & Water Supply Dept,2,3,False,PUBLIC DATA
MPL-2024-MA-000478,REC-2023-0478,Lok Sabha,17th Lok Sabha (2023-24),MP-LO-17-76,Shri Naresh Rao (Hon'ble MP),"Public Bus Passenger Shelter at Saralgaon, Block Shahapur",Community Infrastructure,Public Bus Passenger Shelter,Maharashtra,Thane,Thane,Shahapur,Saralgaon,19.2934,72.9601,1650000.0,1650000.0,738000.0,912000.0,2023-11-08,2023-12-02,2023-12-23,2024-06-10,,Delayed,49.7,AGY-WSS-05,Public Health Engineering & Water Supply Dept,2,0,False,PUBLIC DATA
MPL-2024-KE-000479,REC-2023-0479,Lok Sabha,17th Lok Sabha (2023-24),MP-LO-17-46,Shri Hibi Eden (Hon'ble MP),"Health Diagnostic Equipment at Kothamangalam, Block Vyttila",Health & Sanitation,Health Diagnostic Equipment,Kerala,Ernakulam,Ernakulam,Vyttila,Kothamangalam,9.9692,76.2599,2360000.0,2360000.0,2360000.0,0.0,2023-05-12,2023-06-19,2023-06-30,2024-02-22,2024-02-16,Completed,100.0,AGY-WSS-05,Public Health Engineering & Water Supply Dept,4,2,True,PUBLIC DATA
MPL-2024-RA-000480,REC-2023-0480,Lok Sabha,17th Lok Sabha (2023-24),MP-LO-17-17,Smt. Manju Meena (Hon'ble MP),"School Science Laboratory at Manoharpur, Block Chaksu",Education & Classrooms,School Science Laboratory,Rajasthan,Jaipur,Jaipur Rural,Chaksu,Manoharpur,26.8459,75.7859,2320000.0,2320000.0,1678000.0,642000.0,2023-09-04,2023-09-30,2023-10-10,2024-02-13,,Ongoing,76.1,AGY-WSS-05,Public Health Engineering & Water Supply Dept,2,1,False,PUBLIC DATA
MPL-2024-KA-000481,REC-2023-0481,Lok Sabha,17th Lok Sabha (2023-24),MP-LO-17-78,Shri K. Venkatesh (Hon'ble MP),"Health Diagnostic Equipment at Mandur, Block Yelahanka",Health & Sanitation,Health Diagnostic Equipment,Karnataka,Bengaluru Urban,Bangalore North,Yelahanka,Mandur,12.9172,77.5581,2150000.0,2150000.0,1625000.0,525000.0,2024-05-19,2024-07-04,2024-07-24,2024-11-30,,Ongoing,78.9,AGY-DRDA-04,District Rural Development Agency (DRDA),2,4,False,PUBLIC DATA
MPL-2024-WE-000482,REC-2023-0482,Rajya Sabha,18th Lok Sabha (2024-Present),MP-RA-17-57,Smt. Mahua Mitra (Hon'ble MP),"Senior Citizen Recreation Shed at Bethuadahari, Block Chapra",Community Infrastructure,Senior Citizen Recreation Shed,West Bengal,Nadia,Krishnanagar,Chapra,Bethuadahari,23.3615,88.4473,2730000.0,2730000.0,2730000.0,0.0,2023-10-22,2023-12-17,2024-01-09,2024-06-25,2024-07-07,Completed,100.0,AGY-ZP-03,Zila Parishad Rural Infrastructure Cell,4,4,True,PUBLIC DATA
MPL-2024-RA-000483,REC-2023-0483,Lok Sabha,17th Lok Sabha (2023-24),MP-LO-17-59,Smt. Manju Meena (Hon'ble MP),"Piped Water Overhead Tank at Nayla, Block Chaksu",Drinking Water,Piped Water Overhead Tank,Rajasthan,Jaipur,Jaipur Rural,Chaksu,Nayla,26.9598,75.8123,3360000.0,3360000.0,3360000.0,0.0,2024-05-10,2024-06-24,2024-07-08,2024-12-27,2024-12-13,Completed,100.0,AGY-ZP-03,Zila Parishad Rural Infrastructure Cell,4,3,True,PUBLIC DATA
MPL-2024-UT-000484,REC-2023-0484,Lok Sabha,18th Lok Sabha (2024-Present),MP-LO-17-51,Shri Ramakant Sharma (Hon'ble MP),"Primary Health Sub-Centre Building at Shivpur, Block Arajiline",Health & Sanitation,Primary Health Sub-Centre Building,Uttar Pradesh,Varanasi,Varanasi,Arajiline,Shivpur,25.3124,82.9632,2230000.0,2230000.0,2230000.0,0.0,2024-02-06,2024-03-29,2024-04-26,2024-10-21,2024-10-04,Completed,100.0,AGY-WSS-05,Public Health Engineering & Water Supply Dept,4,6,True,PUBLIC DATA
MPL-2024-AS-000485,REC-2023-0485,Lok Sabha,17th Lok Sabha (2023-24),MP-LO-17-77,Smt. Queen Oja (Hon'ble MP),"High-Mast Solar Lighting Chowk at Sualkuchi, Block Hajo",Solar & Renewable Energy,High-Mast Solar Lighting Chowk,Assam,Kamrup,Gauhati,Hajo,Sualkuchi,26.1187,91.8002,770000.0,770000.0,241000.0,529000.0,2024-05-19,2024-07-18,2024-08-04,2025-03-21,,Delayed,34.8,AGY-WSS-05,Public Health Engineering & Water Supply Dept,2,0,False,PUBLIC DATA
MPL-2024-MA-000486,REC-2023-0486,Rajya Sabha,17th Lok Sabha (2023-24),MP-RA-17-45,Shri Naresh Rao (Hon'ble MP),"Community Public Toilet Complex at Saralgaon, Block Murbad",Health & Sanitation,Community Public Toilet Complex,Maharashtra,Thane,Thane,Murbad,Saralgaon,19.2865,72.9175,2890000.0,2890000.0,2890000.0,0.0,2023-09-02,2023-09-26,2023-10-10,2024-04-23,2024-05-18,Completed,100.0,AGY-XYZ-99,XYZ Infrastructure & Construction Private Ltd,3,2,True,PUBLIC DATA
MPL-2024-AS-000487,REC-2023-0487,Lok Sabha,17th Lok Sabha (2023-24),MP-LO-17-32,Smt. Queen Oja (Hon'ble MP),"Rooftop Solar for Govt Hospital at Mirza, Block Hajo",Solar & Renewable Energy,Rooftop Solar for Govt Hospital,Assam,Kamrup,Gauhati,Hajo,Mirza,26.1271,91.6582,2270000.0,2270000.0,1408000.0,862000.0,2023-06-22,2023-07-22,2023-08-17,2023-12-20,,Ongoing,68.0,AGY-XYZ-99,XYZ Infrastructure & Construction Private Ltd,1,1,False,PUBLIC DATA
MPL-2024-WE-000488,REC-2023-0488,Lok Sabha,18th Lok Sabha (2024-Present),MP-LO-17-95,Smt. Mahua Mitra (Hon'ble MP),"Piped Water Overhead Tank at Bethuadahari, Block Nabadwip",Drinking Water,Piped Water Overhead Tank,West Bengal,Nadia,Krishnanagar,Nabadwip,Bethuadahari,23.3689,88.572,1550000.0,1550000.0,1550000.0,0.0,2024-03-01,2024-04-07,2024-05-03,2024-11-03,2024-10-20,Completed,100.0,AGY-RWD-02,Rural Works Department (RWD) Engineering Wing,2,3,True,PUBLIC DATA
MPL-2024-KE-000489,REC-2023-0489,Lok Sabha,18th Lok Sabha (2024-Present),MP-LO-17-70,Shri Hibi Eden (Hon'ble MP),"Paver Block Road at Kothamangalam, Block Vyttila",Rural Roads & Bridges,Paver Block Road,Kerala,Ernakulam,Ernakulam,Vyttila,Kothamangalam,9.9069,76.2765,1720000.0,1720000.0,1720000.0,0.0,2023-07-02,2023-08-26,2023-09-08,2024-04-30,2024-04-15,Completed,100.0,AGY-WSS-05,Public Health Engineering & Water Supply Dept,2,3,True,PUBLIC DATA
MPL-2024-RA-000490,REC-2023-0490,Lok Sabha,17th Lok Sabha (2023-24),MP-LO-17-69,Smt. Manju Meena (Hon'ble MP),"Rooftop Solar for Govt Hospital at Nayla, Block Sanganer",Solar & Renewable Energy,Rooftop Solar for Govt Hospital,Rajasthan,Jaipur,Jaipur Rural,Sanganer,Nayla,26.8568,75.8281,700000.0,700000.0,292000.0,408000.0,2023-06-18,2023-07-28,2023-08-27,2024-01-04,,Ongoing,40.2,AGY-RWD-02,Rural Works Department (RWD) Engineering Wing,3,1,False,PUBLIC DATA
MPL-2024-UT-000491,REC-2023-0491,Lok Sabha,18th Lok Sabha (2024-Present),MP-LO-17-67,Shri Ramakant Sharma (Hon'ble MP),"Paver Block Road at Chhatar, Block Sewapuri",Rural Roads & Bridges,Paver Block Road,Uttar Pradesh,Varanasi,Varanasi,Sewapuri,Chhatar,25.367,83.0435,3650000.0,3650000.0,634000.0,3016000.0,2023-10-26,2023-11-18,2023-11-29,2024-07-13,,Delayed,19.3,AGY-XYZ-99,XYZ Infrastructure & Construction Private Ltd,2,2,False,PUBLIC DATA
MPL-2024-AS-000492,REC-2023-0492,Lok Sabha,17th Lok Sabha (2023-24),MP-LO-17-21,Smt. Queen Oja (Hon'ble MP),"School Science Laboratory at Mirza, Block Hajo",Education & Classrooms,School Science Laboratory,Assam,Kamrup,Gauhati,Hajo,Mirza,26.1691,91.8066,2180000.0,2180000.0,1106000.0,1074000.0,2023-06-11,2023-08-10,2023-09-03,2024-02-03,,Ongoing,46.5,AGY-XYZ-99,XYZ Infrastructure & Construction Private Ltd,3,4,False,PUBLIC DATA
MPL-2024-MA-000493,REC-2023-0493,Lok Sabha,17th Lok Sabha (2023-24),MP-LO-17-63,Shri Naresh Rao (Hon'ble MP),"Hand Pump Installation Cluster at Vashind, Block Murbad",Drinking Water,Hand Pump Installation Cluster,Maharashtra,Thane,Thane,Murbad,Vashind,19.2399,72.9153,1820000.0,1820000.0,1820000.0,0.0,2023-09-24,2023-11-08,2023-12-08,2024-05-29,2024-06-13,Completed,100.0,AGY-DRDA-04,District Rural Development Agency (DRDA),3,3,True,PUBLIC DATA
MPL-2024-KA-000494,REC-2023-0494,Rajya Sabha,17th Lok Sabha (2023-24),MP-RA-17-27,Shri K. Venkatesh (Hon'ble MP),"Village Waste Segregation Shed at Mandur, Block Anekal",Health & Sanitation,Village Waste Segregation Shed,Karnataka,Bengaluru Urban,Bangalore North,Anekal,Mandur,13.001,77.5618,2390000.0,2390000.0,1675000.0,715000.0,2024-04-05,2024-05-20,2024-05-31,2025-01-10,,Ongoing,80.6,AGY-ZP-03,Zila Parishad Rural Infrastructure Cell,2,2,False,PUBLIC DATA
MPL-2024-UT-000495,REC-2023-0495,Lok Sabha,17th Lok Sabha (2023-24),MP-LO-17-76,Shri Ramakant Sharma (Hon'ble MP),"Rooftop Solar for Govt Hospital at Babatpur, Block Pindra",Solar & Renewable Energy,Rooftop Solar for Govt Hospital,Uttar Pradesh,Varanasi,Varanasi,Pindra,Babatpur,25.2441,82.9153,2340000.0,2340000.0,876000.0,1464000.0,2024-03-26,2024-05-18,2024-05-29,2024-11-06,,Delayed,41.6,AGY-ZP-03,Zila Parishad Rural Infrastructure Cell,1,2,False,PUBLIC DATA
MPL-2024-RA-000496,REC-2023-0496,Lok Sabha,17th Lok Sabha (2023-24),MP-LO-17-75,Smt. Manju Meena (Hon'ble MP),"High-Mast Solar Lighting Chowk at Bagru, Block Amer",Solar & Renewable Energy,High-Mast Solar Lighting Chowk,Rajasthan,Jaipur,Jaipur Rural,Amer,Bagru,26.9486,75.7241,570000.0,570000.0,570000.0,0.0,2024-06-03,2024-06-26,2024-07-16,2025-03-02,2025-02-26,Completed,100.0,AGY-PWD-01,Public Works Department (PWD) Division I,3,2,True,PUBLIC DATA
MPL-2024-RA-000497,REC-2023-0497,Lok Sabha,17th Lok Sabha (2023-24),MP-LO-17-30,Smt. Manju Meena (Hon'ble MP),"Public Bus Passenger Shelter at Manoharpur, Block Sanganer",Community Infrastructure,Public Bus Passenger Shelter,Rajasthan,Jaipur,Jaipur Rural,Sanganer,Manoharpur,26.8884,75.841,1210000.0,1210000.0,1210000.0,0.0,2023-11-05,2023-12-19,2024-01-03,2024-08-12,2024-07-24,Completed,100.0,AGY-DRDA-04,District Rural Development Agency (DRDA),4,5,True,PUBLIC DATA
MPL-2024-UT-000498,REC-2023-0498,Lok Sabha,17th Lok Sabha (2023-24),MP-LO-17-97,Shri Ramakant Sharma (Hon'ble MP),"Public Bus Passenger Shelter at Tikari, Block Kashi Vidyapeeth",Community Infrastructure,Public Bus Passenger Shelter,Uttar Pradesh,Varanasi,Varanasi,Kashi Vidyapeeth,Tikari,25.3166,82.9024,1650000.0,1650000.0,799000.0,851000.0,2024-03-29,2024-04-21,2024-05-10,2024-09-27,,Delayed,53.8,AGY-PWD-01,Public Works Department (PWD) Division I,2,2,False,PUBLIC DATA
MPL-2024-UT-000499,REC-2023-0499,Lok Sabha,17th Lok Sabha (2023-24),MP-LO-17-27,Shri Ramakant Sharma (Hon'ble MP),"Primary Health Sub-Centre Building at Badagaon, Block Pindra",Health & Sanitation,Primary Health Sub-Centre Building,Uttar Pradesh,Varanasi,Varanasi,Pindra,Badagaon,25.3724,83.0007,3080000.0,3080000.0,3080000.0,0.0,2023-11-30,2024-01-12,2024-02-07,2024-07-20,2024-08-10,Completed,100.0,AGY-RWD-02,Rural Works Department (RWD) Engineering Wing,3,2,True,PUBLIC DATA
MPL-2024-WE-000500,REC-2023-0500,Rajya Sabha,17th Lok Sabha (2023-24),MP-RA-17-34,Smt. Mahua Mitra (Hon'ble MP),"School Boundary Wall & Sanitation at Mayapur, Block Nabadwip",Education & Classrooms,School Boundary Wall & Sanitation,West Bengal,Nadia,Krishnanagar,Nabadwip,Mayapur,23.3635,88.5107,890000.0,890000.0,702000.0,188000.0,2023-09-25,2023-10-25,2023-11-14,2024-03-22,,Ongoing,76.0,AGY-RWD-02,Rural Works Department (RWD) Engineering Wing,1,3,False,PUBLIC DATA
MPL-2024-WE-000501,REC-2023-0501,Lok Sabha,17th Lok Sabha (2023-24),MP-LO-17-94,Smt. Mahua Mitra (Hon'ble MP),"Crematorium Shed with Amenities at Dhubulia, Block Krishnanagar-I",Community Infrastructure,Crematorium Shed with Amenities,West Bengal,Nadia,Krishnanagar,Krishnanagar-I,Dhubulia,23.3544,88.4941,1210000.0,1210000.0,1210000.0,0.0,2024-03-31,2024-04-21,2024-05-15,2024-12-15,2025-01-08,Completed,100.0,AGY-PWD-01,Public Works Department (PWD) Division I,4,6,True,PUBLIC DATA
MPL-2024-UT-000502,REC-2023-0502,Rajya Sabha,18th Lok Sabha (2024-Present),MP-RA-17-50,Shri Ramakant Sharma (Hon'ble MP),"Senior Citizen Recreation Shed at Badagaon, Block Sewapuri",Community Infrastructure,Senior Citizen Recreation Shed,Uttar Pradesh,Varanasi,Varanasi,Sewapuri,Badagaon,25.382,82.9009,4750000.0,4750000.0,2270000.0,2480000.0,2023-12-31,2024-02-24,2024-03-07,2024-10-01,,Delayed,53.1,AGY-ZP-03,Zila Parishad Rural Infrastructure Cell,1,1,False,PUBLIC DATA
MPL-2024-BI-000503,REC-2023-0503,Lok Sabha,18th Lok Sabha (2024-Present),MP-LO-17-81,Dr. Ravi Shankar Sinha (Hon'ble MP),"Deep Borewell & Solar Pump System at Jethuli, Block Fatuha",Drinking Water,Deep Borewell & Solar Pump System,Bihar,Patna,Patna Sahib,Fatuha,Jethuli,25.6556,85.1667,1130000.0,1130000.0,1130000.0,0.0,2024-06-14,2024-07-11,2024-07-21,2025-01-14,2024-12-29,Completed,100.0,AGY-DRDA-04,District Rural Development Agency (DRDA),2,5,False,PUBLIC DATA
MPL-2024-RA-000504,REC-2023-0504,Rajya Sabha,18th Lok Sabha (2024-Present),MP-RA-17-69,Smt. Manju Meena (Hon'ble MP),"Hand Pump Installation Cluster at Achrol, Block Kotputli",Drinking Water,Hand Pump Installation Cluster,Rajasthan,Jaipur,Jaipur Rural,Kotputli,Achrol,26.8986,75.7646,2030000.0,2030000.0,2030000.0,0.0,2023-06-04,2023-08-01,2023-08-23,2024-04-17,2024-05-13,Completed,100.0,AGY-DRDA-04,District Rural Development Agency (DRDA),4,5,True,PUBLIC DATA
MPL-2024-BI-000505,REC-2023-0505,Lok Sabha,17th Lok Sabha (2023-24),MP-LO-17-55,Dr. Ravi Shankar Sinha (Hon'ble MP),"Smart Digital Library Block at Sabbalpur, Block Bakhtiarpur",Education & Classrooms,Smart Digital Library Block,Bihar,Patna,Patna Sahib,Bakhtiarpur,Sabbalpur,25.5502,85.181,4020000.0,4020000.0,4020000.0,0.0,2023-11-28,2024-01-21,2024-02-12,2024-10-09,2024-09-30,Completed,100.0,AGY-PWD-01,Public Works Department (PWD) Division I,3,5,True,PUBLIC DATA
MPL-2024-RA-000506,REC-2023-0506,Lok Sabha,18th Lok Sabha (2024-Present),MP-LO-17-86,Smt. Manju Meena (Hon'ble MP),"Smart Digital Library Block at Bagru, Block Kotputli",Education & Classrooms,Smart Digital Library Block,Rajasthan,Jaipur,Jaipur Rural,Kotputli,Bagru,26.8573,75.7818,2940000.0,2940000.0,2940000.0,0.0,2024-04-08,2024-06-02,2024-06-24,2025-01-18,2025-01-14,Completed,100.0,AGY-ZP-03,Zila Parishad Rural Infrastructure Cell,3,4,True,PUBLIC DATA
MPL-2024-MA-000507,REC-2023-0507,Lok Sabha,17th Lok Sabha (2023-24),MP-LO-17-98,Shri Naresh Rao (Hon'ble MP),"Hand Pump Installation Cluster at Titwala, Block Kalyan",Drinking Water,Hand Pump Installation Cluster,Maharashtra,Thane,Thane,Kalyan,Titwala,19.1647,72.9831,560000.0,560000.0,560000.0,0.0,2023-12-23,2024-02-17,2024-03-03,2024-10-29,2024-11-30,Completed,100.0,AGY-XYZ-99,XYZ Infrastructure & Construction Private Ltd,4,5,True,PUBLIC DATA
MPL-2024-UT-000508,REC-2023-0508,Lok Sabha,17th Lok Sabha (2023-24),MP-LO-17-18,Shri Ramakant Sharma (Hon'ble MP),"CC Road Construction at Badagaon, Block Arajiline",Rural Roads & Bridges,CC Road Construction,Uttar Pradesh,Varanasi,Varanasi,Arajiline,Badagaon,25.3113,82.8969,2300000.0,2300000.0,2300000.0,0.0,2024-05-02,2024-06-16,2024-06-27,2025-02-06,2025-02-26,Completed,100.0,AGY-RWD-02,Rural Works Department (RWD) Engineering Wing,2,6,True,PUBLIC DATA
MPL-2024-KA-000509,REC-2023-0509,Lok Sabha,17th Lok Sabha (2023-24),MP-LO-17-81,Shri K. Venkatesh (Hon'ble MP),"Additional Classroom Building at Attibele, Block Yelahanka",Education & Classrooms,Additional Classroom Building,Karnataka,Bengaluru Urban,Bangalore North,Yelahanka,Attibele,12.9818,77.6376,2120000.0,2120000.0,2120000.0,0.0,2024-04-28,2024-06-21,2024-07-19,2024-12-05,2024-12-12,Completed,100.0,AGY-PWD-01,Public Works Department (PWD) Division I,3,3,False,PUBLIC DATA
MPL-2024-WE-000510,REC-2023-0510,Lok Sabha,17th Lok Sabha (2023-24),MP-LO-17-12,Smt. Mahua Mitra (Hon'ble MP),"Hand Pump Installation Cluster at Dhubulia, Block Nabadwip",Drinking Water,Hand Pump Installation Cluster,West Bengal,Nadia,Krishnanagar,Nabadwip,Dhubulia,23.3865,88.5728,1210000.0,1210000.0,311000.0,899000.0,2023-09-04,2023-10-15,2023-11-08,2024-03-28,,Delayed,28.6,AGY-WSS-05,Public Health Engineering & Water Supply Dept,1,1,False,PUBLIC DATA
MPL-2024-MA-000511,REC-2023-0511,Lok Sabha,18th Lok Sabha (2024-Present),MP-LO-17-17,Shri Naresh Rao (Hon'ble MP),"Primary Health Sub-Centre Building at Saralgaon, Block Murbad",Health & Sanitation,Primary Health Sub-Centre Building,Maharashtra,Thane,Thane,Murbad,Saralgaon,19.2323,73.0412,860000.0,860000.0,860000.0,0.0,2023-09-30,2023-11-18,2023-12-14,2024-07-13,2024-08-22,Completed,100.0,AGY-WSS-05,Public Health Engineering & Water Supply Dept,2,4,True,PUBLIC DATA
MPL-2024-MA-000512,REC-2023-0512,Lok Sabha,17th Lok Sabha (2023-24),MP-LO-17-48,Shri Naresh Rao (Hon'ble MP),"Solar Street Light Grid (50 poles) at Vashind, Block Kalyan",Solar & Renewable Energy,Solar Street Light Grid (50 poles),Maharashtra,Thane,Thane,Kalyan,Vashind,19.2257,73.004,1400000.0,1400000.0,1400000.0,0.0,2023-05-24,2023-06-28,2023-07-25,2024-02-26,2024-04-04,Completed,100.0,AGY-PWD-01,Public Works Department (PWD) Division I,3,6,True,PUBLIC DATA
MPL-2024-RA-000513,REC-2023-0513,Lok Sabha,18th Lok Sabha (2024-Present),MP-LO-17-60,Smt. Manju Meena (Hon'ble MP),"Crematorium Shed with Amenities at Bassi, Block Sanganer",Community Infrastructure,Crematorium Shed with Amenities,Rajasthan,Jaipur,Jaipur Rural,Sanganer,Bassi,26.8875,75.8492,1830000.0,1830000.0,1830000.0,0.0,2024-05-02,2024-05-28,2024-06-18,2024-12-31,2025-02-08,Completed,100.0,AGY-DRDA-04,District Rural Development Agency (DRDA),3,5,True,PUBLIC DATA
MPL-2024-WE-000514,REC-2023-0514,Lok Sabha,18th Lok Sabha (2024-Present),MP-LO-17-97,Smt. Mahua Mitra (Hon'ble MP),"Rooftop Solar for Govt Hospital at Mayapur, Block Nakashipara",Solar & Renewable Energy,Rooftop Solar for Govt Hospital,West Bengal,Nadia,Krishnanagar,Nakashipara,Mayapur,23.376,88.4556,1480000.0,1480000.0,1480000.0,0.0,2023-05-04,2023-05-28,2023-06-13,2023-10-13,2023-11-03,Completed,100.0,AGY-RWD-02,Rural Works Department (RWD) Engineering Wing,3,6,True,PUBLIC DATA
MPL-2024-WE-000515,REC-2023-0515,Lok Sabha,18th Lok Sabha (2024-Present),MP-LO-17-24,Smt. Mahua Mitra (Hon'ble MP),"Solar Street Light Grid (50 poles) at Debagram, Block Nabadwip",Solar & Renewable Energy,Solar Street Light Grid (50 poles),West Bengal,Nadia,Krishnanagar,Nabadwip,Debagram,23.4098,88.5227,950000.0,950000.0,541000.0,409000.0,2023-09-14,2023-11-08,2023-11-29,2024-06-27,,Ongoing,54.1,AGY-ZP-03,Zila Parishad Rural Infrastructure Cell,3,2,False,PUBLIC DATA
MPL-2024-WE-000516,REC-2023-0516,Rajya Sabha,17th Lok Sabha (2023-24),MP-RA-17-76,Smt. Mahua Mitra (Hon'ble MP),"Public Bus Passenger Shelter at Bethuadahari, Block Nabadwip",Community Infrastructure,Public Bus Passenger Shelter,West Bengal,Nadia,Krishnanagar,Nabadwip,Bethuadahari,23.3838,88.5207,1570000.0,1570000.0,455000.0,1115000.0,2024-03-13,2024-05-02,2024-05-29,2024-10-16,,Delayed,32.2,AGY-WSS-05,Public Health Engineering & Water Supply Dept,1,0,False,PUBLIC DATA
MPL-2024-AS-000517,REC-2023-0517,Rajya Sabha,17th Lok Sabha (2023-24),MP-RA-17-45,Smt. Queen Oja (Hon'ble MP),"Public Bus Passenger Shelter at Dadara, Block Hajo",Community Infrastructure,Public Bus Passenger Shelter,Assam,Kamrup,Gauhati,Hajo,Dadara,26.1765,91.7976,1210000.0,1210000.0,541000.0,669000.0,2023-09-04,2023-09-20,2023-10-01,2024-05-28,,Delayed,49.7,AGY-XYZ-99,XYZ Infrastructure & Construction Private Ltd,1,1,False,PUBLIC DATA
MPL-2024-KE-000518,REC-2023-0518,Lok Sabha,17th Lok Sabha (2023-24),MP-LO-17-75,Shri Hibi Eden (Hon'ble MP),"Link Road Widening at Perumbavoor, Block Muvattupuzha",Rural Roads & Bridges,Link Road Widening,Kerala,Ernakulam,Ernakulam,Muvattupuzha,Perumbavoor,9.936,76.2753,1610000.0,1610000.0,1610000.0,0.0,2023-11-02,2023-12-27,2024-01-06,2024-08-10,2024-07-25,Completed,100.0,AGY-RWD-02,Rural Works Department (RWD) Engineering Wing,3,2,False,PUBLIC DATA
MPL-2024-WE-000519,REC-2023-0519,Lok Sabha,17th Lok Sabha (2023-24),MP-LO-17-95,Smt. Mahua Mitra (Hon'ble MP),"Primary Health Sub-Centre Building at Dhubulia, Block Nakashipara",Health & Sanitation,Primary Health Sub-Centre Building,West Bengal,Nadia,Krishnanagar,Nakashipara,Dhubulia,23.4066,88.4322,1380000.0,1380000.0,1380000.0,0.0,2023-05-06,2023-06-19,2023-07-18,2023-11-24,2023-11-28,Completed,100.0,AGY-RWD-02,Rural Works Department (RWD) Engineering Wing,2,6,True,PUBLIC DATA
MPL-2024-BI-000520,REC-2023-0520,Lok Sabha,18th Lok Sabha (2024-Present),MP-LO-17-15,Dr. Ravi Shankar Sinha (Hon'ble MP),"Crematorium Shed with Amenities at Sabbalpur, Block Danapur",Community Infrastructure,Crematorium Shed with Amenities,Bihar,Patna,Patna Sahib,Danapur,Sabbalpur,25.6143,85.1077,1080000.0,1080000.0,1080000.0,0.0,2023-08-31,2023-09-23,2023-10-16,2024-05-10,2024-05-19,Completed,100.0,AGY-ZP-03,Zila Parishad Rural Infrastructure Cell,3,2,True,PUBLIC DATA
MPL-2024-WE-000521,REC-2023-0521,Lok Sabha,18th Lok Sabha (2024-Present),MP-LO-17-81,Smt. Mahua Mitra (Hon'ble MP),"Crematorium Shed with Amenities at Bethuadahari, Block Nakashipara",Community Infrastructure,Crematorium Shed with Amenities,West Bengal,Nadia,Krishnanagar,Nakashipara,Bethuadahari,23.3741,88.5294,1220000.0,1220000.0,1220000.0,0.0,2023-06-25,2023-08-17,2023-09-14,2024-02-04,2024-02-21,Completed,100.0,AGY-RWD-02,Rural Works Department (RWD) Engineering Wing,3,2,True,PUBLIC DATA
MPL-2024-RA-000522,REC-2023-0522,Lok Sabha,17th Lok Sabha (2023-24),MP-LO-17-33,Smt. Manju Meena (Hon'ble MP),"CC Road Construction at Bassi, Block Chaksu",Rural Roads & Bridges,CC Road Construction,Rajasthan,Jaipur,Jaipur Rural,Chaksu,Bassi,26.953,75.8254,3300000.0,3300000.0,3300000.0,0.0,2023-06-24,2023-07-15,2023-08-11,2024-02-21,2024-03-28,Completed,100.0,AGY-ZP-03,Zila Parishad Rural Infrastructure Cell,2,2,True,PUBLIC DATA
MPL-2024-RA-000523,REC-2023-0523,Lok Sabha,17th Lok Sabha (2023-24),MP-LO-17-12,Smt. Manju Meena (Hon'ble MP),"Link Road Widening at Bassi, Block Amer",Rural Roads & Bridges,Link Road Widening,Rajasthan,Jaipur,Jaipur Rural,Amer,Bassi,26.841,75.7401,3100000.0,3100000.0,1860000.0,1240000.0,2023-10-12,2023-11-11,2023-12-10,2024-07-13,,Ongoing,62.4,AGY-ZP-03,Zila Parishad Rural Infrastructure Cell,3,1,False,PUBLIC DATA
MPL-2024-KE-000524,REC-2023-0524,Lok Sabha,18th Lok Sabha (2024-Present),MP-LO-17-96,Shri Hibi Eden (Hon'ble MP),"Community Public Toilet Complex at Kothamangalam, Block Angamaly",Health & Sanitation,Community Public Toilet Complex,Kerala,Ernakulam,Ernakulam,Angamaly,Kothamangalam,9.9406,76.3167,1370000.0,1370000.0,667000.0,703000.0,2024-01-19,2024-02-11,2024-02-23,2024-08-22,,Ongoing,45.7,AGY-WSS-05,Public Health Engineering & Water Supply Dept,1,1,False,PUBLIC DATA
MPL-2024-BI-000525,REC-2023-0525,Lok Sabha,18th Lok Sabha (2024-Present),MP-LO-17-51,Dr. Ravi Shankar Sinha (Hon'ble MP),"Culvert & Drainage Bridge at Gauri Chak, Block Bakhtiarpur",Rural Roads & Bridges,Culvert & Drainage Bridge,Bihar,Patna,Patna Sahib,Bakhtiarpur,Gauri Chak,25.5939,85.1039,3540000.0,3540000.0,1146000.0,2394000.0,2023-09-29,2023-11-20,2023-12-19,2024-07-16,,Ongoing,37.4,AGY-RWD-02,Rural Works Department (RWD) Engineering Wing,1,1,False,PUBLIC DATA
MPL-2024-AS-000526,REC-2023-0526,Lok Sabha,18th Lok Sabha (2024-Present),MP-LO-17-31,Smt. Queen Oja (Hon'ble MP),"Piped Water Overhead Tank at Mirza, Block Hajo",Drinking Water,Piped Water Overhead Tank,Assam,Kamrup,Gauhati,Hajo,Mirza,26.136,91.7209,1090000.0,1090000.0,1090000.0,0.0,2023-06-23,2023-07-18,2023-08-03,2024-02-11,2024-02-03,Completed,100.0,AGY-WSS-05,Public Health Engineering & Water Supply Dept,3,3,True,PUBLIC DATA
MPL-2024-KA-000527,REC-2023-0527,Lok Sabha,18th Lok Sabha (2024-Present),MP-LO-17-80,Shri K. Venkatesh (Hon'ble MP),"School Science Laboratory at Mandur, Block K.R. Puram",Education & Classrooms,School Science Laboratory,Karnataka,Bengaluru Urban,Bangalore North,K.R. Puram,Mandur,12.9028,77.6567,1410000.0,1410000.0,1410000.0,0.0,2023-08-26,2023-10-21,2023-11-10,2024-04-19,2024-04-13,Completed,100.0,AGY-RWD-02,Rural Works Department (RWD) Engineering Wing,4,6,True,PUBLIC DATA
MPL-2024-WE-000528,REC-2023-0528,Lok Sabha,18th Lok Sabha (2024-Present),MP-LO-17-76,Smt. Mahua Mitra (Hon'ble MP),"Senior Citizen Recreation Shed at Bethuadahari, Block Chapra",Community Infrastructure,Senior Citizen Recreation Shed,West Bengal,Nadia,Krishnanagar,Chapra,Bethuadahari,23.3307,88.4827,2510000.0,2510000.0,2510000.0,0.0,2023-07-23,2023-08-07,2023-08-26,2024-03-03,2024-03-11,Completed,100.0,AGY-ZP-03,Zila Parishad Rural Infrastructure Cell,4,4,False,PUBLIC DATA
MPL-2024-WE-000529,REC-2023-0529,Lok Sabha,18th Lok Sabha (2024-Present),MP-LO-17-83,Smt. Mahua Mitra (Hon'ble MP),"Smart Digital Library Block at Bethuadahari, Block Krishnanagar-I",Education & Classrooms,Smart Digital Library Block,West Bengal,Nadia,Krishnanagar,Krishnanagar-I,Bethuadahari,23.3621,88.4559,4660000.0,4660000.0,1137000.0,3523000.0,2023-04-27,2023-05-13,2023-05-24,2023-09-26,,Delayed,27.1,AGY-RWD-02,Rural Works Department (RWD) Engineering Wing,2,0,False,PUBLIC DATA
MPL-2024-AS-000530,REC-2023-0530,Lok Sabha,17th Lok Sabha (2023-24),MP-LO-17-65,Smt. Queen Oja (Hon'ble MP),"Hand Pump Installation Cluster at Puthimari, Block Chaygaon",Drinking Water,Hand Pump Installation Cluster,Assam,Kamrup,Gauhati,Chaygaon,Puthimari,26.202,91.771,1810000.0,1810000.0,961000.0,849000.0,2024-04-19,2024-05-10,2024-05-30,2024-10-07,,Ongoing,51.0,AGY-ZP-03,Zila Parishad Rural Infrastructure Cell,2,2,False,PUBLIC DATA
MPL-2024-RA-000531,REC-2023-0531,Lok Sabha,17th Lok Sabha (2023-24),MP-LO-17-18,Smt. Manju Meena (Hon'ble MP),"Solar Street Light Grid (50 poles) at Manoharpur, Block Sanganer",Solar & Renewable Energy,Solar Street Light Grid (50 poles),Rajasthan,Jaipur,Jaipur Rural,Sanganer,Manoharpur,26.9638,75.7937,1240000.0,1240000.0,1240000.0,0.0,2023-08-08,2023-09-10,2023-10-08,2024-05-23,2024-05-07,Completed,100.0,AGY-ZP-03,Zila Parishad Rural Infrastructure Cell,2,3,True,PUBLIC DATA
MPL-2024-BI-000532,REC-2023-0532,Lok Sabha,17th Lok Sabha (2023-24),MP-LO-17-28,Dr. Ravi Shankar Sinha (Hon'ble MP),"Public Bus Passenger Shelter at Jethuli, Block Phulwari Sharif",Community Infrastructure,Public Bus Passenger Shelter,Bihar,Patna,Patna Sahib,Phulwari Sharif,Jethuli,25.648,85.0819,1160000.0,1160000.0,837000.0,323000.0,2024-02-05,2024-03-05,2024-03-30,2024-08-21,,Ongoing,83.9,AGY-WSS-05,Public Health Engineering & Water Supply Dept,3,1,False,PUBLIC DATA
MPL-2024-MA-000533,REC-2023-0533,Lok Sabha,17th Lok Sabha (2023-24),MP-LO-17-20,Shri Naresh Rao (Hon'ble MP),"Link Road Widening at Tokawade, Block Ambernath",Rural Roads & Bridges,Link Road Widening,Maharashtra,Thane,Thane,Ambernath,Tokawade,19.2021,72.9995,2950000.0,2950000.0,2950000.0,0.0,2024-04-29,2024-06-06,2024-06-29,2025-01-26,2025-01-24,Completed,100.0,AGY-DRDA-04,District Rural Development Agency (DRDA),2,6,True,PUBLIC DATA
MPL-2024-UT-000534,REC-2023-0534,Lok Sabha,18th Lok Sabha (2024-Present),MP-LO-17-71,Shri Ramakant Sharma (Hon'ble MP),"Primary Health Sub-Centre Building at Harahua, Block Pindra",Health & Sanitation,Primary Health Sub-Centre Building,Uttar Pradesh,Varanasi,Varanasi,Pindra,Harahua,25.2581,82.9857,2160000.0,2160000.0,2160000.0,0.0,2023-08-01,2023-08-22,2023-09-15,2024-02-29,2024-02-10,Completed,100.0,AGY-XYZ-99,XYZ Infrastructure & Construction Private Ltd,2,2,True,PUBLIC DATA
MPL-2024-WE-000535,REC-2023-0535,Lok Sabha,18th Lok Sabha (2024-Present),MP-LO-17-71,Smt. Mahua Mitra (Hon'ble MP),"School Boundary Wall & Sanitation at Bethuadahari, Block Krishnanagar-I",Education & Classrooms,School Boundary Wall & Sanitation,West Bengal,Nadia,Krishnanagar,Krishnanagar-I,Bethuadahari,23.3535,88.5625,2890000.0,2890000.0,1105000.0,1785000.0,2024-06-22,2024-07-16,2024-08-15,2025-02-16,,Delayed,42.5,AGY-PWD-01,Public Works Department (PWD) Division I,2,0,False,PUBLIC DATA
MPL-2024-MA-000536,REC-2023-0536,Lok Sabha,17th Lok Sabha (2023-24),MP-LO-17-81,Shri Naresh Rao (Hon'ble MP),"Additional Classroom Building at Vashind, Block Kalyan",Education & Classrooms,Additional Classroom Building,Maharashtra,Thane,Thane,Kalyan,Vashind,19.1868,72.9001,960000.0,960000.0,725000.0,235000.0,2023-07-28,2023-08-31,2023-09-16,2024-02-17,,Ongoing,67.2,AGY-DRDA-04,District Rural Development Agency (DRDA),2,3,False,PUBLIC DATA
MPL-2024-KE-000537,REC-2023-0537,Rajya Sabha,18th Lok Sabha (2024-Present),MP-RA-17-47,Shri Hibi Eden (Hon'ble MP),"RO Water Treatment Plant at Kothamangalam, Block Paravur",Drinking Water,RO Water Treatment Plant,Kerala,Ernakulam,Ernakulam,Paravur,Kothamangalam,10.0176,76.2849,2070000.0,2070000.0,975000.0,1095000.0,2024-03-25,2024-05-11,2024-06-10,2025-02-05,,Ongoing,45.5,AGY-PWD-01,Public Works Department (PWD) Division I,1,2,False,PUBLIC DATA
MPL-2024-KE-000538,REC-2023-0538,Rajya Sabha,18th Lok Sabha (2024-Present),MP-RA-17-65,Shri Hibi Eden (Hon'ble MP),"Community Public Toilet Complex at Cherai, Block Paravur",Health & Sanitation,Community Public Toilet Complex,Kerala,Ernakulam,Ernakulam,Paravur,Cherai,10.0284,76.3297,880000.0,880000.0,456000.0,424000.0,2023-12-17,2024-01-24,2024-02-16,2024-06-20,,Ongoing,45.6,AGY-WSS-05,Public Health Engineering & Water Supply Dept,3,4,False,PUBLIC DATA
MPL-2024-KE-000539,REC-2023-0539,Rajya Sabha,18th Lok Sabha (2024-Present),MP-RA-17-74,Shri Hibi Eden (Hon'ble MP),"High-Mast Solar Lighting Chowk at Kalamassery, Block Vyttila",Solar & Renewable Energy,High-Mast Solar Lighting Chowk,Kerala,Ernakulam,Ernakulam,Vyttila,Kalamassery,10.0177,76.2665,1320000.0,1320000.0,1320000.0,0.0,2024-05-13,2024-06-21,2024-07-05,2024-12-02,2025-01-09,Completed,100.0,AGY-DRDA-04,District Rural Development Agency (DRDA),4,2,True,PUBLIC DATA
MPL-2024-KE-000540,REC-2023-0540,Rajya Sabha,17th Lok Sabha (2023-24),MP-RA-17-28,Shri Hibi Eden (Hon'ble MP),"CC Road Construction at Kothamangalam, Block Paravur",Rural Roads & Bridges,CC Road Construction,Kerala,Ernakulam,Ernakulam,Paravur,Kothamangalam,10.0062,76.3199,4980000.0,4980000.0,4980000.0,0.0,2024-03-09,2024-04-03,2024-04-19,2024-09-02,2024-09-26,Completed,100.0,AGY-PWD-01,Public Works Department (PWD) Division I,2,3,False,PUBLIC DATA
MPL-2024-WE-000541,REC-2023-0541,Lok Sabha,17th Lok Sabha (2023-24),MP-LO-17-99,Smt. Mahua Mitra (Hon'ble MP),"Additional Classroom Building at Bethuadahari, Block Nabadwip",Education & Classrooms,Additional Classroom Building,West Bengal,Nadia,Krishnanagar,Nabadwip,Bethuadahari,23.4446,88.4294,2880000.0,2880000.0,2880000.0,0.0,2024-02-28,2024-03-22,2024-04-20,2024-12-08,2024-11-27,Completed,100.0,AGY-RWD-02,Rural Works Department (RWD) Engineering Wing,4,6,True,PUBLIC DATA
MPL-2024-WE-000542,REC-2023-0542,Rajya Sabha,17th Lok Sabha (2023-24),MP-RA-17-99,Smt. Mahua Mitra (Hon'ble MP),"Smart Digital Library Block at Bethuadahari, Block Nabadwip",Education & Classrooms,Smart Digital Library Block,West Bengal,Nadia,Krishnanagar,Nabadwip,Bethuadahari,23.4747,88.4274,1560000.0,1560000.0,1560000.0,0.0,2023-05-01,2023-06-13,2023-07-13,2024-02-12,2024-02-15,Completed,100.0,AGY-RWD-02,Rural Works Department (RWD) Engineering Wing,4,6,True,PUBLIC DATA
MPL-2024-MA-000543,REC-2023-0543,Lok Sabha,18th Lok Sabha (2024-Present),MP-LO-17-46,Shri Naresh Rao (Hon'ble MP),"Senior Citizen Recreation Shed at Khadavali, Block Ambernath",Community Infrastructure,Senior Citizen Recreation Shed,Maharashtra,Thane,Thane,Ambernath,Khadavali,19.1633,72.943,1820000.0,1820000.0,1820000.0,0.0,2023-08-22,2023-09-17,2023-10-14,2024-04-06,2024-04-22,Completed,100.0,AGY-PWD-01,Public Works Department (PWD) Division I,2,5,True,PUBLIC DATA
MPL-2024-AS-000544,REC-2023-0544,Lok Sabha,17th Lok Sabha (2023-24),MP-LO-17-15,Smt. Queen Oja (Hon'ble MP),"RO Water Treatment Plant at Dadara, Block Rangia",Drinking Water,RO Water Treatment Plant,Assam,Kamrup,Gauhati,Rangia,Dadara,26.1862,91.7034,790000.0,790000.0,695000.0,95000.0,2024-04-06,2024-05-31,2024-06-19,2024-10-26,,Ongoing,78.1,AGY-XYZ-99,XYZ Infrastructure & Construction Private Ltd,2,2,False,PUBLIC DATA
MPL-2024-RA-000545,REC-2023-0545,Rajya Sabha,17th Lok Sabha (2023-24),MP-RA-17-63,Smt. Manju Meena (Hon'ble MP),"Public Bus Passenger Shelter at Achrol, Block Shahpura",Community Infrastructure,Public Bus Passenger Shelter,Rajasthan,Jaipur,Jaipur Rural,Shahpura,Achrol,26.8646,75.7652,2490000.0,2490000.0,1042000.0,1448000.0,2023-07-02,2023-08-05,2023-08-21,2024-02-23,,Ongoing,41.6,AGY-ZP-03,Zila Parishad Rural Infrastructure Cell,3,1,False,PUBLIC DATA
MPL-2024-KE-000546,REC-2023-0546,Lok Sabha,17th Lok Sabha (2023-24),MP-LO-17-38,Shri Hibi Eden (Hon'ble MP),"High-Mast Solar Lighting Chowk at Kalamassery, Block Muvattupuzha",Solar & Renewable Energy,High-Mast Solar Lighting Chowk,Kerala,Ernakulam,Ernakulam,Muvattupuzha,Kalamassery,9.9296,76.3098,1180000.0,1180000.0,857000.0,323000.0,2023-08-02,2023-09-28,2023-10-25,2024-05-16,,Ongoing,78.3,AGY-PWD-01,Public Works Department (PWD) Division I,3,1,False,PUBLIC DATA
MPL-2024-BI-000547,REC-2023-0547,Lok Sabha,18th Lok Sabha (2024-Present),MP-LO-17-60,Dr. Ravi Shankar Sinha (Hon'ble MP),"School Science Laboratory at Gauri Chak, Block Phulwari Sharif",Education & Classrooms,School Science Laboratory,Bihar,Patna,Patna Sahib,Phulwari Sharif,Gauri Chak,25.6008,85.0776,1550000.0,1550000.0,866000.0,684000.0,2024-03-10,2024-04-27,2024-05-21,2024-11-28,,Ongoing,48.9,AGY-RWD-02,Rural Works Department (RWD) Engineering Wing,1,2,False,PUBLIC DATA
MPL-2024-KE-000548,REC-2023-0548,Lok Sabha,17th Lok Sabha (2023-24),MP-LO-17-51,Shri Hibi Eden (Hon'ble MP),"CC Road Construction at Kothamangalam, Block Muvattupuzha",Rural Roads & Bridges,CC Road Construction,Kerala,Ernakulam,Ernakulam,Muvattupuzha,Kothamangalam,9.9796,76.262,4520000.0,4520000.0,4520000.0,0.0,2023-10-16,2023-12-06,2023-12-23,2024-06-04,2024-05-17,Completed,100.0,AGY-ZP-03,Zila Parishad Rural Infrastructure Cell,2,5,True,PUBLIC DATA
MPL-2024-RA-000549,REC-2023-0549,Lok Sabha,17th Lok Sabha (2023-24),MP-LO-17-80,Smt. Manju Meena (Hon'ble MP),"Rooftop Solar for Govt Hospital at Bagru, Block Shahpura",Solar & Renewable Energy,Rooftop Solar for Govt Hospital,Rajasthan,Jaipur,Jaipur Rural,Shahpura,Bagru,26.8988,75.7075,1060000.0,1060000.0,1060000.0,0.0,2024-03-28,2024-05-08,2024-05-19,2024-11-26,2024-12-13,Completed,100.0,AGY-RWD-02,Rural Works Department (RWD) Engineering Wing,2,4,False,PUBLIC DATA
MPL-2024-MA-000550,REC-2023-0550,Rajya Sabha,17th Lok Sabha (2023-24),MP-RA-17-32,Shri Naresh Rao (Hon'ble MP),"Panchayat Community Hall at Vashind, Block Kalyan",Community Infrastructure,Panchayat Community Hall,Maharashtra,Thane,Thane,Kalyan,Vashind,19.2887,72.9715,1400000.0,1400000.0,621000.0,779000.0,2023-04-27,2023-05-27,2023-06-25,2024-01-21,,Delayed,49.3,AGY-RWD-02,Rural Works Department (RWD) Engineering Wing,2,0,False,PUBLIC DATA
MPL-2024-UT-000551,REC-2023-0551,Lok Sabha,17th Lok Sabha (2023-24),MP-LO-17-31,Shri Ramakant Sharma (Hon'ble MP),"Deep Borewell & Solar Pump System at Harahua, Block Sewapuri",Drinking Water,Deep Borewell & Solar Pump System,Uttar Pradesh,Varanasi,Varanasi,Sewapuri,Harahua,25.3,83.0053,640000.0,640000.0,396000.0,244000.0,2023-08-20,2023-09-30,2023-10-23,2024-05-19,,Ongoing,61.1,AGY-XYZ-99,XYZ Infrastructure & Construction Private Ltd,2,2,False,PUBLIC DATA
MPL-2024-MA-000552,REC-2023-0552,Lok Sabha,17th Lok Sabha (2023-24),MP-LO-17-37,Shri Naresh Rao (Hon'ble MP),"Hand Pump Installation Cluster at Padgha, Block Kalyan",Drinking Water,Hand Pump Installation Cluster,Maharashtra,Thane,Thane,Kalyan,Padgha,19.2907,72.9892,1060000.0,1060000.0,1060000.0,0.0,2023-05-11,2023-07-09,2023-08-08,2023-12-29,2024-01-12,Completed,100.0,AGY-PWD-01,Public Works Department (PWD) Division I,3,3,True,PUBLIC DATA
MPL-2024-BI-000553,REC-2023-0553,Rajya Sabha,18th Lok Sabha (2024-Present),MP-RA-17-77,Dr. Ravi Shankar Sinha (Hon'ble MP),"Culvert & Drainage Bridge at Ranipur, Block Bakhtiarpur",Rural Roads & Bridges,Culvert & Drainage Bridge,Bihar,Patna,Patna Sahib,Bakhtiarpur,Ranipur,25.5471,85.0583,1550000.0,1550000.0,1277000.0,273000.0,2024-05-17,2024-06-13,2024-06-27,2025-01-01,,Ongoing,74.9,AGY-DRDA-04,District Rural Development Agency (DRDA),3,2,False,PUBLIC DATA
MPL-2024-KA-000554,REC-2023-0554,Lok Sabha,17th Lok Sabha (2023-24),MP-LO-17-49,Shri K. Venkatesh (Hon'ble MP),"Community Public Toilet Complex at Hesaraghatta, Block Yelahanka",Health & Sanitation,Community Public Toilet Complex,Karnataka,Bengaluru Urban,Bangalore North,Yelahanka,Hesaraghatta,12.9641,77.5559,1090000.0,1090000.0,366000.0,724000.0,2023-04-19,2023-05-15,2023-06-08,2023-10-13,,Ongoing,31.1,AGY-WSS-05,Public Health Engineering & Water Supply Dept,1,1,False,PUBLIC DATA
MPL-2024-AS-000555,REC-2023-0555,Rajya Sabha,18th Lok Sabha (2024-Present),MP-RA-17-30,Smt. Queen Oja (Hon'ble MP),"School Science Laboratory at Sualkuchi, Block Hajo",Education & Classrooms,School Science Laboratory,Assam,Kamrup,Gauhati,Hajo,Sualkuchi,26.1567,91.7142,2970000.0,2970000.0,2182000.0,788000.0,2024-05-04,2024-05-21,2024-06-12,2025-02-01,,Ongoing,78.4,AGY-WSS-05,Public Health Engineering & Water Supply Dept,2,3,False,PUBLIC DATA
MPL-2024-KE-000556,REC-2023-0556,Lok Sabha,18th Lok Sabha (2024-Present),MP-LO-17-51,Shri Hibi Eden (Hon'ble MP),"Panchayat Community Hall at Kalamassery, Block Aluva",Community Infrastructure,Panchayat Community Hall,Kerala,Ernakulam,Ernakulam,Aluva,Kalamassery,9.9666,76.3087,4180000.0,4180000.0,2531000.0,1649000.0,2023-10-19,2023-11-11,2023-12-03,2024-05-18,,Ongoing,61.4,AGY-RWD-02,Rural Works Department (RWD) Engineering Wing,2,2,False,PUBLIC DATA
MPL-2024-KA-000557,REC-2023-0557,Lok Sabha,17th Lok Sabha (2023-24),MP-LO-17-43,Shri K. Venkatesh (Hon'ble MP),"Public Bus Passenger Shelter at Hesaraghatta, Block Anekal",Community Infrastructure,Public Bus Passenger Shelter,Karnataka,Bengaluru Urban,Bangalore North,Anekal,Hesaraghatta,12.983,77.6201,1140000.0,1140000.0,333000.0,807000.0,2024-01-29,2024-03-22,2024-04-17,2024-11-10,,Delayed,32.5,AGY-RWD-02,Rural Works Department (RWD) Engineering Wing,2,1,False,PUBLIC DATA
MPL-2024-MA-000558,REC-2023-0558,Lok Sabha,17th Lok Sabha (2023-24),MP-LO-17-43,Shri Naresh Rao (Hon'ble MP),"Smart Digital Library Block at Saralgaon, Block Bhiwandi",Education & Classrooms,Smart Digital Library Block,Maharashtra,Thane,Thane,Bhiwandi,Saralgaon,19.2315,72.9291,2800000.0,2800000.0,1751000.0,1049000.0,2023-12-21,2024-01-12,2024-01-25,2024-09-16,,Ongoing,54.8,AGY-WSS-05,Public Health Engineering & Water Supply Dept,1,2,False,PUBLIC DATA
MPL-2024-AS-000559,REC-2023-0559,Rajya Sabha,17th Lok Sabha (2023-24),MP-RA-17-99,Smt. Queen Oja (Hon'ble MP),"School Science Laboratory at Dadara, Block Hajo",Education & Classrooms,School Science Laboratory,Assam,Kamrup,Gauhati,Hajo,Dadara,26.1955,91.7618,2750000.0,2750000.0,1280000.0,1470000.0,2023-05-20,2023-06-28,2023-07-14,2023-12-24,,Ongoing,41.9,AGY-XYZ-99,XYZ Infrastructure & Construction Private Ltd,1,4,False,PUBLIC DATA
MPL-2024-UT-000560,REC-2023-0560,Lok Sabha,17th Lok Sabha (2023-24),MP-LO-17-55,Shri Ramakant Sharma (Hon'ble MP),"Deep Borewell & Solar Pump System at Harahua, Block Kashi Vidyapeeth",Drinking Water,Deep Borewell & Solar Pump System,Uttar Pradesh,Varanasi,Varanasi,Kashi Vidyapeeth,Harahua,25.3752,82.9078,2880000.0,2880000.0,2880000.0,0.0,2024-05-08,2024-06-02,2024-06-18,2024-12-09,2024-12-28,Completed,100.0,AGY-WSS-05,Public Health Engineering & Water Supply Dept,2,5,True,PUBLIC DATA
MPL-2024-BI-000561,REC-2023-0561,Lok Sabha,18th Lok Sabha (2024-Present),MP-LO-17-30,Dr. Ravi Shankar Sinha (Hon'ble MP),"Health Diagnostic Equipment at Baikatpur, Block Fatuha",Health & Sanitation,Health Diagnostic Equipment,Bihar,Patna,Patna Sahib,Fatuha,Baikatpur,25.6527,85.165,1860000.0,1860000.0,311000.0,1549000.0,2023-07-17,2023-08-30,2023-09-27,2024-05-09,,Delayed,18.6,AGY-RWD-02,Rural Works Department (RWD) Engineering Wing,2,1,False,PUBLIC DATA
MPL-2024-AS-000562,REC-2023-0562,Lok Sabha,17th Lok Sabha (2023-24),MP-LO-17-64,Smt. Queen Oja (Hon'ble MP),"Senior Citizen Recreation Shed at Puthimari, Block Rangia",Community Infrastructure,Senior Citizen Recreation Shed,Assam,Kamrup,Gauhati,Rangia,Puthimari,26.1351,91.7789,2860000.0,2860000.0,708000.0,2152000.0,2023-06-26,2023-08-18,2023-09-10,2024-03-23,,Delayed,27.5,AGY-DRDA-04,District Rural Development Agency (DRDA),2,0,False,PUBLIC DATA
MPL-2024-UT-000563,REC-2023-0563,Lok Sabha,17th Lok Sabha (2023-24),MP-LO-17-69,Shri Ramakant Sharma (Hon'ble MP),"Village Waste Segregation Shed at Badagaon, Block Sewapuri",Health & Sanitation,Village Waste Segregation Shed,Uttar Pradesh,Varanasi,Varanasi,Sewapuri,Badagaon,25.3686,82.9924,1670000.0,1670000.0,900000.0,770000.0,2024-03-07,2024-04-06,2024-05-03,2024-12-09,,Delayed,59.9,AGY-ZP-03,Zila Parishad Rural Infrastructure Cell,2,2,False,PUBLIC DATA
MPL-2024-BI-000564,REC-2023-0564,Lok Sabha,18th Lok Sabha (2024-Present),MP-LO-17-38,Dr. Ravi Shankar Sinha (Hon'ble MP),"Panchayat Community Hall at Gauri Chak, Block Phulwari Sharif",Community Infrastructure,Panchayat Community Hall,Bihar,Patna,Patna Sahib,Phulwari Sharif,Gauri Chak,25.6103,85.1247,1880000.0,1880000.0,1402000.0,478000.0,2023-04-16,2023-05-27,2023-06-21,2023-11-03,,Ongoing,81.2,AGY-RWD-02,Rural Works Department (RWD) Engineering Wing,1,3,False,PUBLIC DATA
MPL-2024-RA-000565,REC-2023-0565,Lok Sabha,17th Lok Sabha (2023-24),MP-LO-17-58,Smt. Manju Meena (Hon'ble MP),"Solar Street Light Grid (50 poles) at Bassi, Block Kotputli",Solar & Renewable Energy,Solar Street Light Grid (50 poles),Rajasthan,Jaipur,Jaipur Rural,Kotputli,Bassi,26.8479,75.8632,1370000.0,1370000.0,1168000.0,202000.0,2023-06-07,2023-07-26,2023-08-05,2023-12-18,,Ongoing,76.1,AGY-DRDA-04,District Rural Development Agency (DRDA),3,1,False,PUBLIC DATA
MPL-2024-AS-000566,REC-2023-0566,Lok Sabha,18th Lok Sabha (2024-Present),MP-LO-17-26,Smt. Queen Oja (Hon'ble MP),"Senior Citizen Recreation Shed at Dadara, Block Rangia",Community Infrastructure,Senior Citizen Recreation Shed,Assam,Kamrup,Gauhati,Rangia,Dadara,26.1561,91.6784,1740000.0,1740000.0,1740000.0,0.0,2023-05-06,2023-07-05,2023-07-18,2023-12-24,2024-01-03,Completed,100.0,AGY-RWD-02,Rural Works Department (RWD) Engineering Wing,4,4,False,PUBLIC DATA
MPL-2024-AS-000567,REC-2023-0567,Lok Sabha,18th Lok Sabha (2024-Present),MP-LO-17-69,Smt. Queen Oja (Hon'ble MP),"Public Bus Passenger Shelter at Sualkuchi, Block Chaygaon",Community Infrastructure,Public Bus Passenger Shelter,Assam,Kamrup,Gauhati,Chaygaon,Sualkuchi,26.0705,91.679,2200000.0,2200000.0,1746000.0,454000.0,2023-10-15,2023-11-10,2023-12-04,2024-05-23,,Ongoing,76.9,AGY-WSS-05,Public Health Engineering & Water Supply Dept,2,1,False,PUBLIC DATA
MPL-2024-UT-000568,REC-2023-0568,Lok Sabha,18th Lok Sabha (2024-Present),MP-LO-17-16,Shri Ramakant Sharma (Hon'ble MP),"Solar Street Light Grid (50 poles) at Shivpur, Block Sewapuri",Solar & Renewable Energy,Solar Street Light Grid (50 poles),Uttar Pradesh,Varanasi,Varanasi,Sewapuri,Shivpur,25.2497,82.904,960000.0,960000.0,960000.0,0.0,2023-05-23,2023-07-18,2023-08-14,2024-04-01,2024-04-08,Completed,100.0,AGY-RWD-02,Rural Works Department (RWD) Engineering Wing,4,3,True,PUBLIC DATA
MPL-2024-RA-000569,REC-2023-0569,Lok Sabha,17th Lok Sabha (2023-24),MP-LO-17-38,Smt. Manju Meena (Hon'ble MP),"Senior Citizen Recreation Shed at Bagru, Block Amer",Community Infrastructure,Senior Citizen Recreation Shed,Rajasthan,Jaipur,Jaipur Rural,Amer,Bagru,26.8655,75.8633,2180000.0,2180000.0,2180000.0,0.0,2024-03-18,2024-05-06,2024-05-23,2024-11-17,2024-11-22,Completed,100.0,AGY-RWD-02,Rural Works Department (RWD) Engineering Wing,3,6,False,PUBLIC DATA
MPL-2024-KE-000570,REC-2023-0570,Lok Sabha,17th Lok Sabha (2023-24),MP-LO-17-75,Shri Hibi Eden (Hon'ble MP),"Link Road Widening at Cherai, Block Paravur",Rural Roads & Bridges,Link Road Widening,Kerala,Ernakulam,Ernakulam,Paravur,Cherai,10.0488,76.3669,2020000.0,2020000.0,2020000.0,0.0,2023-09-14,2023-10-01,2023-10-15,2024-04-18,2024-04-14,Completed,100.0,AGY-ZP-03,Zila Parishad Rural Infrastructure Cell,3,4,True,PUBLIC DATA
MPL-2024-WE-000571,REC-2023-0571,Lok Sabha,17th Lok Sabha (2023-24),MP-LO-17-87,Smt. Mahua Mitra (Hon'ble MP),"Link Road Widening at Debagram, Block Krishnanagar-I",Rural Roads & Bridges,Link Road Widening,West Bengal,Nadia,Krishnanagar,Krishnanagar-I,Debagram,23.4783,88.4593,2890000.0,2890000.0,1038000.0,1852000.0,2024-04-13,2024-05-22,2024-06-17,2025-01-28,,Delayed,39.9,AGY-RWD-02,Rural Works Department (RWD) Engineering Wing,1,2,False,PUBLIC DATA
MPL-2024-KE-000572,REC-2023-0572,Lok Sabha,17th Lok Sabha (2023-24),MP-LO-17-39,Shri Hibi Eden (Hon'ble MP),"Link Road Widening at Cherai, Block Paravur",Rural Roads & Bridges,Link Road Widening,Kerala,Ernakulam,Ernakulam,Paravur,Cherai,9.9899,76.3596,1920000.0,1920000.0,1750000.0,170000.0,2023-06-02,2023-06-27,2023-07-27,2024-03-06,,Ongoing,83.0,AGY-RWD-02,Rural Works Department (RWD) Engineering Wing,3,2,False,PUBLIC DATA
MPL-2024-BI-000573,REC-2023-0573,Lok Sabha,17th Lok Sabha (2023-24),MP-LO-17-78,Dr. Ravi Shankar Sinha (Hon'ble MP),"Senior Citizen Recreation Shed at Baikatpur, Block Fatuha",Community Infrastructure,Senior Citizen Recreation Shed,Bihar,Patna,Patna Sahib,Fatuha,Baikatpur,25.6064,85.1768,2010000.0,2010000.0,568000.0,1442000.0,2023-10-07,2023-10-27,2023-11-14,2024-03-30,,Delayed,31.4,AGY-RWD-02,Rural Works Department (RWD) Engineering Wing,2,2,False,PUBLIC DATA
MPL-2024-UT-000574,REC-2023-0574,Lok Sabha,18th Lok Sabha (2024-Present),MP-LO-17-19,Shri Ramakant Sharma (Hon'ble MP),"Crematorium Shed with Amenities at Badagaon, Block Arajiline",Community Infrastructure,Crematorium Shed with Amenities,Uttar Pradesh,Varanasi,Varanasi,Arajiline,Badagaon,25.3472,83.0174,1190000.0,1190000.0,599000.0,591000.0,2023-05-04,2023-05-28,2023-06-13,2023-10-15,,Delayed,55.9,AGY-PWD-01,Public Works Department (PWD) Division I,2,2,False,PUBLIC DATA
MPL-2024-BI-000575,REC-2023-0575,Rajya Sabha,18th Lok Sabha (2024-Present),MP-RA-17-37,Dr. Ravi Shankar Sinha (Hon'ble MP),"Piped Water Overhead Tank at Sabbalpur, Block Fatuha",Drinking Water,Piped Water Overhead Tank,Bihar,Patna,Patna Sahib,Fatuha,Sabbalpur,25.5729,85.1538,2070000.0,2070000.0,2070000.0,0.0,2023-05-22,2023-06-08,2023-07-05,2024-02-26,2024-03-13,Completed,100.0,AGY-ZP-03,Zila Parishad Rural Infrastructure Cell,3,5,True,PUBLIC DATA
MPL-2024-BI-000576,REC-2023-0576,Lok Sabha,18th Lok Sabha (2024-Present),MP-LO-17-69,Dr. Ravi Shankar Sinha (Hon'ble MP),"School Boundary Wall & Sanitation at Baikatpur, Block Bakhtiarpur",Education & Classrooms,School Boundary Wall & Sanitation,Bihar,Patna,Patna Sahib,Bakhtiarpur,Baikatpur,25.5978,85.1092,2090000.0,2090000.0,885000.0,1205000.0,2023-09-07,2023-10-06,2023-11-05,2024-03-09,,Ongoing,42.8,AGY-DRDA-04,District Rural Development Agency (DRDA),3,4,False,PUBLIC DATA
MPL-2024-RA-000577,REC-2023-0577,Lok Sabha,17th Lok Sabha (2023-24),MP-LO-17-35,Smt. Manju Meena (Hon'ble MP),"High-Mast Solar Lighting Chowk at Bagru, Block Chaksu",Solar & Renewable Energy,High-Mast Solar Lighting Chowk,Rajasthan,Jaipur,Jaipur Rural,Chaksu,Bagru,26.9741,75.8475,1180000.0,1180000.0,1180000.0,0.0,2023-07-05,2023-08-19,2023-09-06,2024-04-12,2024-04-19,Completed,100.0,AGY-ZP-03,Zila Parishad Rural Infrastructure Cell,4,2,True,PUBLIC DATA
MPL-2024-BI-000578,REC-2023-0578,Lok Sabha,17th Lok Sabha (2023-24),MP-LO-17-37,Dr. Ravi Shankar Sinha (Hon'ble MP),"Public Bus Passenger Shelter at Sabbalpur, Block Sampatchak",Community Infrastructure,Public Bus Passenger Shelter,Bihar,Patna,Patna Sahib,Sampatchak,Sabbalpur,25.5653,85.0942,2790000.0,2790000.0,2790000.0,0.0,2023-07-14,2023-09-06,2023-10-06,2024-05-21,2024-05-29,Completed,100.0,AGY-PWD-01,Public Works Department (PWD) Division I,3,5,True,PUBLIC DATA
MPL-2024-KE-000579,REC-2023-0579,Lok Sabha,18th Lok Sabha (2024-Present),MP-LO-17-60,Shri Hibi Eden (Hon'ble MP),"Community Public Toilet Complex at Kalamassery, Block Paravur",Health & Sanitation,Community Public Toilet Complex,Kerala,Ernakulam,Ernakulam,Paravur,Kalamassery,9.9285,76.3229,1770000.0,1770000.0,527000.0,1243000.0,2024-06-24,2024-08-13,2024-08-26,2025-02-22,,Delayed,33.1,AGY-DRDA-04,District Rural Development Agency (DRDA),1,0,False,PUBLIC DATA
MPL-2024-WE-000580,REC-2023-0580,Lok Sabha,18th Lok Sabha (2024-Present),MP-LO-17-40,Smt. Mahua Mitra (Hon'ble MP),"Piped Water Overhead Tank at Tehatta, Block Krishnanagar-I",Drinking Water,Piped Water Overhead Tank,West Bengal,Nadia,Krishnanagar,Krishnanagar-I,Tehatta,23.373,88.4717,510000.0,510000.0,250000.0,260000.0,2024-04-08,2024-05-17,2024-06-14,2025-01-11,,Delayed,54.5,AGY-DRDA-04,District Rural Development Agency (DRDA),2,1,False,PUBLIC DATA
MPL-2024-RA-000581,REC-2023-0581,Lok Sabha,17th Lok Sabha (2023-24),MP-LO-17-65,Smt. Manju Meena (Hon'ble MP),"Smart Digital Library Block at Nayla, Block Shahpura",Education & Classrooms,Smart Digital Library Block,Rajasthan,Jaipur,Jaipur Rural,Shahpura,Nayla,26.9351,75.7855,2180000.0,2180000.0,2180000.0,0.0,2024-01-01,2024-02-18,2024-02-28,2024-07-26,2024-07-09,Completed,100.0,AGY-RWD-02,Rural Works Department (RWD) Engineering Wing,3,4,True,PUBLIC DATA
MPL-2024-BI-000582,REC-2023-0582,Lok Sabha,17th Lok Sabha (2023-24),MP-LO-17-48,Dr. Ravi Shankar Sinha (Hon'ble MP),"Senior Citizen Recreation Shed at Ranipur, Block Danapur",Community Infrastructure,Senior Citizen Recreation Shed,Bihar,Patna,Patna Sahib,Danapur,Ranipur,25.6478,85.1458,1720000.0,1720000.0,765000.0,955000.0,2023-11-11,2023-12-26,2024-01-23,2024-07-29,,Ongoing,45.9,AGY-PWD-01,Public Works Department (PWD) Division I,3,1,False,PUBLIC DATA
MPL-2024-KA-000583,REC-2023-0583,Rajya Sabha,18th Lok Sabha (2024-Present),MP-RA-17-40,Shri K. Venkatesh (Hon'ble MP),"Piped Water Overhead Tank at Singanayakanahalli, Block Bengaluru North",Drinking Water,Piped Water Overhead Tank,Karnataka,Bengaluru Urban,Bangalore North,Bengaluru North,Singanayakanahalli,13.0194,77.6516,670000.0,670000.0,261000.0,409000.0,2023-10-20,2023-12-10,2024-01-05,2024-06-03,,Ongoing,39.3,AGY-PWD-01,Public Works Department (PWD) Division I,1,3,False,PUBLIC DATA
MPL-2024-MA-000584,REC-2023-0584,Lok Sabha,18th Lok Sabha (2024-Present),MP-LO-17-63,Shri Naresh Rao (Hon'ble MP),"Link Road Widening at Titwala, Block Ambernath",Rural Roads & Bridges,Link Road Widening,Maharashtra,Thane,Thane,Ambernath,Titwala,19.2548,72.9906,3350000.0,3350000.0,3350000.0,0.0,2024-01-09,2024-02-06,2024-03-07,2024-08-02,2024-08-21,Completed,100.0,AGY-RWD-02,Rural Works Department (RWD) Engineering Wing,4,3,True,PUBLIC DATA
MPL-2024-KE-000585,REC-2023-0585,Lok Sabha,18th Lok Sabha (2024-Present),MP-LO-17-49,Shri Hibi Eden (Hon'ble MP),"CC Road Construction at Kalamassery, Block Muvattupuzha",Rural Roads & Bridges,CC Road Construction,Kerala,Ernakulam,Ernakulam,Muvattupuzha,Kalamassery,9.9559,76.3571,3420000.0,3420000.0,902000.0,2518000.0,2024-06-06,2024-06-30,2024-07-17,2024-11-16,,Ongoing,29.4,AGY-RWD-02,Rural Works Department (RWD) Engineering Wing,3,2,False,PUBLIC DATA
MPL-2024-UT-000586,REC-2023-0586,Lok Sabha,17th Lok Sabha (2023-24),MP-LO-17-73,Shri Ramakant Sharma (Hon'ble MP),"RO Water Treatment Plant at Babatpur, Block Kashi Vidyapeeth",Drinking Water,RO Water Treatment Plant,Uttar Pradesh,Varanasi,Varanasi,Kashi Vidyapeeth,Babatpur,25.2575,83.0097,1430000.0,1430000.0,1430000.0,0.0,2024-01-28,2024-02-23,2024-03-08,2024-10-11,2024-10-28,Completed,100.0,AGY-WSS-05,Public Health Engineering & Water Supply Dept,2,4,True,PUBLIC DATA
MPL-2024-AS-000587,REC-2023-0587,Lok Sabha,17th Lok Sabha (2023-24),MP-LO-17-39,Smt. Queen Oja (Hon'ble MP),"School Science Laboratory at Puthimari, Block Hajo",Education & Classrooms,School Science Laboratory,Assam,Kamrup,Gauhati,Hajo,Puthimari,26.1891,91.7973,970000.0,970000.0,337000.0,633000.0,2023-11-10,2023-12-24,2024-01-05,2024-05-05,,Delayed,38.6,AGY-XYZ-99,XYZ Infrastructure & Construction Private Ltd,1,1,False,PUBLIC DATA
MPL-2024-MA-000588,REC-2023-0588,Lok Sabha,17th Lok Sabha (2023-24),MP-LO-17-45,Shri Naresh Rao (Hon'ble MP),"Solar Street Light Grid (50 poles) at Saralgaon, Block Kalyan",Solar & Renewable Energy,Solar Street Light Grid (50 poles),Maharashtra,Thane,Thane,Kalyan,Saralgaon,19.1818,72.9387,820000.0,820000.0,820000.0,0.0,2023-09-16,2023-10-07,2023-10-26,2024-03-27,2024-03-24,Completed,100.0,AGY-ZP-03,Zila Parishad Rural Infrastructure Cell,4,5,True,PUBLIC DATA
MPL-2024-BI-000589,REC-2023-0589,Rajya Sabha,18th Lok Sabha (2024-Present),MP-RA-17-67,Dr. Ravi Shankar Sinha (Hon'ble MP),"Rooftop Solar for Govt Hospital at Jethuli, Block Phulwari Sharif",Solar & Renewable Energy,Rooftop Solar for Govt Hospital,Bihar,Patna,Patna Sahib,Phulwari Sharif,Jethuli,25.6502,85.1319,1040000.0,1040000.0,161000.0,879000.0,2023-07-06,2023-08-05,2023-08-18,2024-03-29,,Delayed,17.2,AGY-DRDA-04,District Rural Development Agency (DRDA),2,1,False,PUBLIC DATA
MPL-2024-KA-000590,REC-2023-0590,Lok Sabha,18th Lok Sabha (2024-Present),MP-LO-17-36,Shri K. Venkatesh (Hon'ble MP),"Rooftop Solar for Govt Hospital at Doddaballapur Rd, Block Bengaluru North",Solar & Renewable Energy,Rooftop Solar for Govt Hospital,Karnataka,Bengaluru Urban,Bangalore North,Bengaluru North,Doddaballapur Rd,13.0014,77.5355,520000.0,520000.0,119000.0,401000.0,2024-05-05,2024-07-02,2024-07-23,2025-02-28,,Delayed,25.4,AGY-ZP-03,Zila Parishad Rural Infrastructure Cell,2,1,False,PUBLIC DATA
MPL-2024-KE-000591,REC-2023-0591,Lok Sabha,17th Lok Sabha (2023-24),MP-LO-17-61,Shri Hibi Eden (Hon'ble MP),"Deep Borewell & Solar Pump System at Kothamangalam, Block Paravur",Drinking Water,Deep Borewell & Solar Pump System,Kerala,Ernakulam,Ernakulam,Paravur,Kothamangalam,10.0276,76.2292,1800000.0,1800000.0,1800000.0,0.0,2023-04-11,2023-06-01,2023-06-30,2024-01-24,2024-01-10,Completed,100.0,AGY-PWD-01,Public Works Department (PWD) Division I,3,2,True,PUBLIC DATA
MPL-2024-WE-000592,REC-2023-0592,Lok Sabha,18th Lok Sabha (2024-Present),MP-LO-17-52,Smt. Mahua Mitra (Hon'ble MP),"High-Mast Solar Lighting Chowk at Dhubulia, Block Nakashipara",Solar & Renewable Energy,High-Mast Solar Lighting Chowk,West Bengal,Nadia,Krishnanagar,Nakashipara,Dhubulia,23.3297,88.4536,1470000.0,1470000.0,1470000.0,0.0,2024-05-16,2024-06-14,2024-07-13,2025-03-04,2025-04-08,Completed,100.0,AGY-WSS-05,Public Health Engineering & Water Supply Dept,3,5,False,PUBLIC DATA
MPL-2024-MA-000593,REC-2023-0593,Lok Sabha,17th Lok Sabha (2023-24),MP-LO-17-63,Shri Naresh Rao (Hon'ble MP),"Community Public Toilet Complex at Padgha, Block Murbad",Health & Sanitation,Community Public Toilet Complex,Maharashtra,Thane,Thane,Murbad,Padgha,19.1558,73.0512,2180000.0,2180000.0,1177000.0,1003000.0,2024-04-21,2024-06-10,2024-06-29,2024-12-10,,Delayed,60.0,AGY-XYZ-99,XYZ Infrastructure & Construction Private Ltd,1,0,False,PUBLIC DATA
MPL-2024-WE-000594,REC-2023-0594,Lok Sabha,18th Lok Sabha (2024-Present),MP-LO-17-83,Smt. Mahua Mitra (Hon'ble MP),"Solar Street Light Grid (50 poles) at Tehatta, Block Chapra",Solar & Renewable Energy,Solar Street Light Grid (50 poles),West Bengal,Nadia,Krishnanagar,Chapra,Tehatta,23.3489,88.4327,1960000.0,1960000.0,1960000.0,0.0,2024-04-23,2024-06-22,2024-07-12,2025-02-12,2025-02-04,Completed,100.0,AGY-DRDA-04,District Rural Development Agency (DRDA),2,3,True,PUBLIC DATA
MPL-2024-UT-000595,REC-2023-0595,Lok Sabha,18th Lok Sabha (2024-Present),MP-LO-17-98,Shri Ramakant Sharma (Hon'ble MP),"Paver Block Road at Chhatar, Block Arajiline",Rural Roads & Bridges,Paver Block Road,Uttar Pradesh,Varanasi,Varanasi,Arajiline,Chhatar,25.3418,82.9468,3000000.0,3000000.0,3000000.0,0.0,2024-04-30,2024-06-23,2024-07-06,2024-12-29,2025-01-05,Completed,100.0,AGY-PWD-01,Public Works Department (PWD) Division I,4,5,True,PUBLIC DATA
MPL-2024-BI-000596,REC-2023-0596,Lok Sabha,17th Lok Sabha (2023-24),MP-LO-17-50,Dr. Ravi Shankar Sinha (Hon'ble MP),"Primary Health Sub-Centre Building at Baikatpur, Block Sampatchak",Health & Sanitation,Primary Health Sub-Centre Building,Bihar,Patna,Patna Sahib,Sampatchak,Baikatpur,25.5667,85.0578,3800000.0,3800000.0,3237000.0,563000.0,2024-05-20,2024-06-21,2024-07-17,2025-01-24,,Ongoing,76.1,AGY-RWD-02,Rural Works Department (RWD) Engineering Wing,3,3,False,PUBLIC DATA
MPL-2024-MA-000597,REC-2023-0597,Lok Sabha,18th Lok Sabha (2024-Present),MP-LO-17-98,Shri Naresh Rao (Hon'ble MP),"Village Waste Segregation Shed at Titwala, Block Murbad",Health & Sanitation,Village Waste Segregation Shed,Maharashtra,Thane,Thane,Murbad,Titwala,19.2648,73.0467,1150000.0,1150000.0,221000.0,929000.0,2023-08-16,2023-10-11,2023-10-27,2024-05-20,,Delayed,21.4,AGY-XYZ-99,XYZ Infrastructure & Construction Private Ltd,1,0,False,PUBLIC DATA
MPL-2024-WE-000598,REC-2023-0598,Lok Sabha,18th Lok Sabha (2024-Present),MP-LO-17-83,Smt. Mahua Mitra (Hon'ble MP),"RO Water Treatment Plant at Tehatta, Block Krishnanagar-I",Drinking Water,RO Water Treatment Plant,West Bengal,Nadia,Krishnanagar,Krishnanagar-I,Tehatta,23.4417,88.4344,880000.0,880000.0,880000.0,0.0,2023-10-02,2023-10-28,2023-11-25,2024-05-18,2024-05-09,Completed,100.0,AGY-ZP-03,Zila Parishad Rural Infrastructure Cell,2,6,True,PUBLIC DATA
MPL-2024-RA-000599,REC-2023-0599,Lok Sabha,18th Lok Sabha (2024-Present),MP-LO-17-22,Smt. Manju Meena (Hon'ble MP),"Community Public Toilet Complex at Manoharpur, Block Kotputli",Health & Sanitation,Community Public Toilet Complex,Rajasthan,Jaipur,Jaipur Rural,Kotputli,Manoharpur,26.9594,75.7905,1560000.0,1560000.0,884000.0,676000.0,2024-05-24,2024-06-15,2024-07-11,2025-01-27,,Ongoing,64.0,AGY-DRDA-04,District Rural Development Agency (DRDA),1,3,False,PUBLIC DATA
MPL-2024-MA-000600,REC-2023-0600,Lok Sabha,17th Lok Sabha (2023-24),MP-LO-17-88,Shri Naresh Rao (Hon'ble MP),"Primary Health Sub-Centre Building at Saralgaon, Block Shahapur",Health & Sanitation,Primary Health Sub-Centre Building,Maharashtra,Thane,Thane,Shahapur,Saralgaon,19.2364,73.0309,1790000.0,1790000.0,322000.0,1468000.0,2024-02-02,2024-02-23,2024-03-15,2024-11-05,,Delayed,20.0,AGY-WSS-05,Public Health Engineering & Water Supply Dept,1,2,False,PUBLIC DATA
MPL-2024-RA-000601,REC-2023-0601,Lok Sabha,17th Lok Sabha (2023-24),MP-LO-17-50,Smt. Manju Meena (Hon'ble MP),"Additional Classroom Building at Nayla, Block Amer",Education & Classrooms,Additional Classroom Building,Rajasthan,Jaipur,Jaipur Rural,Amer,Nayla,26.876,75.8458,2410000.0,2410000.0,1706000.0,704000.0,2023-12-21,2024-01-28,2024-02-09,2024-07-25,,Ongoing,73.9,AGY-DRDA-04,District Rural Development Agency (DRDA),3,1,False,PUBLIC DATA
MPL-2024-RA-000602,REC-2023-0602,Lok Sabha,17th Lok Sabha (2023-24),MP-LO-17-51,Smt. Manju Meena (Hon'ble MP),"Additional Classroom Building at Kukas, Block Sanganer",Education & Classrooms,Additional Classroom Building,Rajasthan,Jaipur,Jaipur Rural,Sanganer,Kukas,26.8446,75.7678,2880000.0,2880000.0,2880000.0,0.0,2024-05-07,2024-05-24,2024-06-06,2025-01-31,2025-02-19,Completed,100.0,AGY-PWD-01,Public Works Department (PWD) Division I,4,2,True,PUBLIC DATA
MPL-2024-AS-000603,REC-2023-0603,Lok Sabha,17th Lok Sabha (2023-24),MP-LO-17-83,Smt. Queen Oja (Hon'ble MP),"Solar Street Light Grid (50 poles) at Sualkuchi, Block Bezera",Solar & Renewable Energy,Solar Street Light Grid (50 poles),Assam,Kamrup,Gauhati,Bezera,Sualkuchi,26.1007,91.6866,1390000.0,1390000.0,793000.0,597000.0,2023-09-01,2023-10-21,2023-11-16,2024-06-25,,Ongoing,63.7,AGY-PWD-01,Public Works Department (PWD) Division I,3,1,False,PUBLIC DATA
MPL-2024-BI-000604,REC-2023-0604,Lok Sabha,17th Lok Sabha (2023-24),MP-LO-17-74,Dr. Ravi Shankar Sinha (Hon'ble MP),"High-Mast Solar Lighting Chowk at Sabbalpur, Block Danapur",Solar & Renewable Energy,High-Mast Solar Lighting Chowk,Bihar,Patna,Patna Sahib,Danapur,Sabbalpur,25.6543,85.0837,800000.0,800000.0,203000.0,597000.0,2024-06-22,2024-07-22,2024-08-19,2025-03-10,,Delayed,28.2,AGY-PWD-01,Public Works Department (PWD) Division I,1,1,False,PUBLIC DATA
MPL-2024-KE-000605,REC-2023-0605,Rajya Sabha,17th Lok Sabha (2023-24),MP-RA-17-80,Shri Hibi Eden (Hon'ble MP),"Culvert & Drainage Bridge at Kalamassery, Block Aluva",Rural Roads & Bridges,Culvert & Drainage Bridge,Kerala,Ernakulam,Ernakulam,Aluva,Kalamassery,9.9449,76.3212,3250000.0,3250000.0,3250000.0,0.0,2023-09-10,2023-09-26,2023-10-15,2024-02-22,2024-02-12,Completed,100.0,AGY-WSS-05,Public Health Engineering & Water Supply Dept,3,5,True,PUBLIC DATA
MPL-2024-KA-000606,REC-2023-0606,Lok Sabha,18th Lok Sabha (2024-Present),MP-LO-17-82,Shri K. Venkatesh (Hon'ble MP),"Rooftop Solar for Govt Hospital at Hesaraghatta, Block Yelahanka",Solar & Renewable Energy,Rooftop Solar for Govt Hospital,Karnataka,Bengaluru Urban,Bangalore North,Yelahanka,Hesaraghatta,12.9173,77.5891,650000.0,650000.0,650000.0,0.0,2023-05-05,2023-06-15,2023-07-06,2024-01-07,2023-12-22,Completed,100.0,AGY-RWD-02,Rural Works Department (RWD) Engineering Wing,4,2,True,PUBLIC DATA
MPL-2024-UT-000607,REC-2023-0607,Lok Sabha,17th Lok Sabha (2023-24),MP-LO-17-39,Shri Ramakant Sharma (Hon'ble MP),"Paver Block Road at Chhatar, Block Pindra",Rural Roads & Bridges,Paver Block Road,Uttar Pradesh,Varanasi,Varanasi,Pindra,Chhatar,25.3544,82.9435,1760000.0,1760000.0,1027000.0,733000.0,2023-12-31,2024-02-16,2024-03-12,2024-08-30,,Ongoing,67.2,AGY-XYZ-99,XYZ Infrastructure & Construction Private Ltd,3,3,False,PUBLIC DATA
MPL-2024-RA-000608,REC-2023-0608,Lok Sabha,17th Lok Sabha (2023-24),MP-LO-17-13,Smt. Manju Meena (Hon'ble MP),"Deep Borewell & Solar Pump System at Manoharpur, Block Sanganer",Drinking Water,Deep Borewell & Solar Pump System,Rajasthan,Jaipur,Jaipur Rural,Sanganer,Manoharpur,26.9636,75.7271,650000.0,650000.0,187000.0,463000.0,2024-03-15,2024-04-26,2024-05-21,2024-10-30,,Ongoing,27.1,AGY-WSS-05,Public Health Engineering & Water Supply Dept,2,1,False,PUBLIC DATA
MPL-2024-UT-000609,REC-2023-0609,Rajya Sabha,18th Lok Sabha (2024-Present),MP-RA-17-33,Shri Ramakant Sharma (Hon'ble MP),"Panchayat Community Hall at Tikari, Block Cholapur",Community Infrastructure,Panchayat Community Hall,Uttar Pradesh,Varanasi,Varanasi,Cholapur,Tikari,25.2724,82.9181,2170000.0,2170000.0,1000000.0,1170000.0,2024-05-06,2024-06-15,2024-07-13,2024-12-03,,Delayed,51.2,AGY-WSS-05,Public Health Engineering & Water Supply Dept,2,2,False,PUBLIC DATA
MPL-2024-MA-000610,REC-2023-0610,Rajya Sabha,17th Lok Sabha (2023-24),MP-RA-17-75,Shri Naresh Rao (Hon'ble MP),"Crematorium Shed with Amenities at Tokawade, Block Ambernath",Community Infrastructure,Crematorium Shed with Amenities,Maharashtra,Thane,Thane,Ambernath,Tokawade,19.1402,72.9765,2390000.0,2390000.0,1227000.0,1163000.0,2024-06-20,2024-08-04,2024-09-02,2025-03-01,,Ongoing,44.7,AGY-DRDA-04,District Rural Development Agency (DRDA),3,2,False,PUBLIC DATA
MPL-2024-KE-000611,REC-2023-0611,Rajya Sabha,17th Lok Sabha (2023-24),MP-RA-17-59,Shri Hibi Eden (Hon'ble MP),"Panchayat Community Hall at Edappally, Block Angamaly",Community Infrastructure,Panchayat Community Hall,Kerala,Ernakulam,Ernakulam,Angamaly,Edappally,10.0061,76.2983,2360000.0,2360000.0,469000.0,1891000.0,2024-06-20,2024-08-19,2024-09-17,2025-03-10,,Delayed,22.1,AGY-ZP-03,Zila Parishad Rural Infrastructure Cell,2,2,False,PUBLIC DATA
MPL-2024-AS-000612,REC-2023-0612,Lok Sabha,18th Lok Sabha (2024-Present),MP-LO-17-52,Smt. Queen Oja (Hon'ble MP),"CC Road Construction at Mirza, Block Kamalpur",Rural Roads & Bridges,CC Road Construction,Assam,Kamrup,Gauhati,Kamalpur,Mirza,26.0959,91.6916,3680000.0,3680000.0,3680000.0,0.0,2023-12-26,2024-01-19,2024-02-06,2024-08-10,2024-07-28,Completed,100.0,AGY-WSS-05,Public Health Engineering & Water Supply Dept,2,4,True,PUBLIC DATA
MPL-2024-AS-000613,REC-2023-0613,Lok Sabha,17th Lok Sabha (2023-24),MP-LO-17-33,Smt. Queen Oja (Hon'ble MP),"Hand Pump Installation Cluster at Boko, Block Chaygaon",Drinking Water,Hand Pump Installation Cluster,Assam,Kamrup,Gauhati,Chaygaon,Boko,26.1523,91.8005,1740000.0,1740000.0,1740000.0,0.0,2023-04-20,2023-05-10,2023-05-25,2024-01-20,2024-01-24,Completed,100.0,AGY-PWD-01,Public Works Department (PWD) Division I,2,6,True,PUBLIC DATA
MPL-2024-AS-000614,REC-2023-0614,Rajya Sabha,17th Lok Sabha (2023-24),MP-RA-17-47,Smt. Queen Oja (Hon'ble MP),"Crematorium Shed with Amenities at Sualkuchi, Block Chaygaon",Community Infrastructure,Crematorium Shed with Amenities,Assam,Kamrup,Gauhati,Chaygaon,Sualkuchi,26.192,91.6687,2200000.0,2200000.0,1055000.0,1145000.0,2023-11-20,2024-01-10,2024-01-22,2024-06-17,,Delayed,53.3,AGY-WSS-05,Public Health Engineering & Water Supply Dept,1,1,False,PUBLIC DATA
MPL-2024-MA-000615,REC-2023-0615,Lok Sabha,18th Lok Sabha (2024-Present),MP-LO-17-23,Shri Naresh Rao (Hon'ble MP),"Piped Water Overhead Tank at Tokawade, Block Ambernath",Drinking Water,Piped Water Overhead Tank,Maharashtra,Thane,Thane,Ambernath,Tokawade,19.2181,72.9218,1940000.0,1940000.0,503000.0,1437000.0,2024-03-09,2024-04-27,2024-05-25,2024-10-15,,Delayed,28.8,AGY-DRDA-04,District Rural Development Agency (DRDA),1,1,False,PUBLIC DATA
MPL-2024-MA-000616,REC-2023-0616,Rajya Sabha,18th Lok Sabha (2024-Present),MP-RA-17-39,Shri Naresh Rao (Hon'ble MP),"Smart Digital Library Block at Saralgaon, Block Bhiwandi",Education & Classrooms,Smart Digital Library Block,Maharashtra,Thane,Thane,Bhiwandi,Saralgaon,19.1866,73.0373,2200000.0,2200000.0,1012000.0,1188000.0,2023-11-22,2024-01-21,2024-02-07,2024-09-22,,Delayed,51.1,AGY-RWD-02,Rural Works Department (RWD) Engineering Wing,2,0,False,PUBLIC DATA
MPL-2024-BI-000617,REC-2023-0617,Lok Sabha,18th Lok Sabha (2024-Present),MP-LO-17-29,Dr. Ravi Shankar Sinha (Hon'ble MP),"Village Waste Segregation Shed at Baikatpur, Block Danapur",Health & Sanitation,Village Waste Segregation Shed,Bihar,Patna,Patna Sahib,Danapur,Baikatpur,25.6352,85.2014,1630000.0,1630000.0,867000.0,763000.0,2023-10-29,2023-11-15,2023-11-27,2024-05-09,,Ongoing,56.3,AGY-RWD-02,Rural Works Department (RWD) Engineering Wing,1,4,False,PUBLIC DATA
MPL-2024-KA-000618,REC-2023-0618,Lok Sabha,18th Lok Sabha (2024-Present),MP-LO-17-41,Shri K. Venkatesh (Hon'ble MP),"School Boundary Wall & Sanitation at Hesaraghatta, Block K.R. Puram",Education & Classrooms,School Boundary Wall & Sanitation,Karnataka,Bengaluru Urban,Bangalore North,K.R. Puram,Hesaraghatta,13.0377,77.5739,1930000.0,1930000.0,1319000.0,611000.0,2023-11-19,2024-01-15,2024-01-29,2024-08-16,,Ongoing,60.8,AGY-PWD-01,Public Works Department (PWD) Division I,2,1,False,PUBLIC DATA
MPL-2024-KA-000619,REC-2023-0619,Lok Sabha,17th Lok Sabha (2023-24),MP-LO-17-61,Shri K. Venkatesh (Hon'ble MP),"Paver Block Road at Attibele, Block Yelahanka",Rural Roads & Bridges,Paver Block Road,Karnataka,Bengaluru Urban,Bangalore North,Yelahanka,Attibele,13.0207,77.5578,2390000.0,2390000.0,2390000.0,0.0,2023-12-25,2024-01-25,2024-02-08,2024-06-16,2024-07-23,Completed,100.0,AGY-ZP-03,Zila Parishad Rural Infrastructure Cell,2,6,True,PUBLIC DATA
MPL-2024-RA-000620,REC-2023-0620,Lok Sabha,17th Lok Sabha (2023-24),MP-LO-17-53,Smt. Manju Meena (Hon'ble MP),"Public Bus Passenger Shelter at Bagru, Block Shahpura",Community Infrastructure,Public Bus Passenger Shelter,Rajasthan,Jaipur,Jaipur Rural,Shahpura,Bagru,26.9682,75.86,3210000.0,3210000.0,755000.0,2455000.0,2023-11-13,2023-12-10,2023-12-28,2024-08-20,,Ongoing,26.2,AGY-WSS-05,Public Health Engineering & Water Supply Dept,3,1,False,PUBLIC DATA
MPL-2024-BI-000621,REC-2023-0621,Lok Sabha,17th Lok Sabha (2023-24),MP-LO-17-28,Dr. Ravi Shankar Sinha (Hon'ble MP),"Panchayat Community Hall at Ranipur, Block Fatuha",Community Infrastructure,Panchayat Community Hall,Bihar,Patna,Patna Sahib,Fatuha,Ranipur,25.6308,85.0869,3300000.0,3300000.0,2367000.0,933000.0,2024-05-12,2024-06-24,2024-07-15,2025-03-02,,Ongoing,64.9,AGY-PWD-01,Public Works Department (PWD) Division I,3,1,False,PUBLIC DATA
MPL-2024-KE-000622,REC-2023-0622,Lok Sabha,17th Lok Sabha (2023-24),MP-LO-17-20,Shri Hibi Eden (Hon'ble MP),"Piped Water Overhead Tank at Kothamangalam, Block Vyttila",Drinking Water,Piped Water Overhead Tank,Kerala,Ernakulam,Ernakulam,Vyttila,Kothamangalam,9.9588,76.3308,1870000.0,1870000.0,1870000.0,0.0,2023-06-20,2023-07-24,2023-08-07,2023-12-16,2023-12-22,Completed,100.0,AGY-RWD-02,Rural Works Department (RWD) Engineering Wing,4,5,True,PUBLIC DATA
MPL-2024-KE-000623,REC-2023-0623,Lok Sabha,17th Lok Sabha (2023-24),MP-LO-17-99,Shri Hibi Eden (Hon'ble MP),"Rooftop Solar for Govt Hospital at Perumbavoor, Block Paravur",Solar & Renewable Energy,Rooftop Solar for Govt Hospital,Kerala,Ernakulam,Ernakulam,Paravur,Perumbavoor,10.0614,76.2213,580000.0,580000.0,580000.0,0.0,2023-06-18,2023-08-08,2023-08-23,2024-01-29,2024-02-23,Completed,100.0,AGY-DRDA-04,District Rural Development Agency (DRDA),3,2,True,PUBLIC DATA
MPL-2024-KE-000624,REC-2023-0624,Lok Sabha,17th Lok Sabha (2023-24),MP-LO-17-17,Shri Hibi Eden (Hon'ble MP),"Panchayat Community Hall at Kalamassery, Block Angamaly",Community Infrastructure,Panchayat Community Hall,Kerala,Ernakulam,Ernakulam,Angamaly,Kalamassery,9.9162,76.3787,2020000.0,2020000.0,1045000.0,975000.0,2023-05-28,2023-07-01,2023-07-29,2024-02-27,,Delayed,57.5,AGY-ZP-03,Zila Parishad Rural Infrastructure Cell,2,0,False,PUBLIC DATA
MPL-2024-KA-000625,REC-2023-0625,Lok Sabha,18th Lok Sabha (2024-Present),MP-LO-17-73,Shri K. Venkatesh (Hon'ble MP),"Primary Health Sub-Centre Building at Hesaraghatta, Block Yelahanka",Health & Sanitation,Primary Health Sub-Centre Building,Karnataka,Bengaluru Urban,Bangalore North,Yelahanka,Hesaraghatta,12.9646,77.5779,1150000.0,1150000.0,1150000.0,0.0,2023-12-13,2024-01-08,2024-01-26,2024-06-04,2024-06-21,Completed,100.0,AGY-DRDA-04,District Rural Development Agency (DRDA),3,3,True,PUBLIC DATA
MPL-2024-AS-000626,REC-2023-0626,Rajya Sabha,17th Lok Sabha (2023-24),MP-RA-17-53,Smt. Queen Oja (Hon'ble MP),"Village Waste Segregation Shed at Puthimari, Block Bezera",Health & Sanitation,Village Waste Segregation Shed,Assam,Kamrup,Gauhati,Bezera,Puthimari,26.1506,91.6749,2480000.0,2480000.0,1430000.0,1050000.0,2023-09-18,2023-10-28,2023-11-21,2024-05-14,,Ongoing,60.0,AGY-PWD-01,Public Works Department (PWD) Division I,1,2,False,PUBLIC DATA
MPL-2024-UT-000627,REC-2023-0627,Lok Sabha,17th Lok Sabha (2023-24),MP-LO-17-65,Shri Ramakant Sharma (Hon'ble MP),"Solar Street Light Grid (50 poles) at Tikari, Block Sewapuri",Solar & Renewable Energy,Solar Street Light Grid (50 poles),Uttar Pradesh,Varanasi,Varanasi,Sewapuri,Tikari,25.2378,82.9002,2130000.0,2130000.0,1014000.0,1116000.0,2023-06-17,2023-07-10,2023-07-20,2024-02-15,,Ongoing,49.6,AGY-RWD-02,Rural Works Department (RWD) Engineering Wing,1,2,False,PUBLIC DATA
MPL-2024-AS-000628,REC-2023-0628,Lok Sabha,18th Lok Sabha (2024-Present),MP-LO-17-34,Smt. Queen Oja (Hon'ble MP),"High-Mast Solar Lighting Chowk at Dadara, Block Rangia",Solar & Renewable Energy,High-Mast Solar Lighting Chowk,Assam,Kamrup,Gauhati,Rangia,Dadara,26.2151,91.8092,1110000.0,1110000.0,392000.0,718000.0,2023-06-06,2023-07-27,2023-08-22,2024-02-08,,Delayed,39.2,AGY-PWD-01,Public Works Department (PWD) Division I,1,2,False,PUBLIC DATA
MPL-2024-MA-000629,REC-2023-0629,Rajya Sabha,17th Lok Sabha (2023-24),MP-RA-17-14,Shri Naresh Rao (Hon'ble MP),"Additional Classroom Building at Vashind, Block Shahapur",Education & Classrooms,Additional Classroom Building,Maharashtra,Thane,Thane,Shahapur,Vashind,19.2626,72.9713,3880000.0,3880000.0,3880000.0,0.0,2024-01-11,2024-02-24,2024-03-22,2024-10-27,2024-11-11,Completed,100.0,AGY-WSS-05,Public Health Engineering & Water Supply Dept,3,3,True,PUBLIC DATA
MPL-2024-KA-000630,REC-2023-0630,Lok Sabha,17th Lok Sabha (2023-24),MP-LO-17-16,Shri K. Venkatesh (Hon'ble MP),"School Boundary Wall & Sanitation at Attibele, Block Bengaluru North",Education & Classrooms,School Boundary Wall & Sanitation,Karnataka,Bengaluru Urban,Bangalore North,Bengaluru North,Attibele,13.0476,77.6509,2020000.0,2020000.0,1038000.0,982000.0,2024-03-24,2024-05-16,2024-06-01,2024-12-24,,Delayed,57.1,AGY-ZP-03,Zila Parishad Rural Infrastructure Cell,2,0,False,PUBLIC DATA
MPL-2024-KE-000631,REC-2023-0631,Lok Sabha,17th Lok Sabha (2023-24),MP-LO-17-89,Shri Hibi Eden (Hon'ble MP),"School Boundary Wall & Sanitation at Edappally, Block Muvattupuzha",Education & Classrooms,School Boundary Wall & Sanitation,Kerala,Ernakulam,Ernakulam,Muvattupuzha,Edappally,10.011,76.3127,2610000.0,2610000.0,1434000.0,1176000.0,2023-12-06,2023-12-21,2024-01-13,2024-06-10,,Ongoing,59.6,AGY-DRDA-04,District Rural Development Agency (DRDA),3,1,False,PUBLIC DATA
MPL-2024-WE-000632,REC-2023-0632,Lok Sabha,18th Lok Sabha (2024-Present),MP-LO-17-69,Smt. Mahua Mitra (Hon'ble MP),"Link Road Widening at Bethuadahari, Block Krishnanagar-I",Rural Roads & Bridges,Link Road Widening,West Bengal,Nadia,Krishnanagar,Krishnanagar-I,Bethuadahari,23.3472,88.5218,1950000.0,1950000.0,1950000.0,0.0,2023-07-08,2023-08-15,2023-08-27,2024-01-19,2024-01-09,Completed,100.0,AGY-PWD-01,Public Works Department (PWD) Division I,3,5,True,PUBLIC DATA
MPL-2024-BI-000633,REC-2023-0633,Lok Sabha,17th Lok Sabha (2023-24),MP-LO-17-51,Dr. Ravi Shankar Sinha (Hon'ble MP),"Rooftop Solar for Govt Hospital at Baikatpur, Block Fatuha",Solar & Renewable Energy,Rooftop Solar for Govt Hospital,Bihar,Patna,Patna Sahib,Fatuha,Baikatpur,25.5642,85.1464,440000.0,440000.0,80000.0,360000.0,2023-08-28,2023-10-13,2023-10-23,2024-06-06,,Delayed,20.3,AGY-DRDA-04,District Rural Development Agency (DRDA),2,2,False,PUBLIC DATA
MPL-2024-AS-000634,REC-2023-0634,Lok Sabha,18th Lok Sabha (2024-Present),MP-LO-17-14,Smt. Queen Oja (Hon'ble MP),"Senior Citizen Recreation Shed at Dadara, Block Kamalpur",Community Infrastructure,Senior Citizen Recreation Shed,Assam,Kamrup,Gauhati,Kamalpur,Dadara,26.1255,91.8051,2970000.0,2970000.0,604000.0,2366000.0,2024-02-19,2024-03-20,2024-04-09,2024-08-17,,Delayed,22.6,AGY-ZP-03,Zila Parishad Rural Infrastructure Cell,1,0,False,PUBLIC DATA
MPL-2024-MA-000635,REC-2023-0635,Lok Sabha,17th Lok Sabha (2023-24),MP-LO-17-69,Shri Naresh Rao (Hon'ble MP),"Smart Digital Library Block at Vashind, Block Shahapur",Education & Classrooms,Smart Digital Library Block,Maharashtra,Thane,Thane,Shahapur,Vashind,19.2959,72.9231,930000.0,930000.0,930000.0,0.0,2023-08-27,2023-09-26,2023-10-26,2024-03-22,2024-04-14,Completed,100.0,AGY-DRDA-04,District Rural Development Agency (DRDA),3,4,True,PUBLIC DATA
MPL-2024-RA-000636,REC-2023-0636,Lok Sabha,17th Lok Sabha (2023-24),MP-LO-17-41,Smt. Manju Meena (Hon'ble MP),"Hand Pump Installation Cluster at Nayla, Block Sanganer",Drinking Water,Hand Pump Installation Cluster,Rajasthan,Jaipur,Jaipur Rural,Sanganer,Nayla,26.8595,75.8667,1290000.0,1290000.0,1290000.0,0.0,2023-04-17,2023-05-29,2023-06-14,2023-10-24,2023-12-01,Completed,100.0,AGY-WSS-05,Public Health Engineering & Water Supply Dept,2,2,True,PUBLIC DATA
MPL-2024-KA-000637,REC-2023-0637,Lok Sabha,17th Lok Sabha (2023-24),MP-LO-17-22,Shri K. Venkatesh (Hon'ble MP),"Paver Block Road at Hesaraghatta, Block Yelahanka",Rural Roads & Bridges,Paver Block Road,Karnataka,Bengaluru Urban,Bangalore North,Yelahanka,Hesaraghatta,13.036,77.6572,2030000.0,2030000.0,2030000.0,0.0,2023-06-10,2023-07-21,2023-08-11,2024-02-12,2024-02-21,Completed,100.0,AGY-RWD-02,Rural Works Department (RWD) Engineering Wing,3,2,True,PUBLIC DATA
MPL-2024-RA-000638,REC-2023-0638,Lok Sabha,18th Lok Sabha (2024-Present),MP-LO-17-60,Smt. Manju Meena (Hon'ble MP),"Piped Water Overhead Tank at Nayla, Block Sanganer",Drinking Water,Piped Water Overhead Tank,Rajasthan,Jaipur,Jaipur Rural,Sanganer,Nayla,26.8485,75.7089,960000.0,960000.0,960000.0,0.0,2023-07-08,2023-08-26,2023-09-25,2024-04-20,2024-05-01,Completed,100.0,AGY-RWD-02,Rural Works Department (RWD) Engineering Wing,3,3,True,PUBLIC DATA
MPL-2024-AS-000639,REC-2023-0639,Rajya Sabha,18th Lok Sabha (2024-Present),MP-RA-17-33,Smt. Queen Oja (Hon'ble MP),"RO Water Treatment Plant at Sualkuchi, Block Rangia",Drinking Water,RO Water Treatment Plant,Assam,Kamrup,Gauhati,Rangia,Sualkuchi,26.167,91.7857,2490000.0,2490000.0,2490000.0,0.0,2023-12-15,2024-01-01,2024-01-19,2024-05-18,2024-05-21,Completed,100.0,AGY-XYZ-99,XYZ Infrastructure & Construction Private Ltd,2,6,True,PUBLIC DATA
MPL-2024-RA-000640,REC-2023-0640,Lok Sabha,18th Lok Sabha (2024-Present),MP-LO-17-65,Smt. Manju Meena (Hon'ble MP),"Smart Digital Library Block at Achrol, Block Shahpura",Education & Classrooms,Smart Digital Library Block,Rajasthan,Jaipur,Jaipur Rural,Shahpura,Achrol,26.9677,75.8097,2200000.0,2200000.0,2200000.0,0.0,2023-09-16,2023-10-17,2023-11-09,2024-04-30,2024-05-28,Completed,100.0,AGY-ZP-03,Zila Parishad Rural Infrastructure Cell,4,2,True,PUBLIC DATA
MPL-2024-UT-000641,REC-2023-0641,Lok Sabha,17th Lok Sabha (2023-24),MP-LO-17-61,Shri Ramakant Sharma (Hon'ble MP),"Link Road Widening at Tikari, Block Pindra",Rural Roads & Bridges,Link Road Widening,Uttar Pradesh,Varanasi,Varanasi,Pindra,Tikari,25.3118,82.9624,3610000.0,3610000.0,3610000.0,0.0,2023-10-10,2023-11-19,2023-12-02,2024-04-02,2024-04-20,Completed,100.0,AGY-PWD-01,Public Works Department (PWD) Division I,3,2,True,PUBLIC DATA
MPL-2024-WE-000642,REC-2023-0642,Lok Sabha,17th Lok Sabha (2023-24),MP-LO-17-31,Smt. Mahua Mitra (Hon'ble MP),"Smart Digital Library Block at Tehatta, Block Krishnanagar-I",Education & Classrooms,Smart Digital Library Block,West Bengal,Nadia,Krishnanagar,Krishnanagar-I,Tehatta,23.3949,88.4627,2090000.0,2090000.0,1190000.0,900000.0,2024-01-10,2024-02-05,2024-02-15,2024-06-20,,Ongoing,63.5,AGY-WSS-05,Public Health Engineering & Water Supply Dept,3,2,False,PUBLIC DATA
MPL-2024-MA-000643,REC-2023-0643,Rajya Sabha,18th Lok Sabha (2024-Present),MP-RA-17-62,Shri Naresh Rao (Hon'ble MP),"School Science Laboratory at Tokawade, Block Shahapur",Education & Classrooms,School Science Laboratory,Maharashtra,Thane,Thane,Shahapur,Tokawade,19.2131,72.9021,2410000.0,2410000.0,2410000.0,0.0,2024-02-08,2024-03-29,2024-04-09,2024-09-27,2024-09-23,Completed,100.0,AGY-ZP-03,Zila Parishad Rural Infrastructure Cell,2,6,True,PUBLIC DATA
MPL-2024-RA-000644,REC-2023-0644,Lok Sabha,17th Lok Sabha (2023-24),MP-LO-17-56,Smt. Manju Meena (Hon'ble MP),"Senior Citizen Recreation Shed at Kukas, Block Kotputli",Community Infrastructure,Senior Citizen Recreation Shed,Rajasthan,Jaipur,Jaipur Rural,Kotputli,Kukas,26.8918,75.8498,1730000.0,1730000.0,1730000.0,0.0,2023-07-18,2023-09-07,2023-10-01,2024-03-13,2024-04-16,Completed,100.0,AGY-PWD-01,Public Works Department (PWD) Division I,2,5,False,PUBLIC DATA
MPL-2024-BI-000645,REC-2023-0645,Lok Sabha,17th Lok Sabha (2023-24),MP-LO-17-24,Dr. Ravi Shankar Sinha (Hon'ble MP),"Additional Classroom Building at Sabbalpur, Block Bakhtiarpur",Education & Classrooms,Additional Classroom Building,Bihar,Patna,Patna Sahib,Bakhtiarpur,Sabbalpur,25.6714,85.2045,2770000.0,2770000.0,2770000.0,0.0,2024-02-21,2024-04-05,2024-04-29,2024-11-27,2024-12-15,Completed,100.0,AGY-DRDA-04,District Rural Development Agency (DRDA),4,5,True,PUBLIC DATA
MPL-2024-AS-000646,REC-2023-0646,Lok Sabha,17th Lok Sabha (2023-24),MP-LO-17-76,Smt. Queen Oja (Hon'ble MP),"School Science Laboratory at Mirza, Block Hajo",Education & Classrooms,School Science Laboratory,Assam,Kamrup,Gauhati,Hajo,Mirza,26.1322,91.7696,1800000.0,1800000.0,1800000.0,0.0,2023-12-20,2024-01-12,2024-01-24,2024-06-16,2024-07-08,Completed,100.0,AGY-PWD-01,Public Works Department (PWD) Division I,3,3,True,PUBLIC DATA
MPL-2024-MA-000647,REC-2023-0647,Lok Sabha,18th Lok Sabha (2024-Present),MP-LO-17-68,Shri Naresh Rao (Hon'ble MP),"RO Water Treatment Plant at Titwala, Block Murbad",Drinking Water,RO Water Treatment Plant,Maharashtra,Thane,Thane,Murbad,Titwala,19.1948,72.9241,1050000.0,1050000.0,529000.0,521000.0,2023-07-24,2023-09-03,2023-09-30,2024-03-31,,Delayed,56.0,AGY-XYZ-99,XYZ Infrastructure & Construction Private Ltd,1,0,False,PUBLIC DATA
MPL-2024-WE-000648,REC-2023-0648,Lok Sabha,18th Lok Sabha (2024-Present),MP-LO-17-90,Smt. Mahua Mitra (Hon'ble MP),"School Boundary Wall & Sanitation at Mayapur, Block Chapra",Education & Classrooms,School Boundary Wall & Sanitation,West Bengal,Nadia,Krishnanagar,Chapra,Mayapur,23.3944,88.4335,1580000.0,1580000.0,1163000.0,417000.0,2024-01-31,2024-03-08,2024-03-28,2024-08-04,,Ongoing,75.4,AGY-WSS-05,Public Health Engineering & Water Supply Dept,3,3,False,PUBLIC DATA
MPL-2024-WE-000649,REC-2023-0649,Lok Sabha,18th Lok Sabha (2024-Present),MP-LO-17-81,Smt. Mahua Mitra (Hon'ble MP),"High-Mast Solar Lighting Chowk at Bethuadahari, Block Nakashipara",Solar & Renewable Energy,High-Mast Solar Lighting Chowk,West Bengal,Nadia,Krishnanagar,Nakashipara,Bethuadahari,23.4248,88.4764,840000.0,840000.0,440000.0,400000.0,2023-12-11,2024-01-22,2024-02-15,2024-06-23,,Delayed,58.2,AGY-PWD-01,Public Works Department (PWD) Division I,1,1,False,PUBLIC DATA
MPL-2024-BI-000650,REC-2023-0650,Lok Sabha,17th Lok Sabha (2023-24),MP-LO-17-86,Dr. Ravi Shankar Sinha (Hon'ble MP),"Additional Classroom Building at Gauri Chak, Block Sampatchak",Education & Classrooms,Additional Classroom Building,Bihar,Patna,Patna Sahib,Sampatchak,Gauri Chak,25.6726,85.2028,2790000.0,2790000.0,2790000.0,0.0,2024-02-11,2024-03-28,2024-04-19,2024-11-05,2024-12-12,Completed,100.0,AGY-ZP-03,Zila Parishad Rural Infrastructure Cell,3,2,True,PUBLIC DATA
MPL-2024-MA-000651,REC-2023-0651,Lok Sabha,17th Lok Sabha (2023-24),MP-LO-17-40,Shri Naresh Rao (Hon'ble MP),"Health Diagnostic Equipment at Khadavali, Block Kalyan",Health & Sanitation,Health Diagnostic Equipment,Maharashtra,Thane,Thane,Kalyan,Khadavali,19.2733,72.9446,2040000.0,2040000.0,2040000.0,0.0,2024-05-26,2024-07-03,2024-07-30,2025-01-27,2025-01-19,Completed,100.0,AGY-RWD-02,Rural Works Department (RWD) Engineering Wing,2,3,True,PUBLIC DATA
MPL-2024-KA-000652,REC-2023-0652,Lok Sabha,17th Lok Sabha (2023-24),MP-LO-17-24,Shri K. Venkatesh (Hon'ble MP),"Primary Health Sub-Centre Building at Mandur, Block Bengaluru North",Health & Sanitation,Primary Health Sub-Centre Building,Karnataka,Bengaluru Urban,Bangalore North,Bengaluru North,Mandur,12.9536,77.6252,1860000.0,1860000.0,256000.0,1604000.0,2024-03-25,2024-05-01,2024-05-26,2025-01-08,,Delayed,15.3,AGY-DRDA-04,District Rural Development Agency (DRDA),1,0,False,PUBLIC DATA
MPL-2024-BI-000653,REC-2023-0653,Lok Sabha,18th Lok Sabha (2024-Present),MP-LO-17-86,Dr. Ravi Shankar Sinha (Hon'ble MP),"CC Road Construction at Jethuli, Block Phulwari Sharif",Rural Roads & Bridges,CC Road Construction,Bihar,Patna,Patna Sahib,Phulwari Sharif,Jethuli,25.5774,85.1208,1550000.0,1550000.0,572000.0,978000.0,2024-03-25,2024-05-11,2024-06-08,2024-11-26,,Ongoing,37.7,AGY-DRDA-04,District Rural Development Agency (DRDA),3,2,False,PUBLIC DATA
MPL-2024-AS-000654,REC-2023-0654,Lok Sabha,18th Lok Sabha (2024-Present),MP-LO-17-73,Smt. Queen Oja (Hon'ble MP),"Primary Health Sub-Centre Building at Sualkuchi, Block Bezera",Health & Sanitation,Primary Health Sub-Centre Building,Assam,Kamrup,Gauhati,Bezera,Sualkuchi,26.0925,91.7861,2130000.0,2130000.0,2130000.0,0.0,2023-07-24,2023-08-08,2023-08-18,2024-01-02,2024-02-09,Completed,100.0,AGY-RWD-02,Rural Works Department (RWD) Engineering Wing,2,2,True,PUBLIC DATA
MPL-2024-UT-000655,REC-2023-0655,Lok Sabha,17th Lok Sabha (2023-24),MP-LO-17-84,Shri Ramakant Sharma (Hon'ble MP),"Community Public Toilet Complex at Chhatar, Block Cholapur",Health & Sanitation,Community Public Toilet Complex,Uttar Pradesh,Varanasi,Varanasi,Cholapur,Chhatar,25.3773,82.8942,1060000.0,1060000.0,1060000.0,0.0,2024-04-19,2024-05-27,2024-06-10,2024-11-21,2024-11-12,Completed,100.0,AGY-XYZ-99,XYZ Infrastructure & Construction Private Ltd,3,5,True,PUBLIC DATA
MPL-2024-KA-000656,REC-2023-0656,Lok Sabha,17th Lok Sabha (2023-24),MP-LO-17-78,Shri K. Venkatesh (Hon'ble MP),"CC Road Construction at Doddaballapur Rd, Block Yelahanka",Rural Roads & Bridges,CC Road Construction,Karnataka,Bengaluru Urban,Bangalore North,Yelahanka,Doddaballapur Rd,13.0079,77.5581,2630000.0,2630000.0,774000.0,1856000.0,2023-07-13,2023-08-07,2023-08-24,2024-01-09,,Ongoing,29.6,AGY-RWD-02,Rural Works Department (RWD) Engineering Wing,1,2,False,PUBLIC DATA
MPL-2024-MA-000657,REC-2023-0657,Lok Sabha,18th Lok Sabha (2024-Present),MP-LO-17-60,Shri Naresh Rao (Hon'ble MP),"Health Diagnostic Equipment at Tokawade, Block Ambernath",Health & Sanitation,Health Diagnostic Equipment,Maharashtra,Thane,Thane,Ambernath,Tokawade,19.194,72.9322,1300000.0,1300000.0,1151000.0,149000.0,2024-04-27,2024-06-04,2024-06-14,2024-11-15,,Ongoing,82.5,AGY-WSS-05,Public Health Engineering & Water Supply Dept,2,2,False,PUBLIC DATA
MPL-2024-BI-000658,REC-2023-0658,Lok Sabha,17th Lok Sabha (2023-24),MP-LO-17-76,Dr. Ravi Shankar Sinha (Hon'ble MP),"RO Water Treatment Plant at Baikatpur, Block Phulwari Sharif",Drinking Water,RO Water Treatment Plant,Bihar,Patna,Patna Sahib,Phulwari Sharif,Baikatpur,25.5968,85.0918,520000.0,520000.0,520000.0,0.0,2024-03-01,2024-03-22,2024-04-03,2024-09-17,2024-09-05,Completed,100.0,AGY-ZP-03,Zila Parishad Rural Infrastructure Cell,4,3,True,PUBLIC DATA
MPL-2024-AS-000659,REC-2023-0659,Lok Sabha,18th Lok Sabha (2024-Present),MP-LO-17-34,Smt. Queen Oja (Hon'ble MP),"School Boundary Wall & Sanitation at Dadara, Block Hajo",Education & Classrooms,School Boundary Wall & Sanitation,Assam,Kamrup,Gauhati,Hajo,Dadara,26.0839,91.812,1350000.0,1350000.0,1350000.0,0.0,2023-08-10,2023-10-08,2023-10-30,2024-04-18,2024-05-08,Completed,100.0,AGY-XYZ-99,XYZ Infrastructure & Construction Private Ltd,3,6,True,PUBLIC DATA
MPL-2024-AS-000660,REC-2023-0660,Lok Sabha,17th Lok Sabha (2023-24),MP-LO-17-89,Smt. Queen Oja (Hon'ble MP),"Additional Classroom Building at Sualkuchi, Block Bezera",Education & Classrooms,Additional Classroom Building,Assam,Kamrup,Gauhati,Bezera,Sualkuchi,26.177,91.8064,4410000.0,4410000.0,2370000.0,2040000.0,2023-06-14,2023-07-05,2023-07-18,2024-02-07,,Ongoing,57.3,AGY-XYZ-99,XYZ Infrastructure & Construction Private Ltd,1,2,False,PUBLIC DATA
MPL-2024-UT-000661,REC-2023-0661,Lok Sabha,17th Lok Sabha (2023-24),MP-LO-17-58,Shri Ramakant Sharma (Hon'ble MP),"Public Bus Passenger Shelter at Rampur, Block Kashi Vidyapeeth",Community Infrastructure,Public Bus Passenger Shelter,Uttar Pradesh,Varanasi,Varanasi,Kashi Vidyapeeth,Rampur,25.266,82.9026,1520000.0,1520000.0,1520000.0,0.0,2023-06-26,2023-07-20,2023-08-04,2024-03-17,2024-03-26,Completed,100.0,AGY-XYZ-99,XYZ Infrastructure & Construction Private Ltd,4,2,True,PUBLIC DATA
MPL-2024-WE-000662,REC-2023-0662,Lok Sabha,17th Lok Sabha (2023-24),MP-LO-17-82,Smt. Mahua Mitra (Hon'ble MP),"Solar Street Light Grid (50 poles) at Debagram, Block Chapra",Solar & Renewable Energy,Solar Street Light Grid (50 poles),West Bengal,Nadia,Krishnanagar,Chapra,Debagram,23.3781,88.5624,750000.0,750000.0,586000.0,164000.0,2024-06-11,2024-08-06,2024-08-28,2025-04-05,,Ongoing,73.0,AGY-PWD-01,Public Works Department (PWD) Division I,1,4,False,PUBLIC DATA
MPL-2024-KE-000663,REC-2023-0663,Lok Sabha,17th Lok Sabha (2023-24),MP-LO-17-31,Shri Hibi Eden (Hon'ble MP),"Culvert & Drainage Bridge at Cherai, Block Aluva",Rural Roads & Bridges,Culvert & Drainage Bridge,Kerala,Ernakulam,Ernakulam,Aluva,Cherai,9.9976,76.3776,1620000.0,1620000.0,1321000.0,299000.0,2023-12-08,2024-01-11,2024-01-23,2024-06-13,,Ongoing,81.6,AGY-DRDA-04,District Rural Development Agency (DRDA),2,1,False,PUBLIC DATA
MPL-2024-KE-000664,REC-2023-0664,Lok Sabha,18th Lok Sabha (2024-Present),MP-LO-17-71,Shri Hibi Eden (Hon'ble MP),"Rooftop Solar for Govt Hospital at Cherai, Block Paravur",Solar & Renewable Energy,Rooftop Solar for Govt Hospital,Kerala,Ernakulam,Ernakulam,Paravur,Cherai,9.9711,76.2345,1440000.0,1440000.0,704000.0,736000.0,2024-03-18,2024-04-11,2024-04-21,2024-09-08,,Ongoing,54.9,AGY-PWD-01,Public Works Department (PWD) Division I,1,4,False,PUBLIC DATA
MPL-2024-WE-000665,REC-2023-0665,Rajya Sabha,17th Lok Sabha (2023-24),MP-RA-17-81,Smt. Mahua Mitra (Hon'ble MP),"Health Diagnostic Equipment at Bethuadahari, Block Chapra",Health & Sanitation,Health Diagnostic Equipment,West Bengal,Nadia,Krishnanagar,Chapra,Bethuadahari,23.3398,88.5039,1540000.0,1540000.0,599000.0,941000.0,2023-04-27,2023-06-05,2023-06-18,2024-02-09,,Ongoing,45.6,AGY-PWD-01,Public Works Department (PWD) Division I,2,2,False,PUBLIC DATA
MPL-2024-KE-000666,REC-2023-0666,Lok Sabha,18th Lok Sabha (2024-Present),MP-LO-17-60,Shri Hibi Eden (Hon'ble MP),"Piped Water Overhead Tank at Cherai, Block Paravur",Drinking Water,Piped Water Overhead Tank,Kerala,Ernakulam,Ernakulam,Paravur,Cherai,9.9861,76.3181,2010000.0,2010000.0,737000.0,1273000.0,2023-09-27,2023-10-28,2023-11-24,2024-05-19,,Ongoing,37.5,AGY-ZP-03,Zila Parishad Rural Infrastructure Cell,1,1,False,PUBLIC DATA
MPL-2024-KE-000667,REC-2023-0667,Lok Sabha,17th Lok Sabha (2023-24),MP-LO-17-60,Shri Hibi Eden (Hon'ble MP),"Senior Citizen Recreation Shed at Kalamassery, Block Vyttila",Community Infrastructure,Senior Citizen Recreation Shed,Kerala,Ernakulam,Ernakulam,Vyttila,Kalamassery,9.9551,76.2276,3210000.0,3210000.0,1891000.0,1319000.0,2024-03-27,2024-05-12,2024-06-01,2024-11-08,,Ongoing,61.1,AGY-WSS-05,Public Health Engineering & Water Supply Dept,1,1,False,PUBLIC DATA
MPL-2024-KA-000668,REC-2023-0668,Lok Sabha,17th Lok Sabha (2023-24),MP-LO-17-84,Shri K. Venkatesh (Hon'ble MP),"CC Road Construction at Singanayakanahalli, Block Bengaluru North",Rural Roads & Bridges,CC Road Construction,Karnataka,Bengaluru Urban,Bangalore North,Bengaluru North,Singanayakanahalli,12.9077,77.5851,2400000.0,2400000.0,683000.0,1717000.0,2024-04-25,2024-06-19,2024-07-05,2024-12-27,,Delayed,31.6,AGY-RWD-02,Rural Works Department (RWD) Engineering Wing,2,1,False,PUBLIC DATA
MPL-2024-RA-000669,REC-2023-0669,Lok Sabha,17th Lok Sabha (2023-24),MP-LO-17-98,Smt. Manju Meena (Hon'ble MP),"High-Mast Solar Lighting Chowk at Kukas, Block Shahpura",Solar & Renewable Energy,High-Mast Solar Lighting Chowk,Rajasthan,Jaipur,Jaipur Rural,Shahpura,Kukas,26.8624,75.7516,500000.0,500000.0,500000.0,0.0,2023-04-29,2023-05-25,2023-06-22,2023-11-30,2023-11-11,Completed,100.0,AGY-DRDA-04,District Rural Development Agency (DRDA),2,4,True,PUBLIC DATA
MPL-2024-KA-000670,REC-2023-0670,Lok Sabha,18th Lok Sabha (2024-Present),MP-LO-17-84,Shri K. Venkatesh (Hon'ble MP),"Deep Borewell & Solar Pump System at Doddaballapur Rd, Block Anekal",Drinking Water,Deep Borewell & Solar Pump System,Karnataka,Bengaluru Urban,Bangalore North,Anekal,Doddaballapur Rd,12.979,77.5937,1190000.0,1190000.0,560000.0,630000.0,2023-07-13,2023-08-11,2023-09-02,2024-02-17,,Ongoing,47.2,AGY-RWD-02,Rural Works Department (RWD) Engineering Wing,1,1,False,PUBLIC DATA
MPL-2024-MA-000671,REC-2023-0671,Rajya Sabha,18th Lok Sabha (2024-Present),MP-RA-17-68,Shri Naresh Rao (Hon'ble MP),"Village Waste Segregation Shed at Vashind, Block Bhiwandi",Health & Sanitation,Village Waste Segregation Shed,Maharashtra,Thane,Thane,Bhiwandi,Vashind,19.1788,72.9915,790000.0,790000.0,226000.0,564000.0,2023-11-17,2024-01-12,2024-01-22,2024-05-23,,Delayed,31.8,AGY-RWD-02,Rural Works Department (RWD) Engineering Wing,1,0,False,PUBLIC DATA
MPL-2024-KA-000672,REC-2023-0672,Lok Sabha,17th Lok Sabha (2023-24),MP-LO-17-67,Shri K. Venkatesh (Hon'ble MP),"High-Mast Solar Lighting Chowk at Singanayakanahalli, Block Bengaluru North",Solar & Renewable Energy,High-Mast Solar Lighting Chowk,Karnataka,Bengaluru Urban,Bangalore North,Bengaluru North,Singanayakanahalli,12.954,77.5911,480000.0,480000.0,132000.0,348000.0,2023-10-19,2023-11-26,2023-12-22,2024-08-03,,Delayed,30.6,AGY-WSS-05,Public Health Engineering & Water Supply Dept,1,2,False,PUBLIC DATA
MPL-2024-KA-000673,REC-2023-0673,Rajya Sabha,18th Lok Sabha (2024-Present),MP-RA-17-23,Shri K. Venkatesh (Hon'ble MP),"CC Road Construction at Hesaraghatta, Block Bengaluru North",Rural Roads & Bridges,CC Road Construction,Karnataka,Bengaluru Urban,Bangalore North,Bengaluru North,Hesaraghatta,12.9771,77.6606,1820000.0,1820000.0,1820000.0,0.0,2024-03-13,2024-05-07,2024-05-31,2025-01-15,2025-02-23,Completed,100.0,AGY-WSS-05,Public Health Engineering & Water Supply Dept,2,4,True,PUBLIC DATA
MPL-2024-UT-000674,REC-2023-0674,Rajya Sabha,17th Lok Sabha (2023-24),MP-RA-17-67,Shri Ramakant Sharma (Hon'ble MP),"Culvert & Drainage Bridge at Shivpur, Block Pindra",Rural Roads & Bridges,Culvert & Drainage Bridge,Uttar Pradesh,Varanasi,Varanasi,Pindra,Shivpur,25.3187,82.9358,2060000.0,2060000.0,2060000.0,0.0,2024-05-24,2024-06-10,2024-06-29,2024-11-01,2024-12-10,Completed,100.0,AGY-DRDA-04,District Rural Development Agency (DRDA),2,3,True,PUBLIC DATA
MPL-2024-KA-000675,REC-2023-0675,Lok Sabha,18th Lok Sabha (2024-Present),MP-LO-17-40,Shri K. Venkatesh (Hon'ble MP),"Senior Citizen Recreation Shed at Singanayakanahalli, Block Bengaluru North",Community Infrastructure,Senior Citizen Recreation Shed,Karnataka,Bengaluru Urban,Bangalore North,Bengaluru North,Singanayakanahalli,12.9096,77.5759,1880000.0,1880000.0,1880000.0,0.0,2023-07-30,2023-09-28,2023-10-16,2024-04-28,2024-05-09,Completed,100.0,AGY-RWD-02,Rural Works Department (RWD) Engineering Wing,3,2,True,PUBLIC DATA
MPL-2024-MA-000676,REC-2023-0676,Lok Sabha,17th Lok Sabha (2023-24),MP-LO-17-31,Shri Naresh Rao (Hon'ble MP),"Crematorium Shed with Amenities at Padgha, Block Shahapur",Community Infrastructure,Crematorium Shed with Amenities,Maharashtra,Thane,Thane,Shahapur,Padgha,19.231,73.0084,2900000.0,2900000.0,1723000.0,1177000.0,2024-02-21,2024-03-24,2024-04-19,2024-09-27,,Ongoing,57.8,AGY-WSS-05,Public Health Engineering & Water Supply Dept,3,3,False,PUBLIC DATA
MPL-2024-WE-000677,REC-2023-0677,Lok Sabha,17th Lok Sabha (2023-24),MP-LO-17-32,Smt. Mahua Mitra (Hon'ble MP),"Hand Pump Installation Cluster at Bethuadahari, Block Nabadwip",Drinking Water,Hand Pump Installation Cluster,West Bengal,Nadia,Krishnanagar,Nabadwip,Bethuadahari,23.3444,88.5171,3160000.0,3160000.0,1620000.0,1540000.0,2023-10-23,2023-11-12,2023-12-04,2024-05-31,,Ongoing,52.4,AGY-ZP-03,Zila Parishad Rural Infrastructure Cell,3,2,False,PUBLIC DATA
MPL-2024-UT-000678,REC-2023-0678,Lok Sabha,18th Lok Sabha (2024-Present),MP-LO-17-79,Shri Ramakant Sharma (Hon'ble MP),"Rooftop Solar for Govt Hospital at Shivpur, Block Arajiline",Solar & Renewable Energy,Rooftop Solar for Govt Hospital,Uttar Pradesh,Varanasi,Varanasi,Arajiline,Shivpur,25.3112,82.9903,690000.0,690000.0,690000.0,0.0,2023-09-07,2023-11-06,2023-11-24,2024-05-08,2024-04-25,Completed,100.0,AGY-XYZ-99,XYZ Infrastructure & Construction Private Ltd,3,3,True,PUBLIC DATA
MPL-2024-AS-000679,REC-2023-0679,Rajya Sabha,17th Lok Sabha (2023-24),MP-RA-17-16,Smt. Queen Oja (Hon'ble MP),"Village Waste Segregation Shed at Boko, Block Bezera",Health & Sanitation,Village Waste Segregation Shed,Assam,Kamrup,Gauhati,Bezera,Boko,26.1864,91.7068,3230000.0,3230000.0,1954000.0,1276000.0,2024-04-02,2024-05-24,2024-06-04,2024-11-17,,Ongoing,67.8,AGY-WSS-05,Public Health Engineering & Water Supply Dept,1,4,False,PUBLIC DATA
MPL-2024-MA-000680,REC-2023-0680,Lok Sabha,17th Lok Sabha (2023-24),MP-LO-17-69,Shri Naresh Rao (Hon'ble MP),"Smart Digital Library Block at Titwala, Block Kalyan",Education & Classrooms,Smart Digital Library Block,Maharashtra,Thane,Thane,Kalyan,Titwala,19.2512,72.9589,2130000.0,2130000.0,1102000.0,1028000.0,2023-04-29,2023-05-29,2023-06-10,2023-11-27,,Delayed,57.5,AGY-XYZ-99,XYZ Infrastructure & Construction Private Ltd,1,1,False,PUBLIC DATA
MPL-2024-RA-000681,REC-2023-0681,Lok Sabha,17th Lok Sabha (2023-24),MP-LO-17-10,Smt. Manju Meena (Hon'ble MP),"High-Mast Solar Lighting Chowk at Bagru, Block Chaksu",Solar & Renewable Energy,High-Mast Solar Lighting Chowk,Rajasthan,Jaipur,Jaipur Rural,Chaksu,Bagru,26.8542,75.727,1510000.0,1510000.0,325000.0,1185000.0,2024-02-04,2024-03-21,2024-04-17,2024-08-27,,Delayed,23.9,AGY-ZP-03,Zila Parishad Rural Infrastructure Cell,1,2,False,PUBLIC DATA
MPL-2024-AS-000682,REC-2023-0682,Rajya Sabha,17th Lok Sabha (2023-24),MP-RA-17-77,Smt. Queen Oja (Hon'ble MP),"Senior Citizen Recreation Shed at Puthimari, Block Hajo",Community Infrastructure,Senior Citizen Recreation Shed,Assam,Kamrup,Gauhati,Hajo,Puthimari,26.1003,91.7576,1250000.0,1250000.0,525000.0,725000.0,2024-04-02,2024-05-07,2024-05-22,2024-11-01,,Delayed,46.7,AGY-XYZ-99,XYZ Infrastructure & Construction Private Ltd,2,0,False,PUBLIC DATA
MPL-2024-BI-000683,REC-2023-0683,Lok Sabha,18th Lok Sabha (2024-Present),MP-LO-17-29,Dr. Ravi Shankar Sinha (Hon'ble MP),"Culvert & Drainage Bridge at Gauri Chak, Block Bakhtiarpur",Rural Roads & Bridges,Culvert & Drainage Bridge,Bihar,Patna,Patna Sahib,Bakhtiarpur,Gauri Chak,25.6638,85.2123,3680000.0,3680000.0,1984000.0,1696000.0,2023-11-29,2024-01-27,2024-02-13,2024-06-24,,Delayed,59.9,AGY-WSS-05,Public Health Engineering & Water Supply Dept,1,2,False,PUBLIC DATA
MPL-2024-MA-000684,REC-2023-0684,Lok Sabha,18th Lok Sabha (2024-Present),MP-LO-17-14,Shri Naresh Rao (Hon'ble MP),"Village Waste Segregation Shed at Tokawade, Block Kalyan",Health & Sanitation,Village Waste Segregation Shed,Maharashtra,Thane,Thane,Kalyan,Tokawade,19.2384,72.9417,1280000.0,1280000.0,748000.0,532000.0,2024-06-21,2024-07-20,2024-08-07,2025-01-26,,Ongoing,57.8,AGY-DRDA-04,District Rural Development Agency (DRDA),1,4,False,PUBLIC DATA
MPL-2024-RA-000685,REC-2023-0685,Rajya Sabha,17th Lok Sabha (2023-24),MP-RA-17-59,Smt. Manju Meena (Hon'ble MP),"Additional Classroom Building at Achrol, Block Chaksu",Education & Classrooms,Additional Classroom Building,Rajasthan,Jaipur,Jaipur Rural,Chaksu,Achrol,26.9009,75.7325,1260000.0,1260000.0,893000.0,367000.0,2024-03-02,2024-04-22,2024-05-03,2024-09-28,,Ongoing,61.7,AGY-DRDA-04,District Rural Development Agency (DRDA),3,1,False,PUBLIC DATA
MPL-2024-KE-000686,REC-2023-0686,Lok Sabha,18th Lok Sabha (2024-Present),MP-LO-17-87,Shri Hibi Eden (Hon'ble MP),"Additional Classroom Building at Cherai, Block Angamaly",Education & Classrooms,Additional Classroom Building,Kerala,Ernakulam,Ernakulam,Angamaly,Cherai,10.0339,76.2984,1660000.0,1660000.0,838000.0,822000.0,2023-07-16,2023-08-23,2023-09-11,2024-04-27,,Delayed,56.1,AGY-DRDA-04,District Rural Development Agency (DRDA),2,0,False,PUBLIC DATA
MPL-2024-WE-000687,REC-2023-0687,Lok Sabha,18th Lok Sabha (2024-Present),MP-LO-17-78,Smt. Mahua Mitra (Hon'ble MP),"Rooftop Solar for Govt Hospital at Tehatta, Block Chapra",Solar & Renewable Energy,Rooftop Solar for Govt Hospital,West Bengal,Nadia,Krishnanagar,Chapra,Tehatta,23.3458,88.5085,1270000.0,1270000.0,1270000.0,0.0,2023-12-11,2024-02-09,2024-03-04,2024-08-26,2024-09-06,Completed,100.0,AGY-ZP-03,Zila Parishad Rural Infrastructure Cell,3,2,True,PUBLIC DATA
MPL-2024-BI-000688,REC-2023-0688,Lok Sabha,17th Lok Sabha (2023-24),MP-LO-17-67,Dr. Ravi Shankar Sinha (Hon'ble MP),"Village Waste Segregation Shed at Jethuli, Block Sampatchak",Health & Sanitation,Village Waste Segregation Shed,Bihar,Patna,Patna Sahib,Sampatchak,Jethuli,25.5366,85.0746,1890000.0,1890000.0,1890000.0,0.0,2023-06-26,2023-08-14,2023-08-25,2024-02-07,2024-03-10,Completed,100.0,AGY-RWD-02,Rural Works Department (RWD) Engineering Wing,4,6,True,PUBLIC DATA
MPL-2024-WE-000689,REC-2023-0689,Lok Sabha,17th Lok Sabha (2023-24),MP-LO-17-95,Smt. Mahua Mitra (Hon'ble MP),"Panchayat Community Hall at Bethuadahari, Block Nakashipara",Community Infrastructure,Panchayat Community Hall,West Bengal,Nadia,Krishnanagar,Nakashipara,Bethuadahari,23.4165,88.4621,2500000.0,2500000.0,599000.0,1901000.0,2024-06-09,2024-07-24,2024-08-23,2025-01-04,,Ongoing,26.7,AGY-WSS-05,Public Health Engineering & Water Supply Dept,2,1,False,PUBLIC DATA
MPL-2024-KA-000690,REC-2023-0690,Lok Sabha,17th Lok Sabha (2023-24),MP-LO-17-84,Shri K. Venkatesh (Hon'ble MP),"School Boundary Wall & Sanitation at Mandur, Block Anekal",Education & Classrooms,School Boundary Wall & Sanitation,Karnataka,Bengaluru Urban,Bangalore North,Anekal,Mandur,12.9979,77.5251,1970000.0,1970000.0,1135000.0,835000.0,2024-01-16,2024-02-05,2024-02-24,2024-07-31,,Ongoing,52.4,AGY-ZP-03,Zila Parishad Rural Infrastructure Cell,3,2,False,PUBLIC DATA
MPL-2024-KA-000691,REC-2023-0691,Rajya Sabha,17th Lok Sabha (2023-24),MP-RA-17-81,Shri K. Venkatesh (Hon'ble MP),"Rooftop Solar for Govt Hospital at Doddaballapur Rd, Block Yelahanka",Solar & Renewable Energy,Rooftop Solar for Govt Hospital,Karnataka,Bengaluru Urban,Bangalore North,Yelahanka,Doddaballapur Rd,13.0184,77.5865,730000.0,730000.0,434000.0,296000.0,2024-01-06,2024-02-07,2024-02-22,2024-06-29,,Ongoing,66.9,AGY-PWD-01,Public Works Department (PWD) Division I,2,4,False,PUBLIC DATA
MPL-2024-WE-000692,REC-2023-0692,Lok Sabha,18th Lok Sabha (2024-Present),MP-LO-17-45,Smt. Mahua Mitra (Hon'ble MP),"Rooftop Solar for Govt Hospital at Bethuadahari, Block Nabadwip",Solar & Renewable Energy,Rooftop Solar for Govt Hospital,West Bengal,Nadia,Krishnanagar,Nabadwip,Bethuadahari,23.3318,88.4531,1060000.0,1060000.0,532000.0,528000.0,2023-04-11,2023-05-02,2023-05-24,2023-09-29,,Delayed,55.8,AGY-RWD-02,Rural Works Department (RWD) Engineering Wing,2,0,False,PUBLIC DATA
MPL-2024-KE-000693,REC-2023-0693,Lok Sabha,17th Lok Sabha (2023-24),MP-LO-17-19,Shri Hibi Eden (Hon'ble MP),"Community Public Toilet Complex at Kalamassery, Block Aluva",Health & Sanitation,Community Public Toilet Complex,Kerala,Ernakulam,Ernakulam,Aluva,Kalamassery,9.9716,76.2481,1110000.0,1110000.0,728000.0,382000.0,2023-09-04,2023-10-30,2023-11-15,2024-07-12,,Ongoing,69.5,AGY-PWD-01,Public Works Department (PWD) Division I,2,2,False,PUBLIC DATA
MPL-2024-WE-000694,REC-2023-0694,Lok Sabha,17th Lok Sabha (2023-24),MP-LO-17-35,Smt. Mahua Mitra (Hon'ble MP),"Rooftop Solar for Govt Hospital at Mayapur, Block Nabadwip",Solar & Renewable Energy,Rooftop Solar for Govt Hospital,West Bengal,Nadia,Krishnanagar,Nabadwip,Mayapur,23.3756,88.4956,940000.0,940000.0,940000.0,0.0,2023-08-31,2023-10-21,2023-11-06,2024-06-22,2024-06-24,Completed,100.0,AGY-RWD-02,Rural Works Department (RWD) Engineering Wing,2,2,True,PUBLIC DATA
MPL-2024-RA-000695,REC-2023-0695,Lok Sabha,17th Lok Sabha (2023-24),MP-LO-17-26,Smt. Manju Meena (Hon'ble MP),"Deep Borewell & Solar Pump System at Nayla, Block Chaksu",Drinking Water,Deep Borewell & Solar Pump System,Rajasthan,Jaipur,Jaipur Rural,Chaksu,Nayla,26.9104,75.8518,640000.0,640000.0,640000.0,0.0,2023-05-11,2023-07-07,2023-07-21,2024-03-07,2024-03-07,Completed,100.0,AGY-ZP-03,Zila Parishad Rural Infrastructure Cell,3,4,True,PUBLIC DATA
MPL-2024-BI-000696,REC-2023-0696,Lok Sabha,17th Lok Sabha (2023-24),MP-LO-17-60,Dr. Ravi Shankar Sinha (Hon'ble MP),"Rooftop Solar for Govt Hospital at Ranipur, Block Bakhtiarpur",Solar & Renewable Energy,Rooftop Solar for Govt Hospital,Bihar,Patna,Patna Sahib,Bakhtiarpur,Ranipur,25.557,85.0787,840000.0,840000.0,326000.0,514000.0,2024-01-25,2024-02-25,2024-03-14,2024-08-11,,Delayed,43.1,AGY-ZP-03,Zila Parishad Rural Infrastructure Cell,1,1,False,PUBLIC DATA
MPL-2024-AS-000697,REC-2023-0697,Lok Sabha,17th Lok Sabha (2023-24),MP-LO-17-78,Smt. Queen Oja (Hon'ble MP),"Community Public Toilet Complex at Sualkuchi, Block Rangia",Health & Sanitation,Community Public Toilet Complex,Assam,Kamrup,Gauhati,Rangia,Sualkuchi,26.214,91.7829,1190000.0,1190000.0,1190000.0,0.0,2024-06-20,2024-07-15,2024-08-13,2025-01-07,2025-01-28,Completed,100.0,AGY-DRDA-04,District Rural Development Agency (DRDA),4,3,False,PUBLIC DATA
MPL-2024-MA-000698,REC-2023-0698,Lok Sabha,18th Lok Sabha (2024-Present),MP-LO-17-48,Shri Naresh Rao (Hon'ble MP),"Deep Borewell & Solar Pump System at Tokawade, Block Murbad",Drinking Water,Deep Borewell & Solar Pump System,Maharashtra,Thane,Thane,Murbad,Tokawade,19.29,72.9724,1400000.0,1400000.0,1400000.0,0.0,2024-01-04,2024-02-04,2024-03-02,2024-09-03,2024-09-09,Completed,100.0,AGY-XYZ-99,XYZ Infrastructure & Construction Private Ltd,2,2,True,PUBLIC DATA
MPL-2024-KA-000699,REC-2023-0699,Lok Sabha,18th Lok Sabha (2024-Present),MP-LO-17-81,Shri K. Venkatesh (Hon'ble MP),"School Science Laboratory at Doddaballapur Rd, Block K.R. Puram",Education & Classrooms,School Science Laboratory,Karnataka,Bengaluru Urban,Bangalore North,K.R. Puram,Doddaballapur Rd,13.0237,77.6348,2360000.0,2360000.0,756000.0,1604000.0,2023-10-11,2023-11-11,2023-12-11,2024-06-25,,Delayed,35.6,AGY-DRDA-04,District Rural Development Agency (DRDA),2,2,False,PUBLIC DATA
MPL-2024-MA-000700,REC-2023-0700,Rajya Sabha,17th Lok Sabha (2023-24),MP-RA-17-58,Shri Naresh Rao (Hon'ble MP),"Health Diagnostic Equipment at Vashind, Block Kalyan",Health & Sanitation,Health Diagnostic Equipment,Maharashtra,Thane,Thane,Kalyan,Vashind,19.154,72.9865,1190000.0,1190000.0,507000.0,683000.0,2023-06-18,2023-08-11,2023-08-25,2024-02-05,,Ongoing,48.1,AGY-PWD-01,Public Works Department (PWD) Division I,2,3,False,PUBLIC DATA
MPL-2024-AS-000701,REC-2023-0701,Lok Sabha,17th Lok Sabha (2023-24),MP-LO-17-71,Smt. Queen Oja (Hon'ble MP),"Link Road Widening at Sualkuchi, Block Kamalpur",Rural Roads & Bridges,Link Road Widening,Assam,Kamrup,Gauhati,Kamalpur,Sualkuchi,26.0933,91.6897,2670000.0,2670000.0,1411000.0,1259000.0,2024-03-11,2024-04-25,2024-05-24,2024-10-31,,Ongoing,59.0,AGY-RWD-02,Rural Works Department (RWD) Engineering Wing,2,1,False,PUBLIC DATA
MPL-2024-UT-000702,REC-2023-0702,Lok Sabha,18th Lok Sabha (2024-Present),MP-LO-17-59,Shri Ramakant Sharma (Hon'ble MP),"Rooftop Solar for Govt Hospital at Chhatar, Block Pindra",Solar & Renewable Energy,Rooftop Solar for Govt Hospital,Uttar Pradesh,Varanasi,Varanasi,Pindra,Chhatar,25.3578,82.9905,480000.0,480000.0,480000.0,0.0,2024-02-07,2024-03-20,2024-04-14,2024-11-14,2024-12-21,Completed,100.0,AGY-PWD-01,Public Works Department (PWD) Division I,2,2,True,PUBLIC DATA
MPL-2024-RA-000703,REC-2023-0703,Lok Sabha,18th Lok Sabha (2024-Present),MP-LO-17-38,Smt. Manju Meena (Hon'ble MP),"Primary Health Sub-Centre Building at Bagru, Block Chaksu",Health & Sanitation,Primary Health Sub-Centre Building,Rajasthan,Jaipur,Jaipur Rural,Chaksu,Bagru,26.8842,75.8663,800000.0,800000.0,598000.0,202000.0,2023-05-10,2023-07-04,2023-07-30,2024-02-29,,Ongoing,71.3,AGY-DRDA-04,District Rural Development Agency (DRDA),3,1,False,PUBLIC DATA
MPL-2024-AS-000704,REC-2023-0704,Lok Sabha,17th Lok Sabha (2023-24),MP-LO-17-33,Smt. Queen Oja (Hon'ble MP),"Hand Pump Installation Cluster at Dadara, Block Rangia",Drinking Water,Hand Pump Installation Cluster,Assam,Kamrup,Gauhati,Rangia,Dadara,26.1206,91.7662,1360000.0,1360000.0,1360000.0,0.0,2023-10-04,2023-10-30,2023-11-28,2024-06-10,2024-05-29,Completed,100.0,AGY-RWD-02,Rural Works Department (RWD) Engineering Wing,4,3,True,PUBLIC DATA
MPL-2024-WE-000705,REC-2023-0705,Lok Sabha,17th Lok Sabha (2023-24),MP-LO-17-35,Smt. Mahua Mitra (Hon'ble MP),"Link Road Widening at Tehatta, Block Nabadwip",Rural Roads & Bridges,Link Road Widening,West Bengal,Nadia,Krishnanagar,Nabadwip,Tehatta,23.4664,88.4291,2830000.0,2830000.0,726000.0,2104000.0,2024-01-09,2024-02-14,2024-03-09,2024-07-25,,Delayed,28.5,AGY-ZP-03,Zila Parishad Rural Infrastructure Cell,2,1,False,PUBLIC DATA
MPL-2024-WE-000706,REC-2023-0706,Lok Sabha,18th Lok Sabha (2024-Present),MP-LO-17-62,Smt. Mahua Mitra (Hon'ble MP),"School Science Laboratory at Debagram, Block Krishnanagar-I",Education & Classrooms,School Science Laboratory,West Bengal,Nadia,Krishnanagar,Krishnanagar-I,Debagram,23.3751,88.5638,2670000.0,2670000.0,2670000.0,0.0,2023-10-18,2023-12-14,2024-01-03,2024-08-29,2024-09-26,Completed,100.0,AGY-ZP-03,Zila Parishad Rural Infrastructure Cell,2,3,True,PUBLIC DATA
MPL-2024-MA-000707,REC-2023-0707,Lok Sabha,17th Lok Sabha (2023-24),MP-LO-17-24,Shri Naresh Rao (Hon'ble MP),"Rooftop Solar for Govt Hospital at Saralgaon, Block Bhiwandi",Solar & Renewable Energy,Rooftop Solar for Govt Hospital,Maharashtra,Thane,Thane,Bhiwandi,Saralgaon,19.2253,72.9918,1090000.0,1090000.0,312000.0,778000.0,2023-11-17,2023-12-18,2024-01-09,2024-05-25,,Ongoing,32.4,AGY-PWD-01,Public Works Department (PWD) Division I,2,4,False,PUBLIC DATA
MPL-2024-KE-000708,REC-2023-0708,Lok Sabha,18th Lok Sabha (2024-Present),MP-LO-17-78,Shri Hibi Eden (Hon'ble MP),"Village Waste Segregation Shed at Kothamangalam, Block Vyttila",Health & Sanitation,Village Waste Segregation Shed,Kerala,Ernakulam,Ernakulam,Vyttila,Kothamangalam,9.9628,76.2204,2230000.0,2230000.0,2230000.0,0.0,2024-03-10,2024-05-02,2024-05-28,2024-10-01,2024-10-05,Completed,100.0,AGY-RWD-02,Rural Works Department (RWD) Engineering Wing,3,4,True,PUBLIC DATA
MPL-2024-KA-000709,REC-2023-0709,Lok Sabha,17th Lok Sabha (2023-24),MP-LO-17-87,Shri K. Venkatesh (Hon'ble MP),"CC Road Construction at Hesaraghatta, Block Bengaluru North",Rural Roads & Bridges,CC Road Construction,Karnataka,Bengaluru Urban,Bangalore North,Bengaluru North,Hesaraghatta,13.0328,77.6258,2830000.0,2830000.0,2830000.0,0.0,2023-05-10,2023-06-11,2023-06-30,2023-12-24,2024-01-29,Completed,100.0,AGY-DRDA-04,District Rural Development Agency (DRDA),2,3,True,PUBLIC DATA
MPL-2024-WE-000710,REC-2023-0710,Lok Sabha,17th Lok Sabha (2023-24),MP-LO-17-85,Smt. Mahua Mitra (Hon'ble MP),"Hand Pump Installation Cluster at Mayapur, Block Krishnanagar-I",Drinking Water,Hand Pump Installation Cluster,West Bengal,Nadia,Krishnanagar,Krishnanagar-I,Mayapur,23.3956,88.5629,1180000.0,1180000.0,1010000.0,170000.0,2023-12-18,2024-02-13,2024-03-03,2024-09-03,,Ongoing,76.2,AGY-ZP-03,Zila Parishad Rural Infrastructure Cell,2,2,False,PUBLIC DATA
MPL-2024-RA-000711,REC-2023-0711,Lok Sabha,17th Lok Sabha (2023-24),MP-LO-17-62,Smt. Manju Meena (Hon'ble MP),"Panchayat Community Hall at Bassi, Block Amer",Community Infrastructure,Panchayat Community Hall,Rajasthan,Jaipur,Jaipur Rural,Amer,Bassi,26.892,75.8186,3060000.0,3060000.0,3060000.0,0.0,2023-05-15,2023-06-23,2023-07-17,2023-11-15,2023-11-02,Completed,100.0,AGY-ZP-03,Zila Parishad Rural Infrastructure Cell,2,4,True,PUBLIC DATA
MPL-2024-MA-000712,REC-2023-0712,Rajya Sabha,17th Lok Sabha (2023-24),MP-RA-17-56,Shri Naresh Rao (Hon'ble MP),"School Boundary Wall & Sanitation at Padgha, Block Ambernath",Education & Classrooms,School Boundary Wall & Sanitation,Maharashtra,Thane,Thane,Ambernath,Padgha,19.2906,73.0216,2320000.0,2320000.0,2320000.0,0.0,2024-02-13,2024-03-26,2024-04-16,2024-12-04,2025-01-02,Completed,100.0,AGY-RWD-02,Rural Works Department (RWD) Engineering Wing,3,2,True,PUBLIC DATA
MPL-2024-UT-000713,REC-2023-0713,Lok Sabha,17th Lok Sabha (2023-24),MP-LO-17-50,Shri Ramakant Sharma (Hon'ble MP),"High-Mast Solar Lighting Chowk at Shivpur, Block Kashi Vidyapeeth",Solar & Renewable Energy,High-Mast Solar Lighting Chowk,Uttar Pradesh,Varanasi,Varanasi,Kashi Vidyapeeth,Shivpur,25.2527,82.9312,1180000.0,1180000.0,220000.0,960000.0,2023-12-16,2024-01-07,2024-02-01,2024-07-22,,Delayed,20.7,AGY-RWD-02,Rural Works Department (RWD) Engineering Wing,2,0,False,PUBLIC DATA
MPL-2024-KE-000714,REC-2023-0714,Lok Sabha,17th Lok Sabha (2023-24),MP-LO-17-94,Shri Hibi Eden (Hon'ble MP),"School Science Laboratory at Perumbavoor, Block Angamaly",Education & Classrooms,School Science Laboratory,Kerala,Ernakulam,Ernakulam,Angamaly,Perumbavoor,9.9196,76.3241,1700000.0,1700000.0,1700000.0,0.0,2023-11-19,2024-01-10,2024-02-09,2024-07-08,2024-07-07,Completed,100.0,AGY-PWD-01,Public Works Department (PWD) Division I,2,6,True,PUBLIC DATA
MPL-2024-BI-000715,REC-2023-0715,Lok Sabha,17th Lok Sabha (2023-24),MP-LO-17-14,Dr. Ravi Shankar Sinha (Hon'ble MP),"Solar Street Light Grid (50 poles) at Baikatpur, Block Phulwari Sharif",Solar & Renewable Energy,Solar Street Light Grid (50 poles),Bihar,Patna,Patna Sahib,Phulwari Sharif,Baikatpur,25.5212,85.0817,1070000.0,1070000.0,1070000.0,0.0,2023-08-19,2023-10-01,2023-10-17,2024-06-09,2024-06-19,Completed,100.0,AGY-DRDA-04,District Rural Development Agency (DRDA),4,6,True,PUBLIC DATA
MPL-2024-MA-000716,REC-2023-0716,Rajya Sabha,17th Lok Sabha (2023-24),MP-RA-17-43,Shri Naresh Rao (Hon'ble MP),"Piped Water Overhead Tank at Titwala, Block Ambernath",Drinking Water,Piped Water Overhead Tank,Maharashtra,Thane,Thane,Ambernath,Titwala,19.2519,72.9344,690000.0,690000.0,690000.0,0.0,2024-01-17,2024-02-28,2024-03-24,2024-11-03,2024-12-11,Completed,100.0,AGY-DRDA-04,District Rural Development Agency (DRDA),4,2,True,PUBLIC DATA
MPL-2024-BI-000717,REC-2023-0717,Rajya Sabha,18th Lok Sabha (2024-Present),MP-RA-17-90,Dr. Ravi Shankar Sinha (Hon'ble MP),"Hand Pump Installation Cluster at Sabbalpur, Block Bakhtiarpur",Drinking Water,Hand Pump Installation Cluster,Bihar,Patna,Patna Sahib,Bakhtiarpur,Sabbalpur,25.5446,85.1858,960000.0,960000.0,960000.0,0.0,2023-10-08,2023-10-28,2023-11-12,2024-05-21,2024-05-03,Completed,100.0,AGY-DRDA-04,District Rural Development Agency (DRDA),3,4,True,PUBLIC DATA
MPL-2024-WE-000718,REC-2023-0718,Lok Sabha,17th Lok Sabha (2023-24),MP-LO-17-59,Smt. Mahua Mitra (Hon'ble MP),"Paver Block Road at Tehatta, Block Krishnanagar-I",Rural Roads & Bridges,Paver Block Road,West Bengal,Nadia,Krishnanagar,Krishnanagar-I,Tehatta,23.3618,88.5621,3630000.0,3630000.0,2304000.0,1326000.0,2024-04-21,2024-06-19,2024-07-18,2025-02-24,,Ongoing,55.7,AGY-WSS-05,Public Health Engineering & Water Supply Dept,1,4,False,PUBLIC DATA
MPL-2024-MA-000719,REC-2023-0719,Lok Sabha,17th Lok Sabha (2023-24),MP-LO-17-99,Shri Naresh Rao (Hon'ble MP),"Panchayat Community Hall at Tokawade, Block Bhiwandi",Community Infrastructure,Panchayat Community Hall,Maharashtra,Thane,Thane,Bhiwandi,Tokawade,19.2982,73.0293,1460000.0,1460000.0,1460000.0,0.0,2023-09-24,2023-11-16,2023-12-02,2024-07-12,2024-07-07,Completed,100.0,AGY-XYZ-99,XYZ Infrastructure & Construction Private Ltd,4,6,True,PUBLIC DATA
MPL-2024-WE-000720,REC-2023-0720,Rajya Sabha,17th Lok Sabha (2023-24),MP-RA-17-51,Smt. Mahua Mitra (Hon'ble MP),"Smart Digital Library Block at Mayapur, Block Chapra",Education & Classrooms,Smart Digital Library Block,West Bengal,Nadia,Krishnanagar,Chapra,Mayapur,23.3396,88.4622,2490000.0,2490000.0,1532000.0,958000.0,2023-04-21,2023-06-06,2023-06-19,2024-01-28,,Ongoing,58.9,AGY-ZP-03,Zila Parishad Rural Infrastructure Cell,1,2,False,PUBLIC DATA
MPL-2024-WE-000721,REC-2023-0721,Rajya Sabha,17th Lok Sabha (2023-24),MP-RA-17-64,Smt. Mahua Mitra (Hon'ble MP),"Senior Citizen Recreation Shed at Debagram, Block Nabadwip",Community Infrastructure,Senior Citizen Recreation Shed,West Bengal,Nadia,Krishnanagar,Nabadwip,Debagram,23.4148,88.4813,1520000.0,1520000.0,1520000.0,0.0,2024-01-06,2024-02-18,2024-03-09,2024-11-04,2024-12-08,Completed,100.0,AGY-RWD-02,Rural Works Department (RWD) Engineering Wing,4,3,True,PUBLIC DATA
MPL-2024-KA-000722,REC-2023-0722,Lok Sabha,18th Lok Sabha (2024-Present),MP-LO-17-13,Shri K. Venkatesh (Hon'ble MP),"Paver Block Road at Singanayakanahalli, Block Bengaluru North",Rural Roads & Bridges,Paver Block Road,Karnataka,Bengaluru Urban,Bangalore North,Bengaluru North,Singanayakanahalli,12.9512,77.6272,1800000.0,1800000.0,506000.0,1294000.0,2023-05-12,2023-05-28,2023-06-17,2023-11-05,,Ongoing,26.0,AGY-PWD-01,Public Works Department (PWD) Division I,1,3,False,PUBLIC DATA
MPL-2024-WE-000723,REC-2023-0723,Lok Sabha,17th Lok Sabha (2023-24),MP-LO-17-79,Smt. Mahua Mitra (Hon'ble MP),"School Boundary Wall & Sanitation at Dhubulia, Block Chapra",Education & Classrooms,School Boundary Wall & Sanitation,West Bengal,Nadia,Krishnanagar,Chapra,Dhubulia,23.422,88.5239,2880000.0,2880000.0,1335000.0,1545000.0,2023-04-24,2023-06-02,2023-07-01,2024-01-20,,Delayed,51.5,AGY-ZP-03,Zila Parishad Rural Infrastructure Cell,1,1,False,PUBLIC DATA
MPL-2024-WE-000724,REC-2023-0724,Lok Sabha,18th Lok Sabha (2024-Present),MP-LO-17-58,Smt. Mahua Mitra (Hon'ble MP),"High-Mast Solar Lighting Chowk at Dhubulia, Block Nakashipara",Solar & Renewable Energy,High-Mast Solar Lighting Chowk,West Bengal,Nadia,Krishnanagar,Nakashipara,Dhubulia,23.4566,88.4763,930000.0,930000.0,930000.0,0.0,2024-04-04,2024-05-25,2024-06-24,2024-12-26,2024-12-12,Completed,100.0,AGY-RWD-02,Rural Works Department (RWD) Engineering Wing,3,3,True,PUBLIC DATA
MPL-2024-KE-000725,REC-2023-0725,Lok Sabha,17th Lok Sabha (2023-24),MP-LO-17-68,Shri Hibi Eden (Hon'ble MP),"RO Water Treatment Plant at Kalamassery, Block Angamaly",Drinking Water,RO Water Treatment Plant,Kerala,Ernakulam,Ernakulam,Angamaly,Kalamassery,9.9046,76.2735,870000.0,870000.0,870000.0,0.0,2024-02-22,2024-03-25,2024-04-04,2024-10-28,2024-10-15,Completed,100.0,AGY-ZP-03,Zila Parishad Rural Infrastructure Cell,3,2,True,PUBLIC DATA
MPL-2024-MA-000726,REC-2023-0726,Lok Sabha,17th Lok Sabha (2023-24),MP-LO-17-89,Shri Naresh Rao (Hon'ble MP),"Crematorium Shed with Amenities at Padgha, Block Bhiwandi",Community Infrastructure,Crematorium Shed with Amenities,Maharashtra,Thane,Thane,Bhiwandi,Padgha,19.1665,73.0383,2480000.0,2480000.0,946000.0,1534000.0,2024-03-25,2024-04-13,2024-05-10,2024-11-10,,Ongoing,38.3,AGY-DRDA-04,District Rural Development Agency (DRDA),3,2,False,PUBLIC DATA
MPL-2024-KA-000727,REC-2023-0727,Lok Sabha,17th Lok Sabha (2023-24),MP-LO-17-77,Shri K. Venkatesh (Hon'ble MP),"Community Public Toilet Complex at Mandur, Block K.R. Puram",Health & Sanitation,Community Public Toilet Complex,Karnataka,Bengaluru Urban,Bangalore North,K.R. Puram,Mandur,13.0225,77.5153,960000.0,960000.0,663000.0,297000.0,2023-05-27,2023-06-25,2023-07-22,2024-03-04,,Ongoing,73.5,AGY-ZP-03,Zila Parishad Rural Infrastructure Cell,1,3,False,PUBLIC DATA
MPL-2024-AS-000728,REC-2023-0728,Lok Sabha,17th Lok Sabha (2023-24),MP-LO-17-56,Smt. Queen Oja (Hon'ble MP),"High-Mast Solar Lighting Chowk at Sualkuchi, Block Rangia",Solar & Renewable Energy,High-Mast Solar Lighting Chowk,Assam,Kamrup,Gauhati,Rangia,Sualkuchi,26.066,91.7581,900000.0,900000.0,389000.0,511000.0,2023-05-10,2023-06-30,2023-07-25,2024-02-17,,Ongoing,42.1,AGY-XYZ-99,XYZ Infrastructure & Construction Private Ltd,2,4,False,PUBLIC DATA
MPL-2024-WE-000729,REC-2023-0729,Lok Sabha,17th Lok Sabha (2023-24),MP-LO-17-77,Smt. Mahua Mitra (Hon'ble MP),"Link Road Widening at Mayapur, Block Krishnanagar-I",Rural Roads & Bridges,Link Road Widening,West Bengal,Nadia,Krishnanagar,Krishnanagar-I,Mayapur,23.3894,88.4327,3570000.0,3570000.0,826000.0,2744000.0,2023-05-31,2023-06-22,2023-07-22,2024-01-20,,Delayed,25.7,AGY-ZP-03,Zila Parishad Rural Infrastructure Cell,1,2,False,PUBLIC DATA
MPL-2024-MA-000730,REC-2023-0730,Lok Sabha,17th Lok Sabha (2023-24),MP-LO-17-21,Shri Naresh Rao (Hon'ble MP),"Additional Classroom Building at Khadavali, Block Murbad",Education & Classrooms,Additional Classroom Building,Maharashtra,Thane,Thane,Murbad,Khadavali,19.207,73.0566,960000.0,960000.0,484000.0,476000.0,2023-06-23,2023-07-18,2023-08-07,2024-03-02,,Delayed,56.0,AGY-PWD-01,Public Works Department (PWD) Division I,2,1,False,PUBLIC DATA
MPL-2024-UT-000731,REC-2023-0731,Lok Sabha,17th Lok Sabha (2023-24),MP-LO-17-59,Shri Ramakant Sharma (Hon'ble MP),"Village Waste Segregation Shed at Chhatar, Block Sewapuri",Health & Sanitation,Village Waste Segregation Shed,Uttar Pradesh,Varanasi,Varanasi,Sewapuri,Chhatar,25.3532,82.9043,1490000.0,1490000.0,594000.0,896000.0,2023-08-31,2023-10-23,2023-11-16,2024-05-21,,Ongoing,35.9,AGY-XYZ-99,XYZ Infrastructure & Construction Private Ltd,2,2,False,PUBLIC DATA
MPL-2024-RA-000732,REC-2023-0732,Lok Sabha,17th Lok Sabha (2023-24),MP-LO-17-39,Smt. Manju Meena (Hon'ble MP),"RO Water Treatment Plant at Nayla, Block Kotputli",Drinking Water,RO Water Treatment Plant,Rajasthan,Jaipur,Jaipur Rural,Kotputli,Nayla,26.8761,75.8368,2900000.0,2900000.0,2900000.0,0.0,2024-04-13,2024-05-17,2024-06-11,2025-01-26,2025-01-19,Completed,100.0,AGY-WSS-05,Public Health Engineering & Water Supply Dept,2,2,True,PUBLIC DATA
MPL-2024-KA-000733,REC-2023-0733,Lok Sabha,18th Lok Sabha (2024-Present),MP-LO-17-23,Shri K. Venkatesh (Hon'ble MP),"School Science Laboratory at Hesaraghatta, Block K.R. Puram",Education & Classrooms,School Science Laboratory,Karnataka,Bengaluru Urban,Bangalore North,K.R. Puram,Hesaraghatta,12.9288,77.5176,2610000.0,2610000.0,1612000.0,998000.0,2024-03-30,2024-04-15,2024-05-08,2024-12-04,,Ongoing,59.4,AGY-DRDA-04,District Rural Development Agency (DRDA),3,2,False,PUBLIC DATA
MPL-2024-KA-000734,REC-2023-0734,Lok Sabha,17th Lok Sabha (2023-24),MP-LO-17-42,Shri K. Venkatesh (Hon'ble MP),"Culvert & Drainage Bridge at Mandur, Block Bengaluru North",Rural Roads & Bridges,Culvert & Drainage Bridge,Karnataka,Bengaluru Urban,Bangalore North,Bengaluru North,Mandur,13.0116,77.6545,1690000.0,1690000.0,1690000.0,0.0,2023-11-30,2024-01-05,2024-01-17,2024-06-05,2024-06-26,Completed,100.0,AGY-DRDA-04,District Rural Development Agency (DRDA),3,4,True,PUBLIC DATA
MPL-2024-MA-000735,REC-2023-0735,Lok Sabha,17th Lok Sabha (2023-24),MP-LO-17-19,Shri Naresh Rao (Hon'ble MP),"Deep Borewell & Solar Pump System at Tokawade, Block Kalyan",Drinking Water,Deep Borewell & Solar Pump System,Maharashtra,Thane,Thane,Kalyan,Tokawade,19.2732,72.9356,1080000.0,1080000.0,482000.0,598000.0,2024-05-28,2024-07-24,2024-08-20,2025-04-10,,Ongoing,39.8,AGY-WSS-05,Public Health Engineering & Water Supply Dept,2,2,False,PUBLIC DATA
MPL-2024-KE-000736,REC-2023-0736,Lok Sabha,18th Lok Sabha (2024-Present),MP-LO-17-89,Shri Hibi Eden (Hon'ble MP),"Piped Water Overhead Tank at Kothamangalam, Block Vyttila",Drinking Water,Piped Water Overhead Tank,Kerala,Ernakulam,Ernakulam,Vyttila,Kothamangalam,9.9765,76.3069,660000.0,660000.0,242000.0,418000.0,2023-09-23,2023-11-03,2023-11-27,2024-04-20,,Delayed,40.8,AGY-DRDA-04,District Rural Development Agency (DRDA),1,2,False,PUBLIC DATA
MPL-2024-AS-000737,REC-2023-0737,Lok Sabha,17th Lok Sabha (2023-24),MP-LO-17-78,Smt. Queen Oja (Hon'ble MP),"Panchayat Community Hall at Mirza, Block Kamalpur",Community Infrastructure,Panchayat Community Hall,Assam,Kamrup,Gauhati,Kamalpur,Mirza,26.1483,91.7001,3000000.0,3000000.0,913000.0,2087000.0,2023-07-07,2023-07-31,2023-08-13,2024-03-31,,Delayed,33.8,AGY-XYZ-99,XYZ Infrastructure & Construction Private Ltd,2,0,False,PUBLIC DATA
MPL-2024-AS-000738,REC-2023-0738,Lok Sabha,18th Lok Sabha (2024-Present),MP-LO-17-21,Smt. Queen Oja (Hon'ble MP),"RO Water Treatment Plant at Boko, Block Kamalpur",Drinking Water,RO Water Treatment Plant,Assam,Kamrup,Gauhati,Kamalpur,Boko,26.0784,91.7133,2970000.0,2970000.0,1206000.0,1764000.0,2023-06-01,2023-07-03,2023-07-26,2024-03-14,,Ongoing,40.4,AGY-PWD-01,Public Works Department (PWD) Division I,1,4,False,PUBLIC DATA
MPL-2024-KE-000739,REC-2023-0739,Rajya Sabha,18th Lok Sabha (2024-Present),MP-RA-17-67,Shri Hibi Eden (Hon'ble MP),"CC Road Construction at Perumbavoor, Block Muvattupuzha",Rural Roads & Bridges,CC Road Construction,Kerala,Ernakulam,Ernakulam,Muvattupuzha,Perumbavoor,9.9654,76.288,1670000.0,1670000.0,762000.0,908000.0,2024-03-14,2024-04-23,2024-05-11,2024-10-28,,Delayed,50.7,AGY-ZP-03,Zila Parishad Rural Infrastructure Cell,2,1,False,PUBLIC DATA
MPL-2024-MA-000740,REC-2023-0740,Lok Sabha,17th Lok Sabha (2023-24),MP-LO-17-15,Shri Naresh Rao (Hon'ble MP),"Paver Block Road at Titwala, Block Ambernath",Rural Roads & Bridges,Paver Block Road,Maharashtra,Thane,Thane,Ambernath,Titwala,19.1672,72.9291,3130000.0,3130000.0,997000.0,2133000.0,2024-06-11,2024-07-22,2024-08-06,2025-02-18,,Delayed,35.4,AGY-XYZ-99,XYZ Infrastructure & Construction Private Ltd,1,1,False,PUBLIC DATA
MPL-2024-WE-000741,REC-2023-0741,Rajya Sabha,18th Lok Sabha (2024-Present),MP-RA-17-44,Smt. Mahua Mitra (Hon'ble MP),"Deep Borewell & Solar Pump System at Bethuadahari, Block Chapra",Drinking Water,Deep Borewell & Solar Pump System,West Bengal,Nadia,Krishnanagar,Chapra,Bethuadahari,23.3728,88.5459,2470000.0,2470000.0,1098000.0,1372000.0,2024-04-21,2024-05-23,2024-06-14,2024-10-17,,Delayed,49.4,AGY-RWD-02,Rural Works Department (RWD) Engineering Wing,2,1,False,PUBLIC DATA
MPL-2024-RA-000742,REC-2023-0742,Lok Sabha,17th Lok Sabha (2023-24),MP-LO-17-29,Smt. Manju Meena (Hon'ble MP),"Crematorium Shed with Amenities at Bagru, Block Kotputli",Community Infrastructure,Crematorium Shed with Amenities,Rajasthan,Jaipur,Jaipur Rural,Kotputli,Bagru,26.9601,75.8623,2340000.0,2340000.0,2340000.0,0.0,2024-06-09,2024-07-05,2024-07-22,2025-01-19,2025-02-20,Completed,100.0,AGY-WSS-05,Public Health Engineering & Water Supply Dept,3,2,True,PUBLIC DATA
MPL-2024-BI-000743,REC-2023-0743,Rajya Sabha,17th Lok Sabha (2023-24),MP-RA-17-66,Dr. Ravi Shankar Sinha (Hon'ble MP),"High-Mast Solar Lighting Chowk at Jethuli, Block Fatuha",Solar & Renewable Energy,High-Mast Solar Lighting Chowk,Bihar,Patna,Patna Sahib,Fatuha,Jethuli,25.6077,85.1782,1490000.0,1490000.0,1490000.0,0.0,2023-12-01,2024-01-16,2024-02-09,2024-08-07,2024-08-12,Completed,100.0,AGY-WSS-05,Public Health Engineering & Water Supply Dept,3,2,True,PUBLIC DATA
MPL-2024-KA-000744,REC-2023-0744,Lok Sabha,18th Lok Sabha (2024-Present),MP-LO-17-67,Shri K. Venkatesh (Hon'ble MP),"Smart Digital Library Block at Singanayakanahalli, Block Anekal",Education & Classrooms,Smart Digital Library Block,Karnataka,Bengaluru Urban,Bangalore North,Anekal,Singanayakanahalli,13.0379,77.5576,900000.0,900000.0,900000.0,0.0,2023-10-17,2023-11-27,2023-12-22,2024-05-26,2024-06-24,Completed,100.0,AGY-RWD-02,Rural Works Department (RWD) Engineering Wing,4,5,True,PUBLIC DATA
MPL-2024-UT-000745,REC-2023-0745,Lok Sabha,17th Lok Sabha (2023-24),MP-LO-17-17,Shri Ramakant Sharma (Hon'ble MP),"Senior Citizen Recreation Shed at Harahua, Block Pindra",Community Infrastructure,Senior Citizen Recreation Shed,Uttar Pradesh,Varanasi,Varanasi,Pindra,Harahua,25.2967,82.9659,2610000.0,2610000.0,1275000.0,1335000.0,2023-10-17,2023-12-01,2023-12-21,2024-06-27,,Ongoing,53.2,AGY-RWD-02,Rural Works Department (RWD) Engineering Wing,3,3,False,PUBLIC DATA
MPL-2024-AS-000746,REC-2023-0746,Lok Sabha,17th Lok Sabha (2023-24),MP-LO-17-19,Smt. Queen Oja (Hon'ble MP),"Rooftop Solar for Govt Hospital at Puthimari, Block Hajo",Solar & Renewable Energy,Rooftop Solar for Govt Hospital,Assam,Kamrup,Gauhati,Hajo,Puthimari,26.2178,91.798,1870000.0,1870000.0,1870000.0,0.0,2024-06-04,2024-07-31,2024-08-17,2024-12-27,2025-01-04,Completed,100.0,AGY-PWD-01,Public Works Department (PWD) Division I,3,3,True,PUBLIC DATA
MPL-2024-KE-000747,REC-2023-0747,Rajya Sabha,18th Lok Sabha (2024-Present),MP-RA-17-27,Shri Hibi Eden (Hon'ble MP),"School Boundary Wall & Sanitation at Cherai, Block Vyttila",Education & Classrooms,School Boundary Wall & Sanitation,Kerala,Ernakulam,Ernakulam,Vyttila,Cherai,10.0002,76.2695,1530000.0,1530000.0,1530000.0,0.0,2023-05-17,2023-06-27,2023-07-11,2024-01-30,2024-02-26,Completed,100.0,AGY-DRDA-04,District Rural Development Agency (DRDA),4,4,True,PUBLIC DATA
MPL-2024-KA-000748,REC-2023-0748,Lok Sabha,18th Lok Sabha (2024-Present),MP-LO-17-94,Shri K. Venkatesh (Hon'ble MP),"Senior Citizen Recreation Shed at Singanayakanahalli, Block Yelahanka",Community Infrastructure,Senior Citizen Recreation Shed,Karnataka,Bengaluru Urban,Bangalore North,Yelahanka,Singanayakanahalli,12.8947,77.5837,1770000.0,1770000.0,830000.0,940000.0,2023-11-13,2023-12-10,2023-12-21,2024-05-12,,Ongoing,44.4,AGY-PWD-01,Public Works Department (PWD) Division I,1,1,False,PUBLIC DATA
MPL-2024-BI-000749,REC-2023-0749,Lok Sabha,17th Lok Sabha (2023-24),MP-LO-17-21,Dr. Ravi Shankar Sinha (Hon'ble MP),"Primary Health Sub-Centre Building at Gauri Chak, Block Sampatchak",Health & Sanitation,Primary Health Sub-Centre Building,Bihar,Patna,Patna Sahib,Sampatchak,Gauri Chak,25.5869,85.1964,1670000.0,1670000.0,532000.0,1138000.0,2023-04-16,2023-05-17,2023-06-01,2023-12-15,,Delayed,35.4,AGY-RWD-02,Rural Works Department (RWD) Engineering Wing,1,2,False,PUBLIC DATA
MPL-2024-WE-000750,REC-2023-0750,Lok Sabha,17th Lok Sabha (2023-24),MP-LO-17-82,Smt. Mahua Mitra (Hon'ble MP),"Solar Street Light Grid (50 poles) at Tehatta, Block Nakashipara",Solar & Renewable Energy,Solar Street Light Grid (50 poles),West Bengal,Nadia,Krishnanagar,Nakashipara,Tehatta,23.4537,88.4836,1440000.0,1440000.0,1008000.0,432000.0,2024-01-03,2024-02-29,2024-03-20,2024-09-08,,Ongoing,65.4,AGY-ZP-03,Zila Parishad Rural Infrastructure Cell,2,3,False,PUBLIC DATA
MPL-2024-KA-000751,REC-2023-0751,Rajya Sabha,17th Lok Sabha (2023-24),MP-RA-17-87,Shri K. Venkatesh (Hon'ble MP),"Smart Digital Library Block at Singanayakanahalli, Block Bengaluru North",Education & Classrooms,Smart Digital Library Block,Karnataka,Bengaluru Urban,Bangalore North,Bengaluru North,Singanayakanahalli,13.0246,77.6028,1120000.0,1120000.0,788000.0,332000.0,2023-11-17,2023-12-28,2024-01-12,2024-08-04,,Ongoing,67.0,AGY-PWD-01,Public Works Department (PWD) Division I,2,1,False,PUBLIC DATA
MPL-2024-KA-000752,REC-2023-0752,Rajya Sabha,17th Lok Sabha (2023-24),MP-RA-17-27,Shri K. Venkatesh (Hon'ble MP),"Health Diagnostic Equipment at Singanayakanahalli, Block Yelahanka",Health & Sanitation,Health Diagnostic Equipment,Karnataka,Bengaluru Urban,Bangalore North,Yelahanka,Singanayakanahalli,12.9432,77.5462,1990000.0,1990000.0,1990000.0,0.0,2023-12-15,2024-01-30,2024-02-22,2024-09-10,2024-09-21,Completed,100.0,AGY-DRDA-04,District Rural Development Agency (DRDA),4,4,True,PUBLIC DATA
MPL-2024-WE-000753,REC-2023-0753,Lok Sabha,18th Lok Sabha (2024-Present),MP-LO-17-38,Smt. Mahua Mitra (Hon'ble MP),"Health Diagnostic Equipment at Debagram, Block Chapra",Health & Sanitation,Health Diagnostic Equipment,West Bengal,Nadia,Krishnanagar,Chapra,Debagram,23.3754,88.4678,1530000.0,1530000.0,1530000.0,0.0,2024-05-18,2024-06-25,2024-07-20,2024-12-07,2024-11-24,Completed,100.0,AGY-PWD-01,Public Works Department (PWD) Division I,4,2,True,PUBLIC DATA
MPL-2024-UT-000754,REC-2023-0754,Lok Sabha,18th Lok Sabha (2024-Present),MP-LO-17-23,Shri Ramakant Sharma (Hon'ble MP),"Village Waste Segregation Shed at Chhatar, Block Arajiline",Health & Sanitation,Village Waste Segregation Shed,Uttar Pradesh,Varanasi,Varanasi,Arajiline,Chhatar,25.3449,82.9497,1640000.0,1640000.0,1481000.0,159000.0,2024-05-29,2024-07-06,2024-07-18,2024-12-16,,Ongoing,84.6,AGY-RWD-02,Rural Works Department (RWD) Engineering Wing,2,1,False,PUBLIC DATA
MPL-2024-RA-000755,REC-2023-0755,Rajya Sabha,17th Lok Sabha (2023-24),MP-RA-17-90,Smt. Manju Meena (Hon'ble MP),"Rooftop Solar for Govt Hospital at Manoharpur, Block Amer",Solar & Renewable Energy,Rooftop Solar for Govt Hospital,Rajasthan,Jaipur,Jaipur Rural,Amer,Manoharpur,26.9065,75.8664,1120000.0,1120000.0,355000.0,765000.0,2024-02-03,2024-03-07,2024-03-28,2024-07-26,,Delayed,35.2,AGY-DRDA-04,District Rural Development Agency (DRDA),2,0,False,PUBLIC DATA
MPL-2024-KA-000756,REC-2023-0756,Lok Sabha,18th Lok Sabha (2024-Present),MP-LO-17-13,Shri K. Venkatesh (Hon'ble MP),"Deep Borewell & Solar Pump System at Singanayakanahalli, Block Bengaluru North",Drinking Water,Deep Borewell & Solar Pump System,Karnataka,Bengaluru Urban,Bangalore North,Bengaluru North,Singanayakanahalli,12.9771,77.6684,1410000.0,1410000.0,1210000.0,200000.0,2024-02-18,2024-04-15,2024-04-30,2024-10-01,,Ongoing,83.7,AGY-RWD-02,Rural Works Department (RWD) Engineering Wing,3,1,False,PUBLIC DATA
MPL-2024-KE-000757,REC-2023-0757,Rajya Sabha,17th Lok Sabha (2023-24),MP-RA-17-97,Shri Hibi Eden (Hon'ble MP),"School Boundary Wall & Sanitation at Edappally, Block Muvattupuzha",Education & Classrooms,School Boundary Wall & Sanitation,Kerala,Ernakulam,Ernakulam,Muvattupuzha,Edappally,10.0293,76.3186,2040000.0,2040000.0,935000.0,1105000.0,2023-10-18,2023-11-08,2023-11-30,2024-05-19,,Delayed,50.9,AGY-DRDA-04,District Rural Development Agency (DRDA),1,1,False,PUBLIC DATA
MPL-2024-BI-000758,REC-2023-0758,Lok Sabha,17th Lok Sabha (2023-24),MP-LO-17-70,Dr. Ravi Shankar Sinha (Hon'ble MP),"Public Bus Passenger Shelter at Sabbalpur, Block Fatuha",Community Infrastructure,Public Bus Passenger Shelter,Bihar,Patna,Patna Sahib,Fatuha,Sabbalpur,25.6561,85.1903,1790000.0,1790000.0,511000.0,1279000.0,2023-10-10,2023-11-11,2023-11-29,2024-07-10,,Delayed,31.7,AGY-PWD-01,Public Works Department (PWD) Division I,2,1,False,PUBLIC DATA
MPL-2024-UT-000759,REC-2023-0759,Rajya Sabha,18th Lok Sabha (2024-Present),MP-RA-17-13,Shri Ramakant Sharma (Hon'ble MP),"Rooftop Solar for Govt Hospital at Shivpur, Block Cholapur",Solar & Renewable Energy,Rooftop Solar for Govt Hospital,Uttar Pradesh,Varanasi,Varanasi,Cholapur,Shivpur,25.387,83.0287,500000.0,500000.0,191000.0,309000.0,2024-02-14,2024-03-28,2024-04-13,2024-10-17,,Ongoing,41.9,AGY-PWD-01,Public Works Department (PWD) Division I,2,1,False,PUBLIC DATA
MPL-2024-BI-000760,REC-2023-0760,Lok Sabha,18th Lok Sabha (2024-Present),MP-LO-17-20,Dr. Ravi Shankar Sinha (Hon'ble MP),"High-Mast Solar Lighting Chowk at Sabbalpur, Block Fatuha",Solar & Renewable Energy,High-Mast Solar Lighting Chowk,Bihar,Patna,Patna Sahib,Fatuha,Sabbalpur,25.6166,85.1858,1130000.0,1130000.0,1130000.0,0.0,2023-11-25,2023-12-31,2024-01-18,2024-05-23,2024-06-27,Completed,100.0,AGY-ZP-03,Zila Parishad Rural Infrastructure Cell,4,3,True,PUBLIC DATA
MPL-2024-KA-000761,REC-2023-0761,Lok Sabha,17th Lok Sabha (2023-24),MP-LO-17-11,Shri K. Venkatesh (Hon'ble MP),"Panchayat Community Hall at Mandur, Block K.R. Puram",Community Infrastructure,Panchayat Community Hall,Karnataka,Bengaluru Urban,Bangalore North,K.R. Puram,Mandur,12.9489,77.6527,3180000.0,3180000.0,1157000.0,2023000.0,2024-01-10,2024-02-04,2024-02-15,2024-09-02,,Ongoing,34.8,AGY-DRDA-04,District Rural Development Agency (DRDA),3,4,False,PUBLIC DATA
MPL-2024-AS-000762,REC-2023-0762,Rajya Sabha,17th Lok Sabha (2023-24),MP-RA-17-73,Smt. Queen Oja (Hon'ble MP),"School Science Laboratory at Mirza, Block Chaygaon",Education & Classrooms,School Science Laboratory,Assam,Kamrup,Gauhati,Chaygaon,Mirza,26.1712,91.7558,1170000.0,1170000.0,780000.0,390000.0,2023-06-06,2023-06-22,2023-07-02,2023-12-05,,Ongoing,59.7,AGY-WSS-05,Public Health Engineering & Water Supply Dept,3,3,False,PUBLIC DATA
MPL-2024-AS-000763,REC-2023-0763,Lok Sabha,17th Lok Sabha (2023-24),MP-LO-17-82,Smt. Queen Oja (Hon'ble MP),"Paver Block Road at Sualkuchi, Block Chaygaon",Rural Roads & Bridges,Paver Block Road,Assam,Kamrup,Gauhati,Chaygaon,Sualkuchi,26.1904,91.7504,2690000.0,2690000.0,767000.0,1923000.0,2023-12-15,2024-01-02,2024-01-14,2024-09-10,,Delayed,31.7,AGY-ZP-03,Zila Parishad Rural Infrastructure Cell,2,2,False,PUBLIC DATA
MPL-2024-MA-000764,REC-2023-0764,Lok Sabha,18th Lok Sabha (2024-Present),MP-LO-17-65,Shri Naresh Rao (Hon'ble MP),"Public Bus Passenger Shelter at Khadavali, Block Kalyan",Community Infrastructure,Public Bus Passenger Shelter,Maharashtra,Thane,Thane,Kalyan,Khadavali,19.2577,72.9059,4630000.0,4630000.0,4630000.0,0.0,2024-01-06,2024-02-16,2024-03-08,2024-07-24,2024-08-10,Completed,100.0,AGY-PWD-01,Public Works Department (PWD) Division I,4,6,True,PUBLIC DATA
MPL-2024-KA-000765,REC-2023-0765,Rajya Sabha,17th Lok Sabha (2023-24),MP-RA-17-72,Shri K. Venkatesh (Hon'ble MP),"CC Road Construction at Hesaraghatta, Block K.R. Puram",Rural Roads & Bridges,CC Road Construction,Karnataka,Bengaluru Urban,Bangalore North,K.R. Puram,Hesaraghatta,12.988,77.5656,3370000.0,3370000.0,1247000.0,2123000.0,2024-04-21,2024-05-20,2024-06-02,2024-10-28,,Delayed,41.1,AGY-DRDA-04,District Rural Development Agency (DRDA),2,0,False,PUBLIC DATA
MPL-2024-UT-000766,REC-2023-0766,Lok Sabha,18th Lok Sabha (2024-Present),MP-LO-17-58,Shri Ramakant Sharma (Hon'ble MP),"Panchayat Community Hall at Babatpur, Block Cholapur",Community Infrastructure,Panchayat Community Hall,Uttar Pradesh,Varanasi,Varanasi,Cholapur,Babatpur,25.3886,82.9462,1350000.0,1350000.0,1350000.0,0.0,2023-10-18,2023-11-23,2023-12-11,2024-04-27,2024-04-13,Completed,100.0,AGY-PWD-01,Public Works Department (PWD) Division I,4,4,True,PUBLIC DATA
MPL-2024-KA-000767,REC-2023-0767,Lok Sabha,18th Lok Sabha (2024-Present),MP-LO-17-70,Shri K. Venkatesh (Hon'ble MP),"Piped Water Overhead Tank at Attibele, Block K.R. Puram",Drinking Water,Piped Water Overhead Tank,Karnataka,Bengaluru Urban,Bangalore North,K.R. Puram,Attibele,13.0015,77.5853,1260000.0,1260000.0,1260000.0,0.0,2024-06-20,2024-08-14,2024-08-25,2025-03-01,2025-04-07,Completed,100.0,AGY-RWD-02,Rural Works Department (RWD) Engineering Wing,3,6,True,PUBLIC DATA
MPL-2024-MA-000768,REC-2023-0768,Lok Sabha,17th Lok Sabha (2023-24),MP-LO-17-92,Shri Naresh Rao (Hon'ble MP),"Panchayat Community Hall at Padgha, Block Murbad",Community Infrastructure,Panchayat Community Hall,Maharashtra,Thane,Thane,Murbad,Padgha,19.1901,72.9434,1310000.0,1310000.0,1310000.0,0.0,2023-09-28,2023-11-02,2023-11-23,2024-06-10,2024-06-28,Completed,100.0,AGY-WSS-05,Public Health Engineering & Water Supply Dept,2,6,True,PUBLIC DATA
MPL-2024-BI-000769,REC-2023-0769,Lok Sabha,17th Lok Sabha (2023-24),MP-LO-17-76,Dr. Ravi Shankar Sinha (Hon'ble MP),"School Science Laboratory at Gauri Chak, Block Fatuha",Education & Classrooms,School Science Laboratory,Bihar,Patna,Patna Sahib,Fatuha,Gauri Chak,25.6179,85.0638,2960000.0,2960000.0,2960000.0,0.0,2023-12-09,2024-01-21,2024-02-13,2024-09-16,2024-10-11,Completed,100.0,AGY-PWD-01,Public Works Department (PWD) Division I,3,2,False,PUBLIC DATA
MPL-2024-UT-000770,REC-2023-0770,Lok Sabha,18th Lok Sabha (2024-Present),MP-LO-17-40,Shri Ramakant Sharma (Hon'ble MP),"Hand Pump Installation Cluster at Tikari, Block Arajiline",Drinking Water,Hand Pump Installation Cluster,Uttar Pradesh,Varanasi,Varanasi,Arajiline,Tikari,25.2653,82.937,2120000.0,2120000.0,483000.0,1637000.0,2023-06-11,2023-07-15,2023-07-28,2024-01-14,,Delayed,25.3,AGY-RWD-02,Rural Works Department (RWD) Engineering Wing,2,0,False,PUBLIC DATA
MPL-2024-RA-000771,REC-2023-0771,Lok Sabha,18th Lok Sabha (2024-Present),MP-LO-17-75,Smt. Manju Meena (Hon'ble MP),"Crematorium Shed with Amenities at Kukas, Block Kotputli",Community Infrastructure,Crematorium Shed with Amenities,Rajasthan,Jaipur,Jaipur Rural,Kotputli,Kukas,26.8619,75.7513,3250000.0,3250000.0,2295000.0,955000.0,2023-05-07,2023-06-05,2023-06-26,2024-01-04,,Ongoing,75.3,AGY-ZP-03,Zila Parishad Rural Infrastructure Cell,2,2,False,PUBLIC DATA
MPL-2024-MA-000772,REC-2023-0772,Lok Sabha,17th Lok Sabha (2023-24),MP-LO-17-20,Shri Naresh Rao (Hon'ble MP),"Panchayat Community Hall at Vashind, Block Shahapur",Community Infrastructure,Panchayat Community Hall,Maharashtra,Thane,Thane,Shahapur,Vashind,19.1576,72.9989,4020000.0,4020000.0,4020000.0,0.0,2023-06-12,2023-07-20,2023-08-16,2024-01-05,2023-12-20,Completed,100.0,AGY-ZP-03,Zila Parishad Rural Infrastructure Cell,2,4,True,PUBLIC DATA
MPL-2024-WE-000773,REC-2023-0773,Lok Sabha,17th Lok Sabha (2023-24),MP-LO-17-58,Smt. Mahua Mitra (Hon'ble MP),"Hand Pump Installation Cluster at Tehatta, Block Chapra",Drinking Water,Hand Pump Installation Cluster,West Bengal,Nadia,Krishnanagar,Chapra,Tehatta,23.3276,88.4833,830000.0,830000.0,830000.0,0.0,2023-10-07,2023-11-14,2023-11-30,2024-05-28,2024-05-31,Completed,100.0,AGY-RWD-02,Rural Works Department (RWD) Engineering Wing,4,2,False,PUBLIC DATA
MPL-2024-RA-000774,REC-2023-0774,Rajya Sabha,17th Lok Sabha (2023-24),MP-RA-17-26,Smt. Manju Meena (Hon'ble MP),"Culvert & Drainage Bridge at Nayla, Block Sanganer",Rural Roads & Bridges,Culvert & Drainage Bridge,Rajasthan,Jaipur,Jaipur Rural,Sanganer,Nayla,26.8394,75.7496,3200000.0,3200000.0,3200000.0,0.0,2024-01-21,2024-03-09,2024-03-20,2024-11-11,2024-10-27,Completed,100.0,AGY-WSS-05,Public Health Engineering & Water Supply Dept,3,5,True,PUBLIC DATA
MPL-2024-MA-000775,REC-2023-0775,Lok Sabha,17th Lok Sabha (2023-24),MP-LO-17-28,Shri Naresh Rao (Hon'ble MP),"Crematorium Shed with Amenities at Vashind, Block Murbad",Community Infrastructure,Crematorium Shed with Amenities,Maharashtra,Thane,Thane,Murbad,Vashind,19.2842,73.047,1160000.0,1160000.0,1160000.0,0.0,2023-10-27,2023-11-13,2023-12-04,2024-05-11,2024-05-26,Completed,100.0,AGY-WSS-05,Public Health Engineering & Water Supply Dept,4,3,True,PUBLIC DATA
MPL-2024-RA-000776,REC-2023-0776,Rajya Sabha,18th Lok Sabha (2024-Present),MP-RA-17-91,Smt. Manju Meena (Hon'ble MP),"High-Mast Solar Lighting Chowk at Kukas, Block Amer",Solar & Renewable Energy,High-Mast Solar Lighting Chowk,Rajasthan,Jaipur,Jaipur Rural,Amer,Kukas,26.8709,75.7837,940000.0,940000.0,940000.0,0.0,2023-07-09,2023-09-07,2023-10-06,2024-02-14,2024-02-17,Completed,100.0,AGY-PWD-01,Public Works Department (PWD) Division I,2,3,True,PUBLIC DATA
MPL-2024-MA-000777,REC-2023-0777,Lok Sabha,17th Lok Sabha (2023-24),MP-LO-17-66,Shri Naresh Rao (Hon'ble MP),"Village Waste Segregation Shed at Vashind, Block Bhiwandi",Health & Sanitation,Village Waste Segregation Shed,Maharashtra,Thane,Thane,Bhiwandi,Vashind,19.1539,73.008,1200000.0,1200000.0,1200000.0,0.0,2023-12-09,2024-02-07,2024-02-17,2024-10-07,2024-10-12,Completed,100.0,AGY-PWD-01,Public Works Department (PWD) Division I,3,5,True,PUBLIC DATA
MPL-2024-WE-000778,REC-2023-0778,Lok Sabha,17th Lok Sabha (2023-24),MP-LO-17-32,Smt. Mahua Mitra (Hon'ble MP),"Culvert & Drainage Bridge at Dhubulia, Block Krishnanagar-I",Rural Roads & Bridges,Culvert & Drainage Bridge,West Bengal,Nadia,Krishnanagar,Krishnanagar-I,Dhubulia,23.4479,88.5471,2400000.0,2400000.0,2400000.0,0.0,2024-04-06,2024-04-27,2024-05-12,2024-10-20,2024-10-13,Completed,100.0,AGY-ZP-03,Zila Parishad Rural Infrastructure Cell,2,3,True,PUBLIC DATA
MPL-2024-KE-000779,REC-2023-0779,Lok Sabha,17th Lok Sabha (2023-24),MP-LO-17-85,Shri Hibi Eden (Hon'ble MP),"High-Mast Solar Lighting Chowk at Cherai, Block Aluva",Solar & Renewable Energy,High-Mast Solar Lighting Chowk,Kerala,Ernakulam,Ernakulam,Aluva,Cherai,10.0073,76.3667,800000.0,800000.0,449000.0,351000.0,2023-04-16,2023-06-03,2023-06-22,2024-01-13,,Ongoing,56.8,AGY-WSS-05,Public Health Engineering & Water Supply Dept,1,1,False,PUBLIC DATA
MPL-2024-UT-000780,REC-2023-0780,Lok Sabha,18th Lok Sabha (2024-Present),MP-LO-17-84,Shri Ramakant Sharma (Hon'ble MP),"Solar Street Light Grid (50 poles) at Chhatar, Block Pindra",Solar & Renewable Energy,Solar Street Light Grid (50 poles),Uttar Pradesh,Varanasi,Varanasi,Pindra,Chhatar,25.3161,82.9893,470000.0,470000.0,470000.0,0.0,2024-01-10,2024-02-14,2024-02-28,2024-10-19,2024-10-31,Completed,100.0,AGY-WSS-05,Public Health Engineering & Water Supply Dept,2,4,True,PUBLIC DATA
MPL-2024-AS-000781,REC-2023-0781,Lok Sabha,17th Lok Sabha (2023-24),MP-LO-17-18,Smt. Queen Oja (Hon'ble MP),"Smart Digital Library Block at Sualkuchi, Block Bezera",Education & Classrooms,Smart Digital Library Block,Assam,Kamrup,Gauhati,Bezera,Sualkuchi,26.0847,91.789,1560000.0,1560000.0,891000.0,669000.0,2023-10-16,2023-12-14,2024-01-01,2024-06-01,,Ongoing,51.2,AGY-XYZ-99,XYZ Infrastructure & Construction Private Ltd,1,4,False,PUBLIC DATA
MPL-2024-WE-000782,REC-2023-0782,Lok Sabha,18th Lok Sabha (2024-Present),MP-LO-17-94,Smt. Mahua Mitra (Hon'ble MP),"High-Mast Solar Lighting Chowk at Tehatta, Block Krishnanagar-I",Solar & Renewable Energy,High-Mast Solar Lighting Chowk,West Bengal,Nadia,Krishnanagar,Krishnanagar-I,Tehatta,23.4564,88.5608,2080000.0,2080000.0,2080000.0,0.0,2024-05-21,2024-07-02,2024-07-31,2025-02-27,2025-03-08,Completed,100.0,AGY-ZP-03,Zila Parishad Rural Infrastructure Cell,3,3,True,PUBLIC DATA
MPL-2024-KE-000783,REC-2023-0783,Lok Sabha,17th Lok Sabha (2023-24),MP-LO-17-49,Shri Hibi Eden (Hon'ble MP),"Primary Health Sub-Centre Building at Kalamassery, Block Paravur",Health & Sanitation,Primary Health Sub-Centre Building,Kerala,Ernakulam,Ernakulam,Paravur,Kalamassery,9.9123,76.3665,1340000.0,1340000.0,353000.0,987000.0,2023-06-24,2023-07-11,2023-08-09,2024-02-10,,Ongoing,29.3,AGY-DRDA-04,District Rural Development Agency (DRDA),2,4,False,PUBLIC DATA
MPL-2024-KE-000784,REC-2023-0784,Rajya Sabha,17th Lok Sabha (2023-24),MP-RA-17-45,Shri Hibi Eden (Hon'ble MP),"High-Mast Solar Lighting Chowk at Kothamangalam, Block Paravur",Solar & Renewable Energy,High-Mast Solar Lighting Chowk,Kerala,Ernakulam,Ernakulam,Paravur,Kothamangalam,10.0211,76.2573,660000.0,660000.0,354000.0,306000.0,2023-12-12,2024-01-30,2024-02-21,2024-07-20,,Ongoing,59.8,AGY-WSS-05,Public Health Engineering & Water Supply Dept,1,4,False,PUBLIC DATA
MPL-2024-UT-000785,REC-2023-0785,Lok Sabha,18th Lok Sabha (2024-Present),MP-LO-17-42,Shri Ramakant Sharma (Hon'ble MP),"CC Road Construction at Chhatar, Block Kashi Vidyapeeth",Rural Roads & Bridges,CC Road Construction,Uttar Pradesh,Varanasi,Varanasi,Kashi Vidyapeeth,Chhatar,25.2794,83.0028,1890000.0,1890000.0,793000.0,1097000.0,2023-10-01,2023-10-23,2023-11-15,2024-07-09,,Delayed,46.6,AGY-PWD-01,Public Works Department (PWD) Division I,1,0,False,PUBLIC DATA
MPL-2024-BI-000786,REC-2023-0786,Lok Sabha,17th Lok Sabha (2023-24),MP-LO-17-56,Dr. Ravi Shankar Sinha (Hon'ble MP),"Smart Digital Library Block at Sabbalpur, Block Phulwari Sharif",Education & Classrooms,Smart Digital Library Block,Bihar,Patna,Patna Sahib,Phulwari Sharif,Sabbalpur,25.6498,85.1921,1940000.0,1940000.0,1940000.0,0.0,2024-06-11,2024-07-27,2024-08-07,2025-02-12,2025-01-23,Completed,100.0,AGY-DRDA-04,District Rural Development Agency (DRDA),2,5,True,PUBLIC DATA
MPL-2024-KA-000787,REC-2023-0787,Lok Sabha,17th Lok Sabha (2023-24),MP-LO-17-54,Shri K. Venkatesh (Hon'ble MP),"Link Road Widening at Attibele, Block K.R. Puram",Rural Roads & Bridges,Link Road Widening,Karnataka,Bengaluru Urban,Bangalore North,K.R. Puram,Attibele,13.0368,77.5658,1800000.0,1800000.0,860000.0,940000.0,2023-09-19,2023-10-07,2023-11-01,2024-06-08,,Ongoing,47.1,AGY-ZP-03,Zila Parishad Rural Infrastructure Cell,1,3,False,PUBLIC DATA
MPL-2024-AS-000788,REC-2023-0788,Lok Sabha,18th Lok Sabha (2024-Present),MP-LO-17-47,Smt. Queen Oja (Hon'ble MP),"Panchayat Community Hall at Mirza, Block Hajo",Community Infrastructure,Panchayat Community Hall,Assam,Kamrup,Gauhati,Hajo,Mirza,26.0867,91.7735,2830000.0,2830000.0,986000.0,1844000.0,2023-10-03,2023-10-20,2023-11-09,2024-04-15,,Ongoing,36.6,AGY-PWD-01,Public Works Department (PWD) Division I,1,4,False,PUBLIC DATA
MPL-2024-RA-000789,REC-2023-0789,Lok Sabha,17th Lok Sabha (2023-24),MP-LO-17-32,Smt. Manju Meena (Hon'ble MP),"Paver Block Road at Manoharpur, Block Amer",Rural Roads & Bridges,Paver Block Road,Rajasthan,Jaipur,Jaipur Rural,Amer,Manoharpur,26.8723,75.8598,3420000.0,3420000.0,3420000.0,0.0,2023-05-29,2023-06-14,2023-06-28,2024-02-08,2024-02-05,Completed,100.0,AGY-ZP-03,Zila Parishad Rural Infrastructure Cell,2,4,True,PUBLIC DATA
MPL-2024-AS-000790,REC-2023-0790,Lok Sabha,17th Lok Sabha (2023-24),MP-LO-17-53,Smt. Queen Oja (Hon'ble MP),"Community Public Toilet Complex at Puthimari, Block Kamalpur",Health & Sanitation,Community Public Toilet Complex,Assam,Kamrup,Gauhati,Kamalpur,Puthimari,26.1063,91.7243,1230000.0,1230000.0,472000.0,758000.0,2023-08-26,2023-10-08,2023-11-06,2024-03-06,,Ongoing,37.5,AGY-WSS-05,Public Health Engineering & Water Supply Dept,1,4,False,PUBLIC DATA
MPL-2024-AS-000791,REC-2023-0791,Lok Sabha,18th Lok Sabha (2024-Present),MP-LO-17-85,Smt. Queen Oja (Hon'ble MP),"Community Public Toilet Complex at Sualkuchi, Block Chaygaon",Health & Sanitation,Community Public Toilet Complex,Assam,Kamrup,Gauhati,Chaygaon,Sualkuchi,26.1136,91.6983,2410000.0,2410000.0,2410000.0,0.0,2024-05-25,2024-07-15,2024-08-06,2025-01-23,2025-02-19,Completed,100.0,AGY-PWD-01,Public Works Department (PWD) Division I,4,4,True,PUBLIC DATA
MPL-2024-KE-000792,REC-2023-0792,Lok Sabha,18th Lok Sabha (2024-Present),MP-LO-17-91,Shri Hibi Eden (Hon'ble MP),"Deep Borewell & Solar Pump System at Kalamassery, Block Paravur",Drinking Water,Deep Borewell & Solar Pump System,Kerala,Ernakulam,Ernakulam,Paravur,Kalamassery,10.026,76.3095,1470000.0,1470000.0,599000.0,871000.0,2023-11-14,2023-11-30,2023-12-14,2024-08-09,,Ongoing,37.7,AGY-ZP-03,Zila Parishad Rural Infrastructure Cell,2,1,False,PUBLIC DATA
MPL-2024-KE-000793,REC-2023-0793,Lok Sabha,17th Lok Sabha (2023-24),MP-LO-17-50,Shri Hibi Eden (Hon'ble MP),"Additional Classroom Building at Kalamassery, Block Paravur",Education & Classrooms,Additional Classroom Building,Kerala,Ernakulam,Ernakulam,Paravur,Kalamassery,9.9691,76.25,1360000.0,1360000.0,1360000.0,0.0,2023-06-11,2023-07-26,2023-08-19,2024-03-03,2024-03-29,Completed,100.0,AGY-DRDA-04,District Rural Development Agency (DRDA),4,2,True,PUBLIC DATA
MPL-2024-BI-000794,REC-2023-0794,Rajya Sabha,17th Lok Sabha (2023-24),MP-RA-17-59,Dr. Ravi Shankar Sinha (Hon'ble MP),"Public Bus Passenger Shelter at Jethuli, Block Danapur",Community Infrastructure,Public Bus Passenger Shelter,Bihar,Patna,Patna Sahib,Danapur,Jethuli,25.5434,85.0893,4750000.0,4750000.0,1611000.0,3139000.0,2023-11-19,2024-01-08,2024-01-28,2024-06-23,,Ongoing,31.2,AGY-DRDA-04,District Rural Development Agency (DRDA),3,4,False,PUBLIC DATA
MPL-2024-AS-000795,REC-2023-0795,Lok Sabha,18th Lok Sabha (2024-Present),MP-LO-17-44,Smt. Queen Oja (Hon'ble MP),"Health Diagnostic Equipment at Sualkuchi, Block Kamalpur",Health & Sanitation,Health Diagnostic Equipment,Assam,Kamrup,Gauhati,Kamalpur,Sualkuchi,26.1691,91.7504,1410000.0,1410000.0,702000.0,708000.0,2023-06-29,2023-08-24,2023-09-17,2024-02-20,,Delayed,55.3,AGY-ZP-03,Zila Parishad Rural Infrastructure Cell,2,1,False,PUBLIC DATA
MPL-2024-UT-000796,REC-2023-0796,Lok Sabha,17th Lok Sabha (2023-24),MP-LO-17-82,Shri Ramakant Sharma (Hon'ble MP),"Panchayat Community Hall at Harahua, Block Cholapur",Community Infrastructure,Panchayat Community Hall,Uttar Pradesh,Varanasi,Varanasi,Cholapur,Harahua,25.3656,82.9368,2060000.0,2060000.0,2060000.0,0.0,2024-03-16,2024-05-09,2024-05-30,2024-10-04,2024-09-27,Completed,100.0,AGY-RWD-02,Rural Works Department (RWD) Engineering Wing,2,3,True,PUBLIC DATA
MPL-2024-RA-000797,REC-2023-0797,Lok Sabha,17th Lok Sabha (2023-24),MP-LO-17-15,Smt. Manju Meena (Hon'ble MP),"Village Waste Segregation Shed at Nayla, Block Chaksu",Health & Sanitation,Village Waste Segregation Shed,Rajasthan,Jaipur,Jaipur Rural,Chaksu,Nayla,26.9118,75.8334,1790000.0,1790000.0,757000.0,1033000.0,2024-05-01,2024-06-10,2024-06-25,2025-02-19,,Ongoing,46.8,AGY-DRDA-04,District Rural Development Agency (DRDA),2,4,False,PUBLIC DATA
MPL-2024-RA-000798,REC-2023-0798,Lok Sabha,18th Lok Sabha (2024-Present),MP-LO-17-10,Smt. Manju Meena (Hon'ble MP),"Primary Health Sub-Centre Building at Bassi, Block Kotputli",Health & Sanitation,Primary Health Sub-Centre Building,Rajasthan,Jaipur,Jaipur Rural,Kotputli,Bassi,26.9907,75.7268,1010000.0,1010000.0,324000.0,686000.0,2023-08-30,2023-10-09,2023-10-24,2024-06-19,,Ongoing,33.3,AGY-DRDA-04,District Rural Development Agency (DRDA),3,3,False,PUBLIC DATA
MPL-2024-KA-000799,REC-2023-0799,Lok Sabha,18th Lok Sabha (2024-Present),MP-LO-17-85,Shri K. Venkatesh (Hon'ble MP),"High-Mast Solar Lighting Chowk at Hesaraghatta, Block Bengaluru North",Solar & Renewable Energy,High-Mast Solar Lighting Chowk,Karnataka,Bengaluru Urban,Bangalore North,Bengaluru North,Hesaraghatta,13.0222,77.6136,1080000.0,1080000.0,1080000.0,0.0,2023-11-19,2023-12-31,2024-01-16,2024-06-21,2024-06-18,Completed,100.0,AGY-RWD-02,Rural Works Department (RWD) Engineering Wing,2,4,False,PUBLIC DATA
MPL-2024-MA-000800,REC-2023-0800,Rajya Sabha,17th Lok Sabha (2023-24),MP-RA-17-18,Shri Naresh Rao (Hon'ble MP),"Paver Block Road at Vashind, Block Shahapur",Rural Roads & Bridges,Paver Block Road,Maharashtra,Thane,Thane,Shahapur,Vashind,19.1579,73.0129,3660000.0,3660000.0,1183000.0,2477000.0,2023-06-28,2023-07-22,2023-08-12,2024-03-09,,Delayed,35.9,AGY-ZP-03,Zila Parishad Rural Infrastructure Cell,2,0,False,PUBLIC DATA
MPL-2024-KE-000801,REC-2023-0801,Lok Sabha,18th Lok Sabha (2024-Present),MP-LO-17-13,Shri Hibi Eden (Hon'ble MP),"Culvert & Drainage Bridge at Kothamangalam, Block Vyttila",Rural Roads & Bridges,Culvert & Drainage Bridge,Kerala,Ernakulam,Ernakulam,Vyttila,Kothamangalam,10.0579,76.2591,1620000.0,1620000.0,621000.0,999000.0,2024-01-03,2024-02-06,2024-02-23,2024-10-06,,Delayed,42.6,AGY-ZP-03,Zila Parishad Rural Infrastructure Cell,1,2,False,PUBLIC DATA
MPL-2024-RA-000802,REC-2023-0802,Lok Sabha,17th Lok Sabha (2023-24),MP-LO-17-12,Smt. Manju Meena (Hon'ble MP),"Culvert & Drainage Bridge at Bassi, Block Kotputli",Rural Roads & Bridges,Culvert & Drainage Bridge,Rajasthan,Jaipur,Jaipur Rural,Kotputli,Bassi,26.8936,75.7555,3230000.0,3230000.0,3230000.0,0.0,2023-08-20,2023-10-16,2023-10-26,2024-06-02,2024-05-28,Completed,100.0,AGY-ZP-03,Zila Parishad Rural Infrastructure Cell,4,3,True,PUBLIC DATA
MPL-2024-BI-000803,REC-2023-0803,Rajya Sabha,18th Lok Sabha (2024-Present),MP-RA-17-50,Dr. Ravi Shankar Sinha (Hon'ble MP),"Paver Block Road at Ranipur, Block Fatuha",Rural Roads & Bridges,Paver Block Road,Bihar,Patna,Patna Sahib,Fatuha,Ranipur,25.6575,85.1413,2430000.0,2430000.0,2430000.0,0.0,2023-04-19,2023-05-24,2023-06-12,2024-02-01,2024-01-16,Completed,100.0,AGY-ZP-03,Zila Parishad Rural Infrastructure Cell,3,3,False,PUBLIC DATA
MPL-2024-WE-000804,REC-2023-0804,Lok Sabha,17th Lok Sabha (2023-24),MP-LO-17-67,Smt. Mahua Mitra (Hon'ble MP),"Additional Classroom Building at Dhubulia, Block Nakashipara",Education & Classrooms,Additional Classroom Building,West Bengal,Nadia,Krishnanagar,Nakashipara,Dhubulia,23.3807,88.578,2560000.0,2560000.0,2560000.0,0.0,2024-03-14,2024-04-02,2024-04-20,2024-12-15,2024-11-30,Completed,100.0,AGY-PWD-01,Public Works Department (PWD) Division I,4,4,True,PUBLIC DATA
MPL-2024-AS-000805,REC-2023-0805,Lok Sabha,17th Lok Sabha (2023-24),MP-LO-17-16,Smt. Queen Oja (Hon'ble MP),"Rooftop Solar for Govt Hospital at Boko, Block Chaygaon",Solar & Renewable Energy,Rooftop Solar for Govt Hospital,Assam,Kamrup,Gauhati,Chaygaon,Boko,26.1147,91.7207,940000.0,940000.0,940000.0,0.0,2023-06-05,2023-06-23,2023-07-04,2023-11-21,2023-11-07,Completed,100.0,AGY-ZP-03,Zila Parishad Rural Infrastructure Cell,3,2,False,PUBLIC DATA
MPL-2024-KE-000806,REC-2023-0806,Rajya Sabha,17th Lok Sabha (2023-24),MP-RA-17-21,Shri Hibi Eden (Hon'ble MP),"Additional Classroom Building at Kothamangalam, Block Angamaly",Education & Classrooms,Additional Classroom Building,Kerala,Ernakulam,Ernakulam,Angamaly,Kothamangalam,10.0465,76.2367,2360000.0,2360000.0,1055000.0,1305000.0,2023-10-16,2023-11-19,2023-12-05,2024-05-09,,Ongoing,52.0,AGY-ZP-03,Zila Parishad Rural Infrastructure Cell,1,3,False,PUBLIC DATA
MPL-2024-BI-000807,REC-2023-0807,Rajya Sabha,17th Lok Sabha (2023-24),MP-RA-17-18,Dr. Ravi Shankar Sinha (Hon'ble MP),"Link Road Widening at Ranipur, Block Sampatchak",Rural Roads & Bridges,Link Road Widening,Bihar,Patna,Patna Sahib,Sampatchak,Ranipur,25.5572,85.1767,3020000.0,3020000.0,3020000.0,0.0,2024-05-25,2024-07-21,2024-08-04,2025-01-20,2025-01-27,Completed,100.0,AGY-PWD-01,Public Works Department (PWD) Division I,3,6,True,PUBLIC DATA
MPL-2024-AS-000808,REC-2023-0808,Lok Sabha,17th Lok Sabha (2023-24),MP-LO-17-48,Smt. Queen Oja (Hon'ble MP),"Public Bus Passenger Shelter at Puthimari, Block Hajo",Community Infrastructure,Public Bus Passenger Shelter,Assam,Kamrup,Gauhati,Hajo,Puthimari,26.1155,91.6695,3070000.0,3070000.0,3070000.0,0.0,2023-11-13,2023-12-19,2024-01-06,2024-07-08,2024-06-22,Completed,100.0,AGY-RWD-02,Rural Works Department (RWD) Engineering Wing,4,3,True,PUBLIC DATA
MPL-2024-MA-000809,REC-2023-0809,Lok Sabha,17th Lok Sabha (2023-24),MP-LO-17-31,Shri Naresh Rao (Hon'ble MP),"Additional Classroom Building at Saralgaon, Block Bhiwandi",Education & Classrooms,Additional Classroom Building,Maharashtra,Thane,Thane,Bhiwandi,Saralgaon,19.1663,72.9499,2140000.0,2140000.0,1485000.0,655000.0,2024-01-19,2024-03-19,2024-04-01,2024-09-25,,Ongoing,62.2,AGY-ZP-03,Zila Parishad Rural Infrastructure Cell,3,3,False,PUBLIC DATA
MPL-2024-AS-000810,REC-2023-0810,Lok Sabha,17th Lok Sabha (2023-24),MP-LO-17-80,Smt. Queen Oja (Hon'ble MP),"Deep Borewell & Solar Pump System at Dadara, Block Bezera",Drinking Water,Deep Borewell & Solar Pump System,Assam,Kamrup,Gauhati,Bezera,Dadara,26.1863,91.7497,1940000.0,1940000.0,1940000.0,0.0,2023-06-08,2023-06-26,2023-07-23,2023-12-11,2023-11-29,Completed,100.0,AGY-XYZ-99,XYZ Infrastructure & Construction Private Ltd,2,5,True,PUBLIC DATA
MPL-2024-KA-000811,REC-2023-0811,Rajya Sabha,18th Lok Sabha (2024-Present),MP-RA-17-39,Shri K. Venkatesh (Hon'ble MP),"Deep Borewell & Solar Pump System at Mandur, Block Bengaluru North",Drinking Water,Deep Borewell & Solar Pump System,Karnataka,Bengaluru Urban,Bangalore North,Bengaluru North,Mandur,12.9311,77.575,1870000.0,1870000.0,1870000.0,0.0,2024-05-01,2024-05-18,2024-05-28,2025-01-18,2025-02-03,Completed,100.0,AGY-RWD-02,Rural Works Department (RWD) Engineering Wing,3,3,True,PUBLIC DATA
MPL-2024-RA-000812,REC-2023-0812,Lok Sabha,17th Lok Sabha (2023-24),MP-LO-17-69,Smt. Manju Meena (Hon'ble MP),"Panchayat Community Hall at Bagru, Block Sanganer",Community Infrastructure,Panchayat Community Hall,Rajasthan,Jaipur,Jaipur Rural,Sanganer,Bagru,26.8994,75.7982,1060000.0,1060000.0,863000.0,197000.0,2024-01-04,2024-01-21,2024-02-12,2024-07-09,,Ongoing,83.4,AGY-DRDA-04,District Rural Development Agency (DRDA),2,1,False,PUBLIC DATA
MPL-2024-BI-000813,REC-2023-0813,Rajya Sabha,17th Lok Sabha (2023-24),MP-RA-17-87,Dr. Ravi Shankar Sinha (Hon'ble MP),"Smart Digital Library Block at Sabbalpur, Block Phulwari Sharif",Education & Classrooms,Smart Digital Library Block,Bihar,Patna,Patna Sahib,Phulwari Sharif,Sabbalpur,25.5348,85.0784,1520000.0,1520000.0,912000.0,608000.0,2023-09-16,2023-11-12,2023-12-08,2024-04-16,,Ongoing,66.0,AGY-RWD-02,Rural Works Department (RWD) Engineering Wing,3,3,False,PUBLIC DATA
MPL-2024-WE-000814,REC-2023-0814,Lok Sabha,18th Lok Sabha (2024-Present),MP-LO-17-13,Smt. Mahua Mitra (Hon'ble MP),"Health Diagnostic Equipment at Mayapur, Block Nabadwip",Health & Sanitation,Health Diagnostic Equipment,West Bengal,Nadia,Krishnanagar,Nabadwip,Mayapur,23.345,88.4544,3490000.0,3490000.0,1193000.0,2297000.0,2024-04-30,2024-06-28,2024-07-20,2025-02-02,,Ongoing,34.9,AGY-DRDA-04,District Rural Development Agency (DRDA),2,3,False,PUBLIC DATA
MPL-2024-UT-000815,REC-2023-0815,Lok Sabha,18th Lok Sabha (2024-Present),MP-LO-17-40,Shri Ramakant Sharma (Hon'ble MP),"Crematorium Shed with Amenities at Badagaon, Block Sewapuri",Community Infrastructure,Crematorium Shed with Amenities,Uttar Pradesh,Varanasi,Varanasi,Sewapuri,Badagaon,25.304,82.9813,2600000.0,2600000.0,1683000.0,917000.0,2023-05-10,2023-07-05,2023-07-26,2024-03-12,,Ongoing,68.0,AGY-DRDA-04,District Rural Development Agency (DRDA),3,2,False,PUBLIC DATA
MPL-2024-RA-000816,REC-2023-0816,Rajya Sabha,17th Lok Sabha (2023-24),MP-RA-17-60,Smt. Manju Meena (Hon'ble MP),"Crematorium Shed with Amenities at Achrol, Block Kotputli",Community Infrastructure,Crematorium Shed with Amenities,Rajasthan,Jaipur,Jaipur Rural,Kotputli,Achrol,26.8679,75.7608,3090000.0,3090000.0,1903000.0,1187000.0,2023-12-07,2024-02-03,2024-02-14,2024-10-07,,Ongoing,62.5,AGY-WSS-05,Public Health Engineering & Water Supply Dept,2,4,False,PUBLIC DATA
MPL-2024-MA-000817,REC-2023-0817,Lok Sabha,17th Lok Sabha (2023-24),MP-LO-17-77,Shri Naresh Rao (Hon'ble MP),"Primary Health Sub-Centre Building at Tokawade, Block Murbad",Health & Sanitation,Primary Health Sub-Centre Building,Maharashtra,Thane,Thane,Murbad,Tokawade,19.2229,72.9322,2030000.0,2030000.0,1554000.0,476000.0,2024-05-07,2024-06-04,2024-06-17,2025-02-12,,Ongoing,69.2,AGY-ZP-03,Zila Parishad Rural Infrastructure Cell,3,3,False,PUBLIC DATA
MPL-2024-KA-000818,REC-2023-0818,Lok Sabha,17th Lok Sabha (2023-24),MP-LO-17-57,Shri K. Venkatesh (Hon'ble MP),"School Science Laboratory at Singanayakanahalli, Block Bengaluru North",Education & Classrooms,School Science Laboratory,Karnataka,Bengaluru Urban,Bangalore North,Bengaluru North,Singanayakanahalli,12.9639,77.5514,2360000.0,2360000.0,2360000.0,0.0,2023-12-04,2024-01-07,2024-02-04,2024-09-17,2024-09-10,Completed,100.0,AGY-RWD-02,Rural Works Department (RWD) Engineering Wing,4,4,True,PUBLIC DATA
MPL-2024-MA-000819,REC-2023-0819,Lok Sabha,17th Lok Sabha (2023-24),MP-LO-17-33,Shri Naresh Rao (Hon'ble MP),"CC Road Construction at Saralgaon, Block Kalyan",Rural Roads & Bridges,CC Road Construction,Maharashtra,Thane,Thane,Kalyan,Saralgaon,19.2786,73.0484,2740000.0,2740000.0,2740000.0,0.0,2023-07-19,2023-09-09,2023-09-29,2024-01-30,2024-03-08,Completed,100.0,AGY-XYZ-99,XYZ Infrastructure & Construction Private Ltd,3,5,True,PUBLIC DATA
MPL-2024-RA-000820,REC-2023-0820,Lok Sabha,17th Lok Sabha (2023-24),MP-LO-17-14,Smt. Manju Meena (Hon'ble MP),"Community Public Toilet Complex at Bagru, Block Amer",Health & Sanitation,Community Public Toilet Complex,Rajasthan,Jaipur,Jaipur Rural,Amer,Bagru,26.8711,75.778,1940000.0,1940000.0,1940000.0,0.0,2023-12-01,2023-12-24,2024-01-15,2024-07-08,2024-07-07,Completed,100.0,AGY-WSS-05,Public Health Engineering & Water Supply Dept,3,2,True,PUBLIC DATA
MPL-2024-MA-000821,REC-2023-0821,Lok Sabha,17th Lok Sabha (2023-24),MP-LO-17-19,Shri Naresh Rao (Hon'ble MP),"School Science Laboratory at Titwala, Block Shahapur",Education & Classrooms,School Science Laboratory,Maharashtra,Thane,Thane,Shahapur,Titwala,19.2957,72.989,1970000.0,1970000.0,1970000.0,0.0,2024-02-02,2024-02-25,2024-03-25,2024-10-17,2024-10-09,Completed,100.0,AGY-PWD-01,Public Works Department (PWD) Division I,2,5,True,PUBLIC DATA
MPL-2024-KA-000822,REC-2023-0822,Lok Sabha,17th Lok Sabha (2023-24),MP-LO-17-34,Shri K. Venkatesh (Hon'ble MP),"School Science Laboratory at Mandur, Block Anekal",Education & Classrooms,School Science Laboratory,Karnataka,Bengaluru Urban,Bangalore North,Anekal,Mandur,13.0071,77.5878,2460000.0,2460000.0,898000.0,1562000.0,2023-09-03,2023-10-14,2023-10-30,2024-03-09,,Ongoing,41.0,AGY-PWD-01,Public Works Department (PWD) Division I,3,3,False,PUBLIC DATA
MPL-2024-UT-000823,REC-2023-0823,Lok Sabha,17th Lok Sabha (2023-24),MP-LO-17-36,Shri Ramakant Sharma (Hon'ble MP),"Smart Digital Library Block at Harahua, Block Cholapur",Education & Classrooms,Smart Digital Library Block,Uttar Pradesh,Varanasi,Varanasi,Cholapur,Harahua,25.3548,83.0433,1000000.0,1000000.0,439000.0,561000.0,2024-05-24,2024-06-29,2024-07-15,2024-12-31,,Ongoing,46.2,AGY-XYZ-99,XYZ Infrastructure & Construction Private Ltd,2,1,False,PUBLIC DATA
MPL-2024-WE-000824,REC-2023-0824,Rajya Sabha,17th Lok Sabha (2023-24),MP-RA-17-73,Smt. Mahua Mitra (Hon'ble MP),"Public Bus Passenger Shelter at Debagram, Block Nakashipara",Community Infrastructure,Public Bus Passenger Shelter,West Bengal,Nadia,Krishnanagar,Nakashipara,Debagram,23.3672,88.5017,2340000.0,2340000.0,2340000.0,0.0,2023-07-16,2023-08-05,2023-08-28,2024-02-09,2024-03-14,Completed,100.0,AGY-RWD-02,Rural Works Department (RWD) Engineering Wing,3,6,True,PUBLIC DATA
MPL-2024-BI-000825,REC-2023-0825,Lok Sabha,17th Lok Sabha (2023-24),MP-LO-17-73,Dr. Ravi Shankar Sinha (Hon'ble MP),"High-Mast Solar Lighting Chowk at Gauri Chak, Block Sampatchak",Solar & Renewable Energy,High-Mast Solar Lighting Chowk,Bihar,Patna,Patna Sahib,Sampatchak,Gauri Chak,25.5719,85.1293,930000.0,930000.0,666000.0,264000.0,2023-12-09,2024-01-28,2024-02-09,2024-07-19,,Ongoing,76.2,AGY-RWD-02,Rural Works Department (RWD) Engineering Wing,2,2,False,PUBLIC DATA
MPL-2024-MA-000826,REC-2023-0826,Rajya Sabha,18th Lok Sabha (2024-Present),MP-RA-17-65,Shri Naresh Rao (Hon'ble MP),"School Boundary Wall & Sanitation at Saralgaon, Block Kalyan",Education & Classrooms,School Boundary Wall & Sanitation,Maharashtra,Thane,Thane,Kalyan,Saralgaon,19.144,72.9168,2150000.0,2150000.0,499000.0,1651000.0,2023-05-07,2023-05-28,2023-06-14,2023-12-18,,Delayed,25.8,AGY-ZP-03,Zila Parishad Rural Infrastructure Cell,2,1,False,PUBLIC DATA
MPL-2024-RA-000827,REC-2023-0827,Lok Sabha,17th Lok Sabha (2023-24),MP-LO-17-84,Smt. Manju Meena (Hon'ble MP),"Panchayat Community Hall at Nayla, Block Kotputli",Community Infrastructure,Panchayat Community Hall,Rajasthan,Jaipur,Jaipur Rural,Kotputli,Nayla,26.9416,75.7338,2110000.0,2110000.0,2110000.0,0.0,2024-05-22,2024-06-18,2024-07-17,2024-11-17,2024-11-19,Completed,100.0,AGY-WSS-05,Public Health Engineering & Water Supply Dept,2,3,True,PUBLIC DATA
MPL-2024-AS-000828,REC-2023-0828,Lok Sabha,17th Lok Sabha (2023-24),MP-LO-17-81,Smt. Queen Oja (Hon'ble MP),"Hand Pump Installation Cluster at Dadara, Block Kamalpur",Drinking Water,Hand Pump Installation Cluster,Assam,Kamrup,Gauhati,Kamalpur,Dadara,26.1436,91.7001,1260000.0,1260000.0,817000.0,443000.0,2023-07-16,2023-08-11,2023-08-23,2024-01-10,,Ongoing,56.6,AGY-WSS-05,Public Health Engineering & Water Supply Dept,1,3,False,PUBLIC DATA
MPL-2024-AS-000829,REC-2023-0829,Lok Sabha,17th Lok Sabha (2023-24),MP-LO-17-34,Smt. Queen Oja (Hon'ble MP),"Village Waste Segregation Shed at Dadara, Block Bezera",Health & Sanitation,Village Waste Segregation Shed,Assam,Kamrup,Gauhati,Bezera,Dadara,26.1935,91.7487,950000.0,950000.0,485000.0,465000.0,2023-05-08,2023-07-03,2023-07-31,2023-12-08,,Delayed,56.7,AGY-WSS-05,Public Health Engineering & Water Supply Dept,1,0,False,PUBLIC DATA
MPL-2024-RA-000830,REC-2023-0830,Lok Sabha,17th Lok Sabha (2023-24),MP-LO-17-20,Smt. Manju Meena (Hon'ble MP),"Culvert & Drainage Bridge at Bassi, Block Shahpura",Rural Roads & Bridges,Culvert & Drainage Bridge,Rajasthan,Jaipur,Jaipur Rural,Shahpura,Bassi,26.954,75.8285,3670000.0,3670000.0,3670000.0,0.0,2023-07-25,2023-09-05,2023-09-18,2024-03-19,2024-02-28,Completed,100.0,AGY-WSS-05,Public Health Engineering & Water Supply Dept,4,3,True,PUBLIC DATA
MPL-2024-RA-000831,REC-2023-0831,Lok Sabha,17th Lok Sabha (2023-24),MP-LO-17-24,Smt. Manju Meena (Hon'ble MP),"Smart Digital Library Block at Nayla, Block Kotputli",Education & Classrooms,Smart Digital Library Block,Rajasthan,Jaipur,Jaipur Rural,Kotputli,Nayla,26.9438,75.8195,900000.0,900000.0,264000.0,636000.0,2023-09-15,2023-11-06,2023-11-29,2024-04-05,,Ongoing,30.7,AGY-WSS-05,Public Health Engineering & Water Supply Dept,2,2,False,PUBLIC DATA
MPL-2024-RA-000832,REC-2023-0832,Lok Sabha,18th Lok Sabha (2024-Present),MP-LO-17-31,Smt. Manju Meena (Hon'ble MP),"Village Waste Segregation Shed at Nayla, Block Sanganer",Health & Sanitation,Village Waste Segregation Shed,Rajasthan,Jaipur,Jaipur Rural,Sanganer,Nayla,26.884,75.8425,1100000.0,1100000.0,811000.0,289000.0,2023-11-21,2023-12-28,2024-01-20,2024-06-27,,Ongoing,81.8,AGY-WSS-05,Public Health Engineering & Water Supply Dept,1,1,False,PUBLIC DATA
MPL-2024-KE-000833,REC-2023-0833,Lok Sabha,17th Lok Sabha (2023-24),MP-LO-17-98,Shri Hibi Eden (Hon'ble MP),"School Science Laboratory at Cherai, Block Paravur",Education & Classrooms,School Science Laboratory,Kerala,Ernakulam,Ernakulam,Paravur,Cherai,10.0258,76.293,1980000.0,1980000.0,1021000.0,959000.0,2023-10-28,2023-12-07,2023-12-24,2024-05-29,,Delayed,57.3,AGY-DRDA-04,District Rural Development Agency (DRDA),1,1,False,PUBLIC DATA
MPL-2024-MA-000834,REC-2023-0834,Lok Sabha,17th Lok Sabha (2023-24),MP-LO-17-46,Shri Naresh Rao (Hon'ble MP),"CC Road Construction at Vashind, Block Murbad",Rural Roads & Bridges,CC Road Construction,Maharashtra,Thane,Thane,Murbad,Vashind,19.1984,72.975,1730000.0,1730000.0,1730000.0,0.0,2023-10-08,2023-11-25,2023-12-20,2024-08-09,2024-08-09,Completed,100.0,AGY-XYZ-99,XYZ Infrastructure & Construction Private Ltd,3,5,True,PUBLIC DATA
MPL-2024-MA-000835,REC-2023-0835,Lok Sabha,17th Lok Sabha (2023-24),MP-LO-17-57,Shri Naresh Rao (Hon'ble MP),"Crematorium Shed with Amenities at Titwala, Block Ambernath",Community Infrastructure,Crematorium Shed with Amenities,Maharashtra,Thane,Thane,Ambernath,Titwala,19.2127,72.9327,3350000.0,3350000.0,867000.0,2483000.0,2024-02-22,2024-04-21,2024-05-20,2024-11-19,,Ongoing,28.6,AGY-PWD-01,Public Works Department (PWD) Division I,1,1,False,PUBLIC DATA
MPL-2024-MA-000836,REC-2023-0836,Lok Sabha,17th Lok Sabha (2023-24),MP-LO-17-67,Shri Naresh Rao (Hon'ble MP),"RO Water Treatment Plant at Padgha, Block Murbad",Drinking Water,RO Water Treatment Plant,Maharashtra,Thane,Thane,Murbad,Padgha,19.1515,72.936,2820000.0,2820000.0,2820000.0,0.0,2024-01-24,2024-02-18,2024-03-12,2024-11-06,2024-10-18,Completed,100.0,AGY-WSS-05,Public Health Engineering & Water Supply Dept,2,5,True,PUBLIC DATA
MPL-2024-AS-000837,REC-2023-0837,Lok Sabha,18th Lok Sabha (2024-Present),MP-LO-17-39,Smt. Queen Oja (Hon'ble MP),"Panchayat Community Hall at Puthimari, Block Bezera",Community Infrastructure,Panchayat Community Hall,Assam,Kamrup,Gauhati,Bezera,Puthimari,26.1804,91.7396,2920000.0,2920000.0,2920000.0,0.0,2023-10-29,2023-12-13,2023-12-30,2024-05-07,2024-05-03,Completed,100.0,AGY-WSS-05,Public Health Engineering & Water Supply Dept,2,5,True,PUBLIC DATA
MPL-2024-AS-000838,REC-2023-0838,Lok Sabha,18th Lok Sabha (2024-Present),MP-LO-17-63,Smt. Queen Oja (Hon'ble MP),"Hand Pump Installation Cluster at Mirza, Block Chaygaon",Drinking Water,Hand Pump Installation Cluster,Assam,Kamrup,Gauhati,Chaygaon,Mirza,26.1274,91.7029,660000.0,660000.0,660000.0,0.0,2023-07-20,2023-08-24,2023-09-22,2024-01-31,2024-02-26,Completed,100.0,AGY-XYZ-99,XYZ Infrastructure & Construction Private Ltd,4,4,True,PUBLIC DATA
MPL-2024-KE-000839,REC-2023-0839,Rajya Sabha,17th Lok Sabha (2023-24),MP-RA-17-92,Shri Hibi Eden (Hon'ble MP),"Public Bus Passenger Shelter at Perumbavoor, Block Paravur",Community Infrastructure,Public Bus Passenger Shelter,Kerala,Ernakulam,Ernakulam,Paravur,Perumbavoor,9.9508,76.347,4790000.0,4790000.0,2068000.0,2722000.0,2023-10-02,2023-11-28,2023-12-09,2024-07-17,,Ongoing,46.8,AGY-PWD-01,Public Works Department (PWD) Division I,2,2,False,PUBLIC DATA
MPL-2024-KA-000840,REC-2023-0840,Lok Sabha,18th Lok Sabha (2024-Present),MP-LO-17-51,Shri K. Venkatesh (Hon'ble MP),"Link Road Widening at Attibele, Block Yelahanka",Rural Roads & Bridges,Link Road Widening,Karnataka,Bengaluru Urban,Bangalore North,Yelahanka,Attibele,12.9058,77.56,2870000.0,2870000.0,2870000.0,0.0,2024-02-21,2024-04-17,2024-05-10,2024-11-21,2024-11-13,Completed,100.0,AGY-PWD-01,Public Works Department (PWD) Division I,2,3,True,PUBLIC DATA
MPL-2024-KA-000841,REC-2023-0841,Lok Sabha,18th Lok Sabha (2024-Present),MP-LO-17-79,Shri K. Venkatesh (Hon'ble MP),"Solar Street Light Grid (50 poles) at Hesaraghatta, Block Anekal",Solar & Renewable Energy,Solar Street Light Grid (50 poles),Karnataka,Bengaluru Urban,Bangalore North,Anekal,Hesaraghatta,12.9072,77.5739,510000.0,510000.0,95000.0,415000.0,2024-02-17,2024-04-02,2024-04-27,2024-10-23,,Delayed,20.8,AGY-PWD-01,Public Works Department (PWD) Division I,2,1,False,PUBLIC DATA
MPL-2024-WE-000842,REC-2023-0842,Lok Sabha,17th Lok Sabha (2023-24),MP-LO-17-76,Smt. Mahua Mitra (Hon'ble MP),"Solar Street Light Grid (50 poles) at Dhubulia, Block Chapra",Solar & Renewable Energy,Solar Street Light Grid (50 poles),West Bengal,Nadia,Krishnanagar,Chapra,Dhubulia,23.4189,88.4259,960000.0,960000.0,324000.0,636000.0,2024-05-04,2024-06-10,2024-07-07,2025-01-27,,Ongoing,31.8,AGY-ZP-03,Zila Parishad Rural Infrastructure Cell,3,2,False,PUBLIC DATA
MPL-2024-AS-000843,REC-2023-0843,Lok Sabha,18th Lok Sabha (2024-Present),MP-LO-17-20,Smt. Queen Oja (Hon'ble MP),"Crematorium Shed with Amenities at Boko, Block Bezera",Community Infrastructure,Crematorium Shed with Amenities,Assam,Kamrup,Gauhati,Bezera,Boko,26.2132,91.693,1130000.0,1130000.0,1130000.0,0.0,2024-01-28,2024-03-23,2024-04-16,2024-09-10,2024-09-10,Completed,100.0,AGY-ZP-03,Zila Parishad Rural Infrastructure Cell,2,4,True,PUBLIC DATA
MPL-2024-WE-000844,REC-2023-0844,Lok Sabha,18th Lok Sabha (2024-Present),MP-LO-17-89,Smt. Mahua Mitra (Hon'ble MP),"Additional Classroom Building at Mayapur, Block Chapra",Education & Classrooms,Additional Classroom Building,West Bengal,Nadia,Krishnanagar,Chapra,Mayapur,23.3291,88.4517,1950000.0,1950000.0,1950000.0,0.0,2023-11-02,2023-12-14,2023-12-30,2024-05-18,2024-06-27,Completed,100.0,AGY-ZP-03,Zila Parishad Rural Infrastructure Cell,4,3,True,PUBLIC DATA
MPL-2024-BI-000845,REC-2023-0845,Lok Sabha,17th Lok Sabha (2023-24),MP-LO-17-84,Dr. Ravi Shankar Sinha (Hon'ble MP),"Village Waste Segregation Shed at Jethuli, Block Sampatchak",Health & Sanitation,Village Waste Segregation Shed,Bihar,Patna,Patna Sahib,Sampatchak,Jethuli,25.6127,85.206,1300000.0,1300000.0,1300000.0,0.0,2023-09-28,2023-10-13,2023-11-03,2024-04-18,2024-04-15,Completed,100.0,AGY-PWD-01,Public Works Department (PWD) Division I,4,2,True,PUBLIC DATA
MPL-2024-UT-000846,REC-2023-0846,Lok Sabha,17th Lok Sabha (2023-24),MP-LO-17-14,Shri Ramakant Sharma (Hon'ble MP),"Senior Citizen Recreation Shed at Babatpur, Block Kashi Vidyapeeth",Community Infrastructure,Senior Citizen Recreation Shed,Uttar Pradesh,Varanasi,Varanasi,Kashi Vidyapeeth,Babatpur,25.3722,82.9241,1970000.0,1970000.0,1457000.0,513000.0,2023-06-19,2023-07-20,2023-08-17,2024-03-01,,Ongoing,69.5,AGY-WSS-05,Public Health Engineering & Water Supply Dept,1,3,False,PUBLIC DATA
MPL-2024-KA-000847,REC-2023-0847,Rajya Sabha,17th Lok Sabha (2023-24),MP-RA-17-45,Shri K. Venkatesh (Hon'ble MP),"Panchayat Community Hall at Doddaballapur Rd, Block Bengaluru North",Community Infrastructure,Panchayat Community Hall,Karnataka,Bengaluru Urban,Bangalore North,Bengaluru North,Doddaballapur Rd,13.012,77.6104,2370000.0,2370000.0,2370000.0,0.0,2023-09-19,2023-10-10,2023-10-21,2024-02-29,2024-04-02,Completed,100.0,AGY-RWD-02,Rural Works Department (RWD) Engineering Wing,3,5,True,PUBLIC DATA
MPL-2024-WE-000848,REC-2023-0848,Lok Sabha,18th Lok Sabha (2024-Present),MP-LO-17-75,Smt. Mahua Mitra (Hon'ble MP),"Crematorium Shed with Amenities at Tehatta, Block Nabadwip",Community Infrastructure,Crematorium Shed with Amenities,West Bengal,Nadia,Krishnanagar,Nabadwip,Tehatta,23.4266,88.554,3040000.0,3040000.0,3040000.0,0.0,2023-10-18,2023-11-28,2023-12-12,2024-07-28,2024-07-18,Completed,100.0,AGY-RWD-02,Rural Works Department (RWD) Engineering Wing,3,2,True,PUBLIC DATA
MPL-2024-UT-000849,REC-2023-0849,Lok Sabha,18th Lok Sabha (2024-Present),MP-LO-17-99,Shri Ramakant Sharma (Hon'ble MP),"CC Road Construction at Babatpur, Block Arajiline",Rural Roads & Bridges,CC Road Construction,Uttar Pradesh,Varanasi,Varanasi,Arajiline,Babatpur,25.2602,83.049,3360000.0,3360000.0,1580000.0,1780000.0,2023-11-25,2023-12-22,2024-01-07,2024-08-07,,Ongoing,51.3,AGY-DRDA-04,District Rural Development Agency (DRDA),1,4,False,PUBLIC DATA
MPL-2024-WE-000850,REC-2023-0850,Lok Sabha,17th Lok Sabha (2023-24),MP-LO-17-77,Smt. Mahua Mitra (Hon'ble MP),"Crematorium Shed with Amenities at Dhubulia, Block Nabadwip",Community Infrastructure,Crematorium Shed with Amenities,West Bengal,Nadia,Krishnanagar,Nabadwip,Dhubulia,23.4527,88.574,1230000.0,1230000.0,1230000.0,0.0,2023-06-18,2023-08-01,2023-08-16,2023-12-28,2024-01-08,Completed,100.0,AGY-ZP-03,Zila Parishad Rural Infrastructure Cell,4,3,True,PUBLIC DATA
MPL-2024-KA-000851,REC-2023-0851,Rajya Sabha,17th Lok Sabha (2023-24),MP-RA-17-95,Shri K. Venkatesh (Hon'ble MP),"Deep Borewell & Solar Pump System at Hesaraghatta, Block Bengaluru North",Drinking Water,Deep Borewell & Solar Pump System,Karnataka,Bengaluru Urban,Bangalore North,Bengaluru North,Hesaraghatta,12.9837,77.5451,750000.0,750000.0,750000.0,0.0,2024-03-21,2024-04-17,2024-05-12,2024-11-19,2024-12-20,Completed,100.0,AGY-WSS-05,Public Health Engineering & Water Supply Dept,4,5,True,PUBLIC DATA
MPL-2024-RA-000852,REC-2023-0852,Lok Sabha,17th Lok Sabha (2023-24),MP-LO-17-50,Smt. Manju Meena (Hon'ble MP),"Village Waste Segregation Shed at Kukas, Block Chaksu",Health & Sanitation,Village Waste Segregation Shed,Rajasthan,Jaipur,Jaipur Rural,Chaksu,Kukas,26.8855,75.7332,3520000.0,3520000.0,3520000.0,0.0,2023-07-20,2023-08-04,2023-08-27,2024-03-04,2024-04-05,Completed,100.0,AGY-RWD-02,Rural Works Department (RWD) Engineering Wing,3,4,True,PUBLIC DATA
MPL-2024-AS-000853,REC-2023-0853,Lok Sabha,17th Lok Sabha (2023-24),MP-LO-17-18,Smt. Queen Oja (Hon'ble MP),"Community Public Toilet Complex at Dadara, Block Chaygaon",Health & Sanitation,Community Public Toilet Complex,Assam,Kamrup,Gauhati,Chaygaon,Dadara,26.1516,91.7203,770000.0,770000.0,514000.0,256000.0,2024-05-25,2024-07-07,2024-07-26,2025-01-29,,Ongoing,59.9,AGY-WSS-05,Public Health Engineering & Water Supply Dept,1,2,False,PUBLIC DATA
MPL-2024-RA-000854,REC-2023-0854,Lok Sabha,17th Lok Sabha (2023-24),MP-LO-17-53,Smt. Manju Meena (Hon'ble MP),"Piped Water Overhead Tank at Bagru, Block Amer",Drinking Water,Piped Water Overhead Tank,Rajasthan,Jaipur,Jaipur Rural,Amer,Bagru,26.9093,75.7916,1600000.0,1600000.0,1600000.0,0.0,2023-05-03,2023-06-08,2023-06-24,2023-11-22,2023-11-20,Completed,100.0,AGY-RWD-02,Rural Works Department (RWD) Engineering Wing,2,5,True,PUBLIC DATA
MPL-2024-KE-000855,REC-2023-0855,Rajya Sabha,18th Lok Sabha (2024-Present),MP-RA-17-52,Shri Hibi Eden (Hon'ble MP),"Crematorium Shed with Amenities at Kothamangalam, Block Paravur",Community Infrastructure,Crematorium Shed with Amenities,Kerala,Ernakulam,Ernakulam,Paravur,Kothamangalam,10.016,76.3163,3900000.0,3900000.0,2664000.0,1236000.0,2023-08-14,2023-10-04,2023-10-16,2024-05-29,,Ongoing,66.1,AGY-ZP-03,Zila Parishad Rural Infrastructure Cell,1,1,False,PUBLIC DATA
MPL-2024-KA-000856,REC-2023-0856,Lok Sabha,18th Lok Sabha (2024-Present),MP-LO-17-16,Shri K. Venkatesh (Hon'ble MP),"Health Diagnostic Equipment at Mandur, Block Yelahanka",Health & Sanitation,Health Diagnostic Equipment,Karnataka,Bengaluru Urban,Bangalore North,Yelahanka,Mandur,13.0264,77.6669,2160000.0,2160000.0,2160000.0,0.0,2024-03-31,2024-04-29,2024-05-26,2024-12-29,2025-01-04,Completed,100.0,AGY-PWD-01,Public Works Department (PWD) Division I,4,4,True,PUBLIC DATA
MPL-2024-RA-000857,REC-2023-0857,Lok Sabha,17th Lok Sabha (2023-24),MP-LO-17-26,Smt. Manju Meena (Hon'ble MP),"Crematorium Shed with Amenities at Bagru, Block Kotputli",Community Infrastructure,Crematorium Shed with Amenities,Rajasthan,Jaipur,Jaipur Rural,Kotputli,Bagru,26.9733,75.7398,2370000.0,2370000.0,2370000.0,0.0,2024-03-26,2024-05-22,2024-06-07,2024-12-24,2024-12-15,Completed,100.0,AGY-WSS-05,Public Health Engineering & Water Supply Dept,3,4,False,PUBLIC DATA
MPL-2024-WE-000858,REC-2023-0858,Rajya Sabha,18th Lok Sabha (2024-Present),MP-RA-17-44,Smt. Mahua Mitra (Hon'ble MP),"Culvert & Drainage Bridge at Debagram, Block Krishnanagar-I",Rural Roads & Bridges,Culvert & Drainage Bridge,West Bengal,Nadia,Krishnanagar,Krishnanagar-I,Debagram,23.3991,88.5212,3610000.0,3610000.0,3610000.0,0.0,2023-08-31,2023-10-09,2023-10-25,2024-05-26,2024-06-29,Completed,100.0,AGY-RWD-02,Rural Works Department (RWD) Engineering Wing,4,2,True,PUBLIC DATA
MPL-2024-AS-000859,REC-2023-0859,Lok Sabha,17th Lok Sabha (2023-24),MP-LO-17-43,Smt. Queen Oja (Hon'ble MP),"School Science Laboratory at Mirza, Block Kamalpur",Education & Classrooms,School Science Laboratory,Assam,Kamrup,Gauhati,Kamalpur,Mirza,26.198,91.7675,2370000.0,2370000.0,1069000.0,1301000.0,2024-01-31,2024-03-27,2024-04-06,2024-10-11,,Ongoing,44.0,AGY-PWD-01,Public Works Department (PWD) Division I,1,2,False,PUBLIC DATA
MPL-2024-UT-000860,REC-2023-0860,Rajya Sabha,17th Lok Sabha (2023-24),MP-RA-17-28,Shri Ramakant Sharma (Hon'ble MP),"Hand Pump Installation Cluster at Rampur, Block Cholapur",Drinking Water,Hand Pump Installation Cluster,Uttar Pradesh,Varanasi,Varanasi,Cholapur,Rampur,25.3428,82.9228,1600000.0,1600000.0,631000.0,969000.0,2023-05-27,2023-06-16,2023-07-02,2024-01-17,,Ongoing,42.7,AGY-WSS-05,Public Health Engineering & Water Supply Dept,1,2,False,PUBLIC DATA
MPL-2024-UT-000861,REC-2023-0861,Lok Sabha,17th Lok Sabha (2023-24),MP-LO-17-10,Shri Ramakant Sharma (Hon'ble MP),"Smart Digital Library Block at Rampur, Block Sewapuri",Education & Classrooms,Smart Digital Library Block,Uttar Pradesh,Varanasi,Varanasi,Sewapuri,Rampur,25.2881,83.0531,1180000.0,1180000.0,1180000.0,0.0,2024-05-03,2024-05-18,2024-05-29,2024-10-24,2024-12-03,Completed,100.0,AGY-RWD-02,Rural Works Department (RWD) Engineering Wing,3,4,False,PUBLIC DATA
MPL-2024-MA-000862,REC-2023-0862,Lok Sabha,18th Lok Sabha (2024-Present),MP-LO-17-11,Shri Naresh Rao (Hon'ble MP),"CC Road Construction at Saralgaon, Block Murbad",Rural Roads & Bridges,CC Road Construction,Maharashtra,Thane,Thane,Murbad,Saralgaon,19.2502,73.0057,1750000.0,1750000.0,1750000.0,0.0,2023-08-17,2023-09-21,2023-10-08,2024-06-01,2024-05-21,Completed,100.0,AGY-XYZ-99,XYZ Infrastructure & Construction Private Ltd,3,6,False,PUBLIC DATA
MPL-2024-WE-000863,REC-2023-0863,Lok Sabha,17th Lok Sabha (2023-24),MP-LO-17-84,Smt. Mahua Mitra (Hon'ble MP),"Public Bus Passenger Shelter at Debagram, Block Nakashipara",Community Infrastructure,Public Bus Passenger Shelter,West Bengal,Nadia,Krishnanagar,Nakashipara,Debagram,23.4497,88.4458,3260000.0,3260000.0,3260000.0,0.0,2023-05-06,2023-06-13,2023-07-12,2023-11-30,2024-01-01,Completed,100.0,AGY-DRDA-04,District Rural Development Agency (DRDA),2,3,True,PUBLIC DATA
MPL-2024-WE-000864,REC-2023-0864,Lok Sabha,18th Lok Sabha (2024-Present),MP-LO-17-52,Smt. Mahua Mitra (Hon'ble MP),"Rooftop Solar for Govt Hospital at Dhubulia, Block Chapra",Solar & Renewable Energy,Rooftop Solar for Govt Hospital,West Bengal,Nadia,Krishnanagar,Chapra,Dhubulia,23.4797,88.4708,1080000.0,1080000.0,1080000.0,0.0,2023-05-05,2023-05-21,2023-06-11,2024-01-10,2023-12-23,Completed,100.0,AGY-RWD-02,Rural Works Department (RWD) Engineering Wing,4,4,True,PUBLIC DATA
MPL-2024-KE-000865,REC-2023-0865,Rajya Sabha,18th Lok Sabha (2024-Present),MP-RA-17-76,Shri Hibi Eden (Hon'ble MP),"Link Road Widening at Perumbavoor, Block Angamaly",Rural Roads & Bridges,Link Road Widening,Kerala,Ernakulam,Ernakulam,Angamaly,Perumbavoor,9.909,76.3328,3600000.0,3600000.0,2054000.0,1546000.0,2023-05-13,2023-07-10,2023-07-24,2023-12-03,,Ongoing,51.5,AGY-DRDA-04,District Rural Development Agency (DRDA),2,3,False,PUBLIC DATA
MPL-2024-BI-000866,REC-2023-0866,Lok Sabha,17th Lok Sabha (2023-24),MP-LO-17-72,Dr. Ravi Shankar Sinha (Hon'ble MP),"CC Road Construction at Ranipur, Block Danapur",Rural Roads & Bridges,CC Road Construction,Bihar,Patna,Patna Sahib,Danapur,Ranipur,25.5723,85.1101,3820000.0,3820000.0,3820000.0,0.0,2024-05-31,2024-07-09,2024-07-26,2025-03-12,2025-03-13,Completed,100.0,AGY-RWD-02,Rural Works Department (RWD) Engineering Wing,4,5,False,PUBLIC DATA
MPL-2024-KE-000867,REC-2023-0867,Rajya Sabha,18th Lok Sabha (2024-Present),MP-RA-17-81,Shri Hibi Eden (Hon'ble MP),"School Boundary Wall & Sanitation at Edappally, Block Aluva",Education & Classrooms,School Boundary Wall & Sanitation,Kerala,Ernakulam,Ernakulam,Aluva,Edappally,9.9402,76.2341,4200000.0,4200000.0,1229000.0,2971000.0,2023-07-28,2023-08-31,2023-09-29,2024-02-13,,Ongoing,29.8,AGY-PWD-01,Public Works Department (PWD) Division I,1,2,False,PUBLIC DATA
MPL-2024-RA-000868,REC-2023-0868,Lok Sabha,18th Lok Sabha (2024-Present),MP-LO-17-67,Smt. Manju Meena (Hon'ble MP),"School Science Laboratory at Manoharpur, Block Shahpura",Education & Classrooms,School Science Laboratory,Rajasthan,Jaipur,Jaipur Rural,Shahpura,Manoharpur,26.9362,75.7818,1860000.0,1860000.0,458000.0,1402000.0,2023-11-24,2023-12-27,2024-01-25,2024-06-30,,Ongoing,25.4,AGY-DRDA-04,District Rural Development Agency (DRDA),1,2,False,PUBLIC DATA
MPL-2024-KA-000869,REC-2023-0869,Lok Sabha,17th Lok Sabha (2023-24),MP-LO-17-60,Shri K. Venkatesh (Hon'ble MP),"Community Public Toilet Complex at Mandur, Block K.R. Puram",Health & Sanitation,Community Public Toilet Complex,Karnataka,Bengaluru Urban,Bangalore North,K.R. Puram,Mandur,12.9397,77.5155,1730000.0,1730000.0,1730000.0,0.0,2023-09-26,2023-11-07,2023-11-23,2024-07-12,2024-08-11,Completed,100.0,AGY-WSS-05,Public Health Engineering & Water Supply Dept,3,3,True,PUBLIC DATA
MPL-2024-KE-000870,REC-2023-0870,Lok Sabha,17th Lok Sabha (2023-24),MP-LO-17-88,Shri Hibi Eden (Hon'ble MP),"Deep Borewell & Solar Pump System at Edappally, Block Muvattupuzha",Drinking Water,Deep Borewell & Solar Pump System,Kerala,Ernakulam,Ernakulam,Muvattupuzha,Edappally,9.9439,76.352,1960000.0,1960000.0,528000.0,1432000.0,2023-08-24,2023-10-11,2023-11-06,2024-04-01,,Ongoing,26.5,AGY-RWD-02,Rural Works Department (RWD) Engineering Wing,1,4,False,PUBLIC DATA
MPL-2024-WE-000871,REC-2023-0871,Rajya Sabha,17th Lok Sabha (2023-24),MP-RA-17-34,Smt. Mahua Mitra (Hon'ble MP),"Crematorium Shed with Amenities at Dhubulia, Block Krishnanagar-I",Community Infrastructure,Crematorium Shed with Amenities,West Bengal,Nadia,Krishnanagar,Krishnanagar-I,Dhubulia,23.4534,88.5755,3930000.0,3930000.0,3930000.0,0.0,2023-09-24,2023-11-14,2023-12-05,2024-05-15,2024-06-08,Completed,100.0,AGY-RWD-02,Rural Works Department (RWD) Engineering Wing,2,6,True,PUBLIC DATA
MPL-2024-AS-000872,REC-2023-0872,Lok Sabha,18th Lok Sabha (2024-Present),MP-LO-17-53,Smt. Queen Oja (Hon'ble MP),"School Boundary Wall & Sanitation at Sualkuchi, Block Chaygaon",Education & Classrooms,School Boundary Wall & Sanitation,Assam,Kamrup,Gauhati,Chaygaon,Sualkuchi,26.1799,91.6801,2170000.0,2170000.0,1033000.0,1137000.0,2023-08-18,2023-09-17,2023-10-17,2024-05-09,,Delayed,52.9,AGY-DRDA-04,District Rural Development Agency (DRDA),2,1,False,PUBLIC DATA
MPL-2024-WE-000873,REC-2023-0873,Lok Sabha,17th Lok Sabha (2023-24),MP-LO-17-43,Smt. Mahua Mitra (Hon'ble MP),"Solar Street Light Grid (50 poles) at Tehatta, Block Chapra",Solar & Renewable Energy,Solar Street Light Grid (50 poles),West Bengal,Nadia,Krishnanagar,Chapra,Tehatta,23.4374,88.5245,780000.0,780000.0,780000.0,0.0,2023-09-16,2023-10-02,2023-10-27,2024-06-01,2024-06-30,Completed,100.0,AGY-PWD-01,Public Works Department (PWD) Division I,4,4,True,PUBLIC DATA
MPL-2024-KA-000874,REC-2023-0874,Lok Sabha,18th Lok Sabha (2024-Present),MP-LO-17-76,Shri K. Venkatesh (Hon'ble MP),"Community Public Toilet Complex at Attibele, Block K.R. Puram",Health & Sanitation,Community Public Toilet Complex,Karnataka,Bengaluru Urban,Bangalore North,K.R. Puram,Attibele,12.9569,77.5533,710000.0,710000.0,710000.0,0.0,2023-09-25,2023-11-15,2023-12-04,2024-07-10,2024-08-18,Completed,100.0,AGY-RWD-02,Rural Works Department (RWD) Engineering Wing,4,2,True,PUBLIC DATA
MPL-2024-AS-000875,REC-2023-0875,Lok Sabha,17th Lok Sabha (2023-24),MP-LO-17-85,Smt. Queen Oja (Hon'ble MP),"High-Mast Solar Lighting Chowk at Boko, Block Kamalpur",Solar & Renewable Energy,High-Mast Solar Lighting Chowk,Assam,Kamrup,Gauhati,Kamalpur,Boko,26.2089,91.6776,1050000.0,1050000.0,490000.0,560000.0,2024-06-07,2024-07-31,2024-08-24,2025-01-13,,Delayed,51.9,AGY-RWD-02,Rural Works Department (RWD) Engineering Wing,2,2,False,PUBLIC DATA
MPL-2024-AS-000876,REC-2023-0876,Lok Sabha,18th Lok Sabha (2024-Present),MP-LO-17-62,Smt. Queen Oja (Hon'ble MP),"Hand Pump Installation Cluster at Sualkuchi, Block Hajo",Drinking Water,Hand Pump Installation Cluster,Assam,Kamrup,Gauhati,Hajo,Sualkuchi,26.1547,91.6827,1630000.0,1630000.0,1337000.0,293000.0,2023-06-07,2023-08-04,2023-08-18,2024-03-13,,Ongoing,78.8,AGY-PWD-01,Public Works Department (PWD) Division I,3,2,False,PUBLIC DATA
MPL-2024-KA-000877,REC-2023-0877,Lok Sabha,17th Lok Sabha (2023-24),MP-LO-17-79,Shri K. Venkatesh (Hon'ble MP),"Primary Health Sub-Centre Building at Mandur, Block Anekal",Health & Sanitation,Primary Health Sub-Centre Building,Karnataka,Bengaluru Urban,Bangalore North,Anekal,Mandur,13.0284,77.5945,1260000.0,1260000.0,171000.0,1089000.0,2023-11-12,2024-01-04,2024-01-29,2024-09-22,,Delayed,15.1,AGY-DRDA-04,District Rural Development Agency (DRDA),1,1,False,PUBLIC DATA
MPL-2024-AS-000878,REC-2023-0878,Rajya Sabha,18th Lok Sabha (2024-Present),MP-RA-17-53,Smt. Queen Oja (Hon'ble MP),"Piped Water Overhead Tank at Mirza, Block Chaygaon",Drinking Water,Piped Water Overhead Tank,Assam,Kamrup,Gauhati,Chaygaon,Mirza,26.1662,91.6591,910000.0,910000.0,221000.0,689000.0,2023-11-23,2024-01-12,2024-01-29,2024-09-10,,Delayed,27.0,AGY-XYZ-99,XYZ Infrastructure & Construction Private Ltd,2,1,False,PUBLIC DATA
MPL-2024-WE-000879,REC-2023-0879,Lok Sabha,17th Lok Sabha (2023-24),MP-LO-17-14,Smt. Mahua Mitra (Hon'ble MP),"Health Diagnostic Equipment at Tehatta, Block Chapra",Health & Sanitation,Health Diagnostic Equipment,West Bengal,Nadia,Krishnanagar,Chapra,Tehatta,23.3383,88.5781,1870000.0,1870000.0,448000.0,1422000.0,2024-05-18,2024-06-24,2024-07-17,2024-11-16,,Delayed,26.6,AGY-RWD-02,Rural Works Department (RWD) Engineering Wing,1,0,False,PUBLIC DATA
MPL-2024-KA-000880,REC-2023-0880,Lok Sabha,17th Lok Sabha (2023-24),MP-LO-17-36,Shri K. Venkatesh (Hon'ble MP),"Panchayat Community Hall at Attibele, Block K.R. Puram",Community Infrastructure,Panchayat Community Hall,Karnataka,Bengaluru Urban,Bangalore North,K.R. Puram,Attibele,12.9568,77.6015,2600000.0,2600000.0,2600000.0,0.0,2023-12-22,2024-02-13,2024-02-28,2024-10-14,2024-10-13,Completed,100.0,AGY-RWD-02,Rural Works Department (RWD) Engineering Wing,4,6,True,PUBLIC DATA
MPL-2024-UT-000881,REC-2023-0881,Lok Sabha,17th Lok Sabha (2023-24),MP-LO-17-83,Shri Ramakant Sharma (Hon'ble MP),"CC Road Construction at Babatpur, Block Kashi Vidyapeeth",Rural Roads & Bridges,CC Road Construction,Uttar Pradesh,Varanasi,Varanasi,Kashi Vidyapeeth,Babatpur,25.2915,82.936,2920000.0,2920000.0,2283000.0,637000.0,2024-06-08,2024-06-25,2024-07-22,2025-01-17,,Ongoing,77.4,AGY-XYZ-99,XYZ Infrastructure & Construction Private Ltd,3,3,False,PUBLIC DATA
MPL-2024-MA-000882,REC-2023-0882,Lok Sabha,18th Lok Sabha (2024-Present),MP-LO-17-42,Shri Naresh Rao (Hon'ble MP),"Deep Borewell & Solar Pump System at Titwala, Block Murbad",Drinking Water,Deep Borewell & Solar Pump System,Maharashtra,Thane,Thane,Murbad,Titwala,19.1436,72.9105,520000.0,520000.0,232000.0,288000.0,2023-09-29,2023-11-21,2023-12-06,2024-06-26,,Ongoing,42.6,AGY-ZP-03,Zila Parishad Rural Infrastructure Cell,2,4,False,PUBLIC DATA
MPL-2024-KA-000883,REC-2023-0883,Lok Sabha,18th Lok Sabha (2024-Present),MP-LO-17-91,Shri K. Venkatesh (Hon'ble MP),"Link Road Widening at Mandur, Block Yelahanka",Rural Roads & Bridges,Link Road Widening,Karnataka,Bengaluru Urban,Bangalore North,Yelahanka,Mandur,13.0216,77.653,4310000.0,4310000.0,4310000.0,0.0,2023-06-10,2023-07-18,2023-08-04,2023-12-30,2024-01-15,Completed,100.0,AGY-ZP-03,Zila Parishad Rural Infrastructure Cell,3,4,True,PUBLIC DATA
MPL-2024-UT-000884,REC-2023-0884,Rajya Sabha,17th Lok Sabha (2023-24),MP-RA-17-29,Shri Ramakant Sharma (Hon'ble MP),"Smart Digital Library Block at Rampur, Block Cholapur",Education & Classrooms,Smart Digital Library Block,Uttar Pradesh,Varanasi,Varanasi,Cholapur,Rampur,25.287,82.9801,1940000.0,1940000.0,1940000.0,0.0,2024-01-05,2024-02-27,2024-03-24,2024-10-20,2024-10-22,Completed,100.0,AGY-XYZ-99,XYZ Infrastructure & Construction Private Ltd,3,6,True,PUBLIC DATA
MPL-2024-MA-000885,REC-2023-0885,Lok Sabha,17th Lok Sabha (2023-24),MP-LO-17-46,Shri Naresh Rao (Hon'ble MP),"Hand Pump Installation Cluster at Titwala, Block Kalyan",Drinking Water,Hand Pump Installation Cluster,Maharashtra,Thane,Thane,Kalyan,Titwala,19.2649,72.9616,1070000.0,1070000.0,466000.0,604000.0,2023-10-08,2023-11-21,2023-12-10,2024-07-17,,Delayed,48.4,AGY-RWD-02,Rural Works Department (RWD) Engineering Wing,2,1,False,PUBLIC DATA
MPL-2024-MA-000886,REC-2023-0886,Lok Sabha,18th Lok Sabha (2024-Present),MP-LO-17-81,Shri Naresh Rao (Hon'ble MP),"Solar Street Light Grid (50 poles) at Tokawade, Block Kalyan",Solar & Renewable Energy,Solar Street Light Grid (50 poles),Maharashtra,Thane,Thane,Kalyan,Tokawade,19.2572,72.9128,510000.0,510000.0,510000.0,0.0,2024-06-04,2024-07-19,2024-08-15,2025-03-02,2025-03-22,Completed,100.0,AGY-PWD-01,Public Works Department (PWD) Division I,3,2,False,PUBLIC DATA
MPL-2024-KA-000887,REC-2023-0887,Lok Sabha,17th Lok Sabha (2023-24),MP-LO-17-27,Shri K. Venkatesh (Hon'ble MP),"Panchayat Community Hall at Mandur, Block K.R. Puram",Community Infrastructure,Panchayat Community Hall,Karnataka,Bengaluru Urban,Bangalore North,K.R. Puram,Mandur,12.9016,77.6049,2380000.0,2380000.0,773000.0,1607000.0,2023-06-26,2023-08-18,2023-09-11,2024-02-23,,Ongoing,36.2,AGY-WSS-05,Public Health Engineering & Water Supply Dept,3,1,False,PUBLIC DATA
MPL-2024-RA-000888,REC-2023-0888,Lok Sabha,18th Lok Sabha (2024-Present),MP-LO-17-83,Smt. Manju Meena (Hon'ble MP),"Public Bus Passenger Shelter at Achrol, Block Sanganer",Community Infrastructure,Public Bus Passenger Shelter,Rajasthan,Jaipur,Jaipur Rural,Sanganer,Achrol,26.9441,75.7426,2360000.0,2360000.0,565000.0,1795000.0,2024-04-07,2024-04-26,2024-05-12,2024-09-30,,Ongoing,27.6,AGY-PWD-01,Public Works Department (PWD) Division I,1,4,False,PUBLIC DATA
MPL-2024-RA-000889,REC-2023-0889,Lok Sabha,17th Lok Sabha (2023-24),MP-LO-17-74,Smt. Manju Meena (Hon'ble MP),"Panchayat Community Hall at Bagru, Block Sanganer",Community Infrastructure,Panchayat Community Hall,Rajasthan,Jaipur,Jaipur Rural,Sanganer,Bagru,26.9538,75.7294,1700000.0,1700000.0,687000.0,1013000.0,2024-02-15,2024-04-03,2024-04-25,2024-10-07,,Delayed,44.9,AGY-ZP-03,Zila Parishad Rural Infrastructure Cell,1,0,False,PUBLIC DATA
MPL-2024-AS-000890,REC-2023-0890,Lok Sabha,17th Lok Sabha (2023-24),MP-LO-17-45,Smt. Queen Oja (Hon'ble MP),"Paver Block Road at Dadara, Block Hajo",Rural Roads & Bridges,Paver Block Road,Assam,Kamrup,Gauhati,Hajo,Dadara,26.2134,91.7537,2060000.0,2060000.0,1017000.0,1043000.0,2023-05-29,2023-07-05,2023-08-01,2024-03-02,,Ongoing,47.6,AGY-DRDA-04,District Rural Development Agency (DRDA),2,3,False,PUBLIC DATA
MPL-2024-AS-000891,REC-2023-0891,Lok Sabha,17th Lok Sabha (2023-24),MP-LO-17-55,Smt. Queen Oja (Hon'ble MP),"Rooftop Solar for Govt Hospital at Dadara, Block Kamalpur",Solar & Renewable Energy,Rooftop Solar for Govt Hospital,Assam,Kamrup,Gauhati,Kamalpur,Dadara,26.1273,91.6783,1280000.0,1280000.0,1280000.0,0.0,2024-01-12,2024-01-27,2024-02-20,2024-09-26,2024-09-22,Completed,100.0,AGY-XYZ-99,XYZ Infrastructure & Construction Private Ltd,4,4,True,PUBLIC DATA
MPL-2024-KE-000892,REC-2023-0892,Lok Sabha,18th Lok Sabha (2024-Present),MP-LO-17-73,Shri Hibi Eden (Hon'ble MP),"Crematorium Shed with Amenities at Cherai, Block Angamaly",Community Infrastructure,Crematorium Shed with Amenities,Kerala,Ernakulam,Ernakulam,Angamaly,Cherai,10.0162,76.2636,2980000.0,2980000.0,1427000.0,1553000.0,2023-05-20,2023-06-27,2023-07-20,2023-12-26,,Ongoing,43.9,AGY-DRDA-04,District Rural Development Agency (DRDA),2,2,False,PUBLIC DATA
MPL-2024-AS-000893,REC-2023-0893,Lok Sabha,17th Lok Sabha (2023-24),MP-LO-17-99,Smt. Queen Oja (Hon'ble MP),"CC Road Construction at Mirza, Block Bezera",Rural Roads & Bridges,CC Road Construction,Assam,Kamrup,Gauhati,Bezera,Mirza,26.1293,91.7903,1520000.0,1520000.0,246000.0,1274000.0,2024-01-18,2024-03-07,2024-03-28,2024-09-27,,Delayed,18.0,AGY-XYZ-99,XYZ Infrastructure & Construction Private Ltd,2,0,False,PUBLIC DATA
MPL-2024-KE-000894,REC-2023-0894,Lok Sabha,18th Lok Sabha (2024-Present),MP-LO-17-64,Shri Hibi Eden (Hon'ble MP),"Crematorium Shed with Amenities at Edappally, Block Vyttila",Community Infrastructure,Crematorium Shed with Amenities,Kerala,Ernakulam,Ernakulam,Vyttila,Edappally,9.9716,76.2568,2420000.0,2420000.0,2420000.0,0.0,2024-04-04,2024-05-12,2024-05-27,2024-11-12,2024-11-02,Completed,100.0,AGY-PWD-01,Public Works Department (PWD) Division I,3,3,True,PUBLIC DATA
MPL-2024-RA-000895,REC-2023-0895,Rajya Sabha,18th Lok Sabha (2024-Present),MP-RA-17-30,Smt. Manju Meena (Hon'ble MP),"Additional Classroom Building at Kukas, Block Sanganer",Education & Classrooms,Additional Classroom Building,Rajasthan,Jaipur,Jaipur Rural,Sanganer,Kukas,26.8771,75.7458,2410000.0,2410000.0,2410000.0,0.0,2023-07-19,2023-08-28,2023-09-10,2024-05-03,2024-05-01,Completed,100.0,AGY-PWD-01,Public Works Department (PWD) Division I,3,3,True,PUBLIC DATA
MPL-2024-MA-000896,REC-2023-0896,Lok Sabha,18th Lok Sabha (2024-Present),MP-LO-17-33,Shri Naresh Rao (Hon'ble MP),"Primary Health Sub-Centre Building at Saralgaon, Block Kalyan",Health & Sanitation,Primary Health Sub-Centre Building,Maharashtra,Thane,Thane,Kalyan,Saralgaon,19.2094,72.9958,1810000.0,1810000.0,922000.0,888000.0,2024-01-23,2024-02-27,2024-03-19,2024-09-02,,Ongoing,49.5,AGY-RWD-02,Rural Works Department (RWD) Engineering Wing,2,3,False,PUBLIC DATA
MPL-2024-BI-000897,REC-2023-0897,Lok Sabha,17th Lok Sabha (2023-24),MP-LO-17-92,Dr. Ravi Shankar Sinha (Hon'ble MP),"Rooftop Solar for Govt Hospital at Baikatpur, Block Bakhtiarpur",Solar & Renewable Energy,Rooftop Solar for Govt Hospital,Bihar,Patna,Patna Sahib,Bakhtiarpur,Baikatpur,25.6333,85.1237,1320000.0,1320000.0,1320000.0,0.0,2023-06-20,2023-07-22,2023-08-11,2023-12-19,2023-12-08,Completed,100.0,AGY-RWD-02,Rural Works Department (RWD) Engineering Wing,4,3,True,PUBLIC DATA
MPL-2024-WE-000898,REC-2023-0898,Rajya Sabha,17th Lok Sabha (2023-24),MP-RA-17-61,Smt. Mahua Mitra (Hon'ble MP),"Additional Classroom Building at Tehatta, Block Krishnanagar-I",Education & Classrooms,Additional Classroom Building,West Bengal,Nadia,Krishnanagar,Krishnanagar-I,Tehatta,23.3876,88.5703,1940000.0,1940000.0,1540000.0,400000.0,2024-05-22,2024-06-26,2024-07-17,2024-11-14,,Ongoing,77.8,AGY-DRDA-04,District Rural Development Agency (DRDA),2,2,False,PUBLIC DATA
MPL-2024-MA-000899,REC-2023-0899,Lok Sabha,17th Lok Sabha (2023-24),MP-LO-17-51,Shri Naresh Rao (Hon'ble MP),"School Boundary Wall & Sanitation at Padgha, Block Shahapur",Education & Classrooms,School Boundary Wall & Sanitation,Maharashtra,Thane,Thane,Shahapur,Padgha,19.1991,72.9873,2820000.0,2820000.0,686000.0,2134000.0,2024-06-05,2024-07-27,2024-08-17,2025-04-10,,Ongoing,27.7,AGY-ZP-03,Zila Parishad Rural Infrastructure Cell,3,2,False,PUBLIC DATA
MPL-2024-KE-000900,REC-2023-0900,Lok Sabha,18th Lok Sabha (2024-Present),MP-LO-17-66,Shri Hibi Eden (Hon'ble MP),"High-Mast Solar Lighting Chowk at Kothamangalam, Block Aluva",Solar & Renewable Energy,High-Mast Solar Lighting Chowk,Kerala,Ernakulam,Ernakulam,Aluva,Kothamangalam,9.9673,76.2352,410000.0,410000.0,410000.0,0.0,2024-05-08,2024-07-07,2024-08-04,2024-12-15,2025-01-20,Completed,100.0,AGY-RWD-02,Rural Works Department (RWD) Engineering Wing,3,4,True,PUBLIC DATA
MPL-2024-KA-000901,REC-2023-0901,Rajya Sabha,17th Lok Sabha (2023-24),MP-RA-17-56,Shri K. Venkatesh (Hon'ble MP),"Smart Digital Library Block at Attibele, Block K.R. Puram",Education & Classrooms,Smart Digital Library Block,Karnataka,Bengaluru Urban,Bangalore North,K.R. Puram,Attibele,12.8962,77.5312,2130000.0,2130000.0,2130000.0,0.0,2023-09-14,2023-10-06,2023-10-30,2024-04-18,2024-04-15,Completed,100.0,AGY-PWD-01,Public Works Department (PWD) Division I,2,5,True,PUBLIC DATA
MPL-2024-KA-000902,REC-2023-0902,Rajya Sabha,17th Lok Sabha (2023-24),MP-RA-17-95,Shri K. Venkatesh (Hon'ble MP),"Deep Borewell & Solar Pump System at Attibele, Block Anekal",Drinking Water,Deep Borewell & Solar Pump System,Karnataka,Bengaluru Urban,Bangalore North,Anekal,Attibele,13.0164,77.5312,1980000.0,1980000.0,1530000.0,450000.0,2024-04-05,2024-05-30,2024-06-29,2025-01-04,,Ongoing,77.2,AGY-RWD-02,Rural Works Department (RWD) Engineering Wing,3,3,False,PUBLIC DATA
MPL-2024-BI-000903,REC-2023-0903,Lok Sabha,17th Lok Sabha (2023-24),MP-LO-17-61,Dr. Ravi Shankar Sinha (Hon'ble MP),"Village Waste Segregation Shed at Jethuli, Block Fatuha",Health & Sanitation,Village Waste Segregation Shed,Bihar,Patna,Patna Sahib,Fatuha,Jethuli,25.5304,85.1502,1770000.0,1770000.0,862000.0,908000.0,2023-12-26,2024-02-07,2024-02-21,2024-07-11,,Ongoing,43.2,AGY-RWD-02,Rural Works Department (RWD) Engineering Wing,3,1,False,PUBLIC DATA
MPL-2024-BI-000904,REC-2023-0904,Lok Sabha,18th Lok Sabha (2024-Present),MP-LO-17-30,Dr. Ravi Shankar Sinha (Hon'ble MP),"Deep Borewell & Solar Pump System at Baikatpur, Block Fatuha",Drinking Water,Deep Borewell & Solar Pump System,Bihar,Patna,Patna Sahib,Fatuha,Baikatpur,25.6199,85.193,1420000.0,1420000.0,1420000.0,0.0,2024-01-05,2024-02-02,2024-02-26,2024-07-04,2024-07-05,Completed,100.0,AGY-RWD-02,Rural Works Department (RWD) Engineering Wing,3,2,True,PUBLIC DATA
MPL-2024-UT-000905,REC-2023-0905,Rajya Sabha,17th Lok Sabha (2023-24),MP-RA-17-79,Shri Ramakant Sharma (Hon'ble MP),"Community Public Toilet Complex at Harahua, Block Cholapur",Health & Sanitation,Community Public Toilet Complex,Uttar Pradesh,Varanasi,Varanasi,Cholapur,Harahua,25.3594,82.9643,730000.0,730000.0,730000.0,0.0,2023-12-27,2024-02-22,2024-03-05,2024-09-30,2024-11-09,Completed,100.0,AGY-DRDA-04,District Rural Development Agency (DRDA),2,5,True,PUBLIC DATA
MPL-2024-BI-000906,REC-2023-0906,Lok Sabha,17th Lok Sabha (2023-24),MP-LO-17-52,Dr. Ravi Shankar Sinha (Hon'ble MP),"High-Mast Solar Lighting Chowk at Sabbalpur, Block Bakhtiarpur",Solar & Renewable Energy,High-Mast Solar Lighting Chowk,Bihar,Patna,Patna Sahib,Bakhtiarpur,Sabbalpur,25.6272,85.0941,480000.0,480000.0,210000.0,270000.0,2024-01-18,2024-02-24,2024-03-23,2024-10-10,,Ongoing,46.0,AGY-WSS-05,Public Health Engineering & Water Supply Dept,2,4,False,PUBLIC DATA
MPL-2024-AS-000907,REC-2023-0907,Lok Sabha,17th Lok Sabha (2023-24),MP-LO-17-59,Smt. Queen Oja (Hon'ble MP),"Health Diagnostic Equipment at Boko, Block Rangia",Health & Sanitation,Health Diagnostic Equipment,Assam,Kamrup,Gauhati,Rangia,Boko,26.1042,91.7263,1930000.0,1930000.0,1830000.0,100000.0,2023-07-09,2023-08-13,2023-08-25,2024-01-07,,Ongoing,82.9,AGY-WSS-05,Public Health Engineering & Water Supply Dept,1,2,False,PUBLIC DATA
MPL-2024-BI-000908,REC-2023-0908,Rajya Sabha,18th Lok Sabha (2024-Present),MP-RA-17-17,Dr. Ravi Shankar Sinha (Hon'ble MP),"Piped Water Overhead Tank at Baikatpur, Block Bakhtiarpur",Drinking Water,Piped Water Overhead Tank,Bihar,Patna,Patna Sahib,Bakhtiarpur,Baikatpur,25.612,85.1691,1440000.0,1440000.0,1440000.0,0.0,2023-07-18,2023-09-03,2023-10-02,2024-02-18,2024-03-14,Completed,100.0,AGY-WSS-05,Public Health Engineering & Water Supply Dept,4,4,True,PUBLIC DATA
MPL-2024-AS-000909,REC-2023-0909,Rajya Sabha,18th Lok Sabha (2024-Present),MP-RA-17-10,Smt. Queen Oja (Hon'ble MP),"Link Road Widening at Dadara, Block Hajo",Rural Roads & Bridges,Link Road Widening,Assam,Kamrup,Gauhati,Hajo,Dadara,26.1167,91.6662,2800000.0,2800000.0,2800000.0,0.0,2024-01-07,2024-02-23,2024-03-06,2024-10-18,2024-11-04,Completed,100.0,AGY-XYZ-99,XYZ Infrastructure & Construction Private Ltd,4,4,True,PUBLIC DATA
MPL-2024-WE-000910,REC-2023-0910,Lok Sabha,17th Lok Sabha (2023-24),MP-LO-17-21,Smt. Mahua Mitra (Hon'ble MP),"Hand Pump Installation Cluster at Dhubulia, Block Nabadwip",Drinking Water,Hand Pump Installation Cluster,West Bengal,Nadia,Krishnanagar,Nabadwip,Dhubulia,23.4405,88.5248,1350000.0,1350000.0,855000.0,495000.0,2023-08-06,2023-09-09,2023-10-05,2024-02-05,,Ongoing,62.8,AGY-ZP-03,Zila Parishad Rural Infrastructure Cell,3,1,False,PUBLIC DATA
MPL-2024-KE-000911,REC-2023-0911,Rajya Sabha,17th Lok Sabha (2023-24),MP-RA-17-84,Shri Hibi Eden (Hon'ble MP),"School Boundary Wall & Sanitation at Cherai, Block Muvattupuzha",Education & Classrooms,School Boundary Wall & Sanitation,Kerala,Ernakulam,Ernakulam,Muvattupuzha,Cherai,10.0028,76.3733,830000.0,830000.0,671000.0,159000.0,2023-12-04,2024-01-30,2024-02-28,2024-07-30,,Ongoing,70.5,AGY-RWD-02,Rural Works Department (RWD) Engineering Wing,3,2,False,PUBLIC DATA
MPL-2024-WE-000912,REC-2023-0912,Lok Sabha,17th Lok Sabha (2023-24),MP-LO-17-71,Smt. Mahua Mitra (Hon'ble MP),"Solar Street Light Grid (50 poles) at Tehatta, Block Krishnanagar-I",Solar & Renewable Energy,Solar Street Light Grid (50 poles),West Bengal,Nadia,Krishnanagar,Krishnanagar-I,Tehatta,23.3367,88.447,520000.0,520000.0,520000.0,0.0,2023-12-28,2024-02-08,2024-02-20,2024-10-07,2024-09-28,Completed,100.0,AGY-ZP-03,Zila Parishad Rural Infrastructure Cell,4,3,True,PUBLIC DATA
MPL-2024-BI-000913,REC-2023-0913,Lok Sabha,17th Lok Sabha (2023-24),MP-LO-17-10,Dr. Ravi Shankar Sinha (Hon'ble MP),"CC Road Construction at Baikatpur, Block Danapur",Rural Roads & Bridges,CC Road Construction,Bihar,Patna,Patna Sahib,Danapur,Baikatpur,25.5793,85.2034,3410000.0,3410000.0,3410000.0,0.0,2023-10-13,2023-11-30,2023-12-12,2024-05-21,2024-06-06,Completed,100.0,AGY-PWD-01,Public Works Department (PWD) Division I,3,2,True,PUBLIC DATA
MPL-2024-UT-000914,REC-2023-0914,Lok Sabha,17th Lok Sabha (2023-24),MP-LO-17-78,Shri Ramakant Sharma (Hon'ble MP),"Rooftop Solar for Govt Hospital at Chhatar, Block Cholapur",Solar & Renewable Energy,Rooftop Solar for Govt Hospital,Uttar Pradesh,Varanasi,Varanasi,Cholapur,Chhatar,25.3038,82.953,1510000.0,1510000.0,1510000.0,0.0,2024-05-27,2024-07-13,2024-08-05,2025-03-07,2025-03-17,Completed,100.0,AGY-PWD-01,Public Works Department (PWD) Division I,3,3,True,PUBLIC DATA
MPL-2024-RA-000915,REC-2023-0915,Lok Sabha,18th Lok Sabha (2024-Present),MP-LO-17-54,Smt. Manju Meena (Hon'ble MP),"Panchayat Community Hall at Bassi, Block Kotputli",Community Infrastructure,Panchayat Community Hall,Rajasthan,Jaipur,Jaipur Rural,Kotputli,Bassi,26.9291,75.7697,1620000.0,1620000.0,721000.0,899000.0,2023-10-18,2023-11-29,2023-12-13,2024-04-21,,Ongoing,42.5,AGY-RWD-02,Rural Works Department (RWD) Engineering Wing,2,1,False,PUBLIC DATA
MPL-2024-WE-000916,REC-2023-0916,Lok Sabha,17th Lok Sabha (2023-24),MP-LO-17-40,Smt. Mahua Mitra (Hon'ble MP),"Community Public Toilet Complex at Debagram, Block Nakashipara",Health & Sanitation,Community Public Toilet Complex,West Bengal,Nadia,Krishnanagar,Nakashipara,Debagram,23.4047,88.4295,1740000.0,1740000.0,1234000.0,506000.0,2023-11-26,2024-01-09,2024-01-29,2024-09-02,,Ongoing,82.7,AGY-DRDA-04,District Rural Development Agency (DRDA),3,4,False,PUBLIC DATA
MPL-2024-KA-000917,REC-2023-0917,Lok Sabha,17th Lok Sabha (2023-24),MP-LO-17-91,Shri K. Venkatesh (Hon'ble MP),"Additional Classroom Building at Singanayakanahalli, Block Yelahanka",Education & Classrooms,Additional Classroom Building,Karnataka,Bengaluru Urban,Bangalore North,Yelahanka,Singanayakanahalli,13.0038,77.525,970000.0,970000.0,970000.0,0.0,2024-01-29,2024-02-21,2024-03-22,2024-08-08,2024-09-07,Completed,100.0,AGY-WSS-05,Public Health Engineering & Water Supply Dept,2,5,True,PUBLIC DATA
MPL-2024-UT-000918,REC-2023-0918,Lok Sabha,18th Lok Sabha (2024-Present),MP-LO-17-61,Shri Ramakant Sharma (Hon'ble MP),"Panchayat Community Hall at Tikari, Block Cholapur",Community Infrastructure,Panchayat Community Hall,Uttar Pradesh,Varanasi,Varanasi,Cholapur,Tikari,25.3616,83.0512,3080000.0,3080000.0,3080000.0,0.0,2023-05-14,2023-06-17,2023-07-17,2024-03-08,2024-04-04,Completed,100.0,AGY-XYZ-99,XYZ Infrastructure & Construction Private Ltd,2,4,True,PUBLIC DATA
MPL-2024-BI-000919,REC-2023-0919,Lok Sabha,17th Lok Sabha (2023-24),MP-LO-17-51,Dr. Ravi Shankar Sinha (Hon'ble MP),"Primary Health Sub-Centre Building at Gauri Chak, Block Danapur",Health & Sanitation,Primary Health Sub-Centre Building,Bihar,Patna,Patna Sahib,Danapur,Gauri Chak,25.6319,85.1851,2390000.0,2390000.0,2390000.0,0.0,2024-01-18,2024-03-05,2024-03-20,2024-08-17,2024-09-09,Completed,100.0,AGY-PWD-01,Public Works Department (PWD) Division I,4,4,True,PUBLIC DATA
MPL-2024-MA-000920,REC-2023-0920,Lok Sabha,18th Lok Sabha (2024-Present),MP-LO-17-49,Shri Naresh Rao (Hon'ble MP),"Rooftop Solar for Govt Hospital at Tokawade, Block Shahapur",Solar & Renewable Energy,Rooftop Solar for Govt Hospital,Maharashtra,Thane,Thane,Shahapur,Tokawade,19.241,73.0202,1190000.0,1190000.0,1190000.0,0.0,2023-11-04,2023-11-19,2023-12-04,2024-04-23,2024-04-22,Completed,100.0,AGY-ZP-03,Zila Parishad Rural Infrastructure Cell,4,2,True,PUBLIC DATA
MPL-2024-KE-000921,REC-2023-0921,Rajya Sabha,18th Lok Sabha (2024-Present),MP-RA-17-56,Shri Hibi Eden (Hon'ble MP),"Crematorium Shed with Amenities at Kalamassery, Block Vyttila",Community Infrastructure,Crematorium Shed with Amenities,Kerala,Ernakulam,Ernakulam,Vyttila,Kalamassery,10.012,76.2239,2260000.0,2260000.0,951000.0,1309000.0,2023-12-31,2024-01-19,2024-02-14,2024-09-03,,Ongoing,46.5,AGY-WSS-05,Public Health Engineering & Water Supply Dept,2,2,False,PUBLIC DATA
MPL-2024-RA-000922,REC-2023-0922,Lok Sabha,17th Lok Sabha (2023-24),MP-LO-17-84,Smt. Manju Meena (Hon'ble MP),"Paver Block Road at Bassi, Block Shahpura",Rural Roads & Bridges,Paver Block Road,Rajasthan,Jaipur,Jaipur Rural,Shahpura,Bassi,26.8545,75.7074,1820000.0,1820000.0,893000.0,927000.0,2024-02-12,2024-04-04,2024-05-02,2024-10-17,,Delayed,54.5,AGY-DRDA-04,District Rural Development Agency (DRDA),1,1,False,PUBLIC DATA
MPL-2024-AS-000923,REC-2023-0923,Lok Sabha,17th Lok Sabha (2023-24),MP-LO-17-94,Smt. Queen Oja (Hon'ble MP),"Public Bus Passenger Shelter at Mirza, Block Hajo",Community Infrastructure,Public Bus Passenger Shelter,Assam,Kamrup,Gauhati,Hajo,Mirza,26.0991,91.7978,1010000.0,1010000.0,708000.0,302000.0,2023-10-28,2023-11-15,2023-12-01,2024-05-15,,Ongoing,69.8,AGY-DRDA-04,District Rural Development Agency (DRDA),1,3,False,PUBLIC DATA
MPL-2024-WE-000924,REC-2023-0924,Lok Sabha,17th Lok Sabha (2023-24),MP-LO-17-64,Smt. Mahua Mitra (Hon'ble MP),"Panchayat Community Hall at Bethuadahari, Block Krishnanagar-I",Community Infrastructure,Panchayat Community Hall,West Bengal,Nadia,Krishnanagar,Krishnanagar-I,Bethuadahari,23.4468,88.4599,2820000.0,2820000.0,1237000.0,1583000.0,2023-04-26,2023-05-26,2023-06-14,2024-01-08,,Ongoing,46.9,AGY-RWD-02,Rural Works Department (RWD) Engineering Wing,2,4,False,PUBLIC DATA
MPL-2024-UT-000925,REC-2023-0925,Lok Sabha,17th Lok Sabha (2023-24),MP-LO-17-43,Shri Ramakant Sharma (Hon'ble MP),"Paver Block Road at Chhatar, Block Pindra",Rural Roads & Bridges,Paver Block Road,Uttar Pradesh,Varanasi,Varanasi,Pindra,Chhatar,25.3687,82.9674,2090000.0,2090000.0,2090000.0,0.0,2023-05-28,2023-07-02,2023-07-25,2023-12-11,2024-01-14,Completed,100.0,AGY-XYZ-99,XYZ Infrastructure & Construction Private Ltd,4,2,True,PUBLIC DATA
MPL-2024-AS-000926,REC-2023-0926,Lok Sabha,18th Lok Sabha (2024-Present),MP-LO-17-80,Smt. Queen Oja (Hon'ble MP),"Piped Water Overhead Tank at Mirza, Block Hajo",Drinking Water,Piped Water Overhead Tank,Assam,Kamrup,Gauhati,Hajo,Mirza,26.213,91.6734,1930000.0,1930000.0,589000.0,1341000.0,2023-06-08,2023-07-14,2023-07-30,2024-01-07,,Ongoing,28.4,AGY-RWD-02,Rural Works Department (RWD) Engineering Wing,1,1,False,PUBLIC DATA
MPL-2024-UT-000927,REC-2023-0927,Lok Sabha,17th Lok Sabha (2023-24),MP-LO-17-13,Shri Ramakant Sharma (Hon'ble MP),"Deep Borewell & Solar Pump System at Chhatar, Block Sewapuri",Drinking Water,Deep Borewell & Solar Pump System,Uttar Pradesh,Varanasi,Varanasi,Sewapuri,Chhatar,25.3229,82.9623,780000.0,780000.0,272000.0,508000.0,2024-06-09,2024-07-07,2024-08-03,2025-03-21,,Delayed,38.8,AGY-XYZ-99,XYZ Infrastructure & Construction Private Ltd,1,1,False,PUBLIC DATA
MPL-2024-WE-000928,REC-2023-0928,Rajya Sabha,17th Lok Sabha (2023-24),MP-RA-17-46,Smt. Mahua Mitra (Hon'ble MP),"High-Mast Solar Lighting Chowk at Bethuadahari, Block Krishnanagar-I",Solar & Renewable Energy,High-Mast Solar Lighting Chowk,West Bengal,Nadia,Krishnanagar,Krishnanagar-I,Bethuadahari,23.426,88.4965,500000.0,500000.0,93000.0,407000.0,2024-01-07,2024-02-15,2024-03-12,2024-10-09,,Delayed,20.7,AGY-RWD-02,Rural Works Department (RWD) Engineering Wing,2,2,False,PUBLIC DATA
MPL-2024-KE-000929,REC-2023-0929,Lok Sabha,17th Lok Sabha (2023-24),MP-LO-17-44,Shri Hibi Eden (Hon'ble MP),"Primary Health Sub-Centre Building at Kalamassery, Block Paravur",Health & Sanitation,Primary Health Sub-Centre Building,Kerala,Ernakulam,Ernakulam,Paravur,Kalamassery,9.9233,76.2828,2100000.0,2100000.0,956000.0,1144000.0,2024-05-01,2024-06-15,2024-07-13,2024-12-31,,Delayed,50.6,AGY-PWD-01,Public Works Department (PWD) Division I,2,1,False,PUBLIC DATA
MPL-2024-BI-000930,REC-2023-0930,Lok Sabha,18th Lok Sabha (2024-Present),MP-LO-17-88,Dr. Ravi Shankar Sinha (Hon'ble MP),"Crematorium Shed with Amenities at Jethuli, Block Sampatchak",Community Infrastructure,Crematorium Shed with Amenities,Bihar,Patna,Patna Sahib,Sampatchak,Jethuli,25.6375,85.0772,2200000.0,2200000.0,2200000.0,0.0,2023-11-09,2023-12-16,2024-01-04,2024-08-31,2024-08-24,Completed,100.0,AGY-WSS-05,Public Health Engineering & Water Supply Dept,2,6,True,PUBLIC DATA
MPL-2024-AS-000931,REC-2023-0931,Lok Sabha,17th Lok Sabha (2023-24),MP-LO-17-96,Smt. Queen Oja (Hon'ble MP),"Primary Health Sub-Centre Building at Boko, Block Kamalpur",Health & Sanitation,Primary Health Sub-Centre Building,Assam,Kamrup,Gauhati,Kamalpur,Boko,26.1017,91.7905,1850000.0,1850000.0,500000.0,1350000.0,2023-06-27,2023-08-25,2023-09-18,2024-03-09,,Delayed,30.0,AGY-XYZ-99,XYZ Infrastructure & Construction Private Ltd,2,1,False,PUBLIC DATA
MPL-2024-WE-000932,REC-2023-0932,Lok Sabha,17th Lok Sabha (2023-24),MP-LO-17-85,Smt. Mahua Mitra (Hon'ble MP),"Rooftop Solar for Govt Hospital at Tehatta, Block Krishnanagar-I",Solar & Renewable Energy,Rooftop Solar for Govt Hospital,West Bengal,Nadia,Krishnanagar,Krishnanagar-I,Tehatta,23.3869,88.5789,670000.0,670000.0,670000.0,0.0,2023-09-24,2023-11-17,2023-12-06,2024-05-15,2024-05-26,Completed,100.0,AGY-RWD-02,Rural Works Department (RWD) Engineering Wing,4,4,False,PUBLIC DATA
MPL-2024-AS-000933,REC-2023-0933,Lok Sabha,17th Lok Sabha (2023-24),MP-LO-17-63,Smt. Queen Oja (Hon'ble MP),"Village Waste Segregation Shed at Dadara, Block Bezera",Health & Sanitation,Village Waste Segregation Shed,Assam,Kamrup,Gauhati,Bezera,Dadara,26.1061,91.6869,1810000.0,1810000.0,1351000.0,459000.0,2023-05-23,2023-07-04,2023-08-01,2023-12-15,,Ongoing,72.2,AGY-XYZ-99,XYZ Infrastructure & Construction Private Ltd,1,3,False,PUBLIC DATA
MPL-2024-MA-000934,REC-2023-0934,Lok Sabha,17th Lok Sabha (2023-24),MP-LO-17-22,Shri Naresh Rao (Hon'ble MP),"Smart Digital Library Block at Saralgaon, Block Kalyan",Education & Classrooms,Smart Digital Library Block,Maharashtra,Thane,Thane,Kalyan,Saralgaon,19.2028,72.9701,830000.0,830000.0,830000.0,0.0,2023-08-09,2023-10-07,2023-11-03,2024-06-17,2024-05-29,Completed,100.0,AGY-RWD-02,Rural Works Department (RWD) Engineering Wing,4,5,True,PUBLIC DATA
MPL-2024-KA-000935,REC-2023-0935,Lok Sabha,18th Lok Sabha (2024-Present),MP-LO-17-12,Shri K. Venkatesh (Hon'ble MP),"Panchayat Community Hall at Singanayakanahalli, Block Yelahanka",Community Infrastructure,Panchayat Community Hall,Karnataka,Bengaluru Urban,Bangalore North,Yelahanka,Singanayakanahalli,12.9283,77.5587,1720000.0,1720000.0,1720000.0,0.0,2023-08-20,2023-09-16,2023-10-06,2024-04-05,2024-05-01,Completed,100.0,AGY-DRDA-04,District Rural Development Agency (DRDA),4,5,True,PUBLIC DATA
MPL-2024-AS-000936,REC-2023-0936,Lok Sabha,17th Lok Sabha (2023-24),MP-LO-17-23,Smt. Queen Oja (Hon'ble MP),"Village Waste Segregation Shed at Mirza, Block Chaygaon",Health & Sanitation,Village Waste Segregation Shed,Assam,Kamrup,Gauhati,Chaygaon,Mirza,26.1551,91.7167,2100000.0,2100000.0,2100000.0,0.0,2023-07-28,2023-08-21,2023-09-15,2024-02-09,2024-02-13,Completed,100.0,AGY-PWD-01,Public Works Department (PWD) Division I,4,2,False,PUBLIC DATA
MPL-2024-AS-000937,REC-2023-0937,Rajya Sabha,18th Lok Sabha (2024-Present),MP-RA-17-80,Smt. Queen Oja (Hon'ble MP),"Smart Digital Library Block at Sualkuchi, Block Hajo",Education & Classrooms,Smart Digital Library Block,Assam,Kamrup,Gauhati,Hajo,Sualkuchi,26.1889,91.6948,2500000.0,2500000.0,2145000.0,355000.0,2024-04-20,2024-05-25,2024-06-14,2025-01-27,,Ongoing,84.4,AGY-PWD-01,Public Works Department (PWD) Division I,2,4,False,PUBLIC DATA
MPL-2024-BI-000938,REC-2023-0938,Lok Sabha,17th Lok Sabha (2023-24),MP-LO-17-56,Dr. Ravi Shankar Sinha (Hon'ble MP),"Hand Pump Installation Cluster at Sabbalpur, Block Fatuha",Drinking Water,Hand Pump Installation Cluster,Bihar,Patna,Patna Sahib,Fatuha,Sabbalpur,25.6132,85.1479,960000.0,960000.0,652000.0,308000.0,2023-05-01,2023-06-28,2023-07-17,2023-12-25,,Ongoing,75.6,AGY-WSS-05,Public Health Engineering & Water Supply Dept,2,1,False,PUBLIC DATA
MPL-2024-MA-000939,REC-2023-0939,Lok Sabha,17th Lok Sabha (2023-24),MP-LO-17-28,Shri Naresh Rao (Hon'ble MP),"School Boundary Wall & Sanitation at Vashind, Block Bhiwandi",Education & Classrooms,School Boundary Wall & Sanitation,Maharashtra,Thane,Thane,Bhiwandi,Vashind,19.2372,72.9775,4670000.0,4670000.0,2164000.0,2506000.0,2023-11-19,2023-12-13,2023-12-29,2024-06-22,,Ongoing,44.1,AGY-XYZ-99,XYZ Infrastructure & Construction Private Ltd,2,3,False,PUBLIC DATA
MPL-2024-WE-000940,REC-2023-0940,Lok Sabha,17th Lok Sabha (2023-24),MP-LO-17-76,Smt. Mahua Mitra (Hon'ble MP),"Village Waste Segregation Shed at Dhubulia, Block Nakashipara",Health & Sanitation,Village Waste Segregation Shed,West Bengal,Nadia,Krishnanagar,Nakashipara,Dhubulia,23.4762,88.578,1170000.0,1170000.0,829000.0,341000.0,2023-10-07,2023-11-22,2023-12-12,2024-04-18,,Ongoing,83.2,AGY-ZP-03,Zila Parishad Rural Infrastructure Cell,2,1,False,PUBLIC DATA
MPL-2024-KE-000941,REC-2023-0941,Lok Sabha,17th Lok Sabha (2023-24),MP-LO-17-38,Shri Hibi Eden (Hon'ble MP),"Public Bus Passenger Shelter at Perumbavoor, Block Aluva",Community Infrastructure,Public Bus Passenger Shelter,Kerala,Ernakulam,Ernakulam,Aluva,Perumbavoor,10.0004,76.2766,1410000.0,1410000.0,344000.0,1066000.0,2023-05-04,2023-06-24,2023-07-21,2024-01-02,,Ongoing,28.4,AGY-ZP-03,Zila Parishad Rural Infrastructure Cell,2,4,False,PUBLIC DATA
MPL-2024-KE-000942,REC-2023-0942,Lok Sabha,17th Lok Sabha (2023-24),MP-LO-17-34,Shri Hibi Eden (Hon'ble MP),"Deep Borewell & Solar Pump System at Kothamangalam, Block Angamaly",Drinking Water,Deep Borewell & Solar Pump System,Kerala,Ernakulam,Ernakulam,Angamaly,Kothamangalam,10.018,76.2251,1220000.0,1220000.0,791000.0,429000.0,2023-08-30,2023-09-30,2023-10-23,2024-06-15,,Ongoing,64.0,AGY-PWD-01,Public Works Department (PWD) Division I,2,3,False,PUBLIC DATA
MPL-2024-RA-000943,REC-2023-0943,Lok Sabha,18th Lok Sabha (2024-Present),MP-LO-17-21,Smt. Manju Meena (Hon'ble MP),"Panchayat Community Hall at Nayla, Block Kotputli",Community Infrastructure,Panchayat Community Hall,Rajasthan,Jaipur,Jaipur Rural,Kotputli,Nayla,26.8671,75.79,2980000.0,2980000.0,1344000.0,1636000.0,2023-08-14,2023-09-14,2023-10-13,2024-04-21,,Delayed,50.1,AGY-DRDA-04,District Rural Development Agency (DRDA),1,0,False,PUBLIC DATA
MPL-2024-AS-000944,REC-2023-0944,Lok Sabha,17th Lok Sabha (2023-24),MP-LO-17-92,Smt. Queen Oja (Hon'ble MP),"Deep Borewell & Solar Pump System at Mirza, Block Bezera",Drinking Water,Deep Borewell & Solar Pump System,Assam,Kamrup,Gauhati,Bezera,Mirza,26.1236,91.7576,2630000.0,2630000.0,1184000.0,1446000.0,2023-07-13,2023-08-19,2023-09-10,2024-01-09,,Delayed,50.0,AGY-WSS-05,Public Health Engineering & Water Supply Dept,2,0,False,PUBLIC DATA
MPL-2024-KA-000945,REC-2023-0945,Rajya Sabha,18th Lok Sabha (2024-Present),MP-RA-17-42,Shri K. Venkatesh (Hon'ble MP),"Senior Citizen Recreation Shed at Hesaraghatta, Block Anekal",Community Infrastructure,Senior Citizen Recreation Shed,Karnataka,Bengaluru Urban,Bangalore North,Anekal,Hesaraghatta,13.0078,77.533,1640000.0,1640000.0,736000.0,904000.0,2023-11-25,2023-12-21,2024-01-04,2024-05-18,,Ongoing,47.1,AGY-WSS-05,Public Health Engineering & Water Supply Dept,2,3,False,PUBLIC DATA
MPL-2024-BI-000946,REC-2023-0946,Lok Sabha,18th Lok Sabha (2024-Present),MP-LO-17-67,Dr. Ravi Shankar Sinha (Hon'ble MP),"Community Public Toilet Complex at Sabbalpur, Block Bakhtiarpur",Health & Sanitation,Community Public Toilet Complex,Bihar,Patna,Patna Sahib,Bakhtiarpur,Sabbalpur,25.5678,85.1855,810000.0,810000.0,810000.0,0.0,2023-09-28,2023-11-23,2023-12-12,2024-05-30,2024-07-01,Completed,100.0,AGY-RWD-02,Rural Works Department (RWD) Engineering Wing,2,5,True,PUBLIC DATA
MPL-2024-KE-000947,REC-2023-0947,Lok Sabha,17th Lok Sabha (2023-24),MP-LO-17-14,Shri Hibi Eden (Hon'ble MP),"Primary Health Sub-Centre Building at Perumbavoor, Block Muvattupuzha",Health & Sanitation,Primary Health Sub-Centre Building,Kerala,Ernakulam,Ernakulam,Muvattupuzha,Perumbavoor,9.9684,76.2292,1380000.0,1380000.0,476000.0,904000.0,2024-02-27,2024-04-09,2024-05-05,2024-11-13,,Delayed,38.3,AGY-DRDA-04,District Rural Development Agency (DRDA),1,1,False,PUBLIC DATA
MPL-2024-BI-000948,REC-2023-0948,Lok Sabha,18th Lok Sabha (2024-Present),MP-LO-17-92,Dr. Ravi Shankar Sinha (Hon'ble MP),"Health Diagnostic Equipment at Gauri Chak, Block Fatuha",Health & Sanitation,Health Diagnostic Equipment,Bihar,Patna,Patna Sahib,Fatuha,Gauri Chak,25.6444,85.1258,2260000.0,2260000.0,2260000.0,0.0,2024-03-13,2024-05-06,2024-05-26,2024-11-21,2024-11-13,Completed,100.0,AGY-RWD-02,Rural Works Department (RWD) Engineering Wing,2,6,True,PUBLIC DATA
MPL-2024-KE-000949,REC-2023-0949,Lok Sabha,18th Lok Sabha (2024-Present),MP-LO-17-44,Shri Hibi Eden (Hon'ble MP),"Link Road Widening at Perumbavoor, Block Vyttila",Rural Roads & Bridges,Link Road Widening,Kerala,Ernakulam,Ernakulam,Vyttila,Perumbavoor,9.9997,76.3336,3790000.0,3790000.0,3790000.0,0.0,2023-10-12,2023-11-03,2023-11-16,2024-03-19,2024-03-10,Completed,100.0,AGY-RWD-02,Rural Works Department (RWD) Engineering Wing,2,3,True,PUBLIC DATA
MPL-2024-MA-000950,REC-2023-0950,Rajya Sabha,17th Lok Sabha (2023-24),MP-RA-17-51,Shri Naresh Rao (Hon'ble MP),"Rooftop Solar for Govt Hospital at Titwala, Block Bhiwandi",Solar & Renewable Energy,Rooftop Solar for Govt Hospital,Maharashtra,Thane,Thane,Bhiwandi,Titwala,19.2377,72.9585,760000.0,760000.0,282000.0,478000.0,2024-02-09,2024-02-28,2024-03-28,2024-09-15,,Delayed,41.3,AGY-WSS-05,Public Health Engineering & Water Supply Dept,1,0,False,PUBLIC DATA
MPL-2024-AS-000951,REC-2023-0951,Lok Sabha,17th Lok Sabha (2023-24),MP-LO-17-37,Smt. Queen Oja (Hon'ble MP),"Culvert & Drainage Bridge at Mirza, Block Kamalpur",Rural Roads & Bridges,Culvert & Drainage Bridge,Assam,Kamrup,Gauhati,Kamalpur,Mirza,26.1946,91.707,2570000.0,2570000.0,2570000.0,0.0,2023-08-04,2023-09-15,2023-09-29,2024-04-15,2024-04-21,Completed,100.0,AGY-RWD-02,Rural Works Department (RWD) Engineering Wing,3,5,True,PUBLIC DATA
MPL-2024-AS-000952,REC-2023-0952,Lok Sabha,18th Lok Sabha (2024-Present),MP-LO-17-30,Smt. Queen Oja (Hon'ble MP),"High-Mast Solar Lighting Chowk at Mirza, Block Hajo",Solar & Renewable Energy,High-Mast Solar Lighting Chowk,Assam,Kamrup,Gauhati,Hajo,Mirza,26.1642,91.6686,1180000.0,1180000.0,610000.0,570000.0,2024-02-20,2024-03-26,2024-04-25,2024-09-11,,Delayed,57.4,AGY-PWD-01,Public Works Department (PWD) Division I,2,1,False,PUBLIC DATA
MPL-2024-AS-000953,REC-2023-0953,Lok Sabha,17th Lok Sabha (2023-24),MP-LO-17-29,Smt. Queen Oja (Hon'ble MP),"School Boundary Wall & Sanitation at Puthimari, Block Hajo",Education & Classrooms,School Boundary Wall & Sanitation,Assam,Kamrup,Gauhati,Hajo,Puthimari,26.1288,91.792,1300000.0,1300000.0,1300000.0,0.0,2023-12-13,2024-01-24,2024-02-06,2024-06-25,2024-06-12,Completed,100.0,AGY-RWD-02,Rural Works Department (RWD) Engineering Wing,4,3,True,PUBLIC DATA
MPL-2024-KE-000954,REC-2023-0954,Lok Sabha,17th Lok Sabha (2023-24),MP-LO-17-35,Shri Hibi Eden (Hon'ble MP),"Culvert & Drainage Bridge at Edappally, Block Angamaly",Rural Roads & Bridges,Culvert & Drainage Bridge,Kerala,Ernakulam,Ernakulam,Angamaly,Edappally,9.9632,76.2755,5950000.0,5950000.0,2806000.0,3144000.0,2023-07-04,2023-08-26,2023-09-06,2024-03-28,,Delayed,52.4,AGY-WSS-05,Public Health Engineering & Water Supply Dept,2,2,False,PUBLIC DATA
MPL-2024-KA-000955,REC-2023-0955,Lok Sabha,18th Lok Sabha (2024-Present),MP-LO-17-95,Shri K. Venkatesh (Hon'ble MP),"Additional Classroom Building at Hesaraghatta, Block K.R. Puram",Education & Classrooms,Additional Classroom Building,Karnataka,Bengaluru Urban,Bangalore North,K.R. Puram,Hesaraghatta,13.0061,77.6063,1630000.0,1630000.0,577000.0,1053000.0,2023-12-25,2024-01-19,2024-01-31,2024-07-14,,Ongoing,41.4,AGY-ZP-03,Zila Parishad Rural Infrastructure Cell,3,4,False,PUBLIC DATA
MPL-2024-AS-000956,REC-2023-0956,Lok Sabha,17th Lok Sabha (2023-24),MP-LO-17-96,Smt. Queen Oja (Hon'ble MP),"RO Water Treatment Plant at Dadara, Block Rangia",Drinking Water,RO Water Treatment Plant,Assam,Kamrup,Gauhati,Rangia,Dadara,26.1101,91.7657,970000.0,970000.0,970000.0,0.0,2024-05-14,2024-06-28,2024-07-15,2024-11-17,2024-11-28,Completed,100.0,AGY-DRDA-04,District Rural Development Agency (DRDA),3,2,True,PUBLIC DATA
MPL-2024-KA-000957,REC-2023-0957,Lok Sabha,18th Lok Sabha (2024-Present),MP-LO-17-18,Shri K. Venkatesh (Hon'ble MP),"Village Waste Segregation Shed at Attibele, Block Bengaluru North",Health & Sanitation,Village Waste Segregation Shed,Karnataka,Bengaluru Urban,Bangalore North,Bengaluru North,Attibele,12.9136,77.6198,850000.0,850000.0,410000.0,440000.0,2023-08-08,2023-08-26,2023-09-13,2024-03-23,,Delayed,53.6,AGY-WSS-05,Public Health Engineering & Water Supply Dept,2,1,False,PUBLIC DATA
MPL-2024-KA-000958,REC-2023-0958,Lok Sabha,17th Lok Sabha (2023-24),MP-LO-17-31,Shri K. Venkatesh (Hon'ble MP),"Health Diagnostic Equipment at Mandur, Block Yelahanka",Health & Sanitation,Health Diagnostic Equipment,Karnataka,Bengaluru Urban,Bangalore North,Yelahanka,Mandur,13.0389,77.5602,1160000.0,1160000.0,702000.0,458000.0,2024-04-25,2024-05-21,2024-06-06,2024-10-23,,Ongoing,61.1,AGY-DRDA-04,District Rural Development Agency (DRDA),3,3,False,PUBLIC DATA
MPL-2024-AS-000959,REC-2023-0959,Lok Sabha,17th Lok Sabha (2023-24),MP-LO-17-59,Smt. Queen Oja (Hon'ble MP),"Smart Digital Library Block at Dadara, Block Hajo",Education & Classrooms,Smart Digital Library Block,Assam,Kamrup,Gauhati,Hajo,Dadara,26.1005,91.7814,810000.0,810000.0,268000.0,542000.0,2023-06-03,2023-07-18,2023-08-15,2024-01-22,,Delayed,36.7,AGY-PWD-01,Public Works Department (PWD) Division I,2,2,False,PUBLIC DATA
MPL-2024-AS-000960,REC-2023-0960,Rajya Sabha,17th Lok Sabha (2023-24),MP-RA-17-33,Smt. Queen Oja (Hon'ble MP),"Panchayat Community Hall at Mirza, Block Hajo",Community Infrastructure,Panchayat Community Hall,Assam,Kamrup,Gauhati,Hajo,Mirza,26.1474,91.6864,1220000.0,1220000.0,295000.0,925000.0,2024-06-06,2024-07-30,2024-08-17,2025-01-28,,Ongoing,26.9,AGY-PWD-01,Public Works Department (PWD) Division I,3,2,False,PUBLIC DATA
MPL-2024-AS-000961,REC-2023-0961,Lok Sabha,17th Lok Sabha (2023-24),MP-LO-17-27,Smt. Queen Oja (Hon'ble MP),"Additional Classroom Building at Puthimari, Block Chaygaon",Education & Classrooms,Additional Classroom Building,Assam,Kamrup,Gauhati,Chaygaon,Puthimari,26.1405,91.6751,1970000.0,1970000.0,1970000.0,0.0,2023-06-03,2023-07-17,2023-07-31,2023-12-15,2023-12-28,Completed,100.0,AGY-ZP-03,Zila Parishad Rural Infrastructure Cell,4,5,True,PUBLIC DATA
MPL-2024-WE-000962,REC-2023-0962,Rajya Sabha,17th Lok Sabha (2023-24),MP-RA-17-79,Smt. Mahua Mitra (Hon'ble MP),"Culvert & Drainage Bridge at Debagram, Block Chapra",Rural Roads & Bridges,Culvert & Drainage Bridge,West Bengal,Nadia,Krishnanagar,Chapra,Debagram,23.4707,88.443,2160000.0,2160000.0,916000.0,1244000.0,2023-07-24,2023-08-21,2023-09-16,2024-03-10,,Delayed,47.1,AGY-RWD-02,Rural Works Department (RWD) Engineering Wing,1,2,False,PUBLIC DATA
MPL-2024-AS-000963,REC-2023-0963,Lok Sabha,18th Lok Sabha (2024-Present),MP-LO-17-70,Smt. Queen Oja (Hon'ble MP),"Primary Health Sub-Centre Building at Dadara, Block Kamalpur",Health & Sanitation,Primary Health Sub-Centre Building,Assam,Kamrup,Gauhati,Kamalpur,Dadara,26.1747,91.729,1250000.0,1250000.0,496000.0,754000.0,2023-09-17,2023-10-07,2023-10-28,2024-03-27,,Delayed,44.1,AGY-PWD-01,Public Works Department (PWD) Division I,2,1,False,PUBLIC DATA
MPL-2024-BI-000964,REC-2023-0964,Lok Sabha,17th Lok Sabha (2023-24),MP-LO-17-59,Dr. Ravi Shankar Sinha (Hon'ble MP),"CC Road Construction at Jethuli, Block Danapur",Rural Roads & Bridges,CC Road Construction,Bihar,Patna,Patna Sahib,Danapur,Jethuli,25.6235,85.1165,3430000.0,3430000.0,3430000.0,0.0,2023-11-08,2023-11-29,2023-12-20,2024-05-09,2024-05-11,Completed,100.0,AGY-RWD-02,Rural Works Department (RWD) Engineering Wing,4,2,True,PUBLIC DATA
MPL-2024-KE-000965,REC-2023-0965,Rajya Sabha,17th Lok Sabha (2023-24),MP-RA-17-32,Shri Hibi Eden (Hon'ble MP),"Health Diagnostic Equipment at Kalamassery, Block Muvattupuzha",Health & Sanitation,Health Diagnostic Equipment,Kerala,Ernakulam,Ernakulam,Muvattupuzha,Kalamassery,10.0571,76.3341,1810000.0,1810000.0,727000.0,1083000.0,2023-06-15,2023-08-04,2023-08-30,2024-04-11,,Ongoing,46.3,AGY-DRDA-04,District Rural Development Agency (DRDA),2,3,False,PUBLIC DATA
MPL-2024-UT-000966,REC-2023-0966,Lok Sabha,17th Lok Sabha (2023-24),MP-LO-17-98,Shri Ramakant Sharma (Hon'ble MP),"CC Road Construction at Babatpur, Block Cholapur",Rural Roads & Bridges,CC Road Construction,Uttar Pradesh,Varanasi,Varanasi,Cholapur,Babatpur,25.262,83.033,3010000.0,3010000.0,466000.0,2544000.0,2023-07-06,2023-07-21,2023-08-12,2024-01-22,,Delayed,17.2,AGY-DRDA-04,District Rural Development Agency (DRDA),1,0,False,PUBLIC DATA
MPL-2024-RA-000967,REC-2023-0967,Lok Sabha,17th Lok Sabha (2023-24),MP-LO-17-36,Smt. Manju Meena (Hon'ble MP),"Smart Digital Library Block at Achrol, Block Kotputli",Education & Classrooms,Smart Digital Library Block,Rajasthan,Jaipur,Jaipur Rural,Kotputli,Achrol,26.916,75.8211,1860000.0,1860000.0,993000.0,867000.0,2023-12-09,2023-12-26,2024-01-24,2024-07-24,,Delayed,59.3,AGY-ZP-03,Zila Parishad Rural Infrastructure Cell,1,0,False,PUBLIC DATA
MPL-2024-BI-000968,REC-2023-0968,Lok Sabha,17th Lok Sabha (2023-24),MP-LO-17-56,Dr. Ravi Shankar Sinha (Hon'ble MP),"Community Public Toilet Complex at Sabbalpur, Block Danapur",Health & Sanitation,Community Public Toilet Complex,Bihar,Patna,Patna Sahib,Danapur,Sabbalpur,25.6034,85.0652,2380000.0,2380000.0,2380000.0,0.0,2023-08-17,2023-09-16,2023-10-14,2024-05-30,2024-06-21,Completed,100.0,AGY-WSS-05,Public Health Engineering & Water Supply Dept,3,6,True,PUBLIC DATA
MPL-2024-AS-000969,REC-2023-0969,Rajya Sabha,17th Lok Sabha (2023-24),MP-RA-17-96,Smt. Queen Oja (Hon'ble MP),"RO Water Treatment Plant at Boko, Block Rangia",Drinking Water,RO Water Treatment Plant,Assam,Kamrup,Gauhati,Rangia,Boko,26.1698,91.7688,2480000.0,2480000.0,1724000.0,756000.0,2023-10-06,2023-11-20,2023-12-20,2024-06-07,,Ongoing,69.7,AGY-RWD-02,Rural Works Department (RWD) Engineering Wing,2,1,False,PUBLIC DATA
MPL-2024-WE-000970,REC-2023-0970,Rajya Sabha,18th Lok Sabha (2024-Present),MP-RA-17-18,Smt. Mahua Mitra (Hon'ble MP),"CC Road Construction at Debagram, Block Nabadwip",Rural Roads & Bridges,CC Road Construction,West Bengal,Nadia,Krishnanagar,Nabadwip,Debagram,23.4131,88.4724,2930000.0,2930000.0,2251000.0,679000.0,2023-07-29,2023-08-29,2023-09-27,2024-02-05,,Ongoing,67.5,AGY-DRDA-04,District Rural Development Agency (DRDA),3,1,False,PUBLIC DATA
MPL-2024-MA-000971,REC-2023-0971,Lok Sabha,17th Lok Sabha (2023-24),MP-LO-17-63,Shri Naresh Rao (Hon'ble MP),"Solar Street Light Grid (50 poles) at Tokawade, Block Shahapur",Solar & Renewable Energy,Solar Street Light Grid (50 poles),Maharashtra,Thane,Thane,Shahapur,Tokawade,19.1557,73.0062,580000.0,580000.0,580000.0,0.0,2023-05-29,2023-06-24,2023-07-18,2024-02-21,2024-03-08,Completed,100.0,AGY-PWD-01,Public Works Department (PWD) Division I,3,3,False,PUBLIC DATA
MPL-2024-WE-000972,REC-2023-0972,Rajya Sabha,18th Lok Sabha (2024-Present),MP-RA-17-60,Smt. Mahua Mitra (Hon'ble MP),"High-Mast Solar Lighting Chowk at Bethuadahari, Block Krishnanagar-I",Solar & Renewable Energy,High-Mast Solar Lighting Chowk,West Bengal,Nadia,Krishnanagar,Krishnanagar-I,Bethuadahari,23.3271,88.538,1300000.0,1300000.0,400000.0,900000.0,2024-03-23,2024-04-26,2024-05-22,2024-11-20,,Ongoing,28.1,AGY-ZP-03,Zila Parishad Rural Infrastructure Cell,1,1,False,PUBLIC DATA
MPL-2024-UT-000973,REC-2023-0973,Lok Sabha,17th Lok Sabha (2023-24),MP-LO-17-60,Shri Ramakant Sharma (Hon'ble MP),"Solar Street Light Grid (50 poles) at Shivpur, Block Pindra",Solar & Renewable Energy,Solar Street Light Grid (50 poles),Uttar Pradesh,Varanasi,Varanasi,Pindra,Shivpur,25.3904,83.0352,780000.0,780000.0,154000.0,626000.0,2023-07-29,2023-08-21,2023-09-19,2024-03-11,,Delayed,21.9,AGY-RWD-02,Rural Works Department (RWD) Engineering Wing,1,1,False,PUBLIC DATA
MPL-2024-AS-000974,REC-2023-0974,Rajya Sabha,18th Lok Sabha (2024-Present),MP-RA-17-82,Smt. Queen Oja (Hon'ble MP),"Public Bus Passenger Shelter at Mirza, Block Chaygaon",Community Infrastructure,Public Bus Passenger Shelter,Assam,Kamrup,Gauhati,Chaygaon,Mirza,26.1279,91.7987,2280000.0,2280000.0,1605000.0,675000.0,2023-06-11,2023-07-12,2023-08-04,2024-03-11,,Ongoing,70.1,AGY-ZP-03,Zila Parishad Rural Infrastructure Cell,2,1,False,PUBLIC DATA
MPL-2024-KA-000975,REC-2023-0975,Lok Sabha,17th Lok Sabha (2023-24),MP-LO-17-52,Shri K. Venkatesh (Hon'ble MP),"Senior Citizen Recreation Shed at Singanayakanahalli, Block K.R. Puram",Community Infrastructure,Senior Citizen Recreation Shed,Karnataka,Bengaluru Urban,Bangalore North,K.R. Puram,Singanayakanahalli,12.9425,77.6373,1380000.0,1380000.0,1380000.0,0.0,2024-06-15,2024-08-11,2024-09-03,2025-03-27,2025-03-14,Completed,100.0,AGY-WSS-05,Public Health Engineering & Water Supply Dept,2,4,True,PUBLIC DATA
MPL-2024-UT-000976,REC-2023-0976,Rajya Sabha,17th Lok Sabha (2023-24),MP-RA-17-22,Shri Ramakant Sharma (Hon'ble MP),"Rooftop Solar for Govt Hospital at Chhatar, Block Arajiline",Solar & Renewable Energy,Rooftop Solar for Govt Hospital,Uttar Pradesh,Varanasi,Varanasi,Arajiline,Chhatar,25.3114,82.974,900000.0,900000.0,194000.0,706000.0,2024-02-26,2024-04-03,2024-04-16,2024-11-18,,Delayed,24.0,AGY-DRDA-04,District Rural Development Agency (DRDA),2,1,False,PUBLIC DATA
MPL-2024-BI-000977,REC-2023-0977,Lok Sabha,18th Lok Sabha (2024-Present),MP-LO-17-30,Dr. Ravi Shankar Sinha (Hon'ble MP),"Deep Borewell & Solar Pump System at Baikatpur, Block Sampatchak",Drinking Water,Deep Borewell & Solar Pump System,Bihar,Patna,Patna Sahib,Sampatchak,Baikatpur,25.6008,85.2025,1610000.0,1610000.0,1132000.0,478000.0,2023-12-24,2024-02-11,2024-03-04,2024-09-27,,Ongoing,75.2,AGY-RWD-02,Rural Works Department (RWD) Engineering Wing,1,1,False,PUBLIC DATA
MPL-2024-KE-000978,REC-2023-0978,Lok Sabha,17th Lok Sabha (2023-24),MP-LO-17-86,Shri Hibi Eden (Hon'ble MP),"Solar Street Light Grid (50 poles) at Cherai, Block Vyttila",Solar & Renewable Energy,Solar Street Light Grid (50 poles),Kerala,Ernakulam,Ernakulam,Vyttila,Cherai,9.9357,76.3571,620000.0,620000.0,263000.0,357000.0,2023-07-24,2023-09-14,2023-09-30,2024-01-28,,Delayed,47.2,AGY-WSS-05,Public Health Engineering & Water Supply Dept,1,2,False,PUBLIC DATA
MPL-2024-BI-000979,REC-2023-0979,Lok Sabha,18th Lok Sabha (2024-Present),MP-LO-17-45,Dr. Ravi Shankar Sinha (Hon'ble MP),"Health Diagnostic Equipment at Baikatpur, Block Bakhtiarpur",Health & Sanitation,Health Diagnostic Equipment,Bihar,Patna,Patna Sahib,Bakhtiarpur,Baikatpur,25.6258,85.1007,1620000.0,1620000.0,418000.0,1202000.0,2024-01-06,2024-01-26,2024-02-24,2024-07-31,,Delayed,28.7,AGY-DRDA-04,District Rural Development Agency (DRDA),2,1,False,PUBLIC DATA
MPL-2024-WE-000980,REC-2023-0980,Lok Sabha,17th Lok Sabha (2023-24),MP-LO-17-32,Smt. Mahua Mitra (Hon'ble MP),"Paver Block Road at Debagram, Block Nabadwip",Rural Roads & Bridges,Paver Block Road,West Bengal,Nadia,Krishnanagar,Nabadwip,Debagram,23.4461,88.4993,3740000.0,3740000.0,2352000.0,1388000.0,2023-06-28,2023-07-17,2023-07-28,2023-12-06,,Ongoing,67.2,AGY-ZP-03,Zila Parishad Rural Infrastructure Cell,1,1,False,PUBLIC DATA
MPL-2024-UT-000981,REC-2023-0981,Lok Sabha,18th Lok Sabha (2024-Present),MP-LO-17-65,Shri Ramakant Sharma (Hon'ble MP),"Link Road Widening at Rampur, Block Kashi Vidyapeeth",Rural Roads & Bridges,Link Road Widening,Uttar Pradesh,Varanasi,Varanasi,Kashi Vidyapeeth,Rampur,25.3311,83.0032,3750000.0,3750000.0,3750000.0,0.0,2023-10-12,2023-11-16,2023-12-11,2024-06-25,2024-06-23,Completed,100.0,AGY-PWD-01,Public Works Department (PWD) Division I,4,2,True,PUBLIC DATA
MPL-2024-KA-000982,REC-2023-0982,Lok Sabha,17th Lok Sabha (2023-24),MP-LO-17-29,Shri K. Venkatesh (Hon'ble MP),"RO Water Treatment Plant at Singanayakanahalli, Block Yelahanka",Drinking Water,RO Water Treatment Plant,Karnataka,Bengaluru Urban,Bangalore North,Yelahanka,Singanayakanahalli,12.9265,77.6394,1270000.0,1270000.0,422000.0,848000.0,2024-06-01,2024-06-28,2024-07-14,2024-11-23,,Ongoing,37.1,AGY-WSS-05,Public Health Engineering & Water Supply Dept,2,3,False,PUBLIC DATA
MPL-2024-UT-000983,REC-2023-0983,Lok Sabha,17th Lok Sabha (2023-24),MP-LO-17-65,Shri Ramakant Sharma (Hon'ble MP),"Additional Classroom Building at Rampur, Block Kashi Vidyapeeth",Education & Classrooms,Additional Classroom Building,Uttar Pradesh,Varanasi,Varanasi,Kashi Vidyapeeth,Rampur,25.2477,82.903,1570000.0,1570000.0,725000.0,845000.0,2023-12-26,2024-02-23,2024-03-22,2024-10-12,,Ongoing,51.4,AGY-XYZ-99,XYZ Infrastructure & Construction Private Ltd,1,2,False,PUBLIC DATA
MPL-2024-UT-000984,REC-2023-0984,Rajya Sabha,17th Lok Sabha (2023-24),MP-RA-17-57,Shri Ramakant Sharma (Hon'ble MP),"Culvert & Drainage Bridge at Tikari, Block Arajiline",Rural Roads & Bridges,Culvert & Drainage Bridge,Uttar Pradesh,Varanasi,Varanasi,Arajiline,Tikari,25.2993,83.0315,3660000.0,3660000.0,3660000.0,0.0,2023-10-28,2023-11-14,2023-12-14,2024-05-25,2024-06-12,Completed,100.0,AGY-XYZ-99,XYZ Infrastructure & Construction Private Ltd,4,3,True,PUBLIC DATA
MPL-2024-BI-000985,REC-2023-0985,Lok Sabha,17th Lok Sabha (2023-24),MP-LO-17-28,Dr. Ravi Shankar Sinha (Hon'ble MP),"Solar Street Light Grid (50 poles) at Ranipur, Block Fatuha",Solar & Renewable Energy,Solar Street Light Grid (50 poles),Bihar,Patna,Patna Sahib,Fatuha,Ranipur,25.5471,85.0794,490000.0,490000.0,149000.0,341000.0,2024-06-14,2024-07-08,2024-07-28,2025-02-28,,Ongoing,32.4,AGY-WSS-05,Public Health Engineering & Water Supply Dept,3,1,False,PUBLIC DATA
MPL-2024-UT-000986,REC-2023-0986,Lok Sabha,17th Lok Sabha (2023-24),MP-LO-17-81,Shri Ramakant Sharma (Hon'ble MP),"Panchayat Community Hall at Tikari, Block Sewapuri",Community Infrastructure,Panchayat Community Hall,Uttar Pradesh,Varanasi,Varanasi,Sewapuri,Tikari,25.3725,82.9508,1380000.0,1380000.0,450000.0,930000.0,2024-05-12,2024-06-18,2024-07-17,2024-11-16,,Delayed,36.2,AGY-PWD-01,Public Works Department (PWD) Division I,2,2,False,PUBLIC DATA
MPL-2024-KA-000987,REC-2023-0987,Lok Sabha,18th Lok Sabha (2024-Present),MP-LO-17-94,Shri K. Venkatesh (Hon'ble MP),"Rooftop Solar for Govt Hospital at Hesaraghatta, Block Yelahanka",Solar & Renewable Energy,Rooftop Solar for Govt Hospital,Karnataka,Bengaluru Urban,Bangalore North,Yelahanka,Hesaraghatta,12.9391,77.5363,2180000.0,2180000.0,2180000.0,0.0,2023-06-21,2023-07-17,2023-08-02,2024-03-28,2024-04-01,Completed,100.0,AGY-WSS-05,Public Health Engineering & Water Supply Dept,3,4,True,PUBLIC DATA
MPL-2024-KE-000988,REC-2023-0988,Rajya Sabha,17th Lok Sabha (2023-24),MP-RA-17-71,Shri Hibi Eden (Hon'ble MP),"School Science Laboratory at Kothamangalam, Block Angamaly",Education & Classrooms,School Science Laboratory,Kerala,Ernakulam,Ernakulam,Angamaly,Kothamangalam,10.0284,76.2572,1040000.0,1040000.0,624000.0,416000.0,2023-11-22,2023-12-29,2024-01-19,2024-09-12,,Ongoing,61.4,AGY-PWD-01,Public Works Department (PWD) Division I,3,3,False,PUBLIC DATA
MPL-2024-KA-000989,REC-2023-0989,Lok Sabha,17th Lok Sabha (2023-24),MP-LO-17-54,Shri K. Venkatesh (Hon'ble MP),"Community Public Toilet Complex at Doddaballapur Rd, Block K.R. Puram",Health & Sanitation,Community Public Toilet Complex,Karnataka,Bengaluru Urban,Bangalore North,K.R. Puram,Doddaballapur Rd,12.9915,77.6014,2150000.0,2150000.0,659000.0,1491000.0,2023-08-08,2023-09-27,2023-10-26,2024-04-24,,Ongoing,34.4,AGY-DRDA-04,District Rural Development Agency (DRDA),3,4,False,PUBLIC DATA
MPL-2024-MA-000990,REC-2023-0990,Lok Sabha,17th Lok Sabha (2023-24),MP-LO-17-73,Shri Naresh Rao (Hon'ble MP),"Public Bus Passenger Shelter at Khadavali, Block Ambernath",Community Infrastructure,Public Bus Passenger Shelter,Maharashtra,Thane,Thane,Ambernath,Khadavali,19.2511,73.0056,1560000.0,1560000.0,1560000.0,0.0,2024-05-24,2024-07-13,2024-08-12,2024-12-10,2024-12-07,Completed,100.0,AGY-PWD-01,Public Works Department (PWD) Division I,3,6,True,PUBLIC DATA
MPL-2024-KE-000991,REC-2023-0991,Lok Sabha,17th Lok Sabha (2023-24),MP-LO-17-80,Shri Hibi Eden (Hon'ble MP),"High-Mast Solar Lighting Chowk at Kothamangalam, Block Vyttila",Solar & Renewable Energy,High-Mast Solar Lighting Chowk,Kerala,Ernakulam,Ernakulam,Vyttila,Kothamangalam,9.9284,76.3562,410000.0,410000.0,410000.0,0.0,2023-07-16,2023-09-14,2023-10-03,2024-05-17,2024-06-19,Completed,100.0,AGY-RWD-02,Rural Works Department (RWD) Engineering Wing,2,6,True,PUBLIC DATA
MPL-2024-BI-000992,REC-2023-0992,Rajya Sabha,17th Lok Sabha (2023-24),MP-RA-17-37,Dr. Ravi Shankar Sinha (Hon'ble MP),"Senior Citizen Recreation Shed at Baikatpur, Block Danapur",Community Infrastructure,Senior Citizen Recreation Shed,Bihar,Patna,Patna Sahib,Danapur,Baikatpur,25.6169,85.1647,1390000.0,1390000.0,542000.0,848000.0,2024-04-07,2024-06-03,2024-06-22,2025-01-14,,Ongoing,40.0,AGY-WSS-05,Public Health Engineering & Water Supply Dept,1,3,False,PUBLIC DATA
MPL-2024-BI-000993,REC-2023-0993,Lok Sabha,18th Lok Sabha (2024-Present),MP-LO-17-45,Dr. Ravi Shankar Sinha (Hon'ble MP),"Public Bus Passenger Shelter at Sabbalpur, Block Bakhtiarpur",Community Infrastructure,Public Bus Passenger Shelter,Bihar,Patna,Patna Sahib,Bakhtiarpur,Sabbalpur,25.5685,85.1044,1810000.0,1810000.0,1096000.0,714000.0,2023-05-23,2023-07-04,2023-07-14,2023-12-27,,Ongoing,64.9,AGY-RWD-02,Rural Works Department (RWD) Engineering Wing,2,4,False,PUBLIC DATA
MPL-2024-WE-000994,REC-2023-0994,Lok Sabha,17th Lok Sabha (2023-24),MP-LO-17-28,Smt. Mahua Mitra (Hon'ble MP),"Village Waste Segregation Shed at Dhubulia, Block Nabadwip",Health & Sanitation,Village Waste Segregation Shed,West Bengal,Nadia,Krishnanagar,Nabadwip,Dhubulia,23.4122,88.4466,1780000.0,1780000.0,1397000.0,383000.0,2023-08-11,2023-08-31,2023-09-22,2024-02-01,,Ongoing,72.1,AGY-WSS-05,Public Health Engineering & Water Supply Dept,2,3,False,PUBLIC DATA
MPL-2024-UT-000995,REC-2023-0995,Lok Sabha,18th Lok Sabha (2024-Present),MP-LO-17-56,Shri Ramakant Sharma (Hon'ble MP),"Health Diagnostic Equipment at Shivpur, Block Pindra",Health & Sanitation,Health Diagnostic Equipment,Uttar Pradesh,Varanasi,Varanasi,Pindra,Shivpur,25.3716,82.9368,710000.0,710000.0,710000.0,0.0,2024-05-25,2024-07-24,2024-08-09,2025-03-12,2025-03-25,Completed,100.0,AGY-PWD-01,Public Works Department (PWD) Division I,2,2,True,PUBLIC DATA
MPL-2024-UT-000996,REC-2023-0996,Rajya Sabha,18th Lok Sabha (2024-Present),MP-RA-17-76,Shri Ramakant Sharma (Hon'ble MP),"Community Public Toilet Complex at Tikari, Block Arajiline",Health & Sanitation,Community Public Toilet Complex,Uttar Pradesh,Varanasi,Varanasi,Arajiline,Tikari,25.3102,82.9403,1710000.0,1710000.0,1710000.0,0.0,2024-06-24,2024-07-14,2024-07-31,2025-01-21,2025-01-01,Completed,100.0,AGY-DRDA-04,District Rural Development Agency (DRDA),2,4,True,PUBLIC DATA
MPL-2024-MA-000997,REC-2023-0997,Rajya Sabha,17th Lok Sabha (2023-24),MP-RA-17-91,Shri Naresh Rao (Hon'ble MP),"Deep Borewell & Solar Pump System at Padgha, Block Murbad",Drinking Water,Deep Borewell & Solar Pump System,Maharashtra,Thane,Thane,Murbad,Padgha,19.2242,73.0274,1050000.0,1050000.0,456000.0,594000.0,2023-05-15,2023-06-13,2023-06-28,2024-01-04,,Delayed,48.3,AGY-PWD-01,Public Works Department (PWD) Division I,2,1,False,PUBLIC DATA
MPL-2024-UT-000998,REC-2023-0998,Lok Sabha,17th Lok Sabha (2023-24),MP-LO-17-28,Shri Ramakant Sharma (Hon'ble MP),"Health Diagnostic Equipment at Tikari, Block Sewapuri",Health & Sanitation,Health Diagnostic Equipment,Uttar Pradesh,Varanasi,Varanasi,Sewapuri,Tikari,25.2733,83.0204,3850000.0,3850000.0,981000.0,2869000.0,2023-06-27,2023-07-28,2023-08-07,2024-03-28,,Delayed,28.3,AGY-XYZ-99,XYZ Infrastructure & Construction Private Ltd,2,0,False,PUBLIC DATA
MPL-2024-KE-000999,REC-2023-0999,Lok Sabha,17th Lok Sabha (2023-24),MP-LO-17-52,Shri Hibi Eden (Hon'ble MP),"Hand Pump Installation Cluster at Kothamangalam, Block Muvattupuzha",Drinking Water,Hand Pump Installation Cluster,Kerala,Ernakulam,Ernakulam,Muvattupuzha,Kothamangalam,9.9106,76.349,610000.0,610000.0,294000.0,316000.0,2023-05-24,2023-07-14,2023-07-24,2023-11-25,,Ongoing,56.5,AGY-PWD-01,Public Works Department (PWD) Division I,1,2,False,PUBLIC DATA
MPL-2024-MA-001000,REC-2023-1000,Lok Sabha,17th Lok Sabha (2023-24),MP-LO-17-91,Shri Naresh Rao (Hon'ble MP),"RO Water Treatment Plant at Padgha, Block Bhiwandi",Drinking Water,RO Water Treatment Plant,Maharashtra,Thane,Thane,Bhiwandi,Padgha,19.1718,73.0002,1810000.0,1810000.0,1810000.0,0.0,2023-09-13,2023-11-01,2023-11-21,2024-03-27,2024-03-19,Completed,100.0,AGY-RWD-02,Rural Works Department (RWD) Engineering Wing,4,6,True,PUBLIC DATA
MPL-2024-AS-001001,REC-2023-1001,Lok Sabha,18th Lok Sabha (2024-Present),MP-LO-17-56,Smt. Queen Oja (Hon'ble MP),"Health Diagnostic Equipment at Boko, Block Bezera",Health & Sanitation,Health Diagnostic Equipment,Assam,Kamrup,Gauhati,Bezera,Boko,26.1256,91.6776,1750000.0,1750000.0,1750000.0,0.0,2023-11-11,2023-12-09,2024-01-08,2024-07-04,2024-07-19,Completed,100.0,AGY-ZP-03,Zila Parishad Rural Infrastructure Cell,4,6,True,PUBLIC DATA
MPL-2024-MA-001002,REC-2023-1002,Lok Sabha,17th Lok Sabha (2023-24),MP-LO-17-57,Shri Naresh Rao (Hon'ble MP),"Crematorium Shed with Amenities at Tokawade, Block Kalyan",Community Infrastructure,Crematorium Shed with Amenities,Maharashtra,Thane,Thane,Kalyan,Tokawade,19.2066,73.0268,2610000.0,2610000.0,1158000.0,1452000.0,2023-06-13,2023-06-29,2023-07-29,2024-02-23,,Delayed,49.3,AGY-ZP-03,Zila Parishad Rural Infrastructure Cell,1,0,False,PUBLIC DATA
MPL-2024-BI-001003,REC-2023-1003,Lok Sabha,18th Lok Sabha (2024-Present),MP-LO-17-43,Dr. Ravi Shankar Sinha (Hon'ble MP),"Rooftop Solar for Govt Hospital at Sabbalpur, Block Danapur",Solar & Renewable Energy,Rooftop Solar for Govt Hospital,Bihar,Patna,Patna Sahib,Danapur,Sabbalpur,25.5595,85.1933,580000.0,580000.0,580000.0,0.0,2023-09-19,2023-10-08,2023-10-18,2024-02-18,2024-02-29,Completed,100.0,AGY-RWD-02,Rural Works Department (RWD) Engineering Wing,3,5,True,PUBLIC DATA
MPL-2024-UT-001004,REC-2023-1004,Rajya Sabha,17th Lok Sabha (2023-24),MP-RA-17-98,Shri Ramakant Sharma (Hon'ble MP),"CC Road Construction at Rampur, Block Pindra",Rural Roads & Bridges,CC Road Construction,Uttar Pradesh,Varanasi,Varanasi,Pindra,Rampur,25.3375,83.0238,3820000.0,3820000.0,749000.0,3071000.0,2023-10-21,2023-11-16,2023-12-08,2024-04-20,,Delayed,21.8,AGY-ZP-03,Zila Parishad Rural Infrastructure Cell,2,0,False,PUBLIC DATA
MPL-2024-KA-001005,REC-2023-1005,Lok Sabha,17th Lok Sabha (2023-24),MP-LO-17-14,Shri K. Venkatesh (Hon'ble MP),"Paver Block Road at Attibele, Block Anekal",Rural Roads & Bridges,Paver Block Road,Karnataka,Bengaluru Urban,Bangalore North,Anekal,Attibele,12.9552,77.5766,3790000.0,3790000.0,3790000.0,0.0,2023-07-28,2023-09-04,2023-09-16,2024-02-22,2024-02-26,Completed,100.0,AGY-DRDA-04,District Rural Development Agency (DRDA),3,2,True,PUBLIC DATA
MPL-2024-KE-001006,REC-2023-1006,Lok Sabha,17th Lok Sabha (2023-24),MP-LO-17-75,Shri Hibi Eden (Hon'ble MP),"High-Mast Solar Lighting Chowk at Perumbavoor, Block Aluva",Solar & Renewable Energy,High-Mast Solar Lighting Chowk,Kerala,Ernakulam,Ernakulam,Aluva,Perumbavoor,9.9028,76.2755,1530000.0,1530000.0,1530000.0,0.0,2024-01-30,2024-03-06,2024-03-29,2024-11-12,2024-11-16,Completed,100.0,AGY-ZP-03,Zila Parishad Rural Infrastructure Cell,3,4,True,PUBLIC DATA
MPL-2024-KE-001007,REC-2023-1007,Rajya Sabha,17th Lok Sabha (2023-24),MP-RA-17-38,Shri Hibi Eden (Hon'ble MP),"Link Road Widening at Kothamangalam, Block Aluva",Rural Roads & Bridges,Link Road Widening,Kerala,Ernakulam,Ernakulam,Aluva,Kothamangalam,9.963,76.3638,1620000.0,1620000.0,1620000.0,0.0,2023-08-22,2023-09-20,2023-10-14,2024-05-15,2024-06-19,Completed,100.0,AGY-ZP-03,Zila Parishad Rural Infrastructure Cell,2,6,True,PUBLIC DATA
MPL-2024-UT-001008,REC-2023-1008,Lok Sabha,17th Lok Sabha (2023-24),MP-LO-17-78,Shri Ramakant Sharma (Hon'ble MP),"CC Road Construction at Chhatar, Block Arajiline",Rural Roads & Bridges,CC Road Construction,Uttar Pradesh,Varanasi,Varanasi,Arajiline,Chhatar,25.3926,83.0057,5560000.0,5560000.0,3927000.0,1633000.0,2023-09-18,2023-10-30,2023-11-11,2024-06-04,,Ongoing,82.9,AGY-WSS-05,Public Health Engineering & Water Supply Dept,2,1,False,PUBLIC DATA
MPL-2024-RA-001009,REC-2023-1009,Rajya Sabha,17th Lok Sabha (2023-24),MP-RA-17-65,Smt. Manju Meena (Hon'ble MP),"Village Waste Segregation Shed at Nayla, Block Kotputli",Health & Sanitation,Village Waste Segregation Shed,Rajasthan,Jaipur,Jaipur Rural,Kotputli,Nayla,26.8444,75.7372,3460000.0,3460000.0,3460000.0,0.0,2023-11-11,2023-12-31,2024-01-20,2024-06-09,2024-07-09,Completed,100.0,AGY-DRDA-04,District Rural Development Agency (DRDA),3,3,True,PUBLIC DATA
MPL-2024-RA-001010,REC-2023-1010,Lok Sabha,17th Lok Sabha (2023-24),MP-LO-17-57,Smt. Manju Meena (Hon'ble MP),"CC Road Construction at Achrol, Block Amer",Rural Roads & Bridges,CC Road Construction,Rajasthan,Jaipur,Jaipur Rural,Amer,Achrol,26.9316,75.7635,3220000.0,3220000.0,1002000.0,2218000.0,2023-10-07,2023-11-10,2023-12-06,2024-06-30,,Ongoing,34.6,AGY-RWD-02,Rural Works Department (RWD) Engineering Wing,2,1,False,PUBLIC DATA
MPL-2024-MA-001011,REC-2023-1011,Lok Sabha,17th Lok Sabha (2023-24),MP-LO-17-13,Shri Naresh Rao (Hon'ble MP),"Community Public Toilet Complex at Titwala, Block Murbad",Health & Sanitation,Community Public Toilet Complex,Maharashtra,Thane,Thane,Murbad,Titwala,19.2776,72.9361,1900000.0,1900000.0,1386000.0,514000.0,2023-09-27,2023-11-18,2023-12-04,2024-07-29,,Ongoing,66.4,AGY-WSS-05,Public Health Engineering & Water Supply Dept,2,3,False,PUBLIC DATA
MPL-2024-BI-001012,REC-2023-1012,Lok Sabha,18th Lok Sabha (2024-Present),MP-LO-17-16,Dr. Ravi Shankar Sinha (Hon'ble MP),"Hand Pump Installation Cluster at Gauri Chak, Block Sampatchak",Drinking Water,Hand Pump Installation Cluster,Bihar,Patna,Patna Sahib,Sampatchak,Gauri Chak,25.5899,85.0968,1180000.0,1180000.0,524000.0,656000.0,2024-05-31,2024-07-21,2024-08-14,2025-03-02,,Ongoing,40.9,AGY-PWD-01,Public Works Department (PWD) Division I,1,3,False,PUBLIC DATA
MPL-2024-KA-001013,REC-2023-1013,Lok Sabha,18th Lok Sabha (2024-Present),MP-LO-17-99,Shri K. Venkatesh (Hon'ble MP),"School Boundary Wall & Sanitation at Doddaballapur Rd, Block K.R. Puram",Education & Classrooms,School Boundary Wall & Sanitation,Karnataka,Bengaluru Urban,Bangalore North,K.R. Puram,Doddaballapur Rd,12.9509,77.5323,1650000.0,1650000.0,850000.0,800000.0,2023-05-11,2023-07-02,2023-07-15,2023-12-07,,Ongoing,58.9,AGY-ZP-03,Zila Parishad Rural Infrastructure Cell,2,1,False,PUBLIC DATA
MPL-2024-KA-001014,REC-2023-1014,Lok Sabha,17th Lok Sabha (2023-24),MP-LO-17-66,Shri K. Venkatesh (Hon'ble MP),"Rooftop Solar for Govt Hospital at Doddaballapur Rd, Block K.R. Puram",Solar & Renewable Energy,Rooftop Solar for Govt Hospital,Karnataka,Bengaluru Urban,Bangalore North,K.R. Puram,Doddaballapur Rd,12.9212,77.6192,770000.0,770000.0,268000.0,502000.0,2023-06-29,2023-08-16,2023-08-30,2024-01-24,,Delayed,38.7,AGY-WSS-05,Public Health Engineering & Water Supply Dept,1,1,False,PUBLIC DATA
MPL-2024-KA-001015,REC-2023-1015,Lok Sabha,17th Lok Sabha (2023-24),MP-LO-17-99,Shri K. Venkatesh (Hon'ble MP),"Village Waste Segregation Shed at Doddaballapur Rd, Block Bengaluru North",Health & Sanitation,Village Waste Segregation Shed,Karnataka,Bengaluru Urban,Bangalore North,Bengaluru North,Doddaballapur Rd,12.9212,77.6508,2120000.0,2120000.0,727000.0,1393000.0,2024-06-24,2024-08-14,2024-09-10,2025-01-11,,Ongoing,30.2,AGY-DRDA-04,District Rural Development Agency (DRDA),3,4,False,PUBLIC DATA
MPL-2024-RA-001016,REC-2023-1016,Lok Sabha,17th Lok Sabha (2023-24),MP-LO-17-55,Smt. Manju Meena (Hon'ble MP),"RO Water Treatment Plant at Kukas, Block Kotputli",Drinking Water,RO Water Treatment Plant,Rajasthan,Jaipur,Jaipur Rural,Kotputli,Kukas,26.9782,75.711,1460000.0,1460000.0,1279000.0,181000.0,2024-06-15,2024-07-27,2024-08-23,2025-02-25,,Ongoing,80.4,AGY-WSS-05,Public Health Engineering & Water Supply Dept,2,1,False,PUBLIC DATA
MPL-2024-RA-001017,REC-2023-1017,Rajya Sabha,18th Lok Sabha (2024-Present),MP-RA-17-94,Smt. Manju Meena (Hon'ble MP),"Community Public Toilet Complex at Bassi, Block Chaksu",Health & Sanitation,Community Public Toilet Complex,Rajasthan,Jaipur,Jaipur Rural,Chaksu,Bassi,26.9674,75.7895,1530000.0,1530000.0,735000.0,795000.0,2024-04-22,2024-06-08,2024-06-22,2024-10-22,,Ongoing,46.2,AGY-ZP-03,Zila Parishad Rural Infrastructure Cell,3,1,False,PUBLIC DATA
MPL-2024-AS-001018,REC-2023-1018,Lok Sabha,18th Lok Sabha (2024-Present),MP-LO-17-76,Smt. Queen Oja (Hon'ble MP),"Senior Citizen Recreation Shed at Boko, Block Hajo",Community Infrastructure,Senior Citizen Recreation Shed,Assam,Kamrup,Gauhati,Hajo,Boko,26.1089,91.781,1980000.0,1980000.0,565000.0,1415000.0,2024-01-05,2024-02-18,2024-03-13,2024-09-19,,Delayed,31.7,AGY-PWD-01,Public Works Department (PWD) Division I,2,2,False,PUBLIC DATA
MPL-2024-KE-001019,REC-2023-1019,Rajya Sabha,18th Lok Sabha (2024-Present),MP-RA-17-62,Shri Hibi Eden (Hon'ble MP),"Deep Borewell & Solar Pump System at Perumbavoor, Block Aluva",Drinking Water,Deep Borewell & Solar Pump System,Kerala,Ernakulam,Ernakulam,Aluva,Perumbavoor,9.9959,76.341,600000.0,600000.0,348000.0,252000.0,2023-10-22,2023-11-26,2023-12-17,2024-04-24,,Ongoing,52.1,AGY-DRDA-04,District Rural Development Agency (DRDA),1,1,False,PUBLIC DATA
MPL-2024-UT-001020,REC-2023-1020,Lok Sabha,18th Lok Sabha (2024-Present),MP-LO-17-95,Shri Ramakant Sharma (Hon'ble MP),"School Science Laboratory at Shivpur, Block Kashi Vidyapeeth",Education & Classrooms,School Science Laboratory,Uttar Pradesh,Varanasi,Varanasi,Kashi Vidyapeeth,Shivpur,25.2477,83.0138,1320000.0,1320000.0,843000.0,477000.0,2023-08-26,2023-10-19,2023-11-16,2024-03-22,,Ongoing,57.0,AGY-RWD-02,Rural Works Department (RWD) Engineering Wing,3,3,False,PUBLIC DATA
MPL-2024-KA-001021,REC-2023-1021,Lok Sabha,17th Lok Sabha (2023-24),MP-LO-17-18,Shri K. Venkatesh (Hon'ble MP),"Village Waste Segregation Shed at Doddaballapur Rd, Block Bengaluru North",Health & Sanitation,Village Waste Segregation Shed,Karnataka,Bengaluru Urban,Bangalore North,Bengaluru North,Doddaballapur Rd,13.0278,77.6289,1620000.0,1620000.0,1620000.0,0.0,2024-06-02,2024-06-28,2024-07-28,2025-03-17,2025-03-13,Completed,100.0,AGY-RWD-02,Rural Works Department (RWD) Engineering Wing,4,3,True,PUBLIC DATA
MPL-2024-MA-001022,REC-2023-1022,Lok Sabha,17th Lok Sabha (2023-24),MP-LO-17-79,Shri Naresh Rao (Hon'ble MP),"Health Diagnostic Equipment at Tokawade, Block Shahapur",Health & Sanitation,Health Diagnostic Equipment,Maharashtra,Thane,Thane,Shahapur,Tokawade,19.2672,72.9972,1110000.0,1110000.0,1110000.0,0.0,2023-05-23,2023-06-29,2023-07-18,2024-03-02,2024-04-10,Completed,100.0,AGY-ZP-03,Zila Parishad Rural Infrastructure Cell,4,6,True,PUBLIC DATA
MPL-2024-AS-001023,REC-2023-1023,Lok Sabha,18th Lok Sabha (2024-Present),MP-LO-17-80,Smt. Queen Oja (Hon'ble MP),"Rooftop Solar for Govt Hospital at Dadara, Block Rangia",Solar & Renewable Energy,Rooftop Solar for Govt Hospital,Assam,Kamrup,Gauhati,Rangia,Dadara,26.1217,91.6605,720000.0,720000.0,720000.0,0.0,2023-09-07,2023-10-07,2023-10-19,2024-05-16,2024-06-09,Completed,100.0,AGY-WSS-05,Public Health Engineering & Water Supply Dept,4,4,True,PUBLIC DATA
MPL-2024-KA-001024,REC-2023-1024,Lok Sabha,17th Lok Sabha (2023-24),MP-LO-17-96,Shri K. Venkatesh (Hon'ble MP),"Link Road Widening at Mandur, Block Yelahanka",Rural Roads & Bridges,Link Road Widening,Karnataka,Bengaluru Urban,Bangalore North,Yelahanka,Mandur,12.9166,77.5374,1990000.0,1990000.0,1990000.0,0.0,2023-08-26,2023-10-08,2023-10-20,2024-05-26,2024-06-27,Completed,100.0,AGY-PWD-01,Public Works Department (PWD) Division I,3,3,True,PUBLIC DATA
MPL-2024-MA-001025,REC-2023-1025,Lok Sabha,18th Lok Sabha (2024-Present),MP-LO-17-62,Shri Naresh Rao (Hon'ble MP),"Village Waste Segregation Shed at Vashind, Block Shahapur",Health & Sanitation,Village Waste Segregation Shed,Maharashtra,Thane,Thane,Shahapur,Vashind,19.2595,73.0314,1700000.0,1700000.0,1700000.0,0.0,2023-10-22,2023-11-10,2023-12-03,2024-04-17,2024-04-18,Completed,100.0,AGY-RWD-02,Rural Works Department (RWD) Engineering Wing,2,5,True,PUBLIC DATA
MPL-2024-AS-001026,REC-2023-1026,Lok Sabha,18th Lok Sabha (2024-Present),MP-LO-17-21,Smt. Queen Oja (Hon'ble MP),"Culvert & Drainage Bridge at Mirza, Block Bezera",Rural Roads & Bridges,Culvert & Drainage Bridge,Assam,Kamrup,Gauhati,Bezera,Mirza,26.0808,91.7892,2780000.0,2780000.0,1499000.0,1281000.0,2023-07-23,2023-09-03,2023-10-01,2024-03-19,,Delayed,59.9,AGY-ZP-03,Zila Parishad Rural Infrastructure Cell,1,2,False,PUBLIC DATA
MPL-2024-BI-001027,REC-2023-1027,Lok Sabha,17th Lok Sabha (2023-24),MP-LO-17-23,Dr. Ravi Shankar Sinha (Hon'ble MP),"Senior Citizen Recreation Shed at Jethuli, Block Danapur",Community Infrastructure,Senior Citizen Recreation Shed,Bihar,Patna,Patna Sahib,Danapur,Jethuli,25.5711,85.1147,3390000.0,3390000.0,2455000.0,935000.0,2023-11-03,2023-12-30,2024-01-14,2024-05-17,,Ongoing,81.9,AGY-WSS-05,Public Health Engineering & Water Supply Dept,1,3,False,PUBLIC DATA
MPL-2024-RA-001028,REC-2023-1028,Lok Sabha,18th Lok Sabha (2024-Present),MP-LO-17-87,Smt. Manju Meena (Hon'ble MP),"School Boundary Wall & Sanitation at Kukas, Block Shahpura",Education & Classrooms,School Boundary Wall & Sanitation,Rajasthan,Jaipur,Jaipur Rural,Shahpura,Kukas,26.9194,75.8528,2520000.0,2520000.0,2520000.0,0.0,2023-08-13,2023-09-16,2023-10-02,2024-04-03,2024-03-15,Completed,100.0,AGY-ZP-03,Zila Parishad Rural Infrastructure Cell,3,3,True,PUBLIC DATA
MPL-2024-RA-001029,REC-2023-1029,Lok Sabha,17th Lok Sabha (2023-24),MP-LO-17-91,Smt. Manju Meena (Hon'ble MP),"Senior Citizen Recreation Shed at Nayla, Block Shahpura",Community Infrastructure,Senior Citizen Recreation Shed,Rajasthan,Jaipur,Jaipur Rural,Shahpura,Nayla,26.9832,75.8331,5170000.0,5170000.0,1489000.0,3681000.0,2023-07-26,2023-09-22,2023-10-18,2024-04-20,,Delayed,32.0,AGY-PWD-01,Public Works Department (PWD) Division I,1,1,False,PUBLIC DATA
MPL-2024-WE-001030,REC-2023-1030,Lok Sabha,17th Lok Sabha (2023-24),MP-LO-17-89,Smt. Mahua Mitra (Hon'ble MP),"Health Diagnostic Equipment at Tehatta, Block Chapra",Health & Sanitation,Health Diagnostic Equipment,West Bengal,Nadia,Krishnanagar,Chapra,Tehatta,23.3947,88.5544,2150000.0,2150000.0,1188000.0,962000.0,2024-03-26,2024-05-11,2024-05-27,2025-01-22,,Ongoing,59.4,AGY-RWD-02,Rural Works Department (RWD) Engineering Wing,2,4,False,PUBLIC DATA
MPL-2024-MA-001031,REC-2023-1031,Lok Sabha,17th Lok Sabha (2023-24),MP-LO-17-18,Shri Naresh Rao (Hon'ble MP),"High-Mast Solar Lighting Chowk at Padgha, Block Kalyan",Solar & Renewable Energy,High-Mast Solar Lighting Chowk,Maharashtra,Thane,Thane,Kalyan,Padgha,19.1551,73.0462,810000.0,810000.0,317000.0,493000.0,2024-04-01,2024-05-11,2024-05-30,2025-01-08,,Delayed,43.5,AGY-PWD-01,Public Works Department (PWD) Division I,2,2,False,PUBLIC DATA
MPL-2024-AS-001032,REC-2023-1032,Rajya Sabha,17th Lok Sabha (2023-24),MP-RA-17-48,Smt. Queen Oja (Hon'ble MP),"Village Waste Segregation Shed at Dadara, Block Rangia",Health & Sanitation,Village Waste Segregation Shed,Assam,Kamrup,Gauhati,Rangia,Dadara,26.1733,91.7051,1100000.0,1100000.0,752000.0,348000.0,2023-05-08,2023-06-04,2023-06-19,2023-12-17,,Ongoing,73.6,AGY-WSS-05,Public Health Engineering & Water Supply Dept,2,2,False,PUBLIC DATA
MPL-2024-UT-001033,REC-2023-1033,Lok Sabha,18th Lok Sabha (2024-Present),MP-LO-17-74,Shri Ramakant Sharma (Hon'ble MP),"Culvert & Drainage Bridge at Rampur, Block Sewapuri",Rural Roads & Bridges,Culvert & Drainage Bridge,Uttar Pradesh,Varanasi,Varanasi,Sewapuri,Rampur,25.2697,82.9357,1530000.0,1530000.0,699000.0,831000.0,2024-05-23,2024-06-13,2024-06-24,2024-11-24,,Ongoing,52.8,AGY-WSS-05,Public Health Engineering & Water Supply Dept,3,2,False,PUBLIC DATA
MPL-2024-KA-001034,REC-2023-1034,Rajya Sabha,17th Lok Sabha (2023-24),MP-RA-17-53,Shri K. Venkatesh (Hon'ble MP),"Deep Borewell & Solar Pump System at Mandur, Block K.R. Puram",Drinking Water,Deep Borewell & Solar Pump System,Karnataka,Bengaluru Urban,Bangalore North,K.R. Puram,Mandur,12.9755,77.5712,3320000.0,3320000.0,2390000.0,930000.0,2023-07-09,2023-08-21,2023-09-20,2024-02-14,,Ongoing,79.4,AGY-RWD-02,Rural Works Department (RWD) Engineering Wing,2,4,False,PUBLIC DATA
MPL-2024-AS-001035,REC-2023-1035,Lok Sabha,17th Lok Sabha (2023-24),MP-LO-17-87,Smt. Queen Oja (Hon'ble MP),"Senior Citizen Recreation Shed at Dadara, Block Hajo",Community Infrastructure,Senior Citizen Recreation Shed,Assam,Kamrup,Gauhati,Hajo,Dadara,26.1904,91.7024,1520000.0,1520000.0,753000.0,767000.0,2024-02-22,2024-03-27,2024-04-10,2024-11-10,,Ongoing,54.0,AGY-ZP-03,Zila Parishad Rural Infrastructure Cell,2,3,False,PUBLIC DATA
MPL-2024-KA-001036,REC-2023-1036,Lok Sabha,17th Lok Sabha (2023-24),MP-LO-17-11,Shri K. Venkatesh (Hon'ble MP),"Panchayat Community Hall at Doddaballapur Rd, Block Anekal",Community Infrastructure,Panchayat Community Hall,Karnataka,Bengaluru Urban,Bangalore North,Anekal,Doddaballapur Rd,12.951,77.6294,2800000.0,2800000.0,743000.0,2057000.0,2023-04-26,2023-06-15,2023-07-04,2024-01-29,,Delayed,29.5,AGY-WSS-05,Public Health Engineering & Water Supply Dept,2,2,False,PUBLIC DATA
MPL-2024-RA-001037,REC-2023-1037,Lok Sabha,17th Lok Sabha (2023-24),MP-LO-17-43,Smt. Manju Meena (Hon'ble MP),"Crematorium Shed with Amenities at Kukas, Block Amer",Community Infrastructure,Crematorium Shed with Amenities,Rajasthan,Jaipur,Jaipur Rural,Amer,Kukas,26.9447,75.7565,3010000.0,3010000.0,986000.0,2024000.0,2024-05-25,2024-06-09,2024-06-27,2024-10-27,,Delayed,36.4,AGY-PWD-01,Public Works Department (PWD) Division I,2,1,False,PUBLIC DATA
MPL-2024-KE-001038,REC-2023-1038,Lok Sabha,18th Lok Sabha (2024-Present),MP-LO-17-54,Shri Hibi Eden (Hon'ble MP),"Panchayat Community Hall at Kothamangalam, Block Angamaly",Community Infrastructure,Panchayat Community Hall,Kerala,Ernakulam,Ernakulam,Angamaly,Kothamangalam,10.0355,76.3622,1670000.0,1670000.0,1670000.0,0.0,2024-05-02,2024-06-15,2024-06-28,2024-11-16,2024-10-28,Completed,100.0,AGY-ZP-03,Zila Parishad Rural Infrastructure Cell,3,3,True,PUBLIC DATA
MPL-2024-KE-001039,REC-2023-1039,Lok Sabha,17th Lok Sabha (2023-24),MP-LO-17-34,Shri Hibi Eden (Hon'ble MP),"Solar Street Light Grid (50 poles) at Kalamassery, Block Angamaly",Solar & Renewable Energy,Solar Street Light Grid (50 poles),Kerala,Ernakulam,Ernakulam,Angamaly,Kalamassery,9.9989,76.3547,580000.0,580000.0,580000.0,0.0,2024-05-28,2024-07-12,2024-08-05,2024-12-10,2024-12-30,Completed,100.0,AGY-ZP-03,Zila Parishad Rural Infrastructure Cell,2,4,True,PUBLIC DATA
MPL-2024-WE-001040,REC-2023-1040,Lok Sabha,17th Lok Sabha (2023-24),MP-LO-17-73,Smt. Mahua Mitra (Hon'ble MP),"Senior Citizen Recreation Shed at Dhubulia, Block Nakashipara",Community Infrastructure,Senior Citizen Recreation Shed,West Bengal,Nadia,Krishnanagar,Nakashipara,Dhubulia,23.3828,88.5576,1060000.0,1060000.0,462000.0,598000.0,2023-11-06,2024-01-03,2024-01-23,2024-08-08,,Ongoing,48.4,AGY-ZP-03,Zila Parishad Rural Infrastructure Cell,1,3,False,PUBLIC DATA
MPL-2024-WE-001041,REC-2023-1041,Rajya Sabha,17th Lok Sabha (2023-24),MP-RA-17-47,Smt. Mahua Mitra (Hon'ble MP),"Health Diagnostic Equipment at Bethuadahari, Block Chapra",Health & Sanitation,Health Diagnostic Equipment,West Bengal,Nadia,Krishnanagar,Chapra,Bethuadahari,23.4035,88.5285,3190000.0,3190000.0,1082000.0,2108000.0,2023-12-15,2024-01-29,2024-02-12,2024-10-04,,Delayed,37.7,AGY-PWD-01,Public Works Department (PWD) Division I,2,2,False,PUBLIC DATA
MPL-2024-BI-001042,REC-2023-1042,Lok Sabha,18th Lok Sabha (2024-Present),MP-LO-17-16,Dr. Ravi Shankar Sinha (Hon'ble MP),"Link Road Widening at Ranipur, Block Danapur",Rural Roads & Bridges,Link Road Widening,Bihar,Patna,Patna Sahib,Danapur,Ranipur,25.5406,85.0866,2820000.0,2820000.0,678000.0,2142000.0,2024-03-30,2024-04-23,2024-05-20,2024-10-27,,Delayed,26.7,AGY-WSS-05,Public Health Engineering & Water Supply Dept,1,1,False,PUBLIC DATA
MPL-2024-KE-001043,REC-2023-1043,Rajya Sabha,18th Lok Sabha (2024-Present),MP-RA-17-91,Shri Hibi Eden (Hon'ble MP),"Crematorium Shed with Amenities at Edappally, Block Angamaly",Community Infrastructure,Crematorium Shed with Amenities,Kerala,Ernakulam,Ernakulam,Angamaly,Edappally,9.9665,76.3699,2870000.0,2870000.0,1839000.0,1031000.0,2023-04-15,2023-05-16,2023-06-05,2023-10-23,,Ongoing,55.8,AGY-RWD-02,Rural Works Department (RWD) Engineering Wing,2,2,False,PUBLIC DATA
MPL-2024-KE-001044,REC-2023-1044,Lok Sabha,18th Lok Sabha (2024-Present),MP-LO-17-15,Shri Hibi Eden (Hon'ble MP),"Health Diagnostic Equipment at Edappally, Block Angamaly",Health & Sanitation,Health Diagnostic Equipment,Kerala,Ernakulam,Ernakulam,Angamaly,Edappally,9.9632,76.2958,1430000.0,1430000.0,1126000.0,304000.0,2023-11-10,2023-11-29,2023-12-17,2024-07-10,,Ongoing,74.5,AGY-RWD-02,Rural Works Department (RWD) Engineering Wing,3,4,False,PUBLIC DATA
MPL-2024-KE-001045,REC-2023-1045,Lok Sabha,17th Lok Sabha (2023-24),MP-LO-17-43,Shri Hibi Eden (Hon'ble MP),"Community Public Toilet Complex at Kalamassery, Block Angamaly",Health & Sanitation,Community Public Toilet Complex,Kerala,Ernakulam,Ernakulam,Angamaly,Kalamassery,10.0382,76.2312,2410000.0,2410000.0,1799000.0,611000.0,2023-05-01,2023-06-01,2023-06-14,2023-11-30,,Ongoing,82.9,AGY-RWD-02,Rural Works Department (RWD) Engineering Wing,2,4,False,PUBLIC DATA
MPL-2024-MA-001046,REC-2023-1046,Lok Sabha,18th Lok Sabha (2024-Present),MP-LO-17-45,Shri Naresh Rao (Hon'ble MP),"Crematorium Shed with Amenities at Khadavali, Block Murbad",Community Infrastructure,Crematorium Shed with Amenities,Maharashtra,Thane,Thane,Murbad,Khadavali,19.2303,72.933,1820000.0,1820000.0,1820000.0,0.0,2023-08-19,2023-10-07,2023-10-29,2024-03-13,2024-03-04,Completed,100.0,AGY-RWD-02,Rural Works Department (RWD) Engineering Wing,2,2,True,PUBLIC DATA
MPL-2024-RA-001047,REC-2023-1047,Lok Sabha,17th Lok Sabha (2023-24),MP-LO-17-17,Smt. Manju Meena (Hon'ble MP),"School Science Laboratory at Achrol, Block Chaksu",Education & Classrooms,School Science Laboratory,Rajasthan,Jaipur,Jaipur Rural,Chaksu,Achrol,26.921,75.7143,1940000.0,1940000.0,739000.0,1201000.0,2024-01-09,2024-03-04,2024-03-17,2024-09-24,,Delayed,42.3,AGY-DRDA-04,District Rural Development Agency (DRDA),1,1,False,PUBLIC DATA
MPL-2024-BI-001048,REC-2023-1048,Lok Sabha,17th Lok Sabha (2023-24),MP-LO-17-47,Dr. Ravi Shankar Sinha (Hon'ble MP),"Primary Health Sub-Centre Building at Sabbalpur, Block Phulwari Sharif",Health & Sanitation,Primary Health Sub-Centre Building,Bihar,Patna,Patna Sahib,Phulwari Sharif,Sabbalpur,25.6602,85.2051,3990000.0,3990000.0,607000.0,3383000.0,2023-08-29,2023-10-09,2023-11-03,2024-03-05,,Delayed,16.9,AGY-WSS-05,Public Health Engineering & Water Supply Dept,2,1,False,PUBLIC DATA
MPL-2024-BI-001049,REC-2023-1049,Lok Sabha,18th Lok Sabha (2024-Present),MP-LO-17-21,Dr. Ravi Shankar Sinha (Hon'ble MP),"Culvert & Drainage Bridge at Baikatpur, Block Bakhtiarpur",Rural Roads & Bridges,Culvert & Drainage Bridge,Bihar,Patna,Patna Sahib,Bakhtiarpur,Baikatpur,25.5532,85.1173,2830000.0,2830000.0,2830000.0,0.0,2023-12-14,2024-01-18,2024-01-28,2024-06-05,2024-07-12,Completed,100.0,AGY-WSS-05,Public Health Engineering & Water Supply Dept,2,5,True,PUBLIC DATA
MPL-2024-BI-001050,REC-2023-1050,Rajya Sabha,17th Lok Sabha (2023-24),MP-RA-17-57,Dr. Ravi Shankar Sinha (Hon'ble MP),"Smart Digital Library Block at Jethuli, Block Bakhtiarpur",Education & Classrooms,Smart Digital Library Block,Bihar,Patna,Patna Sahib,Bakhtiarpur,Jethuli,25.5864,85.0979,2390000.0,2390000.0,809000.0,1581000.0,2023-10-14,2023-10-29,2023-11-21,2024-06-05,,Delayed,37.6,AGY-PWD-01,Public Works Department (PWD) Division I,1,0,False,PUBLIC DATA
MPL-2024-BI-001051,REC-2023-1051,Lok Sabha,17th Lok Sabha (2023-24),MP-LO-17-48,Dr. Ravi Shankar Sinha (Hon'ble MP),"School Boundary Wall & Sanitation at Sabbalpur, Block Danapur",Education & Classrooms,School Boundary Wall & Sanitation,Bihar,Patna,Patna Sahib,Danapur,Sabbalpur,25.5915,85.0836,1470000.0,1470000.0,1470000.0,0.0,2023-11-28,2024-01-21,2024-01-31,2024-06-22,2024-07-25,Completed,100.0,AGY-WSS-05,Public Health Engineering & Water Supply Dept,3,6,True,PUBLIC DATA
MPL-2024-MA-001052,REC-2023-1052,Lok Sabha,18th Lok Sabha (2024-Present),MP-LO-17-22,Shri Naresh Rao (Hon'ble MP),"Deep Borewell & Solar Pump System at Saralgaon, Block Bhiwandi",Drinking Water,Deep Borewell & Solar Pump System,Maharashtra,Thane,Thane,Bhiwandi,Saralgaon,19.144,73.0467,1710000.0,1710000.0,1046000.0,664000.0,2023-04-11,2023-05-18,2023-06-01,2023-12-12,,Ongoing,53.7,AGY-DRDA-04,District Rural Development Agency (DRDA),2,1,False,PUBLIC DATA
MPL-2024-KE-001053,REC-2023-1053,Lok Sabha,17th Lok Sabha (2023-24),MP-LO-17-24,Shri Hibi Eden (Hon'ble MP),"Community Public Toilet Complex at Edappally, Block Angamaly",Health & Sanitation,Community Public Toilet Complex,Kerala,Ernakulam,Ernakulam,Angamaly,Edappally,9.9395,76.3622,2540000.0,2540000.0,631000.0,1909000.0,2023-11-16,2023-12-05,2024-01-01,2024-08-24,,Delayed,27.6,AGY-DRDA-04,District Rural Development Agency (DRDA),1,0,False,PUBLIC DATA
MPL-2024-MA-001054,REC-2023-1054,Lok Sabha,17th Lok Sabha (2023-24),MP-LO-17-37,Shri Naresh Rao (Hon'ble MP),"Panchayat Community Hall at Padgha, Block Bhiwandi",Community Infrastructure,Panchayat Community Hall,Maharashtra,Thane,Thane,Bhiwandi,Padgha,19.2395,72.9314,2540000.0,2540000.0,1024000.0,1516000.0,2024-01-26,2024-03-18,2024-04-08,2024-10-21,,Delayed,44.8,AGY-XYZ-99,XYZ Infrastructure & Construction Private Ltd,1,1,False,PUBLIC DATA
MPL-2024-KE-001055,REC-2023-1055,Rajya Sabha,17th Lok Sabha (2023-24),MP-RA-17-99,Shri Hibi Eden (Hon'ble MP),"School Science Laboratory at Kalamassery, Block Vyttila",Education & Classrooms,School Science Laboratory,Kerala,Ernakulam,Ernakulam,Vyttila,Kalamassery,10.0379,76.2525,1320000.0,1320000.0,1320000.0,0.0,2024-02-07,2024-03-14,2024-04-09,2024-09-26,2024-10-23,Completed,100.0,AGY-DRDA-04,District Rural Development Agency (DRDA),2,6,True,PUBLIC DATA
MPL-2024-KA-001056,REC-2023-1056,Lok Sabha,18th Lok Sabha (2024-Present),MP-LO-17-68,Shri K. Venkatesh (Hon'ble MP),"Piped Water Overhead Tank at Mandur, Block K.R. Puram",Drinking Water,Piped Water Overhead Tank,Karnataka,Bengaluru Urban,Bangalore North,K.R. Puram,Mandur,13.0233,77.6745,1280000.0,1280000.0,1280000.0,0.0,2024-03-17,2024-04-17,2024-05-08,2025-01-02,2025-01-11,Completed,100.0,AGY-ZP-03,Zila Parishad Rural Infrastructure Cell,3,6,True,PUBLIC DATA
MPL-2024-KE-001057,REC-2023-1057,Rajya Sabha,17th Lok Sabha (2023-24),MP-RA-17-20,Shri Hibi Eden (Hon'ble MP),"Solar Street Light Grid (50 poles) at Cherai, Block Vyttila",Solar & Renewable Energy,Solar Street Light Grid (50 poles),Kerala,Ernakulam,Ernakulam,Vyttila,Cherai,10.0376,76.3695,1800000.0,1800000.0,993000.0,807000.0,2024-05-15,2024-06-11,2024-07-05,2024-12-19,,Ongoing,57.2,AGY-ZP-03,Zila Parishad Rural Infrastructure Cell,2,2,False,PUBLIC DATA
MPL-2024-RA-001058,REC-2023-1058,Rajya Sabha,17th Lok Sabha (2023-24),MP-RA-17-69,Smt. Manju Meena (Hon'ble MP),"CC Road Construction at Achrol, Block Chaksu",Rural Roads & Bridges,CC Road Construction,Rajasthan,Jaipur,Jaipur Rural,Chaksu,Achrol,26.8533,75.7129,3250000.0,3250000.0,1921000.0,1329000.0,2023-06-07,2023-07-21,2023-08-19,2024-01-06,,Ongoing,62.0,AGY-RWD-02,Rural Works Department (RWD) Engineering Wing,3,1,False,PUBLIC DATA
MPL-2024-BI-001059,REC-2023-1059,Rajya Sabha,17th Lok Sabha (2023-24),MP-RA-17-90,Dr. Ravi Shankar Sinha (Hon'ble MP),"Senior Citizen Recreation Shed at Gauri Chak, Block Fatuha",Community Infrastructure,Senior Citizen Recreation Shed,Bihar,Patna,Patna Sahib,Fatuha,Gauri Chak,25.6028,85.1205,3110000.0,3110000.0,3110000.0,0.0,2023-07-02,2023-07-21,2023-08-20,2024-03-17,2024-03-18,Completed,100.0,AGY-RWD-02,Rural Works Department (RWD) Engineering Wing,4,2,True,PUBLIC DATA
MPL-2024-WE-001060,REC-2023-1060,Rajya Sabha,17th Lok Sabha (2023-24),MP-RA-17-60,Smt. Mahua Mitra (Hon'ble MP),"Hand Pump Installation Cluster at Bethuadahari, Block Nabadwip",Drinking Water,Hand Pump Installation Cluster,West Bengal,Nadia,Krishnanagar,Nabadwip,Bethuadahari,23.4751,88.4869,510000.0,510000.0,510000.0,0.0,2024-04-07,2024-05-13,2024-06-01,2024-10-23,2024-11-13,Completed,100.0,AGY-ZP-03,Zila Parishad Rural Infrastructure Cell,2,6,True,PUBLIC DATA
MPL-2024-KA-001061,REC-2023-1061,Lok Sabha,17th Lok Sabha (2023-24),MP-LO-17-18,Shri K. Venkatesh (Hon'ble MP),"Community Public Toilet Complex at Singanayakanahalli, Block Yelahanka",Health & Sanitation,Community Public Toilet Complex,Karnataka,Bengaluru Urban,Bangalore North,Yelahanka,Singanayakanahalli,12.8921,77.551,1980000.0,1980000.0,1980000.0,0.0,2024-05-28,2024-06-13,2024-06-27,2024-12-05,2024-12-13,Completed,100.0,AGY-DRDA-04,District Rural Development Agency (DRDA),3,6,True,PUBLIC DATA
MPL-2024-BI-001062,REC-2023-1062,Lok Sabha,17th Lok Sabha (2023-24),MP-LO-17-41,Dr. Ravi Shankar Sinha (Hon'ble MP),"School Science Laboratory at Gauri Chak, Block Fatuha",Education & Classrooms,School Science Laboratory,Bihar,Patna,Patna Sahib,Fatuha,Gauri Chak,25.5906,85.0782,1420000.0,1420000.0,673000.0,747000.0,2023-07-04,2023-08-12,2023-09-04,2024-02-20,,Ongoing,46.6,AGY-RWD-02,Rural Works Department (RWD) Engineering Wing,3,2,False,PUBLIC DATA
MPL-2024-BI-001063,REC-2023-1063,Lok Sabha,18th Lok Sabha (2024-Present),MP-LO-17-43,Dr. Ravi Shankar Sinha (Hon'ble MP),"Crematorium Shed with Amenities at Jethuli, Block Sampatchak",Community Infrastructure,Crematorium Shed with Amenities,Bihar,Patna,Patna Sahib,Sampatchak,Jethuli,25.552,85.1673,2730000.0,2730000.0,627000.0,2103000.0,2024-02-23,2024-04-20,2024-05-07,2024-12-16,,Delayed,25.5,AGY-DRDA-04,District Rural Development Agency (DRDA),2,2,False,PUBLIC DATA
MPL-2024-UT-001064,REC-2023-1064,Lok Sabha,17th Lok Sabha (2023-24),MP-LO-17-51,Shri Ramakant Sharma (Hon'ble MP),"Public Bus Passenger Shelter at Chhatar, Block Arajiline",Community Infrastructure,Public Bus Passenger Shelter,Uttar Pradesh,Varanasi,Varanasi,Arajiline,Chhatar,25.3612,82.9613,2590000.0,2590000.0,1410000.0,1180000.0,2024-03-13,2024-04-12,2024-05-06,2024-10-21,,Ongoing,52.1,AGY-XYZ-99,XYZ Infrastructure & Construction Private Ltd,3,2,False,PUBLIC DATA
MPL-2024-UT-001065,REC-2023-1065,Lok Sabha,18th Lok Sabha (2024-Present),MP-LO-17-93,Shri Ramakant Sharma (Hon'ble MP),"Hand Pump Installation Cluster at Tikari, Block Arajiline",Drinking Water,Hand Pump Installation Cluster,Uttar Pradesh,Varanasi,Varanasi,Arajiline,Tikari,25.3829,82.9919,1770000.0,1770000.0,1770000.0,0.0,2023-09-13,2023-10-13,2023-11-06,2024-04-14,2024-04-17,Completed,100.0,AGY-XYZ-99,XYZ Infrastructure & Construction Private Ltd,4,5,False,PUBLIC DATA
MPL-2024-RA-001066,REC-2023-1066,Rajya Sabha,18th Lok Sabha (2024-Present),MP-RA-17-16,Smt. Manju Meena (Hon'ble MP),"CC Road Construction at Manoharpur, Block Kotputli",Rural Roads & Bridges,CC Road Construction,Rajasthan,Jaipur,Jaipur Rural,Kotputli,Manoharpur,26.8613,75.8576,3040000.0,3040000.0,1702000.0,1338000.0,2023-10-30,2023-11-29,2023-12-14,2024-07-03,,Ongoing,52.6,AGY-DRDA-04,District Rural Development Agency (DRDA),1,2,False,PUBLIC DATA
MPL-2024-AS-001067,REC-2023-1067,Rajya Sabha,18th Lok Sabha (2024-Present),MP-RA-17-87,Smt. Queen Oja (Hon'ble MP),"RO Water Treatment Plant at Boko, Block Bezera",Drinking Water,RO Water Treatment Plant,Assam,Kamrup,Gauhati,Bezera,Boko,26.2201,91.6723,2440000.0,2440000.0,753000.0,1687000.0,2024-05-02,2024-06-02,2024-06-15,2024-11-17,,Ongoing,29.9,AGY-ZP-03,Zila Parishad Rural Infrastructure Cell,3,2,False,PUBLIC DATA
MPL-2024-KE-001068,REC-2023-1068,Rajya Sabha,17th Lok Sabha (2023-24),MP-RA-17-96,Shri Hibi Eden (Hon'ble MP),"School Science Laboratory at Perumbavoor, Block Angamaly",Education & Classrooms,School Science Laboratory,Kerala,Ernakulam,Ernakulam,Angamaly,Perumbavoor,10.0304,76.3779,2710000.0,2710000.0,1166000.0,1544000.0,2023-05-28,2023-07-23,2023-08-05,2023-12-03,,Delayed,47.8,AGY-WSS-05,Public Health Engineering & Water Supply Dept,1,1,False,PUBLIC DATA
MPL-2024-BI-001069,REC-2023-1069,Rajya Sabha,17th Lok Sabha (2023-24),MP-RA-17-39,Dr. Ravi Shankar Sinha (Hon'ble MP),"School Boundary Wall & Sanitation at Gauri Chak, Block Sampatchak",Education & Classrooms,School Boundary Wall & Sanitation,Bihar,Patna,Patna Sahib,Sampatchak,Gauri Chak,25.6154,85.1151,1460000.0,1460000.0,749000.0,711000.0,2023-09-15,2023-10-09,2023-10-28,2024-05-19,,Delayed,57.0,AGY-DRDA-04,District Rural Development Agency (DRDA),1,0,False,PUBLIC DATA
MPL-2024-UT-001070,REC-2023-1070,Lok Sabha,18th Lok Sabha (2024-Present),MP-LO-17-17,Shri Ramakant Sharma (Hon'ble MP),"RO Water Treatment Plant at Tikari, Block Arajiline",Drinking Water,RO Water Treatment Plant,Uttar Pradesh,Varanasi,Varanasi,Arajiline,Tikari,25.3395,82.9609,1680000.0,1680000.0,248000.0,1432000.0,2024-06-22,2024-07-24,2024-08-21,2025-04-05,,Delayed,16.4,AGY-PWD-01,Public Works Department (PWD) Division I,1,2,False,PUBLIC DATA
MPL-2024-KA-001071,REC-2023-1071,Rajya Sabha,18th Lok Sabha (2024-Present),MP-RA-17-81,Shri K. Venkatesh (Hon'ble MP),"CC Road Construction at Attibele, Block Anekal",Rural Roads & Bridges,CC Road Construction,Karnataka,Bengaluru Urban,Bangalore North,Anekal,Attibele,13.0153,77.5589,1640000.0,1640000.0,435000.0,1205000.0,2024-02-14,2024-04-01,2024-04-23,2024-12-07,,Delayed,29.5,AGY-WSS-05,Public Health Engineering & Water Supply Dept,1,2,False,PUBLIC DATA
MPL-2024-UT-001072,REC-2023-1072,Lok Sabha,17th Lok Sabha (2023-24),MP-LO-17-37,Shri Ramakant Sharma (Hon'ble MP),"Solar Street Light Grid (50 poles) at Shivpur, Block Sewapuri",Solar & Renewable Energy,Solar Street Light Grid (50 poles),Uttar Pradesh,Varanasi,Varanasi,Sewapuri,Shivpur,25.3193,83.0029,400000.0,400000.0,400000.0,0.0,2023-11-04,2023-11-28,2023-12-09,2024-06-18,2024-07-16,Completed,100.0,AGY-RWD-02,Rural Works Department (RWD) Engineering Wing,2,3,True,PUBLIC DATA
MPL-2024-WE-001073,REC-2023-1073,Rajya Sabha,17th Lok Sabha (2023-24),MP-RA-17-84,Smt. Mahua Mitra (Hon'ble MP),"High-Mast Solar Lighting Chowk at Bethuadahari, Block Nabadwip",Solar & Renewable Energy,High-Mast Solar Lighting Chowk,West Bengal,Nadia,Krishnanagar,Nabadwip,Bethuadahari,23.3591,88.5562,1250000.0,1250000.0,300000.0,950000.0,2023-08-11,2023-09-28,2023-10-15,2024-04-27,,Delayed,26.7,AGY-RWD-02,Rural Works Department (RWD) Engineering Wing,1,0,False,PUBLIC DATA
MPL-2024-KA-001074,REC-2023-1074,Rajya Sabha,17th Lok Sabha (2023-24),MP-RA-17-25,Shri K. Venkatesh (Hon'ble MP),"Public Bus Passenger Shelter at Singanayakanahalli, Block Bengaluru North",Community Infrastructure,Public Bus Passenger Shelter,Karnataka,Bengaluru Urban,Bangalore North,Bengaluru North,Singanayakanahalli,12.9211,77.5516,1160000.0,1160000.0,834000.0,326000.0,2024-03-02,2024-04-12,2024-04-28,2024-12-05,,Ongoing,71.5,AGY-PWD-01,Public Works Department (PWD) Division I,1,4,False,PUBLIC DATA
MPL-2024-RA-001075,REC-2023-1075,Lok Sabha,18th Lok Sabha (2024-Present),MP-LO-17-33,Smt. Manju Meena (Hon'ble MP),"Piped Water Overhead Tank at Manoharpur, Block Kotputli",Drinking Water,Piped Water Overhead Tank,Rajasthan,Jaipur,Jaipur Rural,Kotputli,Manoharpur,26.8691,75.79,660000.0,660000.0,660000.0,0.0,2024-05-17,2024-06-29,2024-07-11,2025-02-21,2025-03-16,Completed,100.0,AGY-WSS-05,Public Health Engineering & Water Supply Dept,2,6,True,PUBLIC DATA
MPL-2024-KA-001076,REC-2023-1076,Lok Sabha,18th Lok Sabha (2024-Present),MP-LO-17-92,Shri K. Venkatesh (Hon'ble MP),"Senior Citizen Recreation Shed at Attibele, Block Bengaluru North",Community Infrastructure,Senior Citizen Recreation Shed,Karnataka,Bengaluru Urban,Bangalore North,Bengaluru North,Attibele,12.9878,77.5737,1260000.0,1260000.0,1260000.0,0.0,2023-04-13,2023-06-04,2023-06-23,2023-11-11,2023-11-19,Completed,100.0,AGY-WSS-05,Public Health Engineering & Water Supply Dept,4,6,True,PUBLIC DATA
MPL-2024-MA-001077,REC-2023-1077,Lok Sabha,17th Lok Sabha (2023-24),MP-LO-17-78,Shri Naresh Rao (Hon'ble MP),"Smart Digital Library Block at Vashind, Block Shahapur",Education & Classrooms,Smart Digital Library Block,Maharashtra,Thane,Thane,Shahapur,Vashind,19.197,72.9051,1080000.0,1080000.0,931000.0,149000.0,2024-04-25,2024-06-03,2024-07-02,2024-12-21,,Ongoing,84.4,AGY-DRDA-04,District Rural Development Agency (DRDA),2,2,False,PUBLIC DATA
MPL-2024-AS-001078,REC-2023-1078,Lok Sabha,17th Lok Sabha (2023-24),MP-LO-17-69,Smt. Queen Oja (Hon'ble MP),"CC Road Construction at Sualkuchi, Block Kamalpur",Rural Roads & Bridges,CC Road Construction,Assam,Kamrup,Gauhati,Kamalpur,Sualkuchi,26.1416,91.6982,1900000.0,1900000.0,934000.0,966000.0,2024-02-29,2024-04-24,2024-05-19,2024-10-30,,Delayed,54.6,AGY-RWD-02,Rural Works Department (RWD) Engineering Wing,2,0,False,PUBLIC DATA
MPL-2024-BI-001079,REC-2023-1079,Lok Sabha,17th Lok Sabha (2023-24),MP-LO-17-62,Dr. Ravi Shankar Sinha (Hon'ble MP),"RO Water Treatment Plant at Gauri Chak, Block Fatuha",Drinking Water,RO Water Treatment Plant,Bihar,Patna,Patna Sahib,Fatuha,Gauri Chak,25.6165,85.1555,1840000.0,1840000.0,1840000.0,0.0,2023-04-12,2023-06-05,2023-07-05,2024-01-26,2024-01-19,Completed,100.0,AGY-RWD-02,Rural Works Department (RWD) Engineering Wing,4,5,True,PUBLIC DATA
MPL-2024-AS-001080,REC-2023-1080,Lok Sabha,18th Lok Sabha (2024-Present),MP-LO-17-60,Smt. Queen Oja (Hon'ble MP),"School Science Laboratory at Puthimari, Block Bezera",Education & Classrooms,School Science Laboratory,Assam,Kamrup,Gauhati,Bezera,Puthimari,26.0734,91.7829,1900000.0,1900000.0,559000.0,1341000.0,2023-12-31,2024-02-05,2024-02-15,2024-06-24,,Delayed,32.7,AGY-XYZ-99,XYZ Infrastructure & Construction Private Ltd,2,0,False,PUBLIC DATA
MPL-2024-UT-001081,REC-2023-1081,Lok Sabha,18th Lok Sabha (2024-Present),MP-LO-17-68,Shri Ramakant Sharma (Hon'ble MP),"School Science Laboratory at Babatpur, Block Sewapuri",Education & Classrooms,School Science Laboratory,Uttar Pradesh,Varanasi,Varanasi,Sewapuri,Babatpur,25.3768,83.0371,2000000.0,2000000.0,2000000.0,0.0,2023-12-08,2024-01-24,2024-02-10,2024-08-10,2024-09-10,Completed,100.0,AGY-XYZ-99,XYZ Infrastructure & Construction Private Ltd,2,2,True,PUBLIC DATA
MPL-2024-KE-001082,REC-2023-1082,Lok Sabha,17th Lok Sabha (2023-24),MP-LO-17-87,Shri Hibi Eden (Hon'ble MP),"Deep Borewell & Solar Pump System at Kalamassery, Block Muvattupuzha",Drinking Water,Deep Borewell & Solar Pump System,Kerala,Ernakulam,Ernakulam,Muvattupuzha,Kalamassery,9.9504,76.3292,2060000.0,2060000.0,2060000.0,0.0,2023-05-07,2023-07-06,2023-07-19,2023-12-18,2023-12-11,Completed,100.0,AGY-ZP-03,Zila Parishad Rural Infrastructure Cell,4,5,True,PUBLIC DATA
MPL-2024-KA-001083,REC-2023-1083,Lok Sabha,18th Lok Sabha (2024-Present),MP-LO-17-88,Shri K. Venkatesh (Hon'ble MP),"Deep Borewell & Solar Pump System at Singanayakanahalli, Block Anekal",Drinking Water,Deep Borewell & Solar Pump System,Karnataka,Bengaluru Urban,Bangalore North,Anekal,Singanayakanahalli,12.9662,77.6209,1160000.0,1160000.0,808000.0,352000.0,2024-03-16,2024-05-06,2024-05-25,2024-11-02,,Ongoing,81.5,AGY-WSS-05,Public Health Engineering & Water Supply Dept,2,1,False,PUBLIC DATA
MPL-2024-KA-001084,REC-2023-1084,Lok Sabha,17th Lok Sabha (2023-24),MP-LO-17-36,Shri K. Venkatesh (Hon'ble MP),"Rooftop Solar for Govt Hospital at Hesaraghatta, Block K.R. Puram",Solar & Renewable Energy,Rooftop Solar for Govt Hospital,Karnataka,Bengaluru Urban,Bangalore North,K.R. Puram,Hesaraghatta,12.9779,77.625,1910000.0,1910000.0,988000.0,922000.0,2024-06-04,2024-06-24,2024-07-11,2025-01-29,,Ongoing,54.0,AGY-WSS-05,Public Health Engineering & Water Supply Dept,1,3,False,PUBLIC DATA
MPL-2024-AS-001085,REC-2023-1085,Lok Sabha,17th Lok Sabha (2023-24),MP-LO-17-43,Smt. Queen Oja (Hon'ble MP),"Culvert & Drainage Bridge at Mirza, Block Chaygaon",Rural Roads & Bridges,Culvert & Drainage Bridge,Assam,Kamrup,Gauhati,Chaygaon,Mirza,26.0859,91.6611,2010000.0,2010000.0,1016000.0,994000.0,2024-02-26,2024-03-28,2024-04-21,2024-10-20,,Ongoing,50.7,AGY-XYZ-99,XYZ Infrastructure & Construction Private Ltd,3,1,False,PUBLIC DATA
MPL-2024-WE-001086,REC-2023-1086,Lok Sabha,17th Lok Sabha (2023-24),MP-LO-17-10,Smt. Mahua Mitra (Hon'ble MP),"School Science Laboratory at Bethuadahari, Block Chapra",Education & Classrooms,School Science Laboratory,West Bengal,Nadia,Krishnanagar,Chapra,Bethuadahari,23.4393,88.4632,960000.0,960000.0,960000.0,0.0,2023-09-11,2023-10-10,2023-10-25,2024-05-15,2024-05-03,Completed,100.0,AGY-ZP-03,Zila Parishad Rural Infrastructure Cell,4,3,True,PUBLIC DATA
MPL-2024-KE-001087,REC-2023-1087,Lok Sabha,17th Lok Sabha (2023-24),MP-LO-17-29,Shri Hibi Eden (Hon'ble MP),"Rooftop Solar for Govt Hospital at Kalamassery, Block Vyttila",Solar & Renewable Energy,Rooftop Solar for Govt Hospital,Kerala,Ernakulam,Ernakulam,Vyttila,Kalamassery,9.9738,76.2328,470000.0,470000.0,470000.0,0.0,2023-05-15,2023-06-16,2023-07-10,2024-02-21,2024-03-23,Completed,100.0,AGY-ZP-03,Zila Parishad Rural Infrastructure Cell,4,5,True,PUBLIC DATA
MPL-2024-KE-001088,REC-2023-1088,Lok Sabha,17th Lok Sabha (2023-24),MP-LO-17-57,Shri Hibi Eden (Hon'ble MP),"Panchayat Community Hall at Kothamangalam, Block Vyttila",Community Infrastructure,Panchayat Community Hall,Kerala,Ernakulam,Ernakulam,Vyttila,Kothamangalam,9.9768,76.3536,2610000.0,2610000.0,944000.0,1666000.0,2023-04-29,2023-06-18,2023-07-18,2024-01-26,,Delayed,40.2,AGY-ZP-03,Zila Parishad Rural Infrastructure Cell,1,0,False,PUBLIC DATA
MPL-2024-MA-001089,REC-2023-1089,Lok Sabha,18th Lok Sabha (2024-Present),MP-LO-17-80,Shri Naresh Rao (Hon'ble MP),"Solar Street Light Grid (50 poles) at Khadavali, Block Kalyan",Solar & Renewable Energy,Solar Street Light Grid (50 poles),Maharashtra,Thane,Thane,Kalyan,Khadavali,19.2505,72.972,1280000.0,1280000.0,1280000.0,0.0,2023-11-24,2023-12-30,2024-01-14,2024-07-02,2024-07-09,Completed,100.0,AGY-DRDA-04,District Rural Development Agency (DRDA),4,3,True,PUBLIC DATA
MPL-2024-KA-001090,REC-2023-1090,Rajya Sabha,18th Lok Sabha (2024-Present),MP-RA-17-84,Shri K. Venkatesh (Hon'ble MP),"Village Waste Segregation Shed at Hesaraghatta, Block Bengaluru North",Health & Sanitation,Village Waste Segregation Shed,Karnataka,Bengaluru Urban,Bangalore North,Bengaluru North,Hesaraghatta,12.9879,77.5403,1980000.0,1980000.0,1825000.0,155000.0,2023-05-18,2023-06-07,2023-06-25,2023-12-27,,Ongoing,81.4,AGY-PWD-01,Public Works Department (PWD) Division I,2,4,False,PUBLIC DATA
MPL-2024-UT-001091,REC-2023-1091,Lok Sabha,17th Lok Sabha (2023-24),MP-LO-17-31,Shri Ramakant Sharma (Hon'ble MP),"Rooftop Solar for Govt Hospital at Tikari, Block Kashi Vidyapeeth",Solar & Renewable Energy,Rooftop Solar for Govt Hospital,Uttar Pradesh,Varanasi,Varanasi,Kashi Vidyapeeth,Tikari,25.2696,82.9906,1180000.0,1180000.0,1180000.0,0.0,2023-06-13,2023-07-22,2023-08-15,2024-03-05,2024-02-27,Completed,100.0,AGY-DRDA-04,District Rural Development Agency (DRDA),2,5,True,PUBLIC DATA
MPL-2024-UT-001092,REC-2023-1092,Lok Sabha,18th Lok Sabha (2024-Present),MP-LO-17-32,Shri Ramakant Sharma (Hon'ble MP),"Primary Health Sub-Centre Building at Rampur, Block Arajiline",Health & Sanitation,Primary Health Sub-Centre Building,Uttar Pradesh,Varanasi,Varanasi,Arajiline,Rampur,25.3731,83.0277,1160000.0,1160000.0,510000.0,650000.0,2023-05-10,2023-06-08,2023-06-24,2024-01-05,,Ongoing,40.5,AGY-XYZ-99,XYZ Infrastructure & Construction Private Ltd,3,3,False,PUBLIC DATA
MPL-2024-BI-001093,REC-2023-1093,Lok Sabha,18th Lok Sabha (2024-Present),MP-LO-17-46,Dr. Ravi Shankar Sinha (Hon'ble MP),"School Boundary Wall & Sanitation at Jethuli, Block Danapur",Education & Classrooms,School Boundary Wall & Sanitation,Bihar,Patna,Patna Sahib,Danapur,Jethuli,25.6611,85.0989,2390000.0,2390000.0,1741000.0,649000.0,2024-03-27,2024-05-13,2024-05-26,2024-10-18,,Ongoing,74.7,AGY-DRDA-04,District Rural Development Agency (DRDA),1,3,False,PUBLIC DATA
MPL-2024-MA-001094,REC-2023-1094,Lok Sabha,18th Lok Sabha (2024-Present),MP-LO-17-57,Shri Naresh Rao (Hon'ble MP),"RO Water Treatment Plant at Padgha, Block Ambernath",Drinking Water,RO Water Treatment Plant,Maharashtra,Thane,Thane,Ambernath,Padgha,19.2129,72.9036,1400000.0,1400000.0,561000.0,839000.0,2023-12-18,2024-02-12,2024-02-23,2024-07-18,,Ongoing,36.7,AGY-XYZ-99,XYZ Infrastructure & Construction Private Ltd,2,3,False,PUBLIC DATA
MPL-2024-KA-001095,REC-2023-1095,Lok Sabha,17th Lok Sabha (2023-24),MP-LO-17-50,Shri K. Venkatesh (Hon'ble MP),"Hand Pump Installation Cluster at Singanayakanahalli, Block K.R. Puram",Drinking Water,Hand Pump Installation Cluster,Karnataka,Bengaluru Urban,Bangalore North,K.R. Puram,Singanayakanahalli,12.9968,77.5732,2470000.0,2470000.0,1223000.0,1247000.0,2023-04-15,2023-05-17,2023-06-15,2024-01-09,,Delayed,55.0,AGY-WSS-05,Public Health Engineering & Water Supply Dept,2,1,False,PUBLIC DATA
MPL-2024-UT-001096,REC-2023-1096,Lok Sabha,18th Lok Sabha (2024-Present),MP-LO-17-14,Shri Ramakant Sharma (Hon'ble MP),"Smart Digital Library Block at Rampur, Block Sewapuri",Education & Classrooms,Smart Digital Library Block,Uttar Pradesh,Varanasi,Varanasi,Sewapuri,Rampur,25.3235,83.0151,2040000.0,2040000.0,1068000.0,972000.0,2023-12-02,2024-01-12,2024-02-11,2024-07-13,,Ongoing,53.1,AGY-PWD-01,Public Works Department (PWD) Division I,2,4,False,PUBLIC DATA
MPL-2024-WE-001097,REC-2023-1097,Rajya Sabha,17th Lok Sabha (2023-24),MP-RA-17-18,Smt. Mahua Mitra (Hon'ble MP),"Health Diagnostic Equipment at Dhubulia, Block Nakashipara",Health & Sanitation,Health Diagnostic Equipment,West Bengal,Nadia,Krishnanagar,Nakashipara,Dhubulia,23.3366,88.5035,790000.0,790000.0,790000.0,0.0,2023-09-14,2023-10-14,2023-11-13,2024-04-07,2024-05-12,Completed,100.0,AGY-RWD-02,Rural Works Department (RWD) Engineering Wing,2,3,True,PUBLIC DATA
MPL-2024-KE-001098,REC-2023-1098,Lok Sabha,18th Lok Sabha (2024-Present),MP-LO-17-25,Shri Hibi Eden (Hon'ble MP),"Panchayat Community Hall at Cherai, Block Vyttila",Community Infrastructure,Panchayat Community Hall,Kerala,Ernakulam,Ernakulam,Vyttila,Cherai,9.9509,76.3294,2530000.0,2530000.0,2530000.0,0.0,2024-03-04,2024-04-23,2024-05-21,2024-11-02,2024-11-16,Completed,100.0,AGY-ZP-03,Zila Parishad Rural Infrastructure Cell,2,3,True,PUBLIC DATA
MPL-2024-WE-001099,REC-2023-1099,Lok Sabha,18th Lok Sabha (2024-Present),MP-LO-17-14,Smt. Mahua Mitra (Hon'ble MP),"School Boundary Wall & Sanitation at Debagram, Block Nakashipara",Education & Classrooms,School Boundary Wall & Sanitation,West Bengal,Nadia,Krishnanagar,Nakashipara,Debagram,23.3972,88.4417,2320000.0,2320000.0,921000.0,1399000.0,2024-04-24,2024-05-16,2024-06-15,2024-12-15,,Delayed,44.1,AGY-PWD-01,Public Works Department (PWD) Division I,1,1,False,PUBLIC DATA
MPL-2024-MA-001100,REC-2023-1100,Rajya Sabha,18th Lok Sabha (2024-Present),MP-RA-17-24,Shri Naresh Rao (Hon'ble MP),"Solar Street Light Grid (50 poles) at Vashind, Block Ambernath",Solar & Renewable Energy,Solar Street Light Grid (50 poles),Maharashtra,Thane,Thane,Ambernath,Vashind,19.1532,72.933,1440000.0,1440000.0,735000.0,705000.0,2023-07-15,2023-09-01,2023-10-01,2024-03-14,,Delayed,56.7,AGY-WSS-05,Public Health Engineering & Water Supply Dept,1,0,False,PUBLIC DATA
MPL-2024-MA-001101,REC-2023-1101,Lok Sabha,18th Lok Sabha (2024-Present),MP-LO-17-91,Shri Naresh Rao (Hon'ble MP),"Hand Pump Installation Cluster at Titwala, Block Bhiwandi",Drinking Water,Hand Pump Installation Cluster,Maharashtra,Thane,Thane,Bhiwandi,Titwala,19.2864,72.9454,1250000.0,1250000.0,642000.0,608000.0,2023-06-29,2023-08-14,2023-09-05,2024-02-12,,Delayed,57.1,AGY-ZP-03,Zila Parishad Rural Infrastructure Cell,2,1,False,PUBLIC DATA
MPL-2024-BI-001102,REC-2023-1102,Lok Sabha,18th Lok Sabha (2024-Present),MP-LO-17-35,Dr. Ravi Shankar Sinha (Hon'ble MP),"Smart Digital Library Block at Baikatpur, Block Bakhtiarpur",Education & Classrooms,Smart Digital Library Block,Bihar,Patna,Patna Sahib,Bakhtiarpur,Baikatpur,25.6374,85.1282,810000.0,810000.0,385000.0,425000.0,2024-02-09,2024-03-06,2024-04-01,2024-08-18,,Ongoing,52.3,AGY-WSS-05,Public Health Engineering & Water Supply Dept,3,1,False,PUBLIC DATA
MPL-2024-BI-001103,REC-2023-1103,Rajya Sabha,17th Lok Sabha (2023-24),MP-RA-17-54,Dr. Ravi Shankar Sinha (Hon'ble MP),"School Science Laboratory at Baikatpur, Block Sampatchak",Education & Classrooms,School Science Laboratory,Bihar,Patna,Patna Sahib,Sampatchak,Baikatpur,25.6586,85.203,2530000.0,2530000.0,2530000.0,0.0,2024-01-19,2024-03-08,2024-03-30,2024-08-10,2024-07-21,Completed,100.0,AGY-WSS-05,Public Health Engineering & Water Supply Dept,2,6,True,PUBLIC DATA
MPL-2024-WE-001104,REC-2023-1104,Lok Sabha,17th Lok Sabha (2023-24),MP-LO-17-52,Smt. Mahua Mitra (Hon'ble MP),"Rooftop Solar for Govt Hospital at Debagram, Block Nabadwip",Solar & Renewable Energy,Rooftop Solar for Govt Hospital,West Bengal,Nadia,Krishnanagar,Nabadwip,Debagram,23.3588,88.5546,560000.0,560000.0,560000.0,0.0,2024-02-23,2024-03-27,2024-04-13,2024-12-09,2024-11-21,Completed,100.0,AGY-RWD-02,Rural Works Department (RWD) Engineering Wing,3,5,True,PUBLIC DATA
MPL-2024-RA-001105,REC-2023-1105,Rajya Sabha,18th Lok Sabha (2024-Present),MP-RA-17-75,Smt. Manju Meena (Hon'ble MP),"Paver Block Road at Nayla, Block Amer",Rural Roads & Bridges,Paver Block Road,Rajasthan,Jaipur,Jaipur Rural,Amer,Nayla,26.9451,75.8416,3550000.0,3550000.0,3550000.0,0.0,2024-01-31,2024-03-01,2024-03-30,2024-09-29,2024-11-04,Completed,100.0,AGY-DRDA-04,District Rural Development Agency (DRDA),3,5,False,PUBLIC DATA
MPL-2024-MA-001106,REC-2023-1106,Lok Sabha,18th Lok Sabha (2024-Present),MP-LO-17-69,Shri Naresh Rao (Hon'ble MP),"Senior Citizen Recreation Shed at Saralgaon, Block Shahapur",Community Infrastructure,Senior Citizen Recreation Shed,Maharashtra,Thane,Thane,Shahapur,Saralgaon,19.2318,73.0011,1590000.0,1590000.0,1590000.0,0.0,2023-10-06,2023-11-28,2023-12-24,2024-07-02,2024-07-26,Completed,100.0,AGY-XYZ-99,XYZ Infrastructure & Construction Private Ltd,4,4,True,PUBLIC DATA
MPL-2024-UT-001107,REC-2023-1107,Lok Sabha,17th Lok Sabha (2023-24),MP-LO-17-51,Shri Ramakant Sharma (Hon'ble MP),"Solar Street Light Grid (50 poles) at Badagaon, Block Sewapuri",Solar & Renewable Energy,Solar Street Light Grid (50 poles),Uttar Pradesh,Varanasi,Varanasi,Sewapuri,Badagaon,25.2816,83.0043,1430000.0,1430000.0,551000.0,879000.0,2024-03-12,2024-04-18,2024-05-05,2024-10-23,,Ongoing,39.7,AGY-DRDA-04,District Rural Development Agency (DRDA),1,2,False,PUBLIC DATA
MPL-2024-BI-001108,REC-2023-1108,Rajya Sabha,17th Lok Sabha (2023-24),MP-RA-17-92,Dr. Ravi Shankar Sinha (Hon'ble MP),"Community Public Toilet Complex at Gauri Chak, Block Phulwari Sharif",Health & Sanitation,Community Public Toilet Complex,Bihar,Patna,Patna Sahib,Phulwari Sharif,Gauri Chak,25.5295,85.0686,4050000.0,4050000.0,4050000.0,0.0,2023-12-20,2024-01-11,2024-02-02,2024-08-06,2024-09-02,Completed,100.0,AGY-ZP-03,Zila Parishad Rural Infrastructure Cell,4,2,True,PUBLIC DATA
MPL-2024-RA-001109,REC-2023-1109,Rajya Sabha,17th Lok Sabha (2023-24),MP-RA-17-14,Smt. Manju Meena (Hon'ble MP),"Public Bus Passenger Shelter at Nayla, Block Chaksu",Community Infrastructure,Public Bus Passenger Shelter,Rajasthan,Jaipur,Jaipur Rural,Chaksu,Nayla,26.851,75.7492,1950000.0,1950000.0,478000.0,1472000.0,2023-05-27,2023-07-05,2023-08-04,2023-12-09,,Ongoing,28.5,AGY-RWD-02,Rural Works Department (RWD) Engineering Wing,3,1,False,PUBLIC DATA
MPL-2024-KA-001110,REC-2023-1110,Lok Sabha,17th Lok Sabha (2023-24),MP-LO-17-23,Shri K. Venkatesh (Hon'ble MP),"Health Diagnostic Equipment at Singanayakanahalli, Block Anekal",Health & Sanitation,Health Diagnostic Equipment,Karnataka,Bengaluru Urban,Bangalore North,Anekal,Singanayakanahalli,13.0073,77.5817,1890000.0,1890000.0,1890000.0,0.0,2023-11-22,2024-01-18,2024-02-15,2024-06-21,2024-07-05,Completed,100.0,AGY-PWD-01,Public Works Department (PWD) Division I,3,2,True,PUBLIC DATA
MPL-2024-MA-001111,REC-2023-1111,Lok Sabha,18th Lok Sabha (2024-Present),MP-LO-17-37,Shri Naresh Rao (Hon'ble MP),"Smart Digital Library Block at Khadavali, Block Murbad",Education & Classrooms,Smart Digital Library Block,Maharashtra,Thane,Thane,Murbad,Khadavali,19.1754,73.0199,2370000.0,2370000.0,774000.0,1596000.0,2023-11-11,2023-12-28,2024-01-27,2024-08-08,,Delayed,36.3,AGY-WSS-05,Public Health Engineering & Water Supply Dept,2,2,False,PUBLIC DATA
MPL-2024-UT-001112,REC-2023-1112,Rajya Sabha,17th Lok Sabha (2023-24),MP-RA-17-16,Shri Ramakant Sharma (Hon'ble MP),"Community Public Toilet Complex at Harahua, Block Cholapur",Health & Sanitation,Community Public Toilet Complex,Uttar Pradesh,Varanasi,Varanasi,Cholapur,Harahua,25.3092,83.0521,1400000.0,1400000.0,1104000.0,296000.0,2024-05-11,2024-06-21,2024-07-20,2024-11-23,,Ongoing,72.6,AGY-PWD-01,Public Works Department (PWD) Division I,2,1,False,PUBLIC DATA
MPL-2024-RA-001113,REC-2023-1113,Rajya Sabha,17th Lok Sabha (2023-24),MP-RA-17-60,Smt. Manju Meena (Hon'ble MP),"Smart Digital Library Block at Achrol, Block Amer",Education & Classrooms,Smart Digital Library Block,Rajasthan,Jaipur,Jaipur Rural,Amer,Achrol,26.878,75.7911,2800000.0,2800000.0,1991000.0,809000.0,2023-12-31,2024-02-19,2024-03-13,2024-11-04,,Ongoing,63.3,AGY-DRDA-04,District Rural Development Agency (DRDA),1,1,False,PUBLIC DATA
MPL-2024-UT-001114,REC-2023-1114,Lok Sabha,17th Lok Sabha (2023-24),MP-LO-17-15,Shri Ramakant Sharma (Hon'ble MP),"Hand Pump Installation Cluster at Tikari, Block Kashi Vidyapeeth",Drinking Water,Hand Pump Installation Cluster,Uttar Pradesh,Varanasi,Varanasi,Kashi Vidyapeeth,Tikari,25.2643,83.0128,1710000.0,1710000.0,1710000.0,0.0,2023-12-12,2024-02-06,2024-02-20,2024-08-31,2024-09-05,Completed,100.0,AGY-RWD-02,Rural Works Department (RWD) Engineering Wing,2,2,True,PUBLIC DATA
MPL-2024-UT-001115,REC-2023-1115,Lok Sabha,17th Lok Sabha (2023-24),MP-LO-17-83,Shri Ramakant Sharma (Hon'ble MP),"Rooftop Solar for Govt Hospital at Tikari, Block Arajiline",Solar & Renewable Energy,Rooftop Solar for Govt Hospital,Uttar Pradesh,Varanasi,Varanasi,Arajiline,Tikari,25.3692,82.9413,840000.0,840000.0,317000.0,523000.0,2023-04-23,2023-05-12,2023-06-09,2023-12-12,,Delayed,41.9,AGY-ZP-03,Zila Parishad Rural Infrastructure Cell,1,0,False,PUBLIC DATA
MPL-2024-KA-001116,REC-2023-1116,Lok Sabha,17th Lok Sabha (2023-24),MP-LO-17-49,Shri K. Venkatesh (Hon'ble MP),"Paver Block Road at Attibele, Block Anekal",Rural Roads & Bridges,Paver Block Road,Karnataka,Bengaluru Urban,Bangalore North,Anekal,Attibele,12.9714,77.5747,2680000.0,2680000.0,1441000.0,1239000.0,2024-05-17,2024-06-21,2024-07-21,2025-02-18,,Ongoing,59.1,AGY-DRDA-04,District Rural Development Agency (DRDA),2,2,False,PUBLIC DATA
MPL-2024-BI-001117,REC-2023-1117,Lok Sabha,18th Lok Sabha (2024-Present),MP-LO-17-31,Dr. Ravi Shankar Sinha (Hon'ble MP),"Crematorium Shed with Amenities at Sabbalpur, Block Fatuha",Community Infrastructure,Crematorium Shed with Amenities,Bihar,Patna,Patna Sahib,Fatuha,Sabbalpur,25.5209,85.1089,1440000.0,1440000.0,720000.0,720000.0,2024-05-01,2024-06-09,2024-06-24,2025-01-10,,Ongoing,45.8,AGY-PWD-01,Public Works Department (PWD) Division I,1,3,False,PUBLIC DATA
MPL-2024-RA-001118,REC-2023-1118,Lok Sabha,17th Lok Sabha (2023-24),MP-LO-17-88,Smt. Manju Meena (Hon'ble MP),"Panchayat Community Hall at Manoharpur, Block Sanganer",Community Infrastructure,Panchayat Community Hall,Rajasthan,Jaipur,Jaipur Rural,Sanganer,Manoharpur,26.9757,75.7228,2110000.0,2110000.0,473000.0,1637000.0,2023-09-21,2023-10-23,2023-11-03,2024-04-11,,Ongoing,25.2,AGY-ZP-03,Zila Parishad Rural Infrastructure Cell,2,4,False,PUBLIC DATA
MPL-2024-UT-001119,REC-2023-1119,Lok Sabha,17th Lok Sabha (2023-24),MP-LO-17-23,Shri Ramakant Sharma (Hon'ble MP),"Rooftop Solar for Govt Hospital at Babatpur, Block Arajiline",Solar & Renewable Energy,Rooftop Solar for Govt Hospital,Uttar Pradesh,Varanasi,Varanasi,Arajiline,Babatpur,25.2611,83.0059,1130000.0,1130000.0,1130000.0,0.0,2024-05-28,2024-07-13,2024-07-30,2024-12-29,2024-12-09,Completed,100.0,AGY-RWD-02,Rural Works Department (RWD) Engineering Wing,4,4,True,PUBLIC DATA
MPL-2024-UT-001120,REC-2023-1120,Lok Sabha,17th Lok Sabha (2023-24),MP-LO-17-96,Shri Ramakant Sharma (Hon'ble MP),"Panchayat Community Hall at Shivpur, Block Sewapuri",Community Infrastructure,Panchayat Community Hall,Uttar Pradesh,Varanasi,Varanasi,Sewapuri,Shivpur,25.2712,82.9968,1170000.0,1170000.0,1170000.0,0.0,2023-05-11,2023-07-08,2023-07-22,2023-12-20,2023-11-30,Completed,100.0,AGY-ZP-03,Zila Parishad Rural Infrastructure Cell,3,4,True,PUBLIC DATA
MPL-2024-KE-001121,REC-2023-1121,Lok Sabha,17th Lok Sabha (2023-24),MP-LO-17-36,Shri Hibi Eden (Hon'ble MP),"Senior Citizen Recreation Shed at Kothamangalam, Block Aluva",Community Infrastructure,Senior Citizen Recreation Shed,Kerala,Ernakulam,Ernakulam,Aluva,Kothamangalam,9.9492,76.2646,3130000.0,3130000.0,3130000.0,0.0,2023-07-16,2023-08-05,2023-08-29,2024-01-13,2024-02-22,Completed,100.0,AGY-WSS-05,Public Health Engineering & Water Supply Dept,2,6,True,PUBLIC DATA
MPL-2024-KE-001122,REC-2023-1122,Rajya Sabha,17th Lok Sabha (2023-24),MP-RA-17-46,Shri Hibi Eden (Hon'ble MP),"Piped Water Overhead Tank at Cherai, Block Vyttila",Drinking Water,Piped Water Overhead Tank,Kerala,Ernakulam,Ernakulam,Vyttila,Cherai,10.0201,76.2392,650000.0,650000.0,280000.0,370000.0,2024-02-02,2024-03-13,2024-03-27,2024-11-17,,Ongoing,44.4,AGY-DRDA-04,District Rural Development Agency (DRDA),3,2,False,PUBLIC DATA
MPL-2024-AS-001123,REC-2023-1123,Lok Sabha,17th Lok Sabha (2023-24),MP-LO-17-94,Smt. Queen Oja (Hon'ble MP),"Primary Health Sub-Centre Building at Puthimari, Block Bezera",Health & Sanitation,Primary Health Sub-Centre Building,Assam,Kamrup,Gauhati,Bezera,Puthimari,26.091,91.6798,1810000.0,1810000.0,510000.0,1300000.0,2023-07-05,2023-08-19,2023-09-05,2024-01-28,,Delayed,31.3,AGY-PWD-01,Public Works Department (PWD) Division I,2,1,False,PUBLIC DATA
MPL-2024-RA-001124,REC-2023-1124,Lok Sabha,17th Lok Sabha (2023-24),MP-LO-17-23,Smt. Manju Meena (Hon'ble MP),"Culvert & Drainage Bridge at Manoharpur, Block Sanganer",Rural Roads & Bridges,Culvert & Drainage Bridge,Rajasthan,Jaipur,Jaipur Rural,Sanganer,Manoharpur,26.849,75.7361,1660000.0,1660000.0,893000.0,767000.0,2024-01-11,2024-02-23,2024-03-17,2024-10-23,,Delayed,59.8,AGY-RWD-02,Rural Works Department (RWD) Engineering Wing,2,2,False,PUBLIC DATA
MPL-2024-WE-001125,REC-2023-1125,Lok Sabha,17th Lok Sabha (2023-24),MP-LO-17-58,Smt. Mahua Mitra (Hon'ble MP),"Solar Street Light Grid (50 poles) at Debagram, Block Krishnanagar-I",Solar & Renewable Energy,Solar Street Light Grid (50 poles),West Bengal,Nadia,Krishnanagar,Krishnanagar-I,Debagram,23.4722,88.5417,810000.0,810000.0,168000.0,642000.0,2023-09-28,2023-11-13,2023-12-03,2024-05-01,,Delayed,23.0,AGY-RWD-02,Rural Works Department (RWD) Engineering Wing,2,2,False,PUBLIC DATA
MPL-2024-WE-001126,REC-2023-1126,Lok Sabha,17th Lok Sabha (2023-24),MP-LO-17-47,Smt. Mahua Mitra (Hon'ble MP),"Rooftop Solar for Govt Hospital at Mayapur, Block Nabadwip",Solar & Renewable Energy,Rooftop Solar for Govt Hospital,West Bengal,Nadia,Krishnanagar,Nabadwip,Mayapur,23.4389,88.4774,1300000.0,1300000.0,309000.0,991000.0,2023-09-25,2023-10-31,2023-11-25,2024-03-26,,Delayed,26.4,AGY-DRDA-04,District Rural Development Agency (DRDA),2,1,False,PUBLIC DATA
MPL-2024-KA-001127,REC-2023-1127,Lok Sabha,17th Lok Sabha (2023-24),MP-LO-17-83,Shri K. Venkatesh (Hon'ble MP),"School Science Laboratory at Hesaraghatta, Block Anekal",Education & Classrooms,School Science Laboratory,Karnataka,Bengaluru Urban,Bangalore North,Anekal,Hesaraghatta,12.9061,77.5208,1720000.0,1720000.0,1203000.0,517000.0,2023-10-29,2023-12-01,2023-12-14,2024-05-15,,Ongoing,65.3,AGY-DRDA-04,District Rural Development Agency (DRDA),3,1,False,PUBLIC DATA
MPL-2024-UT-001128,REC-2023-1128,Rajya Sabha,17th Lok Sabha (2023-24),MP-RA-17-78,Shri Ramakant Sharma (Hon'ble MP),"Hand Pump Installation Cluster at Tikari, Block Sewapuri",Drinking Water,Hand Pump Installation Cluster,Uttar Pradesh,Varanasi,Varanasi,Sewapuri,Tikari,25.3333,82.8965,2880000.0,2880000.0,2200000.0,680000.0,2023-04-21,2023-06-07,2023-07-04,2024-02-04,,Ongoing,76.1,AGY-PWD-01,Public Works Department (PWD) Division I,3,4,False,PUBLIC DATA
MPL-2024-AS-001129,REC-2023-1129,Lok Sabha,17th Lok Sabha (2023-24),MP-LO-17-81,Smt. Queen Oja (Hon'ble MP),"Crematorium Shed with Amenities at Boko, Block Kamalpur",Community Infrastructure,Crematorium Shed with Amenities,Assam,Kamrup,Gauhati,Kamalpur,Boko,26.0704,91.7773,3270000.0,3270000.0,2666000.0,604000.0,2023-09-15,2023-11-02,2023-11-25,2024-07-19,,Ongoing,73.2,AGY-XYZ-99,XYZ Infrastructure & Construction Private Ltd,3,2,False,PUBLIC DATA
MPL-2024-RA-001130,REC-2023-1130,Lok Sabha,18th Lok Sabha (2024-Present),MP-LO-17-74,Smt. Manju Meena (Hon'ble MP),"Smart Digital Library Block at Achrol, Block Sanganer",Education & Classrooms,Smart Digital Library Block,Rajasthan,Jaipur,Jaipur Rural,Sanganer,Achrol,26.8987,75.7361,2650000.0,2650000.0,964000.0,1686000.0,2023-04-15,2023-05-07,2023-05-17,2024-01-03,,Ongoing,41.9,AGY-WSS-05,Public Health Engineering & Water Supply Dept,2,1,False,PUBLIC DATA
MPL-2024-WE-001131,REC-2023-1131,Lok Sabha,18th Lok Sabha (2024-Present),MP-LO-17-65,Smt. Mahua Mitra (Hon'ble MP),"Paver Block Road at Tehatta, Block Nakashipara",Rural Roads & Bridges,Paver Block Road,West Bengal,Nadia,Krishnanagar,Nakashipara,Tehatta,23.4351,88.503,1920000.0,1920000.0,1335000.0,585000.0,2023-12-01,2024-01-18,2024-02-05,2024-07-10,,Ongoing,81.2,AGY-WSS-05,Public Health Engineering & Water Supply Dept,2,2,False,PUBLIC DATA
MPL-2024-UT-001132,REC-2023-1132,Lok Sabha,17th Lok Sabha (2023-24),MP-LO-17-99,Shri Ramakant Sharma (Hon'ble MP),"Village Waste Segregation Shed at Shivpur, Block Cholapur",Health & Sanitation,Village Waste Segregation Shed,Uttar Pradesh,Varanasi,Varanasi,Cholapur,Shivpur,25.3693,82.9354,1880000.0,1880000.0,790000.0,1090000.0,2024-03-13,2024-04-15,2024-05-07,2024-11-25,,Ongoing,47.1,AGY-WSS-05,Public Health Engineering & Water Supply Dept,1,2,False,PUBLIC DATA
MPL-2024-WE-001133,REC-2023-1133,Rajya Sabha,17th Lok Sabha (2023-24),MP-RA-17-71,Smt. Mahua Mitra (Hon'ble MP),"RO Water Treatment Plant at Tehatta, Block Nabadwip",Drinking Water,RO Water Treatment Plant,West Bengal,Nadia,Krishnanagar,Nabadwip,Tehatta,23.4258,88.5388,1840000.0,1840000.0,750000.0,1090000.0,2024-04-02,2024-05-13,2024-05-23,2024-10-31,,Delayed,45.3,AGY-ZP-03,Zila Parishad Rural Infrastructure Cell,2,1,False,PUBLIC DATA
MPL-2024-KE-001134,REC-2023-1134,Lok Sabha,17th Lok Sabha (2023-24),MP-LO-17-22,Shri Hibi Eden (Hon'ble MP),"Piped Water Overhead Tank at Edappally, Block Muvattupuzha",Drinking Water,Piped Water Overhead Tank,Kerala,Ernakulam,Ernakulam,Muvattupuzha,Edappally,9.9266,76.269,3350000.0,3350000.0,1164000.0,2186000.0,2023-05-26,2023-06-20,2023-07-14,2023-12-07,,Ongoing,31.1,AGY-ZP-03,Zila Parishad Rural Infrastructure Cell,3,4,False,PUBLIC DATA
MPL-2024-WE-001135,REC-2023-1135,Lok Sabha,17th Lok Sabha (2023-24),MP-LO-17-52,Smt. Mahua Mitra (Hon'ble MP),"Paver Block Road at Dhubulia, Block Nabadwip",Rural Roads & Bridges,Paver Block Road,West Bengal,Nadia,Krishnanagar,Nabadwip,Dhubulia,23.3912,88.5069,1680000.0,1680000.0,898000.0,782000.0,2024-05-30,2024-06-24,2024-07-15,2024-11-21,,Delayed,59.4,AGY-PWD-01,Public Works Department (PWD) Division I,2,1,False,PUBLIC DATA
MPL-2024-UT-001136,REC-2023-1136,Rajya Sabha,17th Lok Sabha (2023-24),MP-RA-17-23,Shri Ramakant Sharma (Hon'ble MP),"RO Water Treatment Plant at Rampur, Block Kashi Vidyapeeth",Drinking Water,RO Water Treatment Plant,Uttar Pradesh,Varanasi,Varanasi,Kashi Vidyapeeth,Rampur,25.3559,82.9916,2120000.0,2120000.0,2120000.0,0.0,2024-04-25,2024-06-11,2024-06-27,2024-11-01,2024-12-02,Completed,100.0,AGY-DRDA-04,District Rural Development Agency (DRDA),3,3,True,PUBLIC DATA
MPL-2024-AS-001137,REC-2023-1137,Lok Sabha,17th Lok Sabha (2023-24),MP-LO-17-96,Smt. Queen Oja (Hon'ble MP),"Village Waste Segregation Shed at Boko, Block Hajo",Health & Sanitation,Village Waste Segregation Shed,Assam,Kamrup,Gauhati,Hajo,Boko,26.1551,91.6962,2460000.0,2460000.0,799000.0,1661000.0,2024-06-20,2024-07-16,2024-08-14,2025-02-11,,Ongoing,28.9,AGY-XYZ-99,XYZ Infrastructure & Construction Private Ltd,1,4,False,PUBLIC DATA
MPL-2024-RA-001138,REC-2023-1138,Lok Sabha,18th Lok Sabha (2024-Present),MP-LO-17-22,Smt. Manju Meena (Hon'ble MP),"Crematorium Shed with Amenities at Manoharpur, Block Amer",Community Infrastructure,Crematorium Shed with Amenities,Rajasthan,Jaipur,Jaipur Rural,Amer,Manoharpur,26.9593,75.78,2390000.0,2390000.0,1710000.0,680000.0,2024-06-12,2024-07-09,2024-08-07,2025-02-12,,Ongoing,74.4,AGY-WSS-05,Public Health Engineering & Water Supply Dept,1,3,False,PUBLIC DATA
MPL-2024-BI-001139,REC-2023-1139,Lok Sabha,18th Lok Sabha (2024-Present),MP-LO-17-79,Dr. Ravi Shankar Sinha (Hon'ble MP),"Hand Pump Installation Cluster at Ranipur, Block Sampatchak",Drinking Water,Hand Pump Installation Cluster,Bihar,Patna,Patna Sahib,Sampatchak,Ranipur,25.6219,85.201,1730000.0,1730000.0,1227000.0,503000.0,2024-06-19,2024-07-20,2024-08-03,2025-03-19,,Ongoing,79.5,AGY-RWD-02,Rural Works Department (RWD) Engineering Wing,2,2,False,PUBLIC DATA
MPL-2024-RA-001140,REC-2023-1140,Rajya Sabha,18th Lok Sabha (2024-Present),MP-RA-17-92,Smt. Manju Meena (Hon'ble MP),"Crematorium Shed with Amenities at Bagru, Block Chaksu",Community Infrastructure,Crematorium Shed with Amenities,Rajasthan,Jaipur,Jaipur Rural,Chaksu,Bagru,26.9713,75.8074,2900000.0,2900000.0,2900000.0,0.0,2024-03-16,2024-05-02,2024-05-16,2024-11-29,2024-12-25,Completed,100.0,AGY-DRDA-04,District Rural Development Agency (DRDA),2,4,True,PUBLIC DATA
MPL-2024-KA-001141,REC-2023-1141,Lok Sabha,17th Lok Sabha (2023-24),MP-LO-17-10,Shri K. Venkatesh (Hon'ble MP),"Community Public Toilet Complex at Singanayakanahalli, Block Bengaluru North",Health & Sanitation,Community Public Toilet Complex,Karnataka,Bengaluru Urban,Bangalore North,Bengaluru North,Singanayakanahalli,12.9806,77.5357,1640000.0,1640000.0,759000.0,881000.0,2024-03-20,2024-04-16,2024-05-02,2024-11-08,,Delayed,51.4,AGY-DRDA-04,District Rural Development Agency (DRDA),2,1,False,PUBLIC DATA
MPL-2024-BI-001142,REC-2023-1142,Lok Sabha,18th Lok Sabha (2024-Present),MP-LO-17-58,Dr. Ravi Shankar Sinha (Hon'ble MP),"Panchayat Community Hall at Gauri Chak, Block Danapur",Community Infrastructure,Panchayat Community Hall,Bihar,Patna,Patna Sahib,Danapur,Gauri Chak,25.5241,85.1812,2690000.0,2690000.0,2690000.0,0.0,2023-08-20,2023-10-12,2023-11-04,2024-05-15,2024-06-10,Completed,100.0,AGY-RWD-02,Rural Works Department (RWD) Engineering Wing,4,5,True,PUBLIC DATA
MPL-2024-UT-001143,REC-2023-1143,Lok Sabha,17th Lok Sabha (2023-24),MP-LO-17-64,Shri Ramakant Sharma (Hon'ble MP),"Village Waste Segregation Shed at Chhatar, Block Pindra",Health & Sanitation,Village Waste Segregation Shed,Uttar Pradesh,Varanasi,Varanasi,Pindra,Chhatar,25.2524,82.979,1580000.0,1580000.0,1580000.0,0.0,2023-12-16,2024-01-09,2024-01-26,2024-06-27,2024-06-15,Completed,100.0,AGY-ZP-03,Zila Parishad Rural Infrastructure Cell,3,2,False,PUBLIC DATA
MPL-2024-WE-001144,REC-2023-1144,Lok Sabha,17th Lok Sabha (2023-24),MP-LO-17-39,Smt. Mahua Mitra (Hon'ble MP),"Village Waste Segregation Shed at Debagram, Block Krishnanagar-I",Health & Sanitation,Village Waste Segregation Shed,West Bengal,Nadia,Krishnanagar,Krishnanagar-I,Debagram,23.4669,88.5267,1560000.0,1560000.0,1560000.0,0.0,2023-08-24,2023-10-14,2023-11-02,2024-04-25,2024-05-12,Completed,100.0,AGY-WSS-05,Public Health Engineering & Water Supply Dept,4,2,False,PUBLIC DATA
MPL-2024-UT-001145,REC-2023-1145,Rajya Sabha,18th Lok Sabha (2024-Present),MP-RA-17-12,Shri Ramakant Sharma (Hon'ble MP),"Additional Classroom Building at Harahua, Block Cholapur",Education & Classrooms,Additional Classroom Building,Uttar Pradesh,Varanasi,Varanasi,Cholapur,Harahua,25.3229,82.9006,2490000.0,2490000.0,2490000.0,0.0,2023-09-15,2023-10-17,2023-10-27,2024-04-20,2024-05-03,Completed,100.0,AGY-PWD-01,Public Works Department (PWD) Division I,3,4,True,PUBLIC DATA
MPL-2024-WE-001146,REC-2023-1146,Lok Sabha,17th Lok Sabha (2023-24),MP-LO-17-78,Smt. Mahua Mitra (Hon'ble MP),"CC Road Construction at Debagram, Block Nakashipara",Rural Roads & Bridges,CC Road Construction,West Bengal,Nadia,Krishnanagar,Nakashipara,Debagram,23.3334,88.5676,2760000.0,2760000.0,1051000.0,1709000.0,2024-03-26,2024-05-17,2024-06-04,2024-10-05,,Ongoing,36.1,AGY-PWD-01,Public Works Department (PWD) Division I,1,1,False,PUBLIC DATA
MPL-2024-KE-001147,REC-2023-1147,Rajya Sabha,17th Lok Sabha (2023-24),MP-RA-17-49,Shri Hibi Eden (Hon'ble MP),"School Science Laboratory at Cherai, Block Muvattupuzha",Education & Classrooms,School Science Laboratory,Kerala,Ernakulam,Ernakulam,Muvattupuzha,Cherai,10.0613,76.3754,2860000.0,2860000.0,530000.0,2330000.0,2023-06-24,2023-07-24,2023-08-08,2024-03-31,,Delayed,20.6,AGY-ZP-03,Zila Parishad Rural Infrastructure Cell,1,0,False,PUBLIC DATA
MPL-2024-RA-001148,REC-2023-1148,Lok Sabha,17th Lok Sabha (2023-24),MP-LO-17-64,Smt. Manju Meena (Hon'ble MP),"School Boundary Wall & Sanitation at Nayla, Block Sanganer",Education & Classrooms,School Boundary Wall & Sanitation,Rajasthan,Jaipur,Jaipur Rural,Sanganer,Nayla,26.9659,75.8666,2580000.0,2580000.0,2580000.0,0.0,2024-01-03,2024-02-17,2024-03-07,2024-07-22,2024-08-22,Completed,100.0,AGY-PWD-01,Public Works Department (PWD) Division I,4,2,True,PUBLIC DATA
MPL-2024-AS-001149,REC-2023-1149,Lok Sabha,17th Lok Sabha (2023-24),MP-LO-17-79,Smt. Queen Oja (Hon'ble MP),"Senior Citizen Recreation Shed at Mirza, Block Hajo",Community Infrastructure,Senior Citizen Recreation Shed,Assam,Kamrup,Gauhati,Hajo,Mirza,26.19,91.6568,3010000.0,3010000.0,2180000.0,830000.0,2023-07-05,2023-09-02,2023-09-27,2024-03-10,,Ongoing,65.7,AGY-XYZ-99,XYZ Infrastructure & Construction Private Ltd,2,3,False,PUBLIC DATA
MPL-2024-UT-001150,REC-2023-1150,Lok Sabha,18th Lok Sabha (2024-Present),MP-LO-17-98,Shri Ramakant Sharma (Hon'ble MP),"Smart Digital Library Block at Badagaon, Block Pindra",Education & Classrooms,Smart Digital Library Block,Uttar Pradesh,Varanasi,Varanasi,Pindra,Badagaon,25.3464,82.985,2020000.0,2020000.0,2020000.0,0.0,2024-06-16,2024-07-10,2024-08-05,2025-02-08,2025-01-29,Completed,100.0,AGY-RWD-02,Rural Works Department (RWD) Engineering Wing,3,5,True,PUBLIC DATA
MPL-2024-KA-001151,REC-2023-1151,Lok Sabha,18th Lok Sabha (2024-Present),MP-LO-17-68,Shri K. Venkatesh (Hon'ble MP),"Additional Classroom Building at Singanayakanahalli, Block K.R. Puram",Education & Classrooms,Additional Classroom Building,Karnataka,Bengaluru Urban,Bangalore North,K.R. Puram,Singanayakanahalli,13.0044,77.656,1600000.0,1600000.0,233000.0,1367000.0,2023-11-04,2023-12-29,2024-01-28,2024-09-05,,Delayed,16.2,AGY-ZP-03,Zila Parishad Rural Infrastructure Cell,2,1,False,PUBLIC DATA
MPL-2024-AS-001152,REC-2023-1152,Lok Sabha,17th Lok Sabha (2023-24),MP-LO-17-27,Smt. Queen Oja (Hon'ble MP),"CC Road Construction at Mirza, Block Rangia",Rural Roads & Bridges,CC Road Construction,Assam,Kamrup,Gauhati,Rangia,Mirza,26.2236,91.7127,3010000.0,3010000.0,3010000.0,0.0,2024-04-30,2024-06-25,2024-07-15,2025-01-25,2025-03-03,Completed,100.0,AGY-DRDA-04,District Rural Development Agency (DRDA),2,3,True,PUBLIC DATA
MPL-2024-WE-001153,REC-2023-1153,Lok Sabha,17th Lok Sabha (2023-24),MP-LO-17-10,Smt. Mahua Mitra (Hon'ble MP),"School Boundary Wall & Sanitation at Mayapur, Block Nakashipara",Education & Classrooms,School Boundary Wall & Sanitation,West Bengal,Nadia,Krishnanagar,Nakashipara,Mayapur,23.4467,88.4382,4480000.0,4480000.0,3422000.0,1058000.0,2023-07-14,2023-08-12,2023-09-08,2024-02-16,,Ongoing,83.3,AGY-DRDA-04,District Rural Development Agency (DRDA),1,1,False,PUBLIC DATA
MPL-2024-BI-001154,REC-2023-1154,Rajya Sabha,18th Lok Sabha (2024-Present),MP-RA-17-30,Dr. Ravi Shankar Sinha (Hon'ble MP),"School Boundary Wall & Sanitation at Sabbalpur, Block Phulwari Sharif",Education & Classrooms,School Boundary Wall & Sanitation,Bihar,Patna,Patna Sahib,Phulwari Sharif,Sabbalpur,25.6419,85.181,990000.0,990000.0,222000.0,768000.0,2023-06-19,2023-07-10,2023-07-27,2023-12-14,,Delayed,24.9,AGY-WSS-05,Public Health Engineering & Water Supply Dept,1,0,False,PUBLIC DATA
MPL-2024-MA-001155,REC-2023-1155,Lok Sabha,17th Lok Sabha (2023-24),MP-LO-17-96,Shri Naresh Rao (Hon'ble MP),"Culvert & Drainage Bridge at Tokawade, Block Shahapur",Rural Roads & Bridges,Culvert & Drainage Bridge,Maharashtra,Thane,Thane,Shahapur,Tokawade,19.1677,73.0545,2960000.0,2960000.0,1390000.0,1570000.0,2023-06-28,2023-08-09,2023-08-26,2024-01-27,,Ongoing,49.0,AGY-PWD-01,Public Works Department (PWD) Division I,2,2,False,PUBLIC DATA
MPL-2024-AS-001156,REC-2023-1156,Lok Sabha,17th Lok Sabha (2023-24),MP-LO-17-95,Smt. Queen Oja (Hon'ble MP),"Rooftop Solar for Govt Hospital at Dadara, Block Chaygaon",Solar & Renewable Energy,Rooftop Solar for Govt Hospital,Assam,Kamrup,Gauhati,Chaygaon,Dadara,26.2078,91.6932,570000.0,570000.0,247000.0,323000.0,2024-01-16,2024-02-08,2024-02-27,2024-07-10,,Delayed,48.2,AGY-PWD-01,Public Works Department (PWD) Division I,2,1,False,PUBLIC DATA
MPL-2024-AS-001157,REC-2023-1157,Lok Sabha,17th Lok Sabha (2023-24),MP-LO-17-96,Smt. Queen Oja (Hon'ble MP),"Community Public Toilet Complex at Mirza, Block Chaygaon",Health & Sanitation,Community Public Toilet Complex,Assam,Kamrup,Gauhati,Chaygaon,Mirza,26.2042,91.66,1100000.0,1100000.0,390000.0,710000.0,2023-10-24,2023-11-23,2023-12-06,2024-06-25,,Ongoing,31.1,AGY-WSS-05,Public Health Engineering & Water Supply Dept,1,1,False,PUBLIC DATA
MPL-2024-BI-001158,REC-2023-1158,Lok Sabha,18th Lok Sabha (2024-Present),MP-LO-17-73,Dr. Ravi Shankar Sinha (Hon'ble MP),"Link Road Widening at Sabbalpur, Block Fatuha",Rural Roads & Bridges,Link Road Widening,Bihar,Patna,Patna Sahib,Fatuha,Sabbalpur,25.5697,85.0646,2390000.0,2390000.0,2390000.0,0.0,2023-10-27,2023-11-30,2023-12-24,2024-08-10,2024-09-08,Completed,100.0,AGY-ZP-03,Zila Parishad Rural Infrastructure Cell,2,3,True,PUBLIC DATA
MPL-2024-AS-001159,REC-2023-1159,Rajya Sabha,17th Lok Sabha (2023-24),MP-RA-17-76,Smt. Queen Oja (Hon'ble MP),"School Science Laboratory at Puthimari, Block Kamalpur",Education & Classrooms,School Science Laboratory,Assam,Kamrup,Gauhati,Kamalpur,Puthimari,26.1989,91.8139,1950000.0,1950000.0,1130000.0,820000.0,2024-05-07,2024-06-18,2024-07-11,2025-02-10,,Ongoing,58.7,AGY-XYZ-99,XYZ Infrastructure & Construction Private Ltd,1,1,False,PUBLIC DATA
MPL-2024-BI-001160,REC-2023-1160,Rajya Sabha,17th Lok Sabha (2023-24),MP-RA-17-96,Dr. Ravi Shankar Sinha (Hon'ble MP),"Smart Digital Library Block at Baikatpur, Block Sampatchak",Education & Classrooms,Smart Digital Library Block,Bihar,Patna,Patna Sahib,Sampatchak,Baikatpur,25.6286,85.0654,1340000.0,1340000.0,375000.0,965000.0,2023-09-26,2023-11-15,2023-12-10,2024-08-01,,Delayed,31.1,AGY-WSS-05,Public Health Engineering & Water Supply Dept,1,2,False,PUBLIC DATA
MPL-2024-RA-001161,REC-2023-1161,Lok Sabha,18th Lok Sabha (2024-Present),MP-LO-17-35,Smt. Manju Meena (Hon'ble MP),"School Boundary Wall & Sanitation at Bagru, Block Kotputli",Education & Classrooms,School Boundary Wall & Sanitation,Rajasthan,Jaipur,Jaipur Rural,Kotputli,Bagru,26.9384,75.7215,2560000.0,2560000.0,2560000.0,0.0,2024-04-16,2024-05-17,2024-06-01,2025-01-25,2025-02-02,Completed,100.0,AGY-DRDA-04,District Rural Development Agency (DRDA),3,6,True,PUBLIC DATA
MPL-2024-MA-001162,REC-2023-1162,Lok Sabha,17th Lok Sabha (2023-24),MP-LO-17-13,Shri Naresh Rao (Hon'ble MP),"Additional Classroom Building at Tokawade, Block Kalyan",Education & Classrooms,Additional Classroom Building,Maharashtra,Thane,Thane,Kalyan,Tokawade,19.2163,72.926,2650000.0,2650000.0,1259000.0,1391000.0,2024-02-28,2024-04-13,2024-05-02,2024-10-10,,Delayed,52.8,AGY-PWD-01,Public Works Department (PWD) Division I,2,2,False,PUBLIC DATA
MPL-2024-UT-001163,REC-2023-1163,Lok Sabha,17th Lok Sabha (2023-24),MP-LO-17-69,Shri Ramakant Sharma (Hon'ble MP),"Community Public Toilet Complex at Chhatar, Block Arajiline",Health & Sanitation,Community Public Toilet Complex,Uttar Pradesh,Varanasi,Varanasi,Arajiline,Chhatar,25.3701,82.9374,2400000.0,2400000.0,1141000.0,1259000.0,2024-03-23,2024-04-17,2024-05-03,2024-12-05,,Ongoing,47.6,AGY-DRDA-04,District Rural Development Agency (DRDA),3,4,False,PUBLIC DATA
MPL-2024-RA-001164,REC-2023-1164,Rajya Sabha,18th Lok Sabha (2024-Present),MP-RA-17-81,Smt. Manju Meena (Hon'ble MP),"RO Water Treatment Plant at Kukas, Block Chaksu",Drinking Water,RO Water Treatment Plant,Rajasthan,Jaipur,Jaipur Rural,Chaksu,Kukas,26.9172,75.7146,2890000.0,2890000.0,1397000.0,1493000.0,2024-05-31,2024-07-06,2024-07-27,2025-02-20,,Delayed,53.7,AGY-PWD-01,Public Works Department (PWD) Division I,1,0,False,PUBLIC DATA
MPL-2024-KA-001165,REC-2023-1165,Rajya Sabha,17th Lok Sabha (2023-24),MP-RA-17-43,Shri K. Venkatesh (Hon'ble MP),"Hand Pump Installation Cluster at Doddaballapur Rd, Block Bengaluru North",Drinking Water,Hand Pump Installation Cluster,Karnataka,Bengaluru Urban,Bangalore North,Bengaluru North,Doddaballapur Rd,12.9318,77.6724,760000.0,760000.0,760000.0,0.0,2023-08-28,2023-09-15,2023-10-08,2024-03-11,2024-03-05,Completed,100.0,AGY-RWD-02,Rural Works Department (RWD) Engineering Wing,3,2,True,PUBLIC DATA
MPL-2024-RA-001166,REC-2023-1166,Lok Sabha,18th Lok Sabha (2024-Present),MP-LO-17-76,Smt. Manju Meena (Hon'ble MP),"School Boundary Wall & Sanitation at Bagru, Block Shahpura",Education & Classrooms,School Boundary Wall & Sanitation,Rajasthan,Jaipur,Jaipur Rural,Shahpura,Bagru,26.8844,75.7342,1420000.0,1420000.0,298000.0,1122000.0,2024-05-23,2024-07-02,2024-07-15,2024-11-22,,Delayed,23.3,AGY-PWD-01,Public Works Department (PWD) Division I,1,0,False,PUBLIC DATA
MPL-2024-KE-001167,REC-2023-1167,Rajya Sabha,17th Lok Sabha (2023-24),MP-RA-17-29,Shri Hibi Eden (Hon'ble MP),"High-Mast Solar Lighting Chowk at Kalamassery, Block Aluva",Solar & Renewable Energy,High-Mast Solar Lighting Chowk,Kerala,Ernakulam,Ernakulam,Aluva,Kalamassery,9.9482,76.344,1950000.0,1950000.0,1950000.0,0.0,2023-12-23,2024-02-17,2024-03-01,2024-10-07,2024-10-16,Completed,100.0,AGY-DRDA-04,District Rural Development Agency (DRDA),3,3,False,PUBLIC DATA
MPL-2024-WE-001168,REC-2023-1168,Lok Sabha,18th Lok Sabha (2024-Present),MP-LO-17-82,Smt. Mahua Mitra (Hon'ble MP),"Hand Pump Installation Cluster at Debagram, Block Nakashipara",Drinking Water,Hand Pump Installation Cluster,West Bengal,Nadia,Krishnanagar,Nakashipara,Debagram,23.3759,88.5431,650000.0,650000.0,258000.0,392000.0,2024-04-06,2024-05-03,2024-05-18,2024-12-09,,Delayed,44.1,AGY-ZP-03,Zila Parishad Rural Infrastructure Cell,2,2,False,PUBLIC DATA
MPL-2024-UT-001169,REC-2023-1169,Lok Sabha,18th Lok Sabha (2024-Present),MP-LO-17-17,Shri Ramakant Sharma (Hon'ble MP),"Community Public Toilet Complex at Babatpur, Block Cholapur",Health & Sanitation,Community Public Toilet Complex,Uttar Pradesh,Varanasi,Varanasi,Cholapur,Babatpur,25.3341,83.034,2370000.0,2370000.0,1020000.0,1350000.0,2023-12-26,2024-02-07,2024-02-18,2024-08-12,,Ongoing,43.6,AGY-DRDA-04,District Rural Development Agency (DRDA),2,2,False,PUBLIC DATA
MPL-2024-MA-001170,REC-2023-1170,Lok Sabha,17th Lok Sabha (2023-24),MP-LO-17-52,Shri Naresh Rao (Hon'ble MP),"Panchayat Community Hall at Vashind, Block Ambernath",Community Infrastructure,Panchayat Community Hall,Maharashtra,Thane,Thane,Ambernath,Vashind,19.2647,72.9581,3220000.0,3220000.0,1161000.0,2059000.0,2023-12-07,2024-02-04,2024-03-05,2024-09-21,,Ongoing,40.7,AGY-ZP-03,Zila Parishad Rural Infrastructure Cell,3,3,False,PUBLIC DATA
MPL-2024-WE-001171,REC-2023-1171,Lok Sabha,17th Lok Sabha (2023-24),MP-LO-17-78,Smt. Mahua Mitra (Hon'ble MP),"Solar Street Light Grid (50 poles) at Debagram, Block Krishnanagar-I",Solar & Renewable Energy,Solar Street Light Grid (50 poles),West Bengal,Nadia,Krishnanagar,Krishnanagar-I,Debagram,23.3323,88.5357,780000.0,780000.0,582000.0,198000.0,2023-11-20,2023-12-19,2024-01-01,2024-06-05,,Ongoing,77.6,AGY-DRDA-04,District Rural Development Agency (DRDA),3,1,False,PUBLIC DATA
MPL-2024-MA-001172,REC-2023-1172,Lok Sabha,18th Lok Sabha (2024-Present),MP-LO-17-92,Shri Naresh Rao (Hon'ble MP),"Deep Borewell & Solar Pump System at Padgha, Block Murbad",Drinking Water,Deep Borewell & Solar Pump System,Maharashtra,Thane,Thane,Murbad,Padgha,19.2516,72.9487,1530000.0,1530000.0,750000.0,780000.0,2023-06-15,2023-08-14,2023-09-12,2024-02-25,,Delayed,54.5,AGY-WSS-05,Public Health Engineering & Water Supply Dept,1,2,False,PUBLIC DATA
MPL-2024-KE-001173,REC-2023-1173,Lok Sabha,17th Lok Sabha (2023-24),MP-LO-17-28,Shri Hibi Eden (Hon'ble MP),"High-Mast Solar Lighting Chowk at Perumbavoor, Block Paravur",Solar & Renewable Energy,High-Mast Solar Lighting Chowk,Kerala,Ernakulam,Ernakulam,Paravur,Perumbavoor,10.0375,76.3035,890000.0,890000.0,890000.0,0.0,2023-07-03,2023-07-26,2023-08-10,2024-02-27,2024-02-21,Completed,100.0,AGY-RWD-02,Rural Works Department (RWD) Engineering Wing,3,4,True,PUBLIC DATA
MPL-2024-KA-001174,REC-2023-1174,Lok Sabha,17th Lok Sabha (2023-24),MP-LO-17-75,Shri K. Venkatesh (Hon'ble MP),"Primary Health Sub-Centre Building at Doddaballapur Rd, Block Yelahanka",Health & Sanitation,Primary Health Sub-Centre Building,Karnataka,Bengaluru Urban,Bangalore North,Yelahanka,Doddaballapur Rd,13.0114,77.5725,880000.0,880000.0,293000.0,587000.0,2023-04-20,2023-06-03,2023-07-03,2023-11-03,,Ongoing,31.2,AGY-DRDA-04,District Rural Development Agency (DRDA),1,4,False,PUBLIC DATA
MPL-2024-BI-001175,REC-2023-1175,Lok Sabha,18th Lok Sabha (2024-Present),MP-LO-17-66,Dr. Ravi Shankar Sinha (Hon'ble MP),"Senior Citizen Recreation Shed at Jethuli, Block Phulwari Sharif",Community Infrastructure,Senior Citizen Recreation Shed,Bihar,Patna,Patna Sahib,Phulwari Sharif,Jethuli,25.6545,85.2092,1380000.0,1380000.0,946000.0,434000.0,2023-12-06,2024-01-22,2024-02-03,2024-08-26,,Ongoing,62.4,AGY-WSS-05,Public Health Engineering & Water Supply Dept,3,1,False,PUBLIC DATA
MPL-2024-AS-001176,REC-2023-1176,Lok Sabha,17th Lok Sabha (2023-24),MP-LO-17-90,Smt. Queen Oja (Hon'ble MP),"Rooftop Solar for Govt Hospital at Puthimari, Block Hajo",Solar & Renewable Energy,Rooftop Solar for Govt Hospital,Assam,Kamrup,Gauhati,Hajo,Puthimari,26.1855,91.7428,1520000.0,1520000.0,640000.0,880000.0,2024-01-16,2024-02-12,2024-03-12,2024-07-23,,Delayed,46.8,AGY-WSS-05,Public Health Engineering & Water Supply Dept,2,0,False,PUBLIC DATA
MPL-2024-BI-001177,REC-2023-1177,Lok Sabha,17th Lok Sabha (2023-24),MP-LO-17-32,Dr. Ravi Shankar Sinha (Hon'ble MP),"Solar Street Light Grid (50 poles) at Sabbalpur, Block Phulwari Sharif",Solar & Renewable Energy,Solar Street Light Grid (50 poles),Bihar,Patna,Patna Sahib,Phulwari Sharif,Sabbalpur,25.6052,85.1583,1290000.0,1290000.0,1290000.0,0.0,2024-06-01,2024-06-20,2024-07-10,2024-12-31,2025-01-17,Completed,100.0,AGY-WSS-05,Public Health Engineering & Water Supply Dept,2,2,True,PUBLIC DATA
MPL-2024-AS-001178,REC-2023-1178,Lok Sabha,17th Lok Sabha (2023-24),MP-LO-17-99,Smt. Queen Oja (Hon'ble MP),"Primary Health Sub-Centre Building at Mirza, Block Hajo",Health & Sanitation,Primary Health Sub-Centre Building,Assam,Kamrup,Gauhati,Hajo,Mirza,26.1183,91.6829,1790000.0,1790000.0,933000.0,857000.0,2024-02-15,2024-03-23,2024-04-16,2024-11-13,,Ongoing,47.3,AGY-RWD-02,Rural Works Department (RWD) Engineering Wing,2,4,False,PUBLIC DATA
MPL-2024-KE-001179,REC-2023-1179,Lok Sabha,18th Lok Sabha (2024-Present),MP-LO-17-48,Shri Hibi Eden (Hon'ble MP),"Public Bus Passenger Shelter at Perumbavoor, Block Vyttila",Community Infrastructure,Public Bus Passenger Shelter,Kerala,Ernakulam,Ernakulam,Vyttila,Perumbavoor,10.0541,76.2417,1840000.0,1840000.0,634000.0,1206000.0,2023-12-18,2024-02-08,2024-02-19,2024-07-09,,Delayed,38.3,AGY-PWD-01,Public Works Department (PWD) Division I,2,1,False,PUBLIC DATA
MPL-2024-BI-001180,REC-2023-1180,Lok Sabha,18th Lok Sabha (2024-Present),MP-LO-17-18,Dr. Ravi Shankar Sinha (Hon'ble MP),"RO Water Treatment Plant at Sabbalpur, Block Sampatchak",Drinking Water,RO Water Treatment Plant,Bihar,Patna,Patna Sahib,Sampatchak,Sabbalpur,25.6251,85.1585,550000.0,550000.0,550000.0,0.0,2023-08-12,2023-09-13,2023-09-29,2024-05-08,2024-05-17,Completed,100.0,AGY-RWD-02,Rural Works Department (RWD) Engineering Wing,3,6,True,PUBLIC DATA
MPL-2024-BI-001181,REC-2023-1181,Lok Sabha,18th Lok Sabha (2024-Present),MP-LO-17-34,Dr. Ravi Shankar Sinha (Hon'ble MP),"RO Water Treatment Plant at Jethuli, Block Danapur",Drinking Water,RO Water Treatment Plant,Bihar,Patna,Patna Sahib,Danapur,Jethuli,25.5637,85.1926,1270000.0,1270000.0,1270000.0,0.0,2024-04-12,2024-06-09,2024-06-19,2024-12-09,2025-01-10,Completed,100.0,AGY-PWD-01,Public Works Department (PWD) Division I,3,2,True,PUBLIC DATA
MPL-2024-KA-001182,REC-2023-1182,Lok Sabha,18th Lok Sabha (2024-Present),MP-LO-17-50,Shri K. Venkatesh (Hon'ble MP),"Community Public Toilet Complex at Singanayakanahalli, Block Yelahanka",Health & Sanitation,Community Public Toilet Complex,Karnataka,Bengaluru Urban,Bangalore North,Yelahanka,Singanayakanahalli,12.998,77.5687,910000.0,910000.0,567000.0,343000.0,2023-11-22,2024-01-05,2024-01-18,2024-07-19,,Ongoing,72.2,AGY-PWD-01,Public Works Department (PWD) Division I,2,2,False,PUBLIC DATA
MPL-2024-BI-001183,REC-2023-1183,Lok Sabha,17th Lok Sabha (2023-24),MP-LO-17-12,Dr. Ravi Shankar Sinha (Hon'ble MP),"Link Road Widening at Jethuli, Block Phulwari Sharif",Rural Roads & Bridges,Link Road Widening,Bihar,Patna,Patna Sahib,Phulwari Sharif,Jethuli,25.609,85.0884,2940000.0,2940000.0,2940000.0,0.0,2023-08-23,2023-10-15,2023-11-01,2024-06-25,2024-06-22,Completed,100.0,AGY-RWD-02,Rural Works Department (RWD) Engineering Wing,3,5,True,PUBLIC DATA
MPL-2024-RA-001184,REC-2023-1184,Rajya Sabha,18th Lok Sabha (2024-Present),MP-RA-17-75,Smt. Manju Meena (Hon'ble MP),"Paver Block Road at Bagru, Block Kotputli",Rural Roads & Bridges,Paver Block Road,Rajasthan,Jaipur,Jaipur Rural,Kotputli,Bagru,26.9431,75.7998,3740000.0,3740000.0,1306000.0,2434000.0,2024-03-04,2024-04-18,2024-05-15,2025-01-03,,Delayed,38.8,AGY-ZP-03,Zila Parishad Rural Infrastructure Cell,1,0,False,PUBLIC DATA
MPL-2024-UT-001185,REC-2023-1185,Lok Sabha,17th Lok Sabha (2023-24),MP-LO-17-29,Shri Ramakant Sharma (Hon'ble MP),"Community Public Toilet Complex at Tikari, Block Kashi Vidyapeeth",Health & Sanitation,Community Public Toilet Complex,Uttar Pradesh,Varanasi,Varanasi,Kashi Vidyapeeth,Tikari,25.3863,82.9343,2160000.0,2160000.0,482000.0,1678000.0,2023-12-13,2024-01-14,2024-01-26,2024-07-13,,Delayed,24.8,AGY-RWD-02,Rural Works Department (RWD) Engineering Wing,2,2,False,PUBLIC DATA
MPL-2024-KA-001186,REC-2023-1186,Rajya Sabha,18th Lok Sabha (2024-Present),MP-RA-17-10,Shri K. Venkatesh (Hon'ble MP),"Community Public Toilet Complex at Singanayakanahalli, Block Yelahanka",Health & Sanitation,Community Public Toilet Complex,Karnataka,Bengaluru Urban,Bangalore North,Yelahanka,Singanayakanahalli,12.9797,77.6083,760000.0,760000.0,555000.0,205000.0,2024-05-20,2024-06-06,2024-06-27,2025-02-21,,Ongoing,69.9,AGY-WSS-05,Public Health Engineering & Water Supply Dept,2,1,False,PUBLIC DATA
MPL-2024-KA-001187,REC-2023-1187,Lok Sabha,17th Lok Sabha (2023-24),MP-LO-17-40,Shri K. Venkatesh (Hon'ble MP),"High-Mast Solar Lighting Chowk at Attibele, Block Bengaluru North",Solar & Renewable Energy,High-Mast Solar Lighting Chowk,Karnataka,Bengaluru Urban,Bangalore North,Bengaluru North,Attibele,12.9258,77.5736,1170000.0,1170000.0,930000.0,240000.0,2023-11-08,2023-12-12,2024-01-10,2024-08-24,,Ongoing,75.8,AGY-RWD-02,Rural Works Department (RWD) Engineering Wing,2,3,False,PUBLIC DATA
MPL-2024-WE-001188,REC-2023-1188,Lok Sabha,17th Lok Sabha (2023-24),MP-LO-17-19,Smt. Mahua Mitra (Hon'ble MP),"Smart Digital Library Block at Debagram, Block Krishnanagar-I",Education & Classrooms,Smart Digital Library Block,West Bengal,Nadia,Krishnanagar,Krishnanagar-I,Debagram,23.4078,88.455,2970000.0,2970000.0,1161000.0,1809000.0,2023-05-27,2023-06-13,2023-06-27,2023-11-29,,Ongoing,35.8,AGY-WSS-05,Public Health Engineering & Water Supply Dept,1,1,False,PUBLIC DATA
MPL-2024-KA-001189,REC-2023-1189,Lok Sabha,18th Lok Sabha (2024-Present),MP-LO-17-91,Shri K. Venkatesh (Hon'ble MP),"RO Water Treatment Plant at Singanayakanahalli, Block K.R. Puram",Drinking Water,RO Water Treatment Plant,Karnataka,Bengaluru Urban,Bangalore North,K.R. Puram,Singanayakanahalli,12.9025,77.5499,3230000.0,3230000.0,3230000.0,0.0,2023-09-03,2023-10-15,2023-11-13,2024-06-29,2024-06-26,Completed,100.0,AGY-WSS-05,Public Health Engineering & Water Supply Dept,4,3,True,PUBLIC DATA
MPL-2024-WE-001190,REC-2023-1190,Lok Sabha,17th Lok Sabha (2023-24),MP-LO-17-69,Smt. Mahua Mitra (Hon'ble MP),"Rooftop Solar for Govt Hospital at Debagram, Block Krishnanagar-I",Solar & Renewable Energy,Rooftop Solar for Govt Hospital,West Bengal,Nadia,Krishnanagar,Krishnanagar-I,Debagram,23.3615,88.5697,620000.0,620000.0,438000.0,182000.0,2024-06-17,2024-08-10,2024-08-27,2025-01-21,,Ongoing,65.1,AGY-WSS-05,Public Health Engineering & Water Supply Dept,3,3,False,PUBLIC DATA
MPL-2024-MA-001191,REC-2023-1191,Lok Sabha,17th Lok Sabha (2023-24),MP-LO-17-23,Shri Naresh Rao (Hon'ble MP),"Primary Health Sub-Centre Building at Padgha, Block Bhiwandi",Health & Sanitation,Primary Health Sub-Centre Building,Maharashtra,Thane,Thane,Bhiwandi,Padgha,19.1619,72.963,930000.0,930000.0,307000.0,623000.0,2024-04-18,2024-06-11,2024-06-22,2024-11-06,,Ongoing,29.2,AGY-PWD-01,Public Works Department (PWD) Division I,1,3,False,PUBLIC DATA
MPL-2024-KE-001192,REC-2023-1192,Lok Sabha,17th Lok Sabha (2023-24),MP-LO-17-17,Shri Hibi Eden (Hon'ble MP),"RO Water Treatment Plant at Perumbavoor, Block Muvattupuzha",Drinking Water,RO Water Treatment Plant,Kerala,Ernakulam,Ernakulam,Muvattupuzha,Perumbavoor,10.0349,76.3433,870000.0,870000.0,344000.0,526000.0,2024-03-08,2024-03-28,2024-04-22,2024-11-17,,Ongoing,36.2,AGY-DRDA-04,District Rural Development Agency (DRDA),3,2,False,PUBLIC DATA
MPL-2024-UT-001193,REC-2023-1193,Lok Sabha,17th Lok Sabha (2023-24),MP-LO-17-63,Shri Ramakant Sharma (Hon'ble MP),"Rooftop Solar for Govt Hospital at Shivpur, Block Sewapuri",Solar & Renewable Energy,Rooftop Solar for Govt Hospital,Uttar Pradesh,Varanasi,Varanasi,Sewapuri,Shivpur,25.2774,82.9072,650000.0,650000.0,544000.0,106000.0,2023-12-30,2024-01-29,2024-02-28,2024-07-15,,Ongoing,81.5,AGY-DRDA-04,District Rural Development Agency (DRDA),2,2,False,PUBLIC DATA
MPL-2024-KE-001194,REC-2023-1194,Lok Sabha,18th Lok Sabha (2024-Present),MP-LO-17-72,Shri Hibi Eden (Hon'ble MP),"Health Diagnostic Equipment at Edappally, Block Aluva",Health & Sanitation,Health Diagnostic Equipment,Kerala,Ernakulam,Ernakulam,Aluva,Edappally,9.909,76.2507,1010000.0,1010000.0,732000.0,278000.0,2023-10-12,2023-12-08,2024-01-04,2024-08-08,,Ongoing,69.8,AGY-WSS-05,Public Health Engineering & Water Supply Dept,3,2,False,PUBLIC DATA
MPL-2024-RA-001195,REC-2023-1195,Lok Sabha,18th Lok Sabha (2024-Present),MP-LO-17-18,Smt. Manju Meena (Hon'ble MP),"Piped Water Overhead Tank at Bassi, Block Sanganer",Drinking Water,Piped Water Overhead Tank,Rajasthan,Jaipur,Jaipur Rural,Sanganer,Bassi,26.9113,75.7922,2100000.0,2100000.0,2100000.0,0.0,2024-01-09,2024-03-07,2024-03-30,2024-11-12,2024-11-13,Completed,100.0,AGY-PWD-01,Public Works Department (PWD) Division I,3,2,True,PUBLIC DATA
MPL-2024-RA-001196,REC-2023-1196,Lok Sabha,18th Lok Sabha (2024-Present),MP-LO-17-46,Smt. Manju Meena (Hon'ble MP),"RO Water Treatment Plant at Nayla, Block Chaksu",Drinking Water,RO Water Treatment Plant,Rajasthan,Jaipur,Jaipur Rural,Chaksu,Nayla,26.8401,75.7775,780000.0,780000.0,427000.0,353000.0,2024-04-07,2024-05-20,2024-06-15,2024-10-18,,Ongoing,58.9,AGY-ZP-03,Zila Parishad Rural Infrastructure Cell,3,4,False,PUBLIC DATA
MPL-2024-UT-001197,REC-2023-1197,Lok Sabha,17th Lok Sabha (2023-24),MP-LO-17-57,Shri Ramakant Sharma (Hon'ble MP),"School Boundary Wall & Sanitation at Badagaon, Block Arajiline",Education & Classrooms,School Boundary Wall & Sanitation,Uttar Pradesh,Varanasi,Varanasi,Arajiline,Badagaon,25.3975,82.9607,880000.0,880000.0,880000.0,0.0,2023-10-25,2023-11-23,2023-12-19,2024-06-11,2024-05-30,Completed,100.0,AGY-DRDA-04,District Rural Development Agency (DRDA),2,6,False,PUBLIC DATA
MPL-2024-MA-001198,REC-2023-1198,Lok Sabha,18th Lok Sabha (2024-Present),MP-LO-17-67,Shri Naresh Rao (Hon'ble MP),"Panchayat Community Hall at Padgha, Block Shahapur",Community Infrastructure,Panchayat Community Hall,Maharashtra,Thane,Thane,Shahapur,Padgha,19.2925,73.0208,2020000.0,2020000.0,2020000.0,0.0,2023-08-22,2023-09-16,2023-10-06,2024-05-23,2024-06-13,Completed,100.0,AGY-RWD-02,Rural Works Department (RWD) Engineering Wing,2,6,True,PUBLIC DATA
MPL-2024-BI-001199,REC-2023-1199,Lok Sabha,17th Lok Sabha (2023-24),MP-LO-17-87,Dr. Ravi Shankar Sinha (Hon'ble MP),"Panchayat Community Hall at Sabbalpur, Block Fatuha",Community Infrastructure,Panchayat Community Hall,Bihar,Patna,Patna Sahib,Fatuha,Sabbalpur,25.6242,85.0808,2900000.0,2900000.0,1840000.0,1060000.0,2024-05-05,2024-05-31,2024-06-14,2025-01-30,,Ongoing,60.6,AGY-RWD-02,Rural Works Department (RWD) Engineering Wing,1,4,False,PUBLIC DATA
MPL-2024-KA-001200,REC-2023-1200,Rajya Sabha,17th Lok Sabha (2023-24),MP-RA-17-81,Shri K. Venkatesh (Hon'ble MP),"School Boundary Wall & Sanitation at Mandur, Block Yelahanka",Education & Classrooms,School Boundary Wall & Sanitation,Karnataka,Bengaluru Urban,Bangalore North,Yelahanka,Mandur,12.9035,77.6202,2420000.0,2420000.0,2420000.0,0.0,2023-12-17,2024-01-31,2024-02-10,2024-08-03,2024-08-01,Completed,100.0,AGY-RWD-02,Rural Works Department (RWD) Engineering Wing,2,2,True,PUBLIC DATA
MPL-2024-KE-001201,REC-2023-1201,Lok Sabha,17th Lok Sabha (2023-24),MP-LO-17-19,Shri Hibi Eden (Hon'ble MP),"Additional Classroom Building at Kothamangalam, Block Vyttila",Education & Classrooms,Additional Classroom Building,Kerala,Ernakulam,Ernakulam,Vyttila,Kothamangalam,10.0443,76.3016,1730000.0,1730000.0,1730000.0,0.0,2023-05-03,2023-05-20,2023-06-17,2023-12-04,2023-11-25,Completed,100.0,AGY-DRDA-04,District Rural Development Agency (DRDA),4,6,True,PUBLIC DATA
MPL-2024-WE-001202,REC-2023-1202,Lok Sabha,17th Lok Sabha (2023-24),MP-LO-17-99,Smt. Mahua Mitra (Hon'ble MP),"Paver Block Road at Bethuadahari, Block Nakashipara",Rural Roads & Bridges,Paver Block Road,West Bengal,Nadia,Krishnanagar,Nakashipara,Bethuadahari,23.3842,88.5747,2370000.0,2370000.0,1229000.0,1141000.0,2024-04-07,2024-04-26,2024-05-16,2024-11-03,,Ongoing,60.9,AGY-WSS-05,Public Health Engineering & Water Supply Dept,1,4,False,PUBLIC DATA
MPL-2024-KE-001203,REC-2023-1203,Lok Sabha,17th Lok Sabha (2023-24),MP-LO-17-19,Shri Hibi Eden (Hon'ble MP),"Culvert & Drainage Bridge at Kothamangalam, Block Aluva",Rural Roads & Bridges,Culvert & Drainage Bridge,Kerala,Ernakulam,Ernakulam,Aluva,Kothamangalam,10.0084,76.3128,4460000.0,4460000.0,1329000.0,3131000.0,2023-11-25,2024-01-07,2024-02-01,2024-09-16,,Ongoing,35.0,AGY-DRDA-04,District Rural Development Agency (DRDA),3,4,False,PUBLIC DATA
MPL-2024-KA-001204,REC-2023-1204,Lok Sabha,17th Lok Sabha (2023-24),MP-LO-17-80,Shri K. Venkatesh (Hon'ble MP),"Crematorium Shed with Amenities at Attibele, Block K.R. Puram",Community Infrastructure,Crematorium Shed with Amenities,Karnataka,Bengaluru Urban,Bangalore North,K.R. Puram,Attibele,12.9436,77.641,1130000.0,1130000.0,489000.0,641000.0,2023-05-15,2023-07-08,2023-07-30,2024-01-08,,Delayed,48.1,AGY-DRDA-04,District Rural Development Agency (DRDA),2,0,False,PUBLIC DATA
MPL-2024-WE-001205,REC-2023-1205,Rajya Sabha,17th Lok Sabha (2023-24),MP-RA-17-85,Smt. Mahua Mitra (Hon'ble MP),"High-Mast Solar Lighting Chowk at Bethuadahari, Block Nabadwip",Solar & Renewable Energy,High-Mast Solar Lighting Chowk,West Bengal,Nadia,Krishnanagar,Nabadwip,Bethuadahari,23.4421,88.4691,420000.0,420000.0,197000.0,223000.0,2024-05-20,2024-06-13,2024-07-08,2024-11-24,,Ongoing,41.5,AGY-PWD-01,Public Works Department (PWD) Division I,3,2,False,PUBLIC DATA
MPL-2024-RA-001206,REC-2023-1206,Lok Sabha,17th Lok Sabha (2023-24),MP-LO-17-76,Smt. Manju Meena (Hon'ble MP),"Additional Classroom Building at Manoharpur, Block Sanganer",Education & Classrooms,Additional Classroom Building,Rajasthan,Jaipur,Jaipur Rural,Sanganer,Manoharpur,26.9343,75.8517,2700000.0,2700000.0,1008000.0,1692000.0,2024-04-21,2024-05-09,2024-05-31,2024-12-10,,Delayed,41.5,AGY-WSS-05,Public Health Engineering & Water Supply Dept,2,0,False,PUBLIC DATA
MPL-2024-KA-001207,REC-2023-1207,Lok Sabha,18th Lok Sabha (2024-Present),MP-LO-17-17,Shri K. Venkatesh (Hon'ble MP),"Panchayat Community Hall at Singanayakanahalli, Block Bengaluru North",Community Infrastructure,Panchayat Community Hall,Karnataka,Bengaluru Urban,Bangalore North,Bengaluru North,Singanayakanahalli,13.034,77.5416,2140000.0,2140000.0,1067000.0,1073000.0,2023-10-30,2023-11-17,2023-12-08,2024-06-28,,Delayed,55.4,AGY-PWD-01,Public Works Department (PWD) Division I,1,1,False,PUBLIC DATA
MPL-2024-KA-001208,REC-2023-1208,Lok Sabha,17th Lok Sabha (2023-24),MP-LO-17-88,Shri K. Venkatesh (Hon'ble MP),"Deep Borewell & Solar Pump System at Singanayakanahalli, Block Yelahanka",Drinking Water,Deep Borewell & Solar Pump System,Karnataka,Bengaluru Urban,Bangalore North,Yelahanka,Singanayakanahalli,12.9452,77.5622,520000.0,520000.0,251000.0,269000.0,2024-02-07,2024-03-08,2024-03-22,2024-08-11,,Ongoing,45.7,AGY-DRDA-04,District Rural Development Agency (DRDA),2,1,False,PUBLIC DATA
MPL-2024-BI-001209,REC-2023-1209,Lok Sabha,17th Lok Sabha (2023-24),MP-LO-17-52,Dr. Ravi Shankar Sinha (Hon'ble MP),"Senior Citizen Recreation Shed at Gauri Chak, Block Fatuha",Community Infrastructure,Senior Citizen Recreation Shed,Bihar,Patna,Patna Sahib,Fatuha,Gauri Chak,25.5702,85.1642,3340000.0,3340000.0,478000.0,2862000.0,2024-05-16,2024-06-05,2024-06-15,2025-01-23,,Delayed,15.9,AGY-ZP-03,Zila Parishad Rural Infrastructure Cell,2,1,False,PUBLIC DATA
MPL-2024-UT-001210,REC-2023-1210,Lok Sabha,17th Lok Sabha (2023-24),MP-LO-17-55,Shri Ramakant Sharma (Hon'ble MP),"Community Public Toilet Complex at Rampur, Block Cholapur",Health & Sanitation,Community Public Toilet Complex,Uttar Pradesh,Varanasi,Varanasi,Cholapur,Rampur,25.3603,82.9381,1440000.0,1440000.0,353000.0,1087000.0,2023-06-07,2023-08-02,2023-08-26,2024-03-18,,Ongoing,26.4,AGY-XYZ-99,XYZ Infrastructure & Construction Private Ltd,1,2,False,PUBLIC DATA
MPL-2024-MA-001211,REC-2023-1211,Lok Sabha,18th Lok Sabha (2024-Present),MP-LO-17-95,Shri Naresh Rao (Hon'ble MP),"Piped Water Overhead Tank at Vashind, Block Kalyan",Drinking Water,Piped Water Overhead Tank,Maharashtra,Thane,Thane,Kalyan,Vashind,19.2336,72.9455,670000.0,670000.0,546000.0,124000.0,2023-08-06,2023-09-03,2023-09-18,2024-04-27,,Ongoing,85.0,AGY-ZP-03,Zila Parishad Rural Infrastructure Cell,3,1,False,PUBLIC DATA
MPL-2024-KE-001212,REC-2023-1212,Lok Sabha,17th Lok Sabha (2023-24),MP-LO-17-20,Shri Hibi Eden (Hon'ble MP),"Health Diagnostic Equipment at Edappally, Block Vyttila",Health & Sanitation,Health Diagnostic Equipment,Kerala,Ernakulam,Ernakulam,Vyttila,Edappally,10.0124,76.2808,950000.0,950000.0,258000.0,692000.0,2023-06-24,2023-07-31,2023-08-25,2024-01-11,,Ongoing,25.9,AGY-WSS-05,Public Health Engineering & Water Supply Dept,2,1,False,PUBLIC DATA
MPL-2024-AS-001213,REC-2023-1213,Rajya Sabha,17th Lok Sabha (2023-24),MP-RA-17-93,Smt. Queen Oja (Hon'ble MP),"Link Road Widening at Puthimari, Block Rangia",Rural Roads & Bridges,Link Road Widening,Assam,Kamrup,Gauhati,Rangia,Puthimari,26.1752,91.7737,3030000.0,3030000.0,1451000.0,1579000.0,2023-08-27,2023-10-08,2023-10-29,2024-06-03,,Delayed,53.2,AGY-DRDA-04,District Rural Development Agency (DRDA),2,1,False,PUBLIC DATA
MPL-2024-KA-001214,REC-2023-1214,Rajya Sabha,17th Lok Sabha (2023-24),MP-RA-17-74,Shri K. Venkatesh (Hon'ble MP),"Panchayat Community Hall at Mandur, Block Bengaluru North",Community Infrastructure,Panchayat Community Hall,Karnataka,Bengaluru Urban,Bangalore North,Bengaluru North,Mandur,12.9261,77.5737,3350000.0,3350000.0,3350000.0,0.0,2024-03-03,2024-03-24,2024-04-20,2024-10-20,2024-10-21,Completed,100.0,AGY-WSS-05,Public Health Engineering & Water Supply Dept,4,2,True,PUBLIC DATA
MPL-2024-AS-001215,REC-2023-1215,Lok Sabha,18th Lok Sabha (2024-Present),MP-LO-17-85,Smt. Queen Oja (Hon'ble MP),"School Boundary Wall & Sanitation at Dadara, Block Hajo",Education & Classrooms,School Boundary Wall & Sanitation,Assam,Kamrup,Gauhati,Hajo,Dadara,26.1451,91.6796,1660000.0,1660000.0,745000.0,915000.0,2023-11-07,2023-12-16,2023-12-31,2024-08-08,,Ongoing,45.3,AGY-ZP-03,Zila Parishad Rural Infrastructure Cell,2,1,False,PUBLIC DATA
MPL-2024-AS-001216,REC-2023-1216,Lok Sabha,17th Lok Sabha (2023-24),MP-LO-17-84,Smt. Queen Oja (Hon'ble MP),"Paver Block Road at Boko, Block Hajo",Rural Roads & Bridges,Paver Block Road,Assam,Kamrup,Gauhati,Hajo,Boko,26.1864,91.7666,3430000.0,3430000.0,611000.0,2819000.0,2024-04-21,2024-05-11,2024-05-26,2025-01-16,,Delayed,19.8,AGY-DRDA-04,District Rural Development Agency (DRDA),1,1,False,PUBLIC DATA
MPL-2024-RA-001217,REC-2023-1217,Lok Sabha,18th Lok Sabha (2024-Present),MP-LO-17-75,Smt. Manju Meena (Hon'ble MP),"Public Bus Passenger Shelter at Bassi, Block Shahpura",Community Infrastructure,Public Bus Passenger Shelter,Rajasthan,Jaipur,Jaipur Rural,Shahpura,Bassi,26.8411,75.7108,2880000.0,2880000.0,2880000.0,0.0,2024-05-14,2024-06-02,2024-06-13,2024-12-10,2025-01-15,Completed,100.0,AGY-WSS-05,Public Health Engineering & Water Supply Dept,3,4,True,PUBLIC DATA
MPL-2024-UT-001218,REC-2023-1218,Lok Sabha,18th Lok Sabha (2024-Present),MP-LO-17-87,Shri Ramakant Sharma (Hon'ble MP),"Community Public Toilet Complex at Rampur, Block Cholapur",Health & Sanitation,Community Public Toilet Complex,Uttar Pradesh,Varanasi,Varanasi,Cholapur,Rampur,25.3094,83.0354,3180000.0,3180000.0,3180000.0,0.0,2023-10-31,2023-11-16,2023-12-02,2024-07-13,2024-08-18,Completed,100.0,AGY-RWD-02,Rural Works Department (RWD) Engineering Wing,3,6,True,PUBLIC DATA
MPL-2024-KE-001219,REC-2023-1219,Lok Sabha,17th Lok Sabha (2023-24),MP-LO-17-56,Shri Hibi Eden (Hon'ble MP),"High-Mast Solar Lighting Chowk at Cherai, Block Vyttila",Solar & Renewable Energy,High-Mast Solar Lighting Chowk,Kerala,Ernakulam,Ernakulam,Vyttila,Cherai,9.9078,76.2607,1950000.0,1950000.0,1292000.0,658000.0,2024-02-03,2024-03-10,2024-04-06,2024-11-17,,Ongoing,77.4,AGY-DRDA-04,District Rural Development Agency (DRDA),1,2,False,PUBLIC DATA
MPL-2024-WE-001220,REC-2023-1220,Lok Sabha,17th Lok Sabha (2023-24),MP-LO-17-99,Smt. Mahua Mitra (Hon'ble MP),"Village Waste Segregation Shed at Bethuadahari, Block Nabadwip",Health & Sanitation,Village Waste Segregation Shed,West Bengal,Nadia,Krishnanagar,Nabadwip,Bethuadahari,23.436,88.489,2120000.0,2120000.0,880000.0,1240000.0,2023-10-04,2023-11-14,2023-12-14,2024-06-25,,Delayed,46.1,AGY-ZP-03,Zila Parishad Rural Infrastructure Cell,2,2,False,PUBLIC DATA
MPL-2024-WE-001221,REC-2023-1221,Lok Sabha,17th Lok Sabha (2023-24),MP-LO-17-38,Smt. Mahua Mitra (Hon'ble MP),"Community Public Toilet Complex at Bethuadahari, Block Nabadwip",Health & Sanitation,Community Public Toilet Complex,West Bengal,Nadia,Krishnanagar,Nabadwip,Bethuadahari,23.4505,88.4636,1930000.0,1930000.0,1930000.0,0.0,2024-03-18,2024-05-17,2024-06-09,2024-11-12,2024-10-24,Completed,100.0,AGY-ZP-03,Zila Parishad Rural Infrastructure Cell,3,2,False,PUBLIC DATA
MPL-2024-KA-001222,REC-2023-1222,Rajya Sabha,18th Lok Sabha (2024-Present),MP-RA-17-87,Shri K. Venkatesh (Hon'ble MP),"Health Diagnostic Equipment at Singanayakanahalli, Block K.R. Puram",Health & Sanitation,Health Diagnostic Equipment,Karnataka,Bengaluru Urban,Bangalore North,K.R. Puram,Singanayakanahalli,12.9187,77.5743,1490000.0,1490000.0,411000.0,1079000.0,2024-01-19,2024-02-19,2024-03-06,2024-10-24,,Ongoing,30.7,AGY-DRDA-04,District Rural Development Agency (DRDA),2,4,False,PUBLIC DATA
MPL-2024-WE-001223,REC-2023-1223,Lok Sabha,17th Lok Sabha (2023-24),MP-LO-17-62,Smt. Mahua Mitra (Hon'ble MP),"Solar Street Light Grid (50 poles) at Debagram, Block Chapra",Solar & Renewable Energy,Solar Street Light Grid (50 poles),West Bengal,Nadia,Krishnanagar,Chapra,Debagram,23.4277,88.4362,640000.0,640000.0,207000.0,433000.0,2023-09-23,2023-10-08,2023-11-06,2024-06-10,,Delayed,35.9,AGY-DRDA-04,District Rural Development Agency (DRDA),2,2,False,PUBLIC DATA
MPL-2024-KA-001224,REC-2023-1224,Lok Sabha,17th Lok Sabha (2023-24),MP-LO-17-79,Shri K. Venkatesh (Hon'ble MP),"Senior Citizen Recreation Shed at Doddaballapur Rd, Block Yelahanka",Community Infrastructure,Senior Citizen Recreation Shed,Karnataka,Bengaluru Urban,Bangalore North,Yelahanka,Doddaballapur Rd,12.9422,77.6463,1730000.0,1730000.0,1730000.0,0.0,2024-05-21,2024-06-14,2024-07-08,2024-12-10,2024-12-08,Completed,100.0,AGY-RWD-02,Rural Works Department (RWD) Engineering Wing,3,3,True,PUBLIC DATA
MPL-2024-AS-001225,REC-2023-1225,Lok Sabha,17th Lok Sabha (2023-24),MP-LO-17-28,Smt. Queen Oja (Hon'ble MP),"RO Water Treatment Plant at Dadara, Block Chaygaon",Drinking Water,RO Water Treatment Plant,Assam,Kamrup,Gauhati,Chaygaon,Dadara,26.1363,91.815,1410000.0,1410000.0,412000.0,998000.0,2023-07-19,2023-09-17,2023-09-29,2024-02-02,,Ongoing,25.6,AGY-XYZ-99,XYZ Infrastructure & Construction Private Ltd,3,1,False,PUBLIC DATA
MPL-2024-WE-001226,REC-2023-1226,Lok Sabha,18th Lok Sabha (2024-Present),MP-LO-17-81,Smt. Mahua Mitra (Hon'ble MP),"Primary Health Sub-Centre Building at Bethuadahari, Block Nabadwip",Health & Sanitation,Primary Health Sub-Centre Building,West Bengal,Nadia,Krishnanagar,Nabadwip,Bethuadahari,23.4035,88.4953,1290000.0,1290000.0,1290000.0,0.0,2023-09-25,2023-10-28,2023-11-16,2024-03-28,2024-03-10,Completed,100.0,AGY-WSS-05,Public Health Engineering & Water Supply Dept,4,4,True,PUBLIC DATA
MPL-2024-AS-001227,REC-2023-1227,Lok Sabha,17th Lok Sabha (2023-24),MP-LO-17-71,Smt. Queen Oja (Hon'ble MP),"School Boundary Wall & Sanitation at Mirza, Block Hajo",Education & Classrooms,School Boundary Wall & Sanitation,Assam,Kamrup,Gauhati,Hajo,Mirza,26.1581,91.7615,1650000.0,1650000.0,310000.0,1340000.0,2024-02-16,2024-03-19,2024-03-29,2024-10-24,,Delayed,20.9,AGY-PWD-01,Public Works Department (PWD) Division I,2,1,False,PUBLIC DATA
MPL-2024-KA-001228,REC-2023-1228,Lok Sabha,17th Lok Sabha (2023-24),MP-LO-17-66,Shri K. Venkatesh (Hon'ble MP),"Smart Digital Library Block at Mandur, Block Anekal",Education & Classrooms,Smart Digital Library Block,Karnataka,Bengaluru Urban,Bangalore North,Anekal,Mandur,12.9731,77.535,1130000.0,1130000.0,306000.0,824000.0,2024-05-13,2024-06-16,2024-07-04,2024-12-21,,Ongoing,28.4,AGY-RWD-02,Rural Works Department (RWD) Engineering Wing,1,2,False,PUBLIC DATA
MPL-2024-BI-001229,REC-2023-1229,Lok Sabha,18th Lok Sabha (2024-Present),MP-LO-17-24,Dr. Ravi Shankar Sinha (Hon'ble MP),"Smart Digital Library Block at Ranipur, Block Fatuha",Education & Classrooms,Smart Digital Library Block,Bihar,Patna,Patna Sahib,Fatuha,Ranipur,25.6284,85.1023,1680000.0,1680000.0,883000.0,797000.0,2023-12-27,2024-02-10,2024-03-03,2024-07-18,,Delayed,58.4,AGY-RWD-02,Rural Works Department (RWD) Engineering Wing,1,0,False,PUBLIC DATA
MPL-2024-KA-001230,REC-2023-1230,Lok Sabha,18th Lok Sabha (2024-Present),MP-LO-17-43,Shri K. Venkatesh (Hon'ble MP),"Health Diagnostic Equipment at Mandur, Block K.R. Puram",Health & Sanitation,Health Diagnostic Equipment,Karnataka,Bengaluru Urban,Bangalore North,K.R. Puram,Mandur,13.0055,77.5652,2090000.0,2090000.0,1001000.0,1089000.0,2024-03-16,2024-04-22,2024-05-18,2024-11-09,,Ongoing,48.2,AGY-ZP-03,Zila Parishad Rural Infrastructure Cell,1,4,False,PUBLIC DATA
MPL-2024-WE-001231,REC-2023-1231,Lok Sabha,17th Lok Sabha (2023-24),MP-LO-17-25,Smt. Mahua Mitra (Hon'ble MP),"High-Mast Solar Lighting Chowk at Tehatta, Block Chapra",Solar & Renewable Energy,High-Mast Solar Lighting Chowk,West Bengal,Nadia,Krishnanagar,Chapra,Tehatta,23.4758,88.4701,1520000.0,1520000.0,481000.0,1039000.0,2023-07-28,2023-09-10,2023-09-29,2024-03-10,,Ongoing,30.7,AGY-RWD-02,Rural Works Department (RWD) Engineering Wing,3,1,False,PUBLIC DATA
MPL-2024-RA-001232,REC-2023-1232,Lok Sabha,18th Lok Sabha (2024-Present),MP-LO-17-56,Smt. Manju Meena (Hon'ble MP),"Senior Citizen Recreation Shed at Bagru, Block Sanganer",Community Infrastructure,Senior Citizen Recreation Shed,Rajasthan,Jaipur,Jaipur Rural,Sanganer,Bagru,26.9646,75.8327,3360000.0,3360000.0,971000.0,2389000.0,2023-06-14,2023-07-28,2023-08-23,2023-12-30,,Delayed,32.1,AGY-RWD-02,Rural Works Department (RWD) Engineering Wing,2,1,False,PUBLIC DATA
MPL-2024-BI-001233,REC-2023-1233,Lok Sabha,17th Lok Sabha (2023-24),MP-LO-17-56,Dr. Ravi Shankar Sinha (Hon'ble MP),"Hand Pump Installation Cluster at Sabbalpur, Block Phulwari Sharif",Drinking Water,Hand Pump Installation Cluster,Bihar,Patna,Patna Sahib,Phulwari Sharif,Sabbalpur,25.5387,85.0758,1350000.0,1350000.0,1350000.0,0.0,2024-04-13,2024-05-22,2024-06-10,2024-12-14,2025-01-09,Completed,100.0,AGY-PWD-01,Public Works Department (PWD) Division I,4,4,True,PUBLIC DATA
MPL-2024-WE-001234,REC-2023-1234,Rajya Sabha,18th Lok Sabha (2024-Present),MP-RA-17-27,Smt. Mahua Mitra (Hon'ble MP),"Additional Classroom Building at Debagram, Block Chapra",Education & Classrooms,Additional Classroom Building,West Bengal,Nadia,Krishnanagar,Chapra,Debagram,23.4723,88.436,4220000.0,4220000.0,2663000.0,1557000.0,2024-06-23,2024-07-15,2024-07-29,2025-03-08,,Ongoing,68.3,AGY-RWD-02,Rural Works Department (RWD) Engineering Wing,2,1,False,PUBLIC DATA
MPL-2024-WE-001235,REC-2023-1235,Lok Sabha,17th Lok Sabha (2023-24),MP-LO-17-48,Smt. Mahua Mitra (Hon'ble MP),"Health Diagnostic Equipment at Mayapur, Block Nabadwip",Health & Sanitation,Health Diagnostic Equipment,West Bengal,Nadia,Krishnanagar,Nabadwip,Mayapur,23.4003,88.5641,1880000.0,1880000.0,1309000.0,571000.0,2024-05-14,2024-06-08,2024-06-29,2025-02-15,,Ongoing,61.0,AGY-RWD-02,Rural Works Department (RWD) Engineering Wing,1,4,False,PUBLIC DATA
MPL-2024-BI-001236,REC-2023-1236,Lok Sabha,18th Lok Sabha (2024-Present),MP-LO-17-20,Dr. Ravi Shankar Sinha (Hon'ble MP),"Additional Classroom Building at Baikatpur, Block Phulwari Sharif",Education & Classrooms,Additional Classroom Building,Bihar,Patna,Patna Sahib,Phulwari Sharif,Baikatpur,25.5217,85.151,2810000.0,2810000.0,1388000.0,1422000.0,2024-04-11,2024-05-26,2024-06-10,2025-02-02,,Delayed,54.9,AGY-ZP-03,Zila Parishad Rural Infrastructure Cell,1,0,False,PUBLIC DATA
MPL-2024-KA-001237,REC-2023-1237,Rajya Sabha,17th Lok Sabha (2023-24),MP-RA-17-48,Shri K. Venkatesh (Hon'ble MP),"Culvert & Drainage Bridge at Attibele, Block Bengaluru North",Rural Roads & Bridges,Culvert & Drainage Bridge,Karnataka,Bengaluru Urban,Bangalore North,Bengaluru North,Attibele,12.9369,77.6369,2040000.0,2040000.0,2040000.0,0.0,2023-05-12,2023-07-04,2023-07-21,2024-02-11,2024-02-22,Completed,100.0,AGY-DRDA-04,District Rural Development Agency (DRDA),4,6,True,PUBLIC DATA
MPL-2024-RA-001238,REC-2023-1238,Lok Sabha,17th Lok Sabha (2023-24),MP-LO-17-36,Smt. Manju Meena (Hon'ble MP),"Culvert & Drainage Bridge at Manoharpur, Block Amer",Rural Roads & Bridges,Culvert & Drainage Bridge,Rajasthan,Jaipur,Jaipur Rural,Amer,Manoharpur,26.9697,75.8238,2810000.0,2810000.0,675000.0,2135000.0,2023-08-11,2023-09-27,2023-10-07,2024-03-02,,Delayed,26.7,AGY-DRDA-04,District Rural Development Agency (DRDA),2,1,False,PUBLIC DATA
MPL-2024-KE-001239,REC-2023-1239,Lok Sabha,18th Lok Sabha (2024-Present),MP-LO-17-31,Shri Hibi Eden (Hon'ble MP),"Rooftop Solar for Govt Hospital at Perumbavoor, Block Aluva",Solar & Renewable Energy,Rooftop Solar for Govt Hospital,Kerala,Ernakulam,Ernakulam,Aluva,Perumbavoor,9.9836,76.3092,790000.0,790000.0,326000.0,464000.0,2023-07-08,2023-07-29,2023-08-11,2024-03-21,,Delayed,45.9,AGY-DRDA-04,District Rural Development Agency (DRDA),1,2,False,PUBLIC DATA
MPL-2024-KE-001240,REC-2023-1240,Lok Sabha,18th Lok Sabha (2024-Present),MP-LO-17-75,Shri Hibi Eden (Hon'ble MP),"Piped Water Overhead Tank at Kothamangalam, Block Vyttila",Drinking Water,Piped Water Overhead Tank,Kerala,Ernakulam,Ernakulam,Vyttila,Kothamangalam,10.0097,76.2497,3200000.0,3200000.0,1928000.0,1272000.0,2023-06-21,2023-08-02,2023-08-20,2023-12-21,,Ongoing,58.8,AGY-ZP-03,Zila Parishad Rural Infrastructure Cell,1,4,False,PUBLIC DATA
MPL-2024-KA-001241,REC-2023-1241,Lok Sabha,18th Lok Sabha (2024-Present),MP-LO-17-91,Shri K. Venkatesh (Hon'ble MP),"Village Waste Segregation Shed at Hesaraghatta, Block Yelahanka",Health & Sanitation,Village Waste Segregation Shed,Karnataka,Bengaluru Urban,Bangalore North,Yelahanka,Hesaraghatta,12.9776,77.61,770000.0,770000.0,770000.0,0.0,2023-08-29,2023-10-09,2023-11-04,2024-03-30,2024-04-28,Completed,100.0,AGY-RWD-02,Rural Works Department (RWD) Engineering Wing,2,4,True,PUBLIC DATA
MPL-2024-KA-001242,REC-2023-1242,Lok Sabha,18th Lok Sabha (2024-Present),MP-LO-17-34,Shri K. Venkatesh (Hon'ble MP),"Hand Pump Installation Cluster at Hesaraghatta, Block Anekal",Drinking Water,Hand Pump Installation Cluster,Karnataka,Bengaluru Urban,Bangalore North,Anekal,Hesaraghatta,13.0209,77.6008,1890000.0,1890000.0,1890000.0,0.0,2024-02-19,2024-03-13,2024-03-28,2024-08-22,2024-08-24,Completed,100.0,AGY-ZP-03,Zila Parishad Rural Infrastructure Cell,2,4,True,PUBLIC DATA
MPL-2024-KA-001243,REC-2023-1243,Lok Sabha,17th Lok Sabha (2023-24),MP-LO-17-68,Shri K. Venkatesh (Hon'ble MP),"RO Water Treatment Plant at Doddaballapur Rd, Block K.R. Puram",Drinking Water,RO Water Treatment Plant,Karnataka,Bengaluru Urban,Bangalore North,K.R. Puram,Doddaballapur Rd,12.9247,77.5888,800000.0,800000.0,304000.0,496000.0,2023-12-22,2024-02-01,2024-02-13,2024-08-06,,Ongoing,35.3,AGY-PWD-01,Public Works Department (PWD) Division I,1,3,False,PUBLIC DATA
MPL-2024-RA-001244,REC-2023-1244,Lok Sabha,17th Lok Sabha (2023-24),MP-LO-17-67,Smt. Manju Meena (Hon'ble MP),"Additional Classroom Building at Achrol, Block Kotputli",Education & Classrooms,Additional Classroom Building,Rajasthan,Jaipur,Jaipur Rural,Kotputli,Achrol,26.9674,75.8477,1730000.0,1730000.0,1730000.0,0.0,2024-03-11,2024-04-14,2024-05-04,2024-10-11,2024-09-22,Completed,100.0,AGY-DRDA-04,District Rural Development Agency (DRDA),3,6,True,PUBLIC DATA
MPL-2024-WE-001245,REC-2023-1245,Rajya Sabha,18th Lok Sabha (2024-Present),MP-RA-17-78,Smt. Mahua Mitra (Hon'ble MP),"Rooftop Solar for Govt Hospital at Mayapur, Block Krishnanagar-I",Solar & Renewable Energy,Rooftop Solar for Govt Hospital,West Bengal,Nadia,Krishnanagar,Krishnanagar-I,Mayapur,23.4738,88.5445,830000.0,830000.0,442000.0,388000.0,2024-04-10,2024-06-08,2024-07-08,2025-02-09,,Delayed,59.2,AGY-PWD-01,Public Works Department (PWD) Division I,2,2,False,PUBLIC DATA
MPL-2024-WE-001246,REC-2023-1246,Lok Sabha,17th Lok Sabha (2023-24),MP-LO-17-19,Smt. Mahua Mitra (Hon'ble MP),"High-Mast Solar Lighting Chowk at Dhubulia, Block Chapra",Solar & Renewable Energy,High-Mast Solar Lighting Chowk,West Bengal,Nadia,Krishnanagar,Chapra,Dhubulia,23.3761,88.5341,550000.0,550000.0,550000.0,0.0,2023-11-26,2024-01-05,2024-01-23,2024-06-12,2024-07-08,Completed,100.0,AGY-PWD-01,Public Works Department (PWD) Division I,3,2,True,PUBLIC DATA
MPL-2024-KE-001247,REC-2023-1247,Lok Sabha,17th Lok Sabha (2023-24),MP-LO-17-91,Shri Hibi Eden (Hon'ble MP),"Piped Water Overhead Tank at Edappally, Block Angamaly",Drinking Water,Piped Water Overhead Tank,Kerala,Ernakulam,Ernakulam,Angamaly,Edappally,10.0371,76.2914,1860000.0,1860000.0,1343000.0,517000.0,2024-03-28,2024-05-19,2024-06-16,2024-10-15,,Ongoing,75.4,AGY-RWD-02,Rural Works Department (RWD) Engineering Wing,3,3,False,PUBLIC DATA
MPL-2024-MA-001248,REC-2023-1248,Lok Sabha,18th Lok Sabha (2024-Present),MP-LO-17-65,Shri Naresh Rao (Hon'ble MP),"Health Diagnostic Equipment at Vashind, Block Shahapur",Health & Sanitation,Health Diagnostic Equipment,Maharashtra,Thane,Thane,Shahapur,Vashind,19.2221,73.0432,740000.0,740000.0,740000.0,0.0,2024-03-18,2024-04-09,2024-05-02,2024-12-22,2025-01-22,Completed,100.0,AGY-XYZ-99,XYZ Infrastructure & Construction Private Ltd,2,5,True,PUBLIC DATA
MPL-2024-WE-001249,REC-2023-1249,Rajya Sabha,18th Lok Sabha (2024-Present),MP-RA-17-66,Smt. Mahua Mitra (Hon'ble MP),"Hand Pump Installation Cluster at Debagram, Block Krishnanagar-I",Drinking Water,Hand Pump Installation Cluster,West Bengal,Nadia,Krishnanagar,Krishnanagar-I,Debagram,23.3651,88.5001,980000.0,980000.0,269000.0,711000.0,2023-12-31,2024-01-23,2024-02-14,2024-09-25,,Ongoing,25.4,AGY-RWD-02,Rural Works Department (RWD) Engineering Wing,3,3,False,PUBLIC DATA
MPL-2024-AS-001250,REC-2023-1250,Rajya Sabha,17th Lok Sabha (2023-24),MP-RA-17-88,Smt. Queen Oja (Hon'ble MP),"Rooftop Solar for Govt Hospital at Boko, Block Chaygaon",Solar & Renewable Energy,Rooftop Solar for Govt Hospital,Assam,Kamrup,Gauhati,Chaygaon,Boko,26.1917,91.707,880000.0,880000.0,880000.0,0.0,2023-11-14,2023-12-15,2024-01-02,2024-08-03,2024-08-17,Completed,100.0,AGY-RWD-02,Rural Works Department (RWD) Engineering Wing,3,5,True,PUBLIC DATA
MPL-2024-KE-001251,REC-2023-1251,Rajya Sabha,17th Lok Sabha (2023-24),MP-RA-17-60,Shri Hibi Eden (Hon'ble MP),"Crematorium Shed with Amenities at Edappally, Block Paravur",Community Infrastructure,Crematorium Shed with Amenities,Kerala,Ernakulam,Ernakulam,Paravur,Edappally,9.9751,76.3083,2010000.0,2010000.0,2010000.0,0.0,2024-03-11,2024-05-01,2024-05-20,2024-11-25,2024-12-07,Completed,100.0,AGY-DRDA-04,District Rural Development Agency (DRDA),4,4,True,PUBLIC DATA
MPL-2024-AS-001252,REC-2023-1252,Rajya Sabha,18th Lok Sabha (2024-Present),MP-RA-17-69,Smt. Queen Oja (Hon'ble MP),"Solar Street Light Grid (50 poles) at Mirza, Block Kamalpur",Solar & Renewable Energy,Solar Street Light Grid (50 poles),Assam,Kamrup,Gauhati,Kamalpur,Mirza,26.2241,91.7134,910000.0,910000.0,910000.0,0.0,2023-12-06,2024-01-23,2024-02-15,2024-08-17,2024-08-01,Completed,100.0,AGY-RWD-02,Rural Works Department (RWD) Engineering Wing,2,6,True,PUBLIC DATA
MPL-2024-WE-001253,REC-2023-1253,Lok Sabha,17th Lok Sabha (2023-24),MP-LO-17-99,Smt. Mahua Mitra (Hon'ble MP),"High-Mast Solar Lighting Chowk at Tehatta, Block Chapra",Solar & Renewable Energy,High-Mast Solar Lighting Chowk,West Bengal,Nadia,Krishnanagar,Chapra,Tehatta,23.4323,88.5252,690000.0,690000.0,201000.0,489000.0,2023-08-27,2023-10-21,2023-11-19,2024-05-19,,Delayed,32.4,AGY-ZP-03,Zila Parishad Rural Infrastructure Cell,2,1,False,PUBLIC DATA
MPL-2024-RA-001254,REC-2023-1254,Lok Sabha,18th Lok Sabha (2024-Present),MP-LO-17-68,Smt. Manju Meena (Hon'ble MP),"Solar Street Light Grid (50 poles) at Bassi, Block Chaksu",Solar & Renewable Energy,Solar Street Light Grid (50 poles),Rajasthan,Jaipur,Jaipur Rural,Chaksu,Bassi,26.9624,75.7828,550000.0,550000.0,550000.0,0.0,2024-05-30,2024-06-17,2024-07-02,2025-02-01,2025-02-20,Completed,100.0,AGY-WSS-05,Public Health Engineering & Water Supply Dept,4,4,True,PUBLIC DATA
MPL-2024-AS-001255,REC-2023-1255,Lok Sabha,17th Lok Sabha (2023-24),MP-LO-17-51,Smt. Queen Oja (Hon'ble MP),"Primary Health Sub-Centre Building at Sualkuchi, Block Rangia",Health & Sanitation,Primary Health Sub-Centre Building,Assam,Kamrup,Gauhati,Rangia,Sualkuchi,26.0824,91.8112,1410000.0,1410000.0,1410000.0,0.0,2024-02-21,2024-03-30,2024-04-18,2024-08-23,2024-08-23,Completed,100.0,AGY-XYZ-99,XYZ Infrastructure & Construction Private Ltd,2,3,True,PUBLIC DATA
MPL-2024-WE-001256,REC-2023-1256,Lok Sabha,17th Lok Sabha (2023-24),MP-LO-17-68,Smt. Mahua Mitra (Hon'ble MP),"Rooftop Solar for Govt Hospital at Dhubulia, Block Krishnanagar-I",Solar & Renewable Energy,Rooftop Solar for Govt Hospital,West Bengal,Nadia,Krishnanagar,Krishnanagar-I,Dhubulia,23.3368,88.5015,1340000.0,1340000.0,565000.0,775000.0,2023-10-04,2023-11-06,2023-11-30,2024-06-28,,Ongoing,41.8,AGY-DRDA-04,District Rural Development Agency (DRDA),3,1,False,PUBLIC DATA
MPL-2024-UT-001257,REC-2023-1257,Lok Sabha,17th Lok Sabha (2023-24),MP-LO-17-90,Shri Ramakant Sharma (Hon'ble MP),"Rooftop Solar for Govt Hospital at Shivpur, Block Cholapur",Solar & Renewable Energy,Rooftop Solar for Govt Hospital,Uttar Pradesh,Varanasi,Varanasi,Cholapur,Shivpur,25.2869,83.0131,2280000.0,2280000.0,1217000.0,1063000.0,2024-01-18,2024-03-04,2024-03-23,2024-11-18,,Ongoing,50.4,AGY-XYZ-99,XYZ Infrastructure & Construction Private Ltd,3,2,False,PUBLIC DATA
MPL-2024-MA-001258,REC-2023-1258,Lok Sabha,17th Lok Sabha (2023-24),MP-LO-17-20,Shri Naresh Rao (Hon'ble MP),"Primary Health Sub-Centre Building at Tokawade, Block Kalyan",Health & Sanitation,Primary Health Sub-Centre Building,Maharashtra,Thane,Thane,Kalyan,Tokawade,19.2934,72.9555,1710000.0,1710000.0,1710000.0,0.0,2023-05-31,2023-07-20,2023-07-31,2024-02-27,2024-03-21,Completed,100.0,AGY-ZP-03,Zila Parishad Rural Infrastructure Cell,3,2,True,PUBLIC DATA
MPL-2024-MA-001259,REC-2023-1259,Lok Sabha,18th Lok Sabha (2024-Present),MP-LO-17-90,Shri Naresh Rao (Hon'ble MP),"Senior Citizen Recreation Shed at Padgha, Block Kalyan",Community Infrastructure,Senior Citizen Recreation Shed,Maharashtra,Thane,Thane,Kalyan,Padgha,19.2311,72.9531,1700000.0,1700000.0,928000.0,772000.0,2024-04-27,2024-05-15,2024-05-25,2025-01-02,,Ongoing,48.1,AGY-WSS-05,Public Health Engineering & Water Supply Dept,2,2,False,PUBLIC DATA
MPL-2024-WE-001260,REC-2023-1260,Lok Sabha,17th Lok Sabha (2023-24),MP-LO-17-80,Smt. Mahua Mitra (Hon'ble MP),"Solar Street Light Grid (50 poles) at Bethuadahari, Block Chapra",Solar & Renewable Energy,Solar Street Light Grid (50 poles),West Bengal,Nadia,Krishnanagar,Chapra,Bethuadahari,23.4026,88.5729,1300000.0,1300000.0,1300000.0,0.0,2024-01-14,2024-03-11,2024-03-31,2024-07-31,2024-08-23,Completed,100.0,AGY-PWD-01,Public Works Department (PWD) Division I,4,2,True,PUBLIC DATA
MPL-2024-KE-001261,REC-2023-1261,Lok Sabha,17th Lok Sabha (2023-24),MP-LO-17-46,Shri Hibi Eden (Hon'ble MP),"Culvert & Drainage Bridge at Cherai, Block Vyttila",Rural Roads & Bridges,Culvert & Drainage Bridge,Kerala,Ernakulam,Ernakulam,Vyttila,Cherai,9.9457,76.322,1820000.0,1820000.0,1820000.0,0.0,2023-08-08,2023-09-07,2023-09-25,2024-05-02,2024-06-03,Completed,100.0,AGY-ZP-03,Zila Parishad Rural Infrastructure Cell,2,3,True,PUBLIC DATA
MPL-2024-WE-001262,REC-2023-1262,Lok Sabha,17th Lok Sabha (2023-24),MP-LO-17-20,Smt. Mahua Mitra (Hon'ble MP),"High-Mast Solar Lighting Chowk at Dhubulia, Block Nakashipara",Solar & Renewable Energy,High-Mast Solar Lighting Chowk,West Bengal,Nadia,Krishnanagar,Nakashipara,Dhubulia,23.38,88.4338,640000.0,640000.0,640000.0,0.0,2023-04-30,2023-06-19,2023-07-17,2024-02-25,2024-02-10,Completed,100.0,AGY-WSS-05,Public Health Engineering & Water Supply Dept,2,6,True,PUBLIC DATA
MPL-2024-AS-001263,REC-2023-1263,Lok Sabha,17th Lok Sabha (2023-24),MP-LO-17-98,Smt. Queen Oja (Hon'ble MP),"School Boundary Wall & Sanitation at Puthimari, Block Bezera",Education & Classrooms,School Boundary Wall & Sanitation,Assam,Kamrup,Gauhati,Bezera,Puthimari,26.1416,91.7405,1770000.0,1770000.0,1770000.0,0.0,2023-12-31,2024-02-09,2024-02-25,2024-08-29,2024-09-16,Completed,100.0,AGY-RWD-02,Rural Works Department (RWD) Engineering Wing,3,5,True,PUBLIC DATA
MPL-2024-RA-001264,REC-2023-1264,Lok Sabha,17th Lok Sabha (2023-24),MP-LO-17-39,Smt. Manju Meena (Hon'ble MP),"Crematorium Shed with Amenities at Bassi, Block Shahpura",Community Infrastructure,Crematorium Shed with Amenities,Rajasthan,Jaipur,Jaipur Rural,Shahpura,Bassi,26.8737,75.8442,2030000.0,2030000.0,593000.0,1437000.0,2024-01-10,2024-02-17,2024-02-28,2024-09-19,,Ongoing,31.3,AGY-WSS-05,Public Health Engineering & Water Supply Dept,2,3,False,PUBLIC DATA
MPL-2024-WE-001265,REC-2023-1265,Lok Sabha,18th Lok Sabha (2024-Present),MP-LO-17-95,Smt. Mahua Mitra (Hon'ble MP),"Paver Block Road at Bethuadahari, Block Nabadwip",Rural Roads & Bridges,Paver Block Road,West Bengal,Nadia,Krishnanagar,Nabadwip,Bethuadahari,23.327,88.5334,3180000.0,3180000.0,793000.0,2387000.0,2023-09-12,2023-11-11,2023-12-11,2024-07-08,,Delayed,27.7,AGY-DRDA-04,District Rural Development Agency (DRDA),2,1,False,PUBLIC DATA
MPL-2024-UT-001266,REC-2023-1266,Lok Sabha,18th Lok Sabha (2024-Present),MP-LO-17-24,Shri Ramakant Sharma (Hon'ble MP),"Community Public Toilet Complex at Shivpur, Block Kashi Vidyapeeth",Health & Sanitation,Community Public Toilet Complex,Uttar Pradesh,Varanasi,Varanasi,Kashi Vidyapeeth,Shivpur,25.3511,82.9823,2070000.0,2070000.0,587000.0,1483000.0,2023-12-16,2024-01-08,2024-01-24,2024-07-05,,Ongoing,32.8,AGY-WSS-05,Public Health Engineering & Water Supply Dept,3,1,False,PUBLIC DATA
MPL-2024-UT-001267,REC-2023-1267,Rajya Sabha,17th Lok Sabha (2023-24),MP-RA-17-54,Shri Ramakant Sharma (Hon'ble MP),"Link Road Widening at Shivpur, Block Kashi Vidyapeeth",Rural Roads & Bridges,Link Road Widening,Uttar Pradesh,Varanasi,Varanasi,Kashi Vidyapeeth,Shivpur,25.3496,83.0304,1680000.0,1680000.0,484000.0,1196000.0,2024-05-10,2024-06-15,2024-07-13,2024-12-04,,Delayed,32.0,AGY-DRDA-04,District Rural Development Agency (DRDA),2,0,False,PUBLIC DATA
MPL-2024-MA-001268,REC-2023-1268,Lok Sabha,17th Lok Sabha (2023-24),MP-LO-17-81,Shri Naresh Rao (Hon'ble MP),"RO Water Treatment Plant at Titwala, Block Kalyan",Drinking Water,RO Water Treatment Plant,Maharashtra,Thane,Thane,Kalyan,Titwala,19.2417,72.9007,1230000.0,1230000.0,581000.0,649000.0,2024-04-02,2024-04-27,2024-05-27,2024-11-14,,Delayed,52.5,AGY-XYZ-99,XYZ Infrastructure & Construction Private Ltd,1,2,False,PUBLIC DATA
MPL-2024-MA-001269,REC-2023-1269,Rajya Sabha,17th Lok Sabha (2023-24),MP-RA-17-67,Shri Naresh Rao (Hon'ble MP),"CC Road Construction at Titwala, Block Ambernath",Rural Roads & Bridges,CC Road Construction,Maharashtra,Thane,Thane,Ambernath,Titwala,19.2583,73.0414,1880000.0,1880000.0,1880000.0,0.0,2023-09-13,2023-11-12,2023-12-06,2024-06-25,2024-06-22,Completed,100.0,AGY-XYZ-99,XYZ Infrastructure & Construction Private Ltd,2,4,True,PUBLIC DATA
MPL-2024-BI-001270,REC-2023-1270,Lok Sabha,17th Lok Sabha (2023-24),MP-LO-17-98,Dr. Ravi Shankar Sinha (Hon'ble MP),"Panchayat Community Hall at Baikatpur, Block Sampatchak",Community Infrastructure,Panchayat Community Hall,Bihar,Patna,Patna Sahib,Sampatchak,Baikatpur,25.5978,85.2146,2030000.0,2030000.0,2030000.0,0.0,2024-02-15,2024-03-22,2024-04-09,2024-11-27,2024-12-21,Completed,100.0,AGY-DRDA-04,District Rural Development Agency (DRDA),4,4,True,PUBLIC DATA
MPL-2024-MA-001271,REC-2023-1271,Lok Sabha,18th Lok Sabha (2024-Present),MP-LO-17-27,Shri Naresh Rao (Hon'ble MP),"Piped Water Overhead Tank at Padgha, Block Ambernath",Drinking Water,Piped Water Overhead Tank,Maharashtra,Thane,Thane,Ambernath,Padgha,19.1848,72.9568,1380000.0,1380000.0,565000.0,815000.0,2023-10-28,2023-12-08,2023-12-21,2024-06-30,,Delayed,45.5,AGY-XYZ-99,XYZ Infrastructure & Construction Private Ltd,1,0,False,PUBLIC DATA
MPL-2024-RA-001272,REC-2023-1272,Rajya Sabha,17th Lok Sabha (2023-24),MP-RA-17-73,Smt. Manju Meena (Hon'ble MP),"Piped Water Overhead Tank at Kukas, Block Amer",Drinking Water,Piped Water Overhead Tank,Rajasthan,Jaipur,Jaipur Rural,Amer,Kukas,26.8968,75.7911,1000000.0,1000000.0,1000000.0,0.0,2023-05-14,2023-06-07,2023-07-03,2024-02-15,2024-01-29,Completed,100.0,AGY-WSS-05,Public Health Engineering & Water Supply Dept,2,2,True,PUBLIC DATA
MPL-2024-KE-001273,REC-2023-1273,Lok Sabha,17th Lok Sabha (2023-24),MP-LO-17-74,Shri Hibi Eden (Hon'ble MP),"School Science Laboratory at Kalamassery, Block Aluva",Education & Classrooms,School Science Laboratory,Kerala,Ernakulam,Ernakulam,Aluva,Kalamassery,10.0261,76.3604,3950000.0,3950000.0,3950000.0,0.0,2023-07-22,2023-09-20,2023-10-15,2024-04-05,2024-03-23,Completed,100.0,AGY-PWD-01,Public Works Department (PWD) Division I,3,3,True,PUBLIC DATA
MPL-2024-RA-001274,REC-2023-1274,Lok Sabha,17th Lok Sabha (2023-24),MP-LO-17-44,Smt. Manju Meena (Hon'ble MP),"Culvert & Drainage Bridge at Bassi, Block Kotputli",Rural Roads & Bridges,Culvert & Drainage Bridge,Rajasthan,Jaipur,Jaipur Rural,Kotputli,Bassi,26.9551,75.8549,1900000.0,1900000.0,1238000.0,662000.0,2024-05-03,2024-06-26,2024-07-11,2024-11-10,,Ongoing,60.4,AGY-RWD-02,Rural Works Department (RWD) Engineering Wing,3,1,False,PUBLIC DATA
MPL-2024-WE-001275,REC-2023-1275,Lok Sabha,17th Lok Sabha (2023-24),MP-LO-17-90,Smt. Mahua Mitra (Hon'ble MP),"Piped Water Overhead Tank at Dhubulia, Block Krishnanagar-I",Drinking Water,Piped Water Overhead Tank,West Bengal,Nadia,Krishnanagar,Krishnanagar-I,Dhubulia,23.3657,88.4863,1640000.0,1640000.0,376000.0,1264000.0,2023-04-18,2023-05-31,2023-06-10,2024-01-21,,Delayed,25.5,AGY-DRDA-04,District Rural Development Agency (DRDA),2,1,False,PUBLIC DATA
MPL-2024-RA-001276,REC-2023-1276,Lok Sabha,17th Lok Sabha (2023-24),MP-LO-17-93,Smt. Manju Meena (Hon'ble MP),"Paver Block Road at Bagru, Block Sanganer",Rural Roads & Bridges,Paver Block Road,Rajasthan,Jaipur,Jaipur Rural,Sanganer,Bagru,26.945,75.7563,3440000.0,3440000.0,2542000.0,898000.0,2023-04-25,2023-06-05,2023-06-25,2023-10-27,,Ongoing,77.5,AGY-RWD-02,Rural Works Department (RWD) Engineering Wing,2,4,False,PUBLIC DATA
MPL-2024-WE-001277,REC-2023-1277,Lok Sabha,17th Lok Sabha (2023-24),MP-LO-17-85,Smt. Mahua Mitra (Hon'ble MP),"Primary Health Sub-Centre Building at Dhubulia, Block Nakashipara",Health & Sanitation,Primary Health Sub-Centre Building,West Bengal,Nadia,Krishnanagar,Nakashipara,Dhubulia,23.3984,88.5543,1590000.0,1590000.0,1590000.0,0.0,2023-12-28,2024-01-22,2024-02-13,2024-08-09,2024-08-12,Completed,100.0,AGY-WSS-05,Public Health Engineering & Water Supply Dept,3,3,True,PUBLIC DATA
MPL-2024-AS-001278,REC-2023-1278,Rajya Sabha,17th Lok Sabha (2023-24),MP-RA-17-36,Smt. Queen Oja (Hon'ble MP),"Additional Classroom Building at Dadara, Block Kamalpur",Education & Classrooms,Additional Classroom Building,Assam,Kamrup,Gauhati,Kamalpur,Dadara,26.2181,91.718,1020000.0,1020000.0,487000.0,533000.0,2023-09-22,2023-11-13,2023-12-08,2024-06-06,,Delayed,53.0,AGY-XYZ-99,XYZ Infrastructure & Construction Private Ltd,1,1,False,PUBLIC DATA
MPL-2024-WE-001279,REC-2023-1279,Lok Sabha,17th Lok Sabha (2023-24),MP-LO-17-25,Smt. Mahua Mitra (Hon'ble MP),"Link Road Widening at Mayapur, Block Krishnanagar-I",Rural Roads & Bridges,Link Road Widening,West Bengal,Nadia,Krishnanagar,Krishnanagar-I,Mayapur,23.4067,88.4595,2930000.0,2930000.0,2930000.0,0.0,2023-12-27,2024-02-01,2024-02-18,2024-09-21,2024-09-29,Completed,100.0,AGY-PWD-01,Public Works Department (PWD) Division I,3,5,True,PUBLIC DATA
MPL-2024-KE-001280,REC-2023-1280,Lok Sabha,17th Lok Sabha (2023-24),MP-LO-17-46,Shri Hibi Eden (Hon'ble MP),"High-Mast Solar Lighting Chowk at Kalamassery, Block Aluva",Solar & Renewable Energy,High-Mast Solar Lighting Chowk,Kerala,Ernakulam,Ernakulam,Aluva,Kalamassery,10.0488,76.3755,690000.0,690000.0,690000.0,0.0,2024-05-14,2024-06-17,2024-07-01,2024-12-07,2024-11-18,Completed,100.0,AGY-ZP-03,Zila Parishad Rural Infrastructure Cell,2,3,True,PUBLIC DATA
MPL-2024-MA-001281,REC-2023-1281,Lok Sabha,17th Lok Sabha (2023-24),MP-LO-17-85,Shri Naresh Rao (Hon'ble MP),"Link Road Widening at Saralgaon, Block Bhiwandi",Rural Roads & Bridges,Link Road Widening,Maharashtra,Thane,Thane,Bhiwandi,Saralgaon,19.23,73.041,2190000.0,2190000.0,2190000.0,0.0,2023-06-05,2023-08-02,2023-08-21,2024-03-17,2024-03-16,Completed,100.0,AGY-WSS-05,Public Health Engineering & Water Supply Dept,4,6,True,PUBLIC DATA
MPL-2024-BI-001282,REC-2023-1282,Lok Sabha,18th Lok Sabha (2024-Present),MP-LO-17-30,Dr. Ravi Shankar Sinha (Hon'ble MP),"Solar Street Light Grid (50 poles) at Jethuli, Block Sampatchak",Solar & Renewable Energy,Solar Street Light Grid (50 poles),Bihar,Patna,Patna Sahib,Sampatchak,Jethuli,25.6334,85.1253,640000.0,640000.0,336000.0,304000.0,2023-05-11,2023-07-01,2023-07-22,2024-01-09,,Ongoing,56.4,AGY-ZP-03,Zila Parishad Rural Infrastructure Cell,1,2,False,PUBLIC DATA
MPL-2024-AS-001283,REC-2023-1283,Lok Sabha,17th Lok Sabha (2023-24),MP-LO-17-99,Smt. Queen Oja (Hon'ble MP),"School Science Laboratory at Sualkuchi, Block Kamalpur",Education & Classrooms,School Science Laboratory,Assam,Kamrup,Gauhati,Kamalpur,Sualkuchi,26.1899,91.7788,2050000.0,2050000.0,2050000.0,0.0,2023-11-06,2023-12-04,2024-01-03,2024-08-11,2024-08-16,Completed,100.0,AGY-ZP-03,Zila Parishad Rural Infrastructure Cell,4,5,True,PUBLIC DATA
MPL-2024-MA-001284,REC-2023-1284,Lok Sabha,17th Lok Sabha (2023-24),MP-LO-17-80,Shri Naresh Rao (Hon'ble MP),"Health Diagnostic Equipment at Padgha, Block Shahapur",Health & Sanitation,Health Diagnostic Equipment,Maharashtra,Thane,Thane,Shahapur,Padgha,19.2328,72.9787,2010000.0,2010000.0,906000.0,1104000.0,2023-05-13,2023-06-05,2023-06-19,2023-10-30,,Ongoing,46.1,AGY-XYZ-99,XYZ Infrastructure & Construction Private Ltd,1,2,False,PUBLIC DATA
MPL-2024-WE-001285,REC-2023-1285,Rajya Sabha,18th Lok Sabha (2024-Present),MP-RA-17-98,Smt. Mahua Mitra (Hon'ble MP),"Solar Street Light Grid (50 poles) at Debagram, Block Nabadwip",Solar & Renewable Energy,Solar Street Light Grid (50 poles),West Bengal,Nadia,Krishnanagar,Nabadwip,Debagram,23.4316,88.4402,720000.0,720000.0,470000.0,250000.0,2023-04-19,2023-06-17,2023-07-11,2023-11-13,,Ongoing,69.5,AGY-PWD-01,Public Works Department (PWD) Division I,3,2,False,PUBLIC DATA
MPL-2024-RA-001286,REC-2023-1286,Lok Sabha,17th Lok Sabha (2023-24),MP-LO-17-74,Smt. Manju Meena (Hon'ble MP),"Health Diagnostic Equipment at Nayla, Block Kotputli",Health & Sanitation,Health Diagnostic Equipment,Rajasthan,Jaipur,Jaipur Rural,Kotputli,Nayla,26.8994,75.7674,1390000.0,1390000.0,466000.0,924000.0,2024-04-07,2024-05-22,2024-06-08,2024-12-04,,Ongoing,30.5,AGY-PWD-01,Public Works Department (PWD) Division I,3,2,False,PUBLIC DATA
MPL-2024-MA-001287,REC-2023-1287,Lok Sabha,17th Lok Sabha (2023-24),MP-LO-17-10,Shri Naresh Rao (Hon'ble MP),"Public Bus Passenger Shelter at Tokawade, Block Ambernath",Community Infrastructure,Public Bus Passenger Shelter,Maharashtra,Thane,Thane,Ambernath,Tokawade,19.278,73.0218,1660000.0,1660000.0,1029000.0,631000.0,2024-03-30,2024-05-27,2024-06-08,2024-11-23,,Ongoing,63.9,AGY-PWD-01,Public Works Department (PWD) Division I,1,2,False,PUBLIC DATA
MPL-2024-AS-001288,REC-2023-1288,Lok Sabha,17th Lok Sabha (2023-24),MP-LO-17-79,Smt. Queen Oja (Hon'ble MP),"Public Bus Passenger Shelter at Puthimari, Block Hajo",Community Infrastructure,Public Bus Passenger Shelter,Assam,Kamrup,Gauhati,Hajo,Puthimari,26.1414,91.7062,2140000.0,2140000.0,612000.0,1528000.0,2024-04-30,2024-05-27,2024-06-24,2025-01-17,,Delayed,31.8,AGY-ZP-03,Zila Parishad Rural Infrastructure Cell,2,0,False,PUBLIC DATA
MPL-2024-KE-001289,REC-2023-1289,Lok Sabha,18th Lok Sabha (2024-Present),MP-LO-17-42,Shri Hibi Eden (Hon'ble MP),"Smart Digital Library Block at Kalamassery, Block Paravur",Education & Classrooms,Smart Digital Library Block,Kerala,Ernakulam,Ernakulam,Paravur,Kalamassery,9.9927,76.3169,1270000.0,1270000.0,1270000.0,0.0,2024-06-11,2024-06-26,2024-07-13,2024-11-26,2024-12-13,Completed,100.0,AGY-DRDA-04,District Rural Development Agency (DRDA),2,5,True,PUBLIC DATA
MPL-2024-WE-001290,REC-2023-1290,Lok Sabha,17th Lok Sabha (2023-24),MP-LO-17-32,Smt. Mahua Mitra (Hon'ble MP),"Piped Water Overhead Tank at Bethuadahari, Block Nakashipara",Drinking Water,Piped Water Overhead Tank,West Bengal,Nadia,Krishnanagar,Nakashipara,Bethuadahari,23.3341,88.5373,1520000.0,1520000.0,1520000.0,0.0,2024-05-17,2024-06-04,2024-06-22,2024-11-08,2024-11-26,Completed,100.0,AGY-PWD-01,Public Works Department (PWD) Division I,3,4,True,PUBLIC DATA
MPL-2024-KA-001291,REC-2023-1291,Lok Sabha,17th Lok Sabha (2023-24),MP-LO-17-99,Shri K. Venkatesh (Hon'ble MP),"Public Bus Passenger Shelter at Hesaraghatta, Block Anekal",Community Infrastructure,Public Bus Passenger Shelter,Karnataka,Bengaluru Urban,Bangalore North,Anekal,Hesaraghatta,12.9871,77.6589,2220000.0,2220000.0,362000.0,1858000.0,2024-05-17,2024-07-14,2024-08-03,2025-02-10,,Delayed,18.1,AGY-DRDA-04,District Rural Development Agency (DRDA),2,0,False,PUBLIC DATA
MPL-2024-WE-001292,REC-2023-1292,Lok Sabha,17th Lok Sabha (2023-24),MP-LO-17-41,Smt. Mahua Mitra (Hon'ble MP),"Public Bus Passenger Shelter at Tehatta, Block Krishnanagar-I",Community Infrastructure,Public Bus Passenger Shelter,West Bengal,Nadia,Krishnanagar,Krishnanagar-I,Tehatta,23.4724,88.5781,2310000.0,2310000.0,2310000.0,0.0,2023-10-25,2023-12-08,2024-01-04,2024-08-29,2024-09-23,Completed,100.0,AGY-DRDA-04,District Rural Development Agency (DRDA),3,5,True,PUBLIC DATA
MPL-2024-UT-001293,REC-2023-1293,Lok Sabha,18th Lok Sabha (2024-Present),MP-LO-17-96,Shri Ramakant Sharma (Hon'ble MP),"Piped Water Overhead Tank at Harahua, Block Arajiline",Drinking Water,Piped Water Overhead Tank,Uttar Pradesh,Varanasi,Varanasi,Arajiline,Harahua,25.2688,82.9209,1490000.0,1490000.0,1490000.0,0.0,2024-05-05,2024-06-07,2024-06-19,2024-12-14,2024-12-27,Completed,100.0,AGY-WSS-05,Public Health Engineering & Water Supply Dept,4,5,True,PUBLIC DATA
MPL-2024-KE-001294,REC-2023-1294,Lok Sabha,18th Lok Sabha (2024-Present),MP-LO-17-32,Shri Hibi Eden (Hon'ble MP),"Senior Citizen Recreation Shed at Cherai, Block Angamaly",Community Infrastructure,Senior Citizen Recreation Shed,Kerala,Ernakulam,Ernakulam,Angamaly,Cherai,9.9215,76.3302,2690000.0,2690000.0,767000.0,1923000.0,2023-11-04,2024-01-02,2024-01-15,2024-06-23,,Delayed,31.7,AGY-RWD-02,Rural Works Department (RWD) Engineering Wing,2,0,False,PUBLIC DATA
MPL-2024-BI-001295,REC-2023-1295,Lok Sabha,17th Lok Sabha (2023-24),MP-LO-17-61,Dr. Ravi Shankar Sinha (Hon'ble MP),"Village Waste Segregation Shed at Ranipur, Block Bakhtiarpur",Health & Sanitation,Village Waste Segregation Shed,Bihar,Patna,Patna Sahib,Bakhtiarpur,Ranipur,25.6109,85.1435,1850000.0,1850000.0,577000.0,1273000.0,2023-06-25,2023-07-14,2023-08-02,2023-12-17,,Ongoing,31.5,AGY-ZP-03,Zila Parishad Rural Infrastructure Cell,1,1,False,PUBLIC DATA
MPL-2024-WE-001296,REC-2023-1296,Lok Sabha,17th Lok Sabha (2023-24),MP-LO-17-30,Smt. Mahua Mitra (Hon'ble MP),"Additional Classroom Building at Dhubulia, Block Krishnanagar-I",Education & Classrooms,Additional Classroom Building,West Bengal,Nadia,Krishnanagar,Krishnanagar-I,Dhubulia,23.3827,88.5702,1820000.0,1820000.0,996000.0,824000.0,2023-11-12,2024-01-08,2024-01-29,2024-07-27,,Ongoing,56.0,AGY-PWD-01,Public Works Department (PWD) Division I,1,2,False,PUBLIC DATA
MPL-2024-AS-001297,REC-2023-1297,Lok Sabha,17th Lok Sabha (2023-24),MP-LO-17-30,Smt. Queen Oja (Hon'ble MP),"Village Waste Segregation Shed at Sualkuchi, Block Rangia",Health & Sanitation,Village Waste Segregation Shed,Assam,Kamrup,Gauhati,Rangia,Sualkuchi,26.1886,91.7668,1030000.0,1030000.0,250000.0,780000.0,2023-09-18,2023-10-04,2023-10-29,2024-05-26,,Ongoing,26.2,AGY-DRDA-04,District Rural Development Agency (DRDA),1,4,False,PUBLIC DATA
MPL-2024-MA-001298,REC-2023-1298,Lok Sabha,17th Lok Sabha (2023-24),MP-LO-17-62,Shri Naresh Rao (Hon'ble MP),"Rooftop Solar for Govt Hospital at Padgha, Block Bhiwandi",Solar & Renewable Energy,Rooftop Solar for Govt Hospital,Maharashtra,Thane,Thane,Bhiwandi,Padgha,19.1553,73.0139,1030000.0,1030000.0,748000.0,282000.0,2023-09-09,2023-11-04,2023-11-27,2024-05-31,,Ongoing,75.1,AGY-XYZ-99,XYZ Infrastructure & Construction Private Ltd,2,2,False,PUBLIC DATA
MPL-2024-UT-001299,REC-2023-1299,Lok Sabha,18th Lok Sabha (2024-Present),MP-LO-17-88,Shri Ramakant Sharma (Hon'ble MP),"Community Public Toilet Complex at Chhatar, Block Cholapur",Health & Sanitation,Community Public Toilet Complex,Uttar Pradesh,Varanasi,Varanasi,Cholapur,Chhatar,25.3014,82.9129,1950000.0,1950000.0,765000.0,1185000.0,2024-05-25,2024-07-03,2024-07-23,2025-01-04,,Ongoing,38.0,AGY-WSS-05,Public Health Engineering & Water Supply Dept,2,4,False,PUBLIC DATA
MPL-2024-BI-001300,REC-2023-1300,Lok Sabha,17th Lok Sabha (2023-24),MP-LO-17-86,Dr. Ravi Shankar Sinha (Hon'ble MP),"Deep Borewell & Solar Pump System at Ranipur, Block Fatuha",Drinking Water,Deep Borewell & Solar Pump System,Bihar,Patna,Patna Sahib,Fatuha,Ranipur,25.5665,85.128,1660000.0,1660000.0,581000.0,1079000.0,2024-06-07,2024-06-30,2024-07-17,2025-01-31,,Delayed,38.9,AGY-WSS-05,Public Health Engineering & Water Supply Dept,2,1,False,PUBLIC DATA
MPL-2024-KE-001301,REC-2023-1301,Lok Sabha,17th Lok Sabha (2023-24),MP-LO-17-48,Shri Hibi Eden (Hon'ble MP),"Deep Borewell & Solar Pump System at Kothamangalam, Block Angamaly",Drinking Water,Deep Borewell & Solar Pump System,Kerala,Ernakulam,Ernakulam,Angamaly,Kothamangalam,10.0371,76.3124,510000.0,510000.0,510000.0,0.0,2023-07-12,2023-09-09,2023-09-29,2024-05-10,2024-05-06,Completed,100.0,AGY-WSS-05,Public Health Engineering & Water Supply Dept,3,4,True,PUBLIC DATA
MPL-2024-BI-001302,REC-2023-1302,Lok Sabha,18th Lok Sabha (2024-Present),MP-LO-17-99,Dr. Ravi Shankar Sinha (Hon'ble MP),"Piped Water Overhead Tank at Jethuli, Block Sampatchak",Drinking Water,Piped Water Overhead Tank,Bihar,Patna,Patna Sahib,Sampatchak,Jethuli,25.6394,85.0658,800000.0,800000.0,246000.0,554000.0,2023-07-23,2023-09-18,2023-10-15,2024-05-02,,Ongoing,26.9,AGY-PWD-01,Public Works Department (PWD) Division I,1,2,False,PUBLIC DATA
MPL-2024-MA-001303,REC-2023-1303,Lok Sabha,18th Lok Sabha (2024-Present),MP-LO-17-36,Shri Naresh Rao (Hon'ble MP),"Piped Water Overhead Tank at Vashind, Block Shahapur",Drinking Water,Piped Water Overhead Tank,Maharashtra,Thane,Thane,Shahapur,Vashind,19.2278,73.0208,1540000.0,1540000.0,883000.0,657000.0,2024-04-06,2024-04-26,2024-05-17,2024-11-02,,Ongoing,53.8,AGY-WSS-05,Public Health Engineering & Water Supply Dept,3,1,False,PUBLIC DATA
MPL-2024-RA-001304,REC-2023-1304,Lok Sabha,18th Lok Sabha (2024-Present),MP-LO-17-35,Smt. Manju Meena (Hon'ble MP),"High-Mast Solar Lighting Chowk at Bassi, Block Sanganer",Solar & Renewable Energy,High-Mast Solar Lighting Chowk,Rajasthan,Jaipur,Jaipur Rural,Sanganer,Bassi,26.9782,75.8425,2060000.0,2060000.0,2060000.0,0.0,2024-02-12,2024-03-31,2024-04-19,2024-12-10,2025-01-13,Completed,100.0,AGY-PWD-01,Public Works Department (PWD) Division I,4,4,True,PUBLIC DATA
MPL-2024-BI-001305,REC-2023-1305,Lok Sabha,18th Lok Sabha (2024-Present),MP-LO-17-58,Dr. Ravi Shankar Sinha (Hon'ble MP),"Culvert & Drainage Bridge at Ranipur, Block Sampatchak",Rural Roads & Bridges,Culvert & Drainage Bridge,Bihar,Patna,Patna Sahib,Sampatchak,Ranipur,25.6023,85.1054,2320000.0,2320000.0,2320000.0,0.0,2023-11-24,2023-12-13,2024-01-10,2024-06-29,2024-06-20,Completed,100.0,AGY-ZP-03,Zila Parishad Rural Infrastructure Cell,2,2,True,PUBLIC DATA
MPL-2024-BI-001306,REC-2023-1306,Lok Sabha,17th Lok Sabha (2023-24),MP-LO-17-43,Dr. Ravi Shankar Sinha (Hon'ble MP),"School Boundary Wall & Sanitation at Baikatpur, Block Fatuha",Education & Classrooms,School Boundary Wall & Sanitation,Bihar,Patna,Patna Sahib,Fatuha,Baikatpur,25.5706,85.0707,2670000.0,2670000.0,2242000.0,428000.0,2023-04-13,2023-05-29,2023-06-15,2024-01-03,,Ongoing,79.1,AGY-ZP-03,Zila Parishad Rural Infrastructure Cell,3,1,False,PUBLIC DATA
MPL-2024-KE-001307,REC-2023-1307,Lok Sabha,18th Lok Sabha (2024-Present),MP-LO-17-13,Shri Hibi Eden (Hon'ble MP),"Piped Water Overhead Tank at Edappally, Block Vyttila",Drinking Water,Piped Water Overhead Tank,Kerala,Ernakulam,Ernakulam,Vyttila,Edappally,9.9691,76.3181,2100000.0,2100000.0,1018000.0,1082000.0,2024-06-13,2024-08-08,2024-08-21,2025-01-21,,Ongoing,52.5,AGY-PWD-01,Public Works Department (PWD) Division I,3,2,False,PUBLIC DATA
MPL-2024-KA-001308,REC-2023-1308,Lok Sabha,18th Lok Sabha (2024-Present),MP-LO-17-39,Shri K. Venkatesh (Hon'ble MP),"RO Water Treatment Plant at Singanayakanahalli, Block K.R. Puram",Drinking Water,RO Water Treatment Plant,Karnataka,Bengaluru Urban,Bangalore North,K.R. Puram,Singanayakanahalli,13.019,77.648,850000.0,850000.0,804000.0,46000.0,2023-07-13,2023-08-13,2023-09-01,2024-03-07,,Ongoing,84.9,AGY-ZP-03,Zila Parishad Rural Infrastructure Cell,1,1,False,PUBLIC DATA
MPL-2024-AS-001309,REC-2023-1309,Lok Sabha,17th Lok Sabha (2023-24),MP-LO-17-45,Smt. Queen Oja (Hon'ble MP),"Community Public Toilet Complex at Boko, Block Rangia",Health & Sanitation,Community Public Toilet Complex,Assam,Kamrup,Gauhati,Rangia,Boko,26.2069,91.7712,2350000.0,2350000.0,2350000.0,0.0,2024-01-07,2024-02-21,2024-03-20,2024-11-10,2024-12-14,Completed,100.0,AGY-XYZ-99,XYZ Infrastructure & Construction Private Ltd,2,5,True,PUBLIC DATA
MPL-2024-RA-001310,REC-2023-1310,Lok Sabha,17th Lok Sabha (2023-24),MP-LO-17-98,Smt. Manju Meena (Hon'ble MP),"Paver Block Road at Achrol, Block Chaksu",Rural Roads & Bridges,Paver Block Road,Rajasthan,Jaipur,Jaipur Rural,Chaksu,Achrol,26.9279,75.8636,2510000.0,2510000.0,695000.0,1815000.0,2024-01-28,2024-03-24,2024-04-11,2024-08-30,,Ongoing,26.4,AGY-DRDA-04,District Rural Development Agency (DRDA),3,2,False,PUBLIC DATA
MPL-2024-KA-001311,REC-2023-1311,Rajya Sabha,17th Lok Sabha (2023-24),MP-RA-17-61,Shri K. Venkatesh (Hon'ble MP),"CC Road Construction at Mandur, Block Yelahanka",Rural Roads & Bridges,CC Road Construction,Karnataka,Bengaluru Urban,Bangalore North,Yelahanka,Mandur,12.945,77.5375,4880000.0,4880000.0,3988000.0,892000.0,2023-11-22,2024-01-02,2024-01-31,2024-09-20,,Ongoing,74.0,AGY-ZP-03,Zila Parishad Rural Infrastructure Cell,2,2,False,PUBLIC DATA
MPL-2024-KA-001312,REC-2023-1312,Rajya Sabha,18th Lok Sabha (2024-Present),MP-RA-17-71,Shri K. Venkatesh (Hon'ble MP),"School Science Laboratory at Singanayakanahalli, Block Yelahanka",Education & Classrooms,School Science Laboratory,Karnataka,Bengaluru Urban,Bangalore North,Yelahanka,Singanayakanahalli,13.0284,77.6438,2270000.0,2270000.0,2270000.0,0.0,2023-08-03,2023-09-14,2023-10-01,2024-03-30,2024-03-26,Completed,100.0,AGY-PWD-01,Public Works Department (PWD) Division I,2,4,False,PUBLIC DATA
MPL-2024-KE-001313,REC-2023-1313,Lok Sabha,17th Lok Sabha (2023-24),MP-LO-17-46,Shri Hibi Eden (Hon'ble MP),"Rooftop Solar for Govt Hospital at Kalamassery, Block Angamaly",Solar & Renewable Energy,Rooftop Solar for Govt Hospital,Kerala,Ernakulam,Ernakulam,Angamaly,Kalamassery,10.0213,76.2285,1530000.0,1530000.0,251000.0,1279000.0,2023-08-02,2023-09-11,2023-09-21,2024-02-17,,Delayed,18.2,AGY-PWD-01,Public Works Department (PWD) Division I,1,0,False,PUBLIC DATA
MPL-2024-RA-001314,REC-2023-1314,Lok Sabha,17th Lok Sabha (2023-24),MP-LO-17-69,Smt. Manju Meena (Hon'ble MP),"High-Mast Solar Lighting Chowk at Manoharpur, Block Chaksu",Solar & Renewable Energy,High-Mast Solar Lighting Chowk,Rajasthan,Jaipur,Jaipur Rural,Chaksu,Manoharpur,26.887,75.7456,1440000.0,1440000.0,1440000.0,0.0,2023-11-08,2023-11-28,2023-12-12,2024-05-27,2024-06-26,Completed,100.0,AGY-DRDA-04,District Rural Development Agency (DRDA),2,6,True,PUBLIC DATA
MPL-2024-AS-001315,REC-2023-1315,Lok Sabha,17th Lok Sabha (2023-24),MP-LO-17-14,Smt. Queen Oja (Hon'ble MP),"School Science Laboratory at Boko, Block Hajo",Education & Classrooms,School Science Laboratory,Assam,Kamrup,Gauhati,Hajo,Boko,26.1952,91.8002,810000.0,810000.0,810000.0,0.0,2024-02-21,2024-03-17,2024-03-30,2024-11-13,2024-11-15,Completed,100.0,AGY-RWD-02,Rural Works Department (RWD) Engineering Wing,3,6,True,PUBLIC DATA
MPL-2024-BI-001316,REC-2023-1316,Lok Sabha,18th Lok Sabha (2024-Present),MP-LO-17-73,Dr. Ravi Shankar Sinha (Hon'ble MP),"Rooftop Solar for Govt Hospital at Jethuli, Block Bakhtiarpur",Solar & Renewable Energy,Rooftop Solar for Govt Hospital,Bihar,Patna,Patna Sahib,Bakhtiarpur,Jethuli,25.6462,85.1925,1230000.0,1230000.0,300000.0,930000.0,2024-04-27,2024-05-29,2024-06-09,2025-01-28,,Delayed,27.1,AGY-PWD-01,Public Works Department (PWD) Division I,1,2,False,PUBLIC DATA
MPL-2024-KA-001317,REC-2023-1317,Lok Sabha,18th Lok Sabha (2024-Present),MP-LO-17-91,Shri K. Venkatesh (Hon'ble MP),"Senior Citizen Recreation Shed at Doddaballapur Rd, Block K.R. Puram",Community Infrastructure,Senior Citizen Recreation Shed,Karnataka,Bengaluru Urban,Bangalore North,K.R. Puram,Doddaballapur Rd,13.0175,77.6474,1430000.0,1430000.0,1430000.0,0.0,2023-04-22,2023-06-01,2023-06-14,2024-01-07,2024-01-31,Completed,100.0,AGY-WSS-05,Public Health Engineering & Water Supply Dept,2,6,True,PUBLIC DATA
MPL-2024-KA-001318,REC-2023-1318,Lok Sabha,17th Lok Sabha (2023-24),MP-LO-17-83,Shri K. Venkatesh (Hon'ble MP),"Piped Water Overhead Tank at Attibele, Block Anekal",Drinking Water,Piped Water Overhead Tank,Karnataka,Bengaluru Urban,Bangalore North,Anekal,Attibele,12.9368,77.5627,890000.0,890000.0,890000.0,0.0,2023-09-05,2023-11-03,2023-11-21,2024-05-21,2024-06-24,Completed,100.0,AGY-ZP-03,Zila Parishad Rural Infrastructure Cell,4,2,True,PUBLIC DATA
MPL-2024-UT-001319,REC-2023-1319,Lok Sabha,18th Lok Sabha (2024-Present),MP-LO-17-73,Shri Ramakant Sharma (Hon'ble MP),"High-Mast Solar Lighting Chowk at Rampur, Block Arajiline",Solar & Renewable Energy,High-Mast Solar Lighting Chowk,Uttar Pradesh,Varanasi,Varanasi,Arajiline,Rampur,25.2637,82.9919,1100000.0,1100000.0,1100000.0,0.0,2024-06-24,2024-07-15,2024-07-29,2025-02-19,2025-03-27,Completed,100.0,AGY-RWD-02,Rural Works Department (RWD) Engineering Wing,2,6,True,PUBLIC DATA
MPL-2024-BI-001320,REC-2023-1320,Lok Sabha,18th Lok Sabha (2024-Present),MP-LO-17-50,Dr. Ravi Shankar Sinha (Hon'ble MP),"Public Bus Passenger Shelter at Ranipur, Block Danapur",Community Infrastructure,Public Bus Passenger Shelter,Bihar,Patna,Patna Sahib,Danapur,Ranipur,25.6187,85.1982,2920000.0,2920000.0,2920000.0,0.0,2024-03-29,2024-04-22,2024-05-02,2024-10-26,2024-11-03,Completed,100.0,AGY-WSS-05,Public Health Engineering & Water Supply Dept,2,5,True,PUBLIC DATA
MPL-2024-BI-001321,REC-2023-1321,Lok Sabha,18th Lok Sabha (2024-Present),MP-LO-17-31,Dr. Ravi Shankar Sinha (Hon'ble MP),"School Boundary Wall & Sanitation at Jethuli, Block Phulwari Sharif",Education & Classrooms,School Boundary Wall & Sanitation,Bihar,Patna,Patna Sahib,Phulwari Sharif,Jethuli,25.6657,85.1002,1490000.0,1490000.0,856000.0,634000.0,2023-10-06,2023-11-11,2023-12-04,2024-07-19,,Ongoing,60.6,AGY-WSS-05,Public Health Engineering & Water Supply Dept,2,3,False,PUBLIC DATA
MPL-2024-RA-001322,REC-2023-1322,Lok Sabha,18th Lok Sabha (2024-Present),MP-LO-17-15,Smt. Manju Meena (Hon'ble MP),"Public Bus Passenger Shelter at Bassi, Block Sanganer",Community Infrastructure,Public Bus Passenger Shelter,Rajasthan,Jaipur,Jaipur Rural,Sanganer,Bassi,26.9622,75.8188,2780000.0,2780000.0,1742000.0,1038000.0,2024-01-17,2024-03-13,2024-04-10,2024-12-05,,Ongoing,60.8,AGY-DRDA-04,District Rural Development Agency (DRDA),3,4,False,PUBLIC DATA
MPL-2024-KE-001323,REC-2023-1323,Lok Sabha,17th Lok Sabha (2023-24),MP-LO-17-96,Shri Hibi Eden (Hon'ble MP),"Link Road Widening at Cherai, Block Muvattupuzha",Rural Roads & Bridges,Link Road Widening,Kerala,Ernakulam,Ernakulam,Muvattupuzha,Cherai,9.9934,76.3324,2850000.0,2850000.0,1090000.0,1760000.0,2024-04-23,2024-05-08,2024-05-27,2024-12-12,,Ongoing,44.2,AGY-RWD-02,Rural Works Department (RWD) Engineering Wing,3,1,False,PUBLIC DATA
MPL-2024-WE-001324,REC-2023-1324,Rajya Sabha,17th Lok Sabha (2023-24),MP-RA-17-17,Smt. Mahua Mitra (Hon'ble MP),"Smart Digital Library Block at Mayapur, Block Nakashipara",Education & Classrooms,Smart Digital Library Block,West Bengal,Nadia,Krishnanagar,Nakashipara,Mayapur,23.3312,88.4778,1840000.0,1840000.0,554000.0,1286000.0,2024-03-09,2024-04-13,2024-05-12,2024-11-07,,Ongoing,31.4,AGY-WSS-05,Public Health Engineering & Water Supply Dept,2,3,False,PUBLIC DATA
MPL-2024-RA-001325,REC-2023-1325,Lok Sabha,18th Lok Sabha (2024-Present),MP-LO-17-41,Smt. Manju Meena (Hon'ble MP),"High-Mast Solar Lighting Chowk at Bassi, Block Amer",Solar & Renewable Energy,High-Mast Solar Lighting Chowk,Rajasthan,Jaipur,Jaipur Rural,Amer,Bassi,26.8911,75.7846,560000.0,560000.0,505000.0,55000.0,2024-01-06,2024-01-22,2024-02-12,2024-08-16,,Ongoing,80.6,AGY-DRDA-04,District Rural Development Agency (DRDA),1,4,False,PUBLIC DATA
MPL-2024-KA-001326,REC-2023-1326,Lok Sabha,18th Lok Sabha (2024-Present),MP-LO-17-54,Shri K. Venkatesh (Hon'ble MP),"Solar Street Light Grid (50 poles) at Singanayakanahalli, Block K.R. Puram",Solar & Renewable Energy,Solar Street Light Grid (50 poles),Karnataka,Bengaluru Urban,Bangalore North,K.R. Puram,Singanayakanahalli,13.0185,77.6525,710000.0,710000.0,371000.0,339000.0,2024-03-19,2024-04-18,2024-05-18,2024-09-16,,Ongoing,55.3,AGY-RWD-02,Rural Works Department (RWD) Engineering Wing,1,3,False,PUBLIC DATA
MPL-2024-BI-001327,REC-2023-1327,Lok Sabha,18th Lok Sabha (2024-Present),MP-LO-17-89,Dr. Ravi Shankar Sinha (Hon'ble MP),"Deep Borewell & Solar Pump System at Sabbalpur, Block Phulwari Sharif",Drinking Water,Deep Borewell & Solar Pump System,Bihar,Patna,Patna Sahib,Phulwari Sharif,Sabbalpur,25.6631,85.1467,930000.0,930000.0,930000.0,0.0,2024-05-20,2024-06-15,2024-06-30,2025-01-06,2025-01-19,Completed,100.0,AGY-WSS-05,Public Health Engineering & Water Supply Dept,4,2,True,PUBLIC DATA
MPL-2024-RA-001328,REC-2023-1328,Lok Sabha,17th Lok Sabha (2023-24),MP-LO-17-35,Smt. Manju Meena (Hon'ble MP),"School Science Laboratory at Bagru, Block Kotputli",Education & Classrooms,School Science Laboratory,Rajasthan,Jaipur,Jaipur Rural,Kotputli,Bagru,26.9734,75.7471,3460000.0,3460000.0,3460000.0,0.0,2023-08-22,2023-09-25,2023-10-07,2024-05-11,2024-04-24,Completed,100.0,AGY-WSS-05,Public Health Engineering & Water Supply Dept,2,5,True,PUBLIC DATA
MPL-2024-BI-001329,REC-2023-1329,Rajya Sabha,18th Lok Sabha (2024-Present),MP-RA-17-64,Dr. Ravi Shankar Sinha (Hon'ble MP),"Health Diagnostic Equipment at Jethuli, Block Bakhtiarpur",Health & Sanitation,Health Diagnostic Equipment,Bihar,Patna,Patna Sahib,Bakhtiarpur,Jethuli,25.6429,85.1804,930000.0,930000.0,930000.0,0.0,2023-04-18,2023-06-16,2023-07-11,2023-11-20,2023-10-31,Completed,100.0,AGY-PWD-01,Public Works Department (PWD) Division I,3,6,True,PUBLIC DATA
MPL-2024-WE-001330,REC-2023-1330,Lok Sabha,18th Lok Sabha (2024-Present),MP-LO-17-12,Smt. Mahua Mitra (Hon'ble MP),"Paver Block Road at Debagram, Block Nakashipara",Rural Roads & Bridges,Paver Block Road,West Bengal,Nadia,Krishnanagar,Nakashipara,Debagram,23.4224,88.4596,4760000.0,4760000.0,1859000.0,2901000.0,2023-07-25,2023-09-07,2023-09-27,2024-03-25,,Delayed,43.4,AGY-PWD-01,Public Works Department (PWD) Division I,1,2,False,PUBLIC DATA
MPL-2024-RA-001331,REC-2023-1331,Lok Sabha,17th Lok Sabha (2023-24),MP-LO-17-18,Smt. Manju Meena (Hon'ble MP),"Primary Health Sub-Centre Building at Achrol, Block Sanganer",Health & Sanitation,Primary Health Sub-Centre Building,Rajasthan,Jaipur,Jaipur Rural,Sanganer,Achrol,26.8422,75.8391,1010000.0,1010000.0,715000.0,295000.0,2023-07-04,2023-08-24,2023-09-04,2024-03-28,,Ongoing,63.8,AGY-RWD-02,Rural Works Department (RWD) Engineering Wing,3,4,False,PUBLIC DATA
MPL-2024-BI-001332,REC-2023-1332,Lok Sabha,17th Lok Sabha (2023-24),MP-LO-17-41,Dr. Ravi Shankar Sinha (Hon'ble MP),"Crematorium Shed with Amenities at Sabbalpur, Block Danapur",Community Infrastructure,Crematorium Shed with Amenities,Bihar,Patna,Patna Sahib,Danapur,Sabbalpur,25.6543,85.1742,2670000.0,2670000.0,2670000.0,0.0,2023-06-08,2023-06-29,2023-07-19,2023-12-12,2023-12-25,Completed,100.0,AGY-WSS-05,Public Health Engineering & Water Supply Dept,4,6,True,PUBLIC DATA
MPL-2024-BI-001333,REC-2023-1333,Lok Sabha,17th Lok Sabha (2023-24),MP-LO-17-56,Dr. Ravi Shankar Sinha (Hon'ble MP),"Panchayat Community Hall at Sabbalpur, Block Danapur",Community Infrastructure,Panchayat Community Hall,Bihar,Patna,Patna Sahib,Danapur,Sabbalpur,25.5306,85.178,1450000.0,1450000.0,207000.0,1243000.0,2023-05-19,2023-06-13,2023-07-13,2024-03-03,,Delayed,15.9,AGY-ZP-03,Zila Parishad Rural Infrastructure Cell,1,2,False,PUBLIC DATA
MPL-2024-WE-001334,REC-2023-1334,Lok Sabha,18th Lok Sabha (2024-Present),MP-LO-17-83,Smt. Mahua Mitra (Hon'ble MP),"Public Bus Passenger Shelter at Debagram, Block Krishnanagar-I",Community Infrastructure,Public Bus Passenger Shelter,West Bengal,Nadia,Krishnanagar,Krishnanagar-I,Debagram,23.3244,88.5369,3310000.0,3310000.0,1046000.0,2264000.0,2023-07-25,2023-09-07,2023-09-19,2024-03-10,,Delayed,35.1,AGY-WSS-05,Public Health Engineering & Water Supply Dept,1,2,False,PUBLIC DATA
MPL-2024-KA-001335,REC-2023-1335,Lok Sabha,17th Lok Sabha (2023-24),MP-LO-17-15,Shri K. Venkatesh (Hon'ble MP),"Crematorium Shed with Amenities at Doddaballapur Rd, Block Yelahanka",Community Infrastructure,Crematorium Shed with Amenities,Karnataka,Bengaluru Urban,Bangalore North,Yelahanka,Doddaballapur Rd,13.0307,77.5471,1430000.0,1430000.0,288000.0,1142000.0,2023-11-24,2024-01-15,2024-01-28,2024-07-07,,Delayed,22.4,AGY-DRDA-04,District Rural Development Agency (DRDA),1,2,False,PUBLIC DATA
MPL-2024-KA-001336,REC-2023-1336,Rajya Sabha,18th Lok Sabha (2024-Present),MP-RA-17-16,Shri K. Venkatesh (Hon'ble MP),"Smart Digital Library Block at Mandur, Block Bengaluru North",Education & Classrooms,Smart Digital Library Block,Karnataka,Bengaluru Urban,Bangalore North,Bengaluru North,Mandur,12.9308,77.5306,1380000.0,1380000.0,1380000.0,0.0,2023-10-08,2023-12-05,2023-12-23,2024-07-08,2024-07-02,Completed,100.0,AGY-DRDA-04,District Rural Development Agency (DRDA),2,3,True,PUBLIC DATA
MPL-2024-UT-001337,REC-2023-1337,Lok Sabha,17th Lok Sabha (2023-24),MP-LO-17-28,Shri Ramakant Sharma (Hon'ble MP),"Piped Water Overhead Tank at Chhatar, Block Sewapuri",Drinking Water,Piped Water Overhead Tank,Uttar Pradesh,Varanasi,Varanasi,Sewapuri,Chhatar,25.316,83.0442,2050000.0,2050000.0,2050000.0,0.0,2024-05-03,2024-06-09,2024-06-25,2024-11-16,2024-11-25,Completed,100.0,AGY-ZP-03,Zila Parishad Rural Infrastructure Cell,4,4,True,PUBLIC DATA
MPL-2024-AS-001338,REC-2023-1338,Lok Sabha,17th Lok Sabha (2023-24),MP-LO-17-18,Smt. Queen Oja (Hon'ble MP),"Additional Classroom Building at Sualkuchi, Block Chaygaon",Education & Classrooms,Additional Classroom Building,Assam,Kamrup,Gauhati,Chaygaon,Sualkuchi,26.1012,91.7491,2630000.0,2630000.0,2630000.0,0.0,2023-06-27,2023-08-10,2023-08-21,2024-04-06,2024-05-16,Completed,100.0,AGY-RWD-02,Rural Works Department (RWD) Engineering Wing,3,2,True,PUBLIC DATA
MPL-2024-UT-001339,REC-2023-1339,Lok Sabha,18th Lok Sabha (2024-Present),MP-LO-17-55,Shri Ramakant Sharma (Hon'ble MP),"Hand Pump Installation Cluster at Harahua, Block Kashi Vidyapeeth",Drinking Water,Hand Pump Installation Cluster,Uttar Pradesh,Varanasi,Varanasi,Kashi Vidyapeeth,Harahua,25.382,82.9079,1680000.0,1680000.0,792000.0,888000.0,2023-10-14,2023-11-02,2023-12-01,2024-04-28,,Delayed,52.4,AGY-XYZ-99,XYZ Infrastructure & Construction Private Ltd,2,0,False,PUBLIC DATA
MPL-2024-AS-001340,REC-2023-1340,Lok Sabha,17th Lok Sabha (2023-24),MP-LO-17-89,Smt. Queen Oja (Hon'ble MP),"Deep Borewell & Solar Pump System at Dadara, Block Hajo",Drinking Water,Deep Borewell & Solar Pump System,Assam,Kamrup,Gauhati,Hajo,Dadara,26.1366,91.7525,520000.0,520000.0,520000.0,0.0,2023-05-18,2023-07-15,2023-07-29,2023-12-13,2023-12-02,Completed,100.0,AGY-XYZ-99,XYZ Infrastructure & Construction Private Ltd,4,4,True,PUBLIC DATA
MPL-2024-MA-001341,REC-2023-1341,Rajya Sabha,17th Lok Sabha (2023-24),MP-RA-17-92,Shri Naresh Rao (Hon'ble MP),"Village Waste Segregation Shed at Padgha, Block Shahapur",Health & Sanitation,Village Waste Segregation Shed,Maharashtra,Thane,Thane,Shahapur,Padgha,19.2742,72.9696,1950000.0,1950000.0,1950000.0,0.0,2024-05-11,2024-05-29,2024-06-18,2024-11-16,2024-12-16,Completed,100.0,AGY-ZP-03,Zila Parishad Rural Infrastructure Cell,4,5,True,PUBLIC DATA
MPL-2024-WE-001342,REC-2023-1342,Lok Sabha,18th Lok Sabha (2024-Present),MP-LO-17-71,Smt. Mahua Mitra (Hon'ble MP),"Rooftop Solar for Govt Hospital at Tehatta, Block Nakashipara",Solar & Renewable Energy,Rooftop Solar for Govt Hospital,West Bengal,Nadia,Krishnanagar,Nakashipara,Tehatta,23.3801,88.5372,450000.0,450000.0,318000.0,132000.0,2024-02-19,2024-04-16,2024-05-03,2024-09-19,,Ongoing,73.1,AGY-ZP-03,Zila Parishad Rural Infrastructure Cell,3,3,False,PUBLIC DATA
MPL-2024-RA-001343,REC-2023-1343,Lok Sabha,18th Lok Sabha (2024-Present),MP-LO-17-59,Smt. Manju Meena (Hon'ble MP),"School Science Laboratory at Manoharpur, Block Amer",Education & Classrooms,School Science Laboratory,Rajasthan,Jaipur,Jaipur Rural,Amer,Manoharpur,26.976,75.8454,2440000.0,2440000.0,2440000.0,0.0,2024-04-04,2024-05-20,2024-06-13,2025-01-10,2025-01-10,Completed,100.0,AGY-RWD-02,Rural Works Department (RWD) Engineering Wing,4,2,True,PUBLIC DATA
MPL-2024-KE-001344,REC-2023-1344,Lok Sabha,17th Lok Sabha (2023-24),MP-LO-17-87,Shri Hibi Eden (Hon'ble MP),"Piped Water Overhead Tank at Edappally, Block Aluva",Drinking Water,Piped Water Overhead Tank,Kerala,Ernakulam,Ernakulam,Aluva,Edappally,9.911,76.3672,3060000.0,3060000.0,3060000.0,0.0,2023-10-09,2023-11-23,2023-12-13,2024-05-28,2024-06-22,Completed,100.0,AGY-ZP-03,Zila Parishad Rural Infrastructure Cell,4,5,False,PUBLIC DATA
MPL-2024-WE-001345,REC-2023-1345,Lok Sabha,18th Lok Sabha (2024-Present),MP-LO-17-65,Smt. Mahua Mitra (Hon'ble MP),"Hand Pump Installation Cluster at Mayapur, Block Nakashipara",Drinking Water,Hand Pump Installation Cluster,West Bengal,Nadia,Krishnanagar,Nakashipara,Mayapur,23.4513,88.5445,550000.0,550000.0,188000.0,362000.0,2024-04-16,2024-06-11,2024-07-03,2025-01-27,,Ongoing,36.7,AGY-ZP-03,Zila Parishad Rural Infrastructure Cell,3,1,False,PUBLIC DATA
MPL-2024-AS-001346,REC-2023-1346,Lok Sabha,17th Lok Sabha (2023-24),MP-LO-17-47,Smt. Queen Oja (Hon'ble MP),"Smart Digital Library Block at Dadara, Block Chaygaon",Education & Classrooms,Smart Digital Library Block,Assam,Kamrup,Gauhati,Chaygaon,Dadara,26.1555,91.6575,1520000.0,1520000.0,811000.0,709000.0,2023-11-19,2024-01-17,2024-02-11,2024-07-16,,Delayed,59.3,AGY-XYZ-99,XYZ Infrastructure & Construction Private Ltd,2,0,False,PUBLIC DATA
MPL-2024-BI-001347,REC-2023-1347,Rajya Sabha,17th Lok Sabha (2023-24),MP-RA-17-72,Dr. Ravi Shankar Sinha (Hon'ble MP),"School Boundary Wall & Sanitation at Jethuli, Block Sampatchak",Education & Classrooms,School Boundary Wall & Sanitation,Bihar,Patna,Patna Sahib,Sampatchak,Jethuli,25.5984,85.1486,2230000.0,2230000.0,1474000.0,756000.0,2023-08-26,2023-10-16,2023-11-06,2024-05-27,,Ongoing,59.9,AGY-RWD-02,Rural Works Department (RWD) Engineering Wing,1,4,False,PUBLIC DATA
MPL-2024-WE-001348,REC-2023-1348,Lok Sabha,18th Lok Sabha (2024-Present),MP-LO-17-61,Smt. Mahua Mitra (Hon'ble MP),"Piped Water Overhead Tank at Debagram, Block Nakashipara",Drinking Water,Piped Water Overhead Tank,West Bengal,Nadia,Krishnanagar,Nakashipara,Debagram,23.4002,88.4951,630000.0,630000.0,228000.0,402000.0,2024-05-27,2024-07-03,2024-07-26,2025-02-08,,Ongoing,31.5,AGY-PWD-01,Public Works Department (PWD) Division I,1,2,False,PUBLIC DATA
MPL-2024-RA-001349,REC-2023-1349,Rajya Sabha,17th Lok Sabha (2023-24),MP-RA-17-64,Smt. Manju Meena (Hon'ble MP),"High-Mast Solar Lighting Chowk at Nayla, Block Shahpura",Solar & Renewable Energy,High-Mast Solar Lighting Chowk,Rajasthan,Jaipur,Jaipur Rural,Shahpura,Nayla,26.8583,75.8227,660000.0,660000.0,660000.0,0.0,2023-10-25,2023-11-25,2023-12-23,2024-08-06,2024-08-10,Completed,100.0,AGY-RWD-02,Rural Works Department (RWD) Engineering Wing,3,2,True,PUBLIC DATA
MPL-2024-KE-001350,REC-2023-1350,Rajya Sabha,18th Lok Sabha (2024-Present),MP-RA-17-42,Shri Hibi Eden (Hon'ble MP),"Public Bus Passenger Shelter at Perumbavoor, Block Paravur",Community Infrastructure,Public Bus Passenger Shelter,Kerala,Ernakulam,Ernakulam,Paravur,Perumbavoor,9.9835,76.2603,1030000.0,1030000.0,1030000.0,0.0,2023-04-11,2023-06-04,2023-06-23,2023-11-27,2023-11-16,Completed,100.0,AGY-RWD-02,Rural Works Department (RWD) Engineering Wing,3,5,True,PUBLIC DATA
MPL-2024-AS-001351,REC-2023-1351,Rajya Sabha,17th Lok Sabha (2023-24),MP-RA-17-47,Smt. Queen Oja (Hon'ble MP),"CC Road Construction at Sualkuchi, Block Chaygaon",Rural Roads & Bridges,CC Road Construction,Assam,Kamrup,Gauhati,Chaygaon,Sualkuchi,26.2056,91.707,2070000.0,2070000.0,783000.0,1287000.0,2023-07-29,2023-09-13,2023-09-25,2024-03-05,,Ongoing,40.1,AGY-WSS-05,Public Health Engineering & Water Supply Dept,3,3,False,PUBLIC DATA
MPL-2024-KA-001352,REC-2023-1352,Lok Sabha,17th Lok Sabha (2023-24),MP-LO-17-10,Shri K. Venkatesh (Hon'ble MP),"Culvert & Drainage Bridge at Hesaraghatta, Block Anekal",Rural Roads & Bridges,Culvert & Drainage Bridge,Karnataka,Bengaluru Urban,Bangalore North,Anekal,Hesaraghatta,13.0485,77.5555,1970000.0,1970000.0,1970000.0,0.0,2024-04-09,2024-05-12,2024-06-07,2024-11-04,2024-10-25,Completed,100.0,AGY-DRDA-04,District Rural Development Agency (DRDA),3,5,True,PUBLIC DATA
MPL-2024-BI-001353,REC-2023-1353,Rajya Sabha,18th Lok Sabha (2024-Present),MP-RA-17-40,Dr. Ravi Shankar Sinha (Hon'ble MP),"Primary Health Sub-Centre Building at Jethuli, Block Sampatchak",Health & Sanitation,Primary Health Sub-Centre Building,Bihar,Patna,Patna Sahib,Sampatchak,Jethuli,25.6181,85.1186,2930000.0,2930000.0,770000.0,2160000.0,2023-12-14,2024-01-31,2024-02-15,2024-09-06,,Delayed,29.2,AGY-PWD-01,Public Works Department (PWD) Division I,1,2,False,PUBLIC DATA
MPL-2024-KE-001354,REC-2023-1354,Rajya Sabha,17th Lok Sabha (2023-24),MP-RA-17-93,Shri Hibi Eden (Hon'ble MP),"Community Public Toilet Complex at Cherai, Block Aluva",Health & Sanitation,Community Public Toilet Complex,Kerala,Ernakulam,Ernakulam,Aluva,Cherai,9.9395,76.3102,1640000.0,1640000.0,1171000.0,469000.0,2024-01-04,2024-02-05,2024-02-29,2024-08-07,,Ongoing,63.6,AGY-DRDA-04,District Rural Development Agency (DRDA),2,2,False,PUBLIC DATA
MPL-2024-KA-001355,REC-2023-1355,Lok Sabha,18th Lok Sabha (2024-Present),MP-LO-17-82,Shri K. Venkatesh (Hon'ble MP),"Rooftop Solar for Govt Hospital at Singanayakanahalli, Block Anekal",Solar & Renewable Energy,Rooftop Solar for Govt Hospital,Karnataka,Bengaluru Urban,Bangalore North,Anekal,Singanayakanahalli,13.0078,77.621,520000.0,520000.0,316000.0,204000.0,2024-01-14,2024-02-29,2024-03-23,2024-08-06,,Ongoing,53.6,AGY-RWD-02,Rural Works Department (RWD) Engineering Wing,2,2,False,PUBLIC DATA
MPL-2024-BI-001356,REC-2023-1356,Lok Sabha,18th Lok Sabha (2024-Present),MP-LO-17-33,Dr. Ravi Shankar Sinha (Hon'ble MP),"High-Mast Solar Lighting Chowk at Ranipur, Block Fatuha",Solar & Renewable Energy,High-Mast Solar Lighting Chowk,Bihar,Patna,Patna Sahib,Fatuha,Ranipur,25.5885,85.0787,2150000.0,2150000.0,2150000.0,0.0,2023-12-23,2024-02-12,2024-02-25,2024-09-20,2024-10-25,Completed,100.0,AGY-WSS-05,Public Health Engineering & Water Supply Dept,2,4,True,PUBLIC DATA
MPL-2024-KA-001357,REC-2023-1357,Lok Sabha,17th Lok Sabha (2023-24),MP-LO-17-54,Shri K. Venkatesh (Hon'ble MP),"Public Bus Passenger Shelter at Mandur, Block K.R. Puram",Community Infrastructure,Public Bus Passenger Shelter,Karnataka,Bengaluru Urban,Bangalore North,K.R. Puram,Mandur,12.9157,77.6272,4610000.0,4610000.0,1817000.0,2793000.0,2023-05-09,2023-06-03,2023-06-16,2023-11-21,,Delayed,43.8,AGY-PWD-01,Public Works Department (PWD) Division I,1,1,False,PUBLIC DATA
MPL-2024-UT-001358,REC-2023-1358,Lok Sabha,17th Lok Sabha (2023-24),MP-LO-17-66,Shri Ramakant Sharma (Hon'ble MP),"Crematorium Shed with Amenities at Rampur, Block Arajiline",Community Infrastructure,Crematorium Shed with Amenities,Uttar Pradesh,Varanasi,Varanasi,Arajiline,Rampur,25.2604,83.0205,1900000.0,1900000.0,439000.0,1461000.0,2024-05-10,2024-06-03,2024-06-28,2024-12-31,,Delayed,25.7,AGY-WSS-05,Public Health Engineering & Water Supply Dept,1,2,False,PUBLIC DATA
MPL-2024-AS-001359,REC-2023-1359,Lok Sabha,18th Lok Sabha (2024-Present),MP-LO-17-36,Smt. Queen Oja (Hon'ble MP),"Senior Citizen Recreation Shed at Mirza, Block Rangia",Community Infrastructure,Senior Citizen Recreation Shed,Assam,Kamrup,Gauhati,Rangia,Mirza,26.1799,91.7913,1460000.0,1460000.0,644000.0,816000.0,2024-01-29,2024-03-17,2024-03-31,2024-08-26,,Ongoing,45.4,AGY-DRDA-04,District Rural Development Agency (DRDA),3,1,False,PUBLIC DATA
MPL-2024-WE-001360,REC-2023-1360,Lok Sabha,18th Lok Sabha (2024-Present),MP-LO-17-70,Smt. Mahua Mitra (Hon'ble MP),"Rooftop Solar for Govt Hospital at Dhubulia, Block Krishnanagar-I",Solar & Renewable Energy,Rooftop Solar for Govt Hospital,West Bengal,Nadia,Krishnanagar,Krishnanagar-I,Dhubulia,23.4375,88.5517,1230000.0,1230000.0,1230000.0,0.0,2024-05-25,2024-06-13,2024-07-01,2025-01-20,2025-01-23,Completed,100.0,AGY-ZP-03,Zila Parishad Rural Infrastructure Cell,3,3,True,PUBLIC DATA
MPL-2024-MA-001361,REC-2023-1361,Lok Sabha,17th Lok Sabha (2023-24),MP-LO-17-87,Shri Naresh Rao (Hon'ble MP),"School Science Laboratory at Saralgaon, Block Murbad",Education & Classrooms,School Science Laboratory,Maharashtra,Thane,Thane,Murbad,Saralgaon,19.1846,73.025,1700000.0,1700000.0,1386000.0,314000.0,2023-08-30,2023-10-15,2023-11-09,2024-04-21,,Ongoing,74.1,AGY-DRDA-04,District Rural Development Agency (DRDA),2,2,False,PUBLIC DATA
MPL-2024-RA-001362,REC-2023-1362,Rajya Sabha,18th Lok Sabha (2024-Present),MP-RA-17-62,Smt. Manju Meena (Hon'ble MP),"Community Public Toilet Complex at Bassi, Block Sanganer",Health & Sanitation,Community Public Toilet Complex,Rajasthan,Jaipur,Jaipur Rural,Sanganer,Bassi,26.8972,75.8493,2180000.0,2180000.0,938000.0,1242000.0,2023-11-24,2023-12-09,2024-01-02,2024-08-14,,Delayed,47.8,AGY-PWD-01,Public Works Department (PWD) Division I,1,1,False,PUBLIC DATA
MPL-2024-UT-001363,REC-2023-1363,Rajya Sabha,18th Lok Sabha (2024-Present),MP-RA-17-42,Shri Ramakant Sharma (Hon'ble MP),"School Science Laboratory at Badagaon, Block Arajiline",Education & Classrooms,School Science Laboratory,Uttar Pradesh,Varanasi,Varanasi,Arajiline,Badagaon,25.2954,82.9169,2550000.0,2550000.0,888000.0,1662000.0,2023-12-22,2024-01-22,2024-02-12,2024-06-26,,Delayed,38.7,AGY-WSS-05,Public Health Engineering & Water Supply Dept,1,1,False,PUBLIC DATA
MPL-2024-MA-001364,REC-2023-1364,Lok Sabha,18th Lok Sabha (2024-Present),MP-LO-17-53,Shri Naresh Rao (Hon'ble MP),"Village Waste Segregation Shed at Tokawade, Block Bhiwandi",Health & Sanitation,Village Waste Segregation Shed,Maharashtra,Thane,Thane,Bhiwandi,Tokawade,19.2688,72.9394,920000.0,920000.0,920000.0,0.0,2023-06-21,2023-08-19,2023-08-31,2024-02-17,2024-02-08,Completed,100.0,AGY-XYZ-99,XYZ Infrastructure & Construction Private Ltd,3,5,True,PUBLIC DATA
MPL-2024-WE-001365,REC-2023-1365,Lok Sabha,17th Lok Sabha (2023-24),MP-LO-17-33,Smt. Mahua Mitra (Hon'ble MP),"Health Diagnostic Equipment at Tehatta, Block Krishnanagar-I",Health & Sanitation,Health Diagnostic Equipment,West Bengal,Nadia,Krishnanagar,Krishnanagar-I,Tehatta,23.4345,88.4872,710000.0,710000.0,367000.0,343000.0,2023-11-09,2023-11-30,2023-12-25,2024-06-08,,Ongoing,59.3,AGY-PWD-01,Public Works Department (PWD) Division I,2,3,False,PUBLIC DATA
MPL-2024-KE-001366,REC-2023-1366,Lok Sabha,17th Lok Sabha (2023-24),MP-LO-17-57,Shri Hibi Eden (Hon'ble MP),"Senior Citizen Recreation Shed at Perumbavoor, Block Muvattupuzha",Community Infrastructure,Senior Citizen Recreation Shed,Kerala,Ernakulam,Ernakulam,Muvattupuzha,Perumbavoor,9.9774,76.2378,3130000.0,3130000.0,2009000.0,1121000.0,2024-02-04,2024-03-24,2024-04-21,2024-11-13,,Ongoing,59.1,AGY-ZP-03,Zila Parishad Rural Infrastructure Cell,2,1,False,PUBLIC DATA
MPL-2024-UT-001367,REC-2023-1367,Rajya Sabha,17th Lok Sabha (2023-24),MP-RA-17-34,Shri Ramakant Sharma (Hon'ble MP),"Crematorium Shed with Amenities at Tikari, Block Kashi Vidyapeeth",Community Infrastructure,Crematorium Shed with Amenities,Uttar Pradesh,Varanasi,Varanasi,Kashi Vidyapeeth,Tikari,25.3922,82.9828,1760000.0,1760000.0,873000.0,887000.0,2024-04-22,2024-06-17,2024-07-13,2025-01-15,,Ongoing,57.9,AGY-XYZ-99,XYZ Infrastructure & Construction Private Ltd,3,3,False,PUBLIC DATA
MPL-2024-BI-001368,REC-2023-1368,Lok Sabha,18th Lok Sabha (2024-Present),MP-LO-17-47,Dr. Ravi Shankar Sinha (Hon'ble MP),"Primary Health Sub-Centre Building at Baikatpur, Block Danapur",Health & Sanitation,Primary Health Sub-Centre Building,Bihar,Patna,Patna Sahib,Danapur,Baikatpur,25.5487,85.1495,1160000.0,1160000.0,1160000.0,0.0,2024-06-03,2024-06-25,2024-07-05,2024-11-11,2024-11-15,Completed,100.0,AGY-WSS-05,Public Health Engineering & Water Supply Dept,3,3,True,PUBLIC DATA
MPL-2024-KA-001369,REC-2023-1369,Lok Sabha,18th Lok Sabha (2024-Present),MP-LO-17-80,Shri K. Venkatesh (Hon'ble MP),"School Boundary Wall & Sanitation at Singanayakanahalli, Block Yelahanka",Education & Classrooms,School Boundary Wall & Sanitation,Karnataka,Bengaluru Urban,Bangalore North,Yelahanka,Singanayakanahalli,12.9438,77.6711,2310000.0,2310000.0,2310000.0,0.0,2023-10-28,2023-12-12,2024-01-07,2024-07-06,2024-08-09,Completed,100.0,AGY-WSS-05,Public Health Engineering & Water Supply Dept,4,6,True,PUBLIC DATA
MPL-2024-WE-001370,REC-2023-1370,Lok Sabha,17th Lok Sabha (2023-24),MP-LO-17-53,Smt. Mahua Mitra (Hon'ble MP),"Panchayat Community Hall at Bethuadahari, Block Nabadwip",Community Infrastructure,Panchayat Community Hall,West Bengal,Nadia,Krishnanagar,Nabadwip,Bethuadahari,23.3747,88.4472,3170000.0,3170000.0,1050000.0,2120000.0,2023-07-26,2023-08-18,2023-09-17,2024-02-13,,Ongoing,28.9,AGY-PWD-01,Public Works Department (PWD) Division I,1,4,False,PUBLIC DATA
MPL-2024-BI-001371,REC-2023-1371,Lok Sabha,17th Lok Sabha (2023-24),MP-LO-17-49,Dr. Ravi Shankar Sinha (Hon'ble MP),"High-Mast Solar Lighting Chowk at Jethuli, Block Sampatchak",Solar & Renewable Energy,High-Mast Solar Lighting Chowk,Bihar,Patna,Patna Sahib,Sampatchak,Jethuli,25.6011,85.0962,920000.0,920000.0,920000.0,0.0,2024-06-10,2024-07-24,2024-08-05,2024-12-14,2025-01-02,Completed,100.0,AGY-WSS-05,Public Health Engineering & Water Supply Dept,2,3,True,PUBLIC DATA
MPL-2024-BI-001372,REC-2023-1372,Lok Sabha,17th Lok Sabha (2023-24),MP-LO-17-64,Dr. Ravi Shankar Sinha (Hon'ble MP),"Health Diagnostic Equipment at Gauri Chak, Block Danapur",Health & Sanitation,Health Diagnostic Equipment,Bihar,Patna,Patna Sahib,Danapur,Gauri Chak,25.5176,85.1427,2100000.0,2100000.0,612000.0,1488000.0,2023-10-16,2023-11-24,2023-12-08,2024-05-19,,Delayed,32.4,AGY-DRDA-04,District Rural Development Agency (DRDA),1,1,False,PUBLIC DATA
MPL-2024-MA-001373,REC-2023-1373,Lok Sabha,17th Lok Sabha (2023-24),MP-LO-17-28,Shri Naresh Rao (Hon'ble MP),"Crematorium Shed with Amenities at Padgha, Block Kalyan",Community Infrastructure,Crematorium Shed with Amenities,Maharashtra,Thane,Thane,Kalyan,Padgha,19.1545,72.9644,4230000.0,4230000.0,4230000.0,0.0,2024-03-03,2024-04-06,2024-04-18,2024-10-17,2024-09-29,Completed,100.0,AGY-XYZ-99,XYZ Infrastructure & Construction Private Ltd,2,3,True,PUBLIC DATA
MPL-2024-RA-001374,REC-2023-1374,Lok Sabha,17th Lok Sabha (2023-24),MP-LO-17-23,Smt. Manju Meena (Hon'ble MP),"Public Bus Passenger Shelter at Bassi, Block Shahpura",Community Infrastructure,Public Bus Passenger Shelter,Rajasthan,Jaipur,Jaipur Rural,Shahpura,Bassi,26.9814,75.8215,2220000.0,2220000.0,2220000.0,0.0,2024-06-15,2024-08-10,2024-08-22,2025-01-18,2025-01-15,Completed,100.0,AGY-PWD-01,Public Works Department (PWD) Division I,2,6,True,PUBLIC DATA
MPL-2024-KE-001375,REC-2023-1375,Lok Sabha,17th Lok Sabha (2023-24),MP-LO-17-11,Shri Hibi Eden (Hon'ble MP),"Culvert & Drainage Bridge at Kalamassery, Block Muvattupuzha",Rural Roads & Bridges,Culvert & Drainage Bridge,Kerala,Ernakulam,Ernakulam,Muvattupuzha,Kalamassery,9.9426,76.3185,5770000.0,5770000.0,5770000.0,0.0,2024-01-31,2024-03-10,2024-04-02,2024-11-14,2024-11-01,Completed,100.0,AGY-WSS-05,Public Health Engineering & Water Supply Dept,3,6,True,PUBLIC DATA
MPL-2024-RA-001376,REC-2023-1376,Lok Sabha,17th Lok Sabha (2023-24),MP-LO-17-29,Smt. Manju Meena (Hon'ble MP),"Panchayat Community Hall at Bagru, Block Shahpura",Community Infrastructure,Panchayat Community Hall,Rajasthan,Jaipur,Jaipur Rural,Shahpura,Bagru,26.9376,75.8029,1610000.0,1610000.0,1610000.0,0.0,2024-06-20,2024-08-02,2024-08-18,2025-02-24,2025-04-03,Completed,100.0,AGY-DRDA-04,District Rural Development Agency (DRDA),4,5,True,PUBLIC DATA
MPL-2024-WE-001377,REC-2023-1377,Lok Sabha,17th Lok Sabha (2023-24),MP-LO-17-67,Smt. Mahua Mitra (Hon'ble MP),"Primary Health Sub-Centre Building at Dhubulia, Block Nakashipara",Health & Sanitation,Primary Health Sub-Centre Building,West Bengal,Nadia,Krishnanagar,Nakashipara,Dhubulia,23.342,88.5235,1340000.0,1340000.0,1033000.0,307000.0,2023-05-16,2023-06-01,2023-06-14,2023-11-05,,Ongoing,76.7,AGY-PWD-01,Public Works Department (PWD) Division I,1,2,False,PUBLIC DATA
MPL-2024-AS-001378,REC-2023-1378,Lok Sabha,17th Lok Sabha (2023-24),MP-LO-17-48,Smt. Queen Oja (Hon'ble MP),"Community Public Toilet Complex at Dadara, Block Bezera",Health & Sanitation,Community Public Toilet Complex,Assam,Kamrup,Gauhati,Bezera,Dadara,26.1571,91.7128,1200000.0,1200000.0,1200000.0,0.0,2024-02-07,2024-02-22,2024-03-22,2024-10-10,2024-11-03,Completed,100.0,AGY-WSS-05,Public Health Engineering & Water Supply Dept,3,4,True,PUBLIC DATA
MPL-2024-BI-001379,REC-2023-1379,Rajya Sabha,17th Lok Sabha (2023-24),MP-RA-17-70,Dr. Ravi Shankar Sinha (Hon'ble MP),"Rooftop Solar for Govt Hospital at Gauri Chak, Block Sampatchak",Solar & Renewable Energy,Rooftop Solar for Govt Hospital,Bihar,Patna,Patna Sahib,Sampatchak,Gauri Chak,25.5416,85.144,1300000.0,1300000.0,1300000.0,0.0,2024-02-12,2024-03-04,2024-03-24,2024-09-03,2024-10-09,Completed,100.0,AGY-ZP-03,Zila Parishad Rural Infrastructure Cell,4,4,True,PUBLIC DATA
MPL-2024-BI-001380,REC-2023-1380,Lok Sabha,17th Lok Sabha (2023-24),MP-LO-17-45,Dr. Ravi Shankar Sinha (Hon'ble MP),"Health Diagnostic Equipment at Gauri Chak, Block Bakhtiarpur",Health & Sanitation,Health Diagnostic Equipment,Bihar,Patna,Patna Sahib,Bakhtiarpur,Gauri Chak,25.6622,85.1385,1220000.0,1220000.0,1220000.0,0.0,2023-10-06,2023-11-30,2023-12-27,2024-04-30,2024-05-17,Completed,100.0,AGY-RWD-02,Rural Works Department (RWD) Engineering Wing,2,2,False,PUBLIC DATA
MPL-2024-MA-001381,REC-2023-1381,Rajya Sabha,17th Lok Sabha (2023-24),MP-RA-17-34,Shri Naresh Rao (Hon'ble MP),"School Boundary Wall & Sanitation at Tokawade, Block Bhiwandi",Education & Classrooms,School Boundary Wall & Sanitation,Maharashtra,Thane,Thane,Bhiwandi,Tokawade,19.2439,73.038,1550000.0,1550000.0,552000.0,998000.0,2024-04-02,2024-05-26,2024-06-16,2024-11-30,,Ongoing,36.9,AGY-RWD-02,Rural Works Department (RWD) Engineering Wing,3,1,False,PUBLIC DATA
MPL-2024-UT-001382,REC-2023-1382,Lok Sabha,18th Lok Sabha (2024-Present),MP-LO-17-85,Shri Ramakant Sharma (Hon'ble MP),"Smart Digital Library Block at Babatpur, Block Cholapur",Education & Classrooms,Smart Digital Library Block,Uttar Pradesh,Varanasi,Varanasi,Cholapur,Babatpur,25.3851,83.0262,1280000.0,1280000.0,821000.0,459000.0,2024-01-31,2024-03-22,2024-04-09,2024-11-14,,Ongoing,67.7,AGY-PWD-01,Public Works Department (PWD) Division I,2,1,False,PUBLIC DATA
MPL-2024-AS-001383,REC-2023-1383,Lok Sabha,18th Lok Sabha (2024-Present),MP-LO-17-59,Smt. Queen Oja (Hon'ble MP),"Hand Pump Installation Cluster at Mirza, Block Hajo",Drinking Water,Hand Pump Installation Cluster,Assam,Kamrup,Gauhati,Hajo,Mirza,26.1277,91.687,780000.0,780000.0,592000.0,188000.0,2024-06-05,2024-07-13,2024-08-06,2024-12-12,,Ongoing,76.6,AGY-PWD-01,Public Works Department (PWD) Division I,1,4,False,PUBLIC DATA
MPL-2024-KA-001384,REC-2023-1384,Rajya Sabha,18th Lok Sabha (2024-Present),MP-RA-17-40,Shri K. Venkatesh (Hon'ble MP),"Senior Citizen Recreation Shed at Doddaballapur Rd, Block Yelahanka",Community Infrastructure,Senior Citizen Recreation Shed,Karnataka,Bengaluru Urban,Bangalore North,Yelahanka,Doddaballapur Rd,12.8976,77.6155,1990000.0,1990000.0,1407000.0,583000.0,2023-08-28,2023-09-20,2023-10-13,2024-02-20,,Ongoing,76.2,AGY-DRDA-04,District Rural Development Agency (DRDA),3,2,False,PUBLIC DATA
MPL-2024-BI-001385,REC-2023-1385,Lok Sabha,18th Lok Sabha (2024-Present),MP-LO-17-19,Dr. Ravi Shankar Sinha (Hon'ble MP),"Link Road Widening at Jethuli, Block Phulwari Sharif",Rural Roads & Bridges,Link Road Widening,Bihar,Patna,Patna Sahib,Phulwari Sharif,Jethuli,25.5796,85.1644,3360000.0,3360000.0,1268000.0,2092000.0,2023-11-02,2023-12-12,2024-01-03,2024-05-11,,Ongoing,42.8,AGY-WSS-05,Public Health Engineering & Water Supply Dept,2,1,False,PUBLIC DATA
MPL-2024-UT-001386,REC-2023-1386,Lok Sabha,18th Lok Sabha (2024-Present),MP-LO-17-51,Shri Ramakant Sharma (Hon'ble MP),"School Science Laboratory at Badagaon, Block Pindra",Education & Classrooms,School Science Laboratory,Uttar Pradesh,Varanasi,Varanasi,Pindra,Badagaon,25.2789,82.9966,2260000.0,2260000.0,2260000.0,0.0,2023-08-12,2023-09-29,2023-10-17,2024-06-06,2024-05-30,Completed,100.0,AGY-ZP-03,Zila Parishad Rural Infrastructure Cell,2,6,True,PUBLIC DATA
MPL-2024-KE-001387,REC-2023-1387,Lok Sabha,18th Lok Sabha (2024-Present),MP-LO-17-23,Shri Hibi Eden (Hon'ble MP),"Solar Street Light Grid (50 poles) at Cherai, Block Aluva",Solar & Renewable Energy,Solar Street Light Grid (50 poles),Kerala,Ernakulam,Ernakulam,Aluva,Cherai,10.0592,76.2289,1500000.0,1500000.0,935000.0,565000.0,2023-09-17,2023-10-30,2023-11-24,2024-05-18,,Ongoing,67.8,AGY-RWD-02,Rural Works Department (RWD) Engineering Wing,1,1,False,PUBLIC DATA
MPL-2024-AS-001388,REC-2023-1388,Lok Sabha,17th Lok Sabha (2023-24),MP-LO-17-62,Smt. Queen Oja (Hon'ble MP),"Paver Block Road at Mirza, Block Chaygaon",Rural Roads & Bridges,Paver Block Road,Assam,Kamrup,Gauhati,Chaygaon,Mirza,26.1629,91.6652,1700000.0,1700000.0,1700000.0,0.0,2023-10-09,2023-11-05,2023-11-30,2024-05-25,2024-06-16,Completed,100.0,AGY-WSS-05,Public Health Engineering & Water Supply Dept,4,5,True,PUBLIC DATA
MPL-2024-UT-001389,REC-2023-1389,Lok Sabha,18th Lok Sabha (2024-Present),MP-LO-17-74,Shri Ramakant Sharma (Hon'ble MP),"Panchayat Community Hall at Shivpur, Block Arajiline",Community Infrastructure,Panchayat Community Hall,Uttar Pradesh,Varanasi,Varanasi,Arajiline,Shivpur,25.2769,83.0415,2030000.0,2030000.0,824000.0,1206000.0,2024-05-03,2024-06-25,2024-07-15,2025-01-03,,Delayed,45.1,AGY-ZP-03,Zila Parishad Rural Infrastructure Cell,2,0,False,PUBLIC DATA
MPL-2024-BI-001390,REC-2023-1390,Rajya Sabha,18th Lok Sabha (2024-Present),MP-RA-17-51,Dr. Ravi Shankar Sinha (Hon'ble MP),"Smart Digital Library Block at Sabbalpur, Block Fatuha",Education & Classrooms,Smart Digital Library Block,Bihar,Patna,Patna Sahib,Fatuha,Sabbalpur,25.5443,85.0851,2070000.0,2070000.0,2070000.0,0.0,2023-08-17,2023-09-24,2023-10-23,2024-04-14,2024-04-30,Completed,100.0,AGY-RWD-02,Rural Works Department (RWD) Engineering Wing,4,6,True,PUBLIC DATA
MPL-2024-BI-001391,REC-2023-1391,Lok Sabha,17th Lok Sabha (2023-24),MP-LO-17-95,Dr. Ravi Shankar Sinha (Hon'ble MP),"High-Mast Solar Lighting Chowk at Baikatpur, Block Phulwari Sharif",Solar & Renewable Energy,High-Mast Solar Lighting Chowk,Bihar,Patna,Patna Sahib,Phulwari Sharif,Baikatpur,25.6262,85.2112,1100000.0,1100000.0,352000.0,748000.0,2024-05-03,2024-07-02,2024-07-26,2025-03-08,,Ongoing,31.4,AGY-DRDA-04,District Rural Development Agency (DRDA),2,4,False,PUBLIC DATA
MPL-2024-KA-001392,REC-2023-1392,Lok Sabha,17th Lok Sabha (2023-24),MP-LO-17-64,Shri K. Venkatesh (Hon'ble MP),"Village Waste Segregation Shed at Mandur, Block K.R. Puram",Health & Sanitation,Village Waste Segregation Shed,Karnataka,Bengaluru Urban,Bangalore North,K.R. Puram,Mandur,13.0316,77.6251,1990000.0,1990000.0,855000.0,1135000.0,2023-09-07,2023-10-25,2023-11-10,2024-05-26,,Ongoing,49.0,AGY-ZP-03,Zila Parishad Rural Infrastructure Cell,3,3,False,PUBLIC DATA
MPL-2024-AS-001393,REC-2023-1393,Lok Sabha,17th Lok Sabha (2023-24),MP-LO-17-40,Smt. Queen Oja (Hon'ble MP),"Solar Street Light Grid (50 poles) at Sualkuchi, Block Chaygaon",Solar & Renewable Energy,Solar Street Light Grid (50 poles),Assam,Kamrup,Gauhati,Chaygaon,Sualkuchi,26.1451,91.6697,1430000.0,1430000.0,1311000.0,119000.0,2024-05-22,2024-06-25,2024-07-14,2025-02-03,,Ongoing,82.2,AGY-RWD-02,Rural Works Department (RWD) Engineering Wing,3,2,False,PUBLIC DATA
MPL-2024-WE-001394,REC-2023-1394,Lok Sabha,17th Lok Sabha (2023-24),MP-LO-17-86,Smt. Mahua Mitra (Hon'ble MP),"Panchayat Community Hall at Mayapur, Block Nabadwip",Community Infrastructure,Panchayat Community Hall,West Bengal,Nadia,Krishnanagar,Nabadwip,Mayapur,23.4622,88.5302,2480000.0,2480000.0,1058000.0,1422000.0,2023-11-05,2023-11-24,2023-12-20,2024-07-08,,Ongoing,49.2,AGY-RWD-02,Rural Works Department (RWD) Engineering Wing,2,3,False,PUBLIC DATA
MPL-2024-BI-001395,REC-2023-1395,Lok Sabha,17th Lok Sabha (2023-24),MP-LO-17-23,Dr. Ravi Shankar Sinha (Hon'ble MP),"Piped Water Overhead Tank at Ranipur, Block Danapur",Drinking Water,Piped Water Overhead Tank,Bihar,Patna,Patna Sahib,Danapur,Ranipur,25.6469,85.1087,940000.0,940000.0,465000.0,475000.0,2023-12-02,2023-12-20,2024-01-13,2024-07-16,,Ongoing,48.0,AGY-ZP-03,Zila Parishad Rural Infrastructure Cell,2,1,False,PUBLIC DATA
MPL-2024-RA-001396,REC-2023-1396,Lok Sabha,17th Lok Sabha (2023-24),MP-LO-17-87,Smt. Manju Meena (Hon'ble MP),"Senior Citizen Recreation Shed at Manoharpur, Block Sanganer",Community Infrastructure,Senior Citizen Recreation Shed,Rajasthan,Jaipur,Jaipur Rural,Sanganer,Manoharpur,26.9175,75.8007,3330000.0,3330000.0,3330000.0,0.0,2024-06-14,2024-07-19,2024-08-09,2025-03-15,2025-03-23,Completed,100.0,AGY-PWD-01,Public Works Department (PWD) Division I,4,3,True,PUBLIC DATA
MPL-2024-BI-001397,REC-2023-1397,Rajya Sabha,17th Lok Sabha (2023-24),MP-RA-17-72,Dr. Ravi Shankar Sinha (Hon'ble MP),"Village Waste Segregation Shed at Ranipur, Block Fatuha",Health & Sanitation,Village Waste Segregation Shed,Bihar,Patna,Patna Sahib,Fatuha,Ranipur,25.6005,85.2071,1790000.0,1790000.0,1790000.0,0.0,2023-09-19,2023-11-05,2023-11-17,2024-05-28,2024-06-28,Completed,100.0,AGY-RWD-02,Rural Works Department (RWD) Engineering Wing,3,3,True,PUBLIC DATA
MPL-2024-KA-001398,REC-2023-1398,Lok Sabha,17th Lok Sabha (2023-24),MP-LO-17-95,Shri K. Venkatesh (Hon'ble MP),"Health Diagnostic Equipment at Singanayakanahalli, Block Bengaluru North",Health & Sanitation,Health Diagnostic Equipment,Karnataka,Bengaluru Urban,Bangalore North,Bengaluru North,Singanayakanahalli,13.0098,77.5476,810000.0,810000.0,296000.0,514000.0,2023-11-18,2023-12-04,2023-12-15,2024-06-01,,Delayed,40.6,AGY-ZP-03,Zila Parishad Rural Infrastructure Cell,1,0,False,PUBLIC DATA
MPL-2024-MA-001399,REC-2023-1399,Lok Sabha,18th Lok Sabha (2024-Present),MP-LO-17-72,Shri Naresh Rao (Hon'ble MP),"CC Road Construction at Padgha, Block Kalyan",Rural Roads & Bridges,CC Road Construction,Maharashtra,Thane,Thane,Kalyan,Padgha,19.2026,73.0158,2510000.0,2510000.0,2510000.0,0.0,2024-01-14,2024-03-10,2024-03-31,2024-10-20,2024-10-13,Completed,100.0,AGY-RWD-02,Rural Works Department (RWD) Engineering Wing,4,5,True,PUBLIC DATA
MPL-2024-MA-001400,REC-2023-1400,Lok Sabha,18th Lok Sabha (2024-Present),MP-LO-17-18,Shri Naresh Rao (Hon'ble MP),"Rooftop Solar for Govt Hospital at Khadavali, Block Murbad",Solar & Renewable Energy,Rooftop Solar for Govt Hospital,Maharashtra,Thane,Thane,Murbad,Khadavali,19.2078,72.9529,1350000.0,1350000.0,604000.0,746000.0,2024-04-23,2024-06-07,2024-06-23,2024-11-19,,Ongoing,39.8,AGY-PWD-01,Public Works Department (PWD) Division I,3,1,False,PUBLIC DATA
MPL-2024-WE-001401,REC-2023-1401,Rajya Sabha,18th Lok Sabha (2024-Present),MP-RA-17-43,Smt. Mahua Mitra (Hon'ble MP),"Link Road Widening at Debagram, Block Chapra",Rural Roads & Bridges,Link Road Widening,West Bengal,Nadia,Krishnanagar,Chapra,Debagram,23.326,88.5146,2060000.0,2060000.0,1583000.0,477000.0,2023-12-06,2024-01-09,2024-01-28,2024-08-21,,Ongoing,67.0,AGY-DRDA-04,District Rural Development Agency (DRDA),1,1,False,PUBLIC DATA
MPL-2024-AS-001402,REC-2023-1402,Lok Sabha,17th Lok Sabha (2023-24),MP-LO-17-75,Smt. Queen Oja (Hon'ble MP),"Village Waste Segregation Shed at Dadara, Block Rangia",Health & Sanitation,Village Waste Segregation Shed,Assam,Kamrup,Gauhati,Rangia,Dadara,26.1433,91.678,3870000.0,3870000.0,1466000.0,2404000.0,2023-09-27,2023-10-18,2023-11-05,2024-05-31,,Delayed,42.1,AGY-ZP-03,Zila Parishad Rural Infrastructure Cell,2,0,False,PUBLIC DATA
MPL-2024-WE-001403,REC-2023-1403,Lok Sabha,17th Lok Sabha (2023-24),MP-LO-17-72,Smt. Mahua Mitra (Hon'ble MP),"Piped Water Overhead Tank at Tehatta, Block Chapra",Drinking Water,Piped Water Overhead Tank,West Bengal,Nadia,Krishnanagar,Chapra,Tehatta,23.4239,88.5644,2100000.0,2100000.0,1482000.0,618000.0,2023-04-18,2023-06-05,2023-06-25,2023-11-06,,Ongoing,72.9,AGY-WSS-05,Public Health Engineering & Water Supply Dept,2,2,False,PUBLIC DATA
MPL-2024-BI-001404,REC-2023-1404,Lok Sabha,17th Lok Sabha (2023-24),MP-LO-17-96,Dr. Ravi Shankar Sinha (Hon'ble MP),"Senior Citizen Recreation Shed at Ranipur, Block Fatuha",Community Infrastructure,Senior Citizen Recreation Shed,Bihar,Patna,Patna Sahib,Fatuha,Ranipur,25.6254,85.0615,3340000.0,3340000.0,3340000.0,0.0,2024-03-28,2024-04-14,2024-05-08,2024-12-28,2025-01-16,Completed,100.0,AGY-ZP-03,Zila Parishad Rural Infrastructure Cell,3,5,True,PUBLIC DATA
MPL-2024-AS-001405,REC-2023-1405,Lok Sabha,17th Lok Sabha (2023-24),MP-LO-17-52,Smt. Queen Oja (Hon'ble MP),"Smart Digital Library Block at Boko, Block Hajo",Education & Classrooms,Smart Digital Library Block,Assam,Kamrup,Gauhati,Hajo,Boko,26.1007,91.7499,1470000.0,1470000.0,1470000.0,0.0,2023-06-21,2023-07-24,2023-08-11,2024-03-14,2024-04-14,Completed,100.0,AGY-RWD-02,Rural Works Department (RWD) Engineering Wing,3,3,True,PUBLIC DATA
MPL-2024-BI-001406,REC-2023-1406,Lok Sabha,18th Lok Sabha (2024-Present),MP-LO-17-70,Dr. Ravi Shankar Sinha (Hon'ble MP),"Paver Block Road at Ranipur, Block Fatuha",Rural Roads & Bridges,Paver Block Road,Bihar,Patna,Patna Sahib,Fatuha,Ranipur,25.6118,85.1436,2310000.0,2310000.0,2310000.0,0.0,2023-07-29,2023-09-18,2023-10-01,2024-05-25,2024-06-14,Completed,100.0,AGY-WSS-05,Public Health Engineering & Water Supply Dept,3,5,True,PUBLIC DATA
MPL-2024-MA-001407,REC-2023-1407,Lok Sabha,18th Lok Sabha (2024-Present),MP-LO-17-22,Shri Naresh Rao (Hon'ble MP),"Primary Health Sub-Centre Building at Titwala, Block Murbad",Health & Sanitation,Primary Health Sub-Centre Building,Maharashtra,Thane,Thane,Murbad,Titwala,19.2426,72.9418,2300000.0,2300000.0,2300000.0,0.0,2023-06-26,2023-08-12,2023-08-24,2024-03-13,2024-03-25,Completed,100.0,AGY-XYZ-99,XYZ Infrastructure & Construction Private Ltd,4,2,True,PUBLIC DATA
MPL-2024-MA-001408,REC-2023-1408,Lok Sabha,17th Lok Sabha (2023-24),MP-LO-17-27,Shri Naresh Rao (Hon'ble MP),"Community Public Toilet Complex at Khadavali, Block Shahapur",Health & Sanitation,Community Public Toilet Complex,Maharashtra,Thane,Thane,Shahapur,Khadavali,19.1386,72.9204,920000.0,920000.0,920000.0,0.0,2023-08-02,2023-09-06,2023-09-27,2024-05-12,2024-06-15,Completed,100.0,AGY-DRDA-04,District Rural Development Agency (DRDA),2,2,True,PUBLIC DATA
MPL-2024-KA-001409,REC-2023-1409,Lok Sabha,18th Lok Sabha (2024-Present),MP-LO-17-53,Shri K. Venkatesh (Hon'ble MP),"Rooftop Solar for Govt Hospital at Doddaballapur Rd, Block Anekal",Solar & Renewable Energy,Rooftop Solar for Govt Hospital,Karnataka,Bengaluru Urban,Bangalore North,Anekal,Doddaballapur Rd,13.0393,77.5976,1400000.0,1400000.0,1400000.0,0.0,2023-12-26,2024-02-19,2024-03-11,2024-10-06,2024-11-09,Completed,100.0,AGY-PWD-01,Public Works Department (PWD) Division I,3,5,True,PUBLIC DATA
MPL-2024-WE-001410,REC-2023-1410,Rajya Sabha,18th Lok Sabha (2024-Present),MP-RA-17-18,Smt. Mahua Mitra (Hon'ble MP),"Health Diagnostic Equipment at Tehatta, Block Chapra",Health & Sanitation,Health Diagnostic Equipment,West Bengal,Nadia,Krishnanagar,Chapra,Tehatta,23.3734,88.4421,1960000.0,1960000.0,878000.0,1082000.0,2023-05-23,2023-07-10,2023-08-08,2024-02-07,,Delayed,49.8,AGY-WSS-05,Public Health Engineering & Water Supply Dept,1,2,False,PUBLIC DATA
MPL-2024-UT-001411,REC-2023-1411,Lok Sabha,17th Lok Sabha (2023-24),MP-LO-17-41,Shri Ramakant Sharma (Hon'ble MP),"Senior Citizen Recreation Shed at Tikari, Block Arajiline",Community Infrastructure,Senior Citizen Recreation Shed,Uttar Pradesh,Varanasi,Varanasi,Arajiline,Tikari,25.2726,83.042,1700000.0,1700000.0,1235000.0,465000.0,2023-12-30,2024-01-28,2024-02-17,2024-08-03,,Ongoing,71.4,AGY-ZP-03,Zila Parishad Rural Infrastructure Cell,1,2,False,PUBLIC DATA
MPL-2024-AS-001412,REC-2023-1412,Lok Sabha,17th Lok Sabha (2023-24),MP-LO-17-53,Smt. Queen Oja (Hon'ble MP),"Village Waste Segregation Shed at Mirza, Block Bezera",Health & Sanitation,Village Waste Segregation Shed,Assam,Kamrup,Gauhati,Bezera,Mirza,26.204,91.73,1370000.0,1370000.0,688000.0,682000.0,2023-09-05,2023-10-16,2023-11-12,2024-05-06,,Ongoing,49.6,AGY-ZP-03,Zila Parishad Rural Infrastructure Cell,1,2,False,PUBLIC DATA
MPL-2024-WE-001413,REC-2023-1413,Lok Sabha,18th Lok Sabha (2024-Present),MP-LO-17-42,Smt. Mahua Mitra (Hon'ble MP),"Senior Citizen Recreation Shed at Debagram, Block Nakashipara",Community Infrastructure,Senior Citizen Recreation Shed,West Bengal,Nadia,Krishnanagar,Nakashipara,Debagram,23.4534,88.5402,1910000.0,1910000.0,603000.0,1307000.0,2024-05-05,2024-06-15,2024-07-14,2025-01-11,,Ongoing,33.2,AGY-RWD-02,Rural Works Department (RWD) Engineering Wing,2,1,False,PUBLIC DATA
MPL-2024-BI-001414,REC-2023-1414,Rajya Sabha,17th Lok Sabha (2023-24),MP-RA-17-80,Dr. Ravi Shankar Sinha (Hon'ble MP),"Crematorium Shed with Amenities at Ranipur, Block Danapur",Community Infrastructure,Crematorium Shed with Amenities,Bihar,Patna,Patna Sahib,Danapur,Ranipur,25.5164,85.1899,1040000.0,1040000.0,1040000.0,0.0,2023-10-31,2023-12-09,2023-12-21,2024-07-25,2024-07-10,Completed,100.0,AGY-ZP-03,Zila Parishad Rural Infrastructure Cell,2,3,False,PUBLIC DATA
MPL-2024-AS-001415,REC-2023-1415,Lok Sabha,18th Lok Sabha (2024-Present),MP-LO-17-46,Smt. Queen Oja (Hon'ble MP),"Primary Health Sub-Centre Building at Sualkuchi, Block Bezera",Health & Sanitation,Primary Health Sub-Centre Building,Assam,Kamrup,Gauhati,Bezera,Sualkuchi,26.2118,91.6864,3010000.0,3010000.0,3010000.0,0.0,2023-11-26,2023-12-18,2024-01-09,2024-05-31,2024-05-22,Completed,100.0,AGY-ZP-03,Zila Parishad Rural Infrastructure Cell,3,2,True,PUBLIC DATA
MPL-2024-RA-001416,REC-2023-1416,Lok Sabha,17th Lok Sabha (2023-24),MP-LO-17-88,Smt. Manju Meena (Hon'ble MP),"High-Mast Solar Lighting Chowk at Nayla, Block Amer",Solar & Renewable Energy,High-Mast Solar Lighting Chowk,Rajasthan,Jaipur,Jaipur Rural,Amer,Nayla,26.9487,75.8456,1960000.0,1960000.0,1960000.0,0.0,2024-04-28,2024-05-17,2024-06-12,2024-10-13,2024-11-08,Completed,100.0,AGY-PWD-01,Public Works Department (PWD) Division I,4,3,True,PUBLIC DATA
MPL-2024-BI-001417,REC-2023-1417,Lok Sabha,17th Lok Sabha (2023-24),MP-LO-17-80,Dr. Ravi Shankar Sinha (Hon'ble MP),"School Boundary Wall & Sanitation at Baikatpur, Block Fatuha",Education & Classrooms,School Boundary Wall & Sanitation,Bihar,Patna,Patna Sahib,Fatuha,Baikatpur,25.5973,85.1689,1400000.0,1400000.0,1020000.0,380000.0,2024-06-17,2024-07-15,2024-07-28,2025-01-01,,Ongoing,67.0,AGY-DRDA-04,District Rural Development Agency (DRDA),3,1,False,PUBLIC DATA
MPL-2024-MA-001418,REC-2023-1418,Lok Sabha,18th Lok Sabha (2024-Present),MP-LO-17-16,Shri Naresh Rao (Hon'ble MP),"Additional Classroom Building at Saralgaon, Block Kalyan",Education & Classrooms,Additional Classroom Building,Maharashtra,Thane,Thane,Kalyan,Saralgaon,19.1536,72.994,3670000.0,3670000.0,2840000.0,830000.0,2023-12-24,2024-02-11,2024-03-07,2024-07-21,,Ongoing,81.8,AGY-ZP-03,Zila Parishad Rural Infrastructure Cell,3,4,False,PUBLIC DATA
MPL-2024-UT-001419,REC-2023-1419,Lok Sabha,17th Lok Sabha (2023-24),MP-LO-17-43,Shri Ramakant Sharma (Hon'ble MP),"School Boundary Wall & Sanitation at Tikari, Block Sewapuri",Education & Classrooms,School Boundary Wall & Sanitation,Uttar Pradesh,Varanasi,Varanasi,Sewapuri,Tikari,25.3453,82.9704,1760000.0,1760000.0,480000.0,1280000.0,2023-06-08,2023-07-08,2023-07-24,2023-11-27,,Delayed,30.3,AGY-WSS-05,Public Health Engineering & Water Supply Dept,1,0,False,PUBLIC DATA
MPL-2024-RA-001420,REC-2023-1420,Rajya Sabha,17th Lok Sabha (2023-24),MP-RA-17-75,Smt. Manju Meena (Hon'ble MP),"Village Waste Segregation Shed at Kukas, Block Amer",Health & Sanitation,Village Waste Segregation Shed,Rajasthan,Jaipur,Jaipur Rural,Amer,Kukas,26.8954,75.8027,1700000.0,1700000.0,1700000.0,0.0,2023-11-25,2024-01-10,2024-02-02,2024-08-30,2024-09-19,Completed,100.0,AGY-PWD-01,Public Works Department (PWD) Division I,2,5,True,PUBLIC DATA
MPL-2024-BI-001421,REC-2023-1421,Lok Sabha,17th Lok Sabha (2023-24),MP-LO-17-47,Dr. Ravi Shankar Sinha (Hon'ble MP),"Senior Citizen Recreation Shed at Sabbalpur, Block Danapur",Community Infrastructure,Senior Citizen Recreation Shed,Bihar,Patna,Patna Sahib,Danapur,Sabbalpur,25.642,85.1534,1070000.0,1070000.0,507000.0,563000.0,2023-11-04,2024-01-03,2024-01-21,2024-08-31,,Delayed,52.6,AGY-RWD-02,Rural Works Department (RWD) Engineering Wing,1,0,False,PUBLIC DATA
MPL-2024-MA-001422,REC-2023-1422,Lok Sabha,17th Lok Sabha (2023-24),MP-LO-17-61,Shri Naresh Rao (Hon'ble MP),"Primary Health Sub-Centre Building at Vashind, Block Bhiwandi",Health & Sanitation,Primary Health Sub-Centre Building,Maharashtra,Thane,Thane,Bhiwandi,Vashind,19.1478,73.0544,1640000.0,1640000.0,686000.0,954000.0,2024-03-26,2024-05-16,2024-06-05,2025-01-12,,Ongoing,45.0,AGY-PWD-01,Public Works Department (PWD) Division I,3,2,False,PUBLIC DATA
MPL-2024-KE-001423,REC-2023-1423,Rajya Sabha,17th Lok Sabha (2023-24),MP-RA-17-52,Shri Hibi Eden (Hon'ble MP),"Panchayat Community Hall at Cherai, Block Angamaly",Community Infrastructure,Panchayat Community Hall,Kerala,Ernakulam,Ernakulam,Angamaly,Cherai,9.9619,76.2314,3140000.0,3140000.0,1096000.0,2044000.0,2024-01-15,2024-01-31,2024-02-19,2024-09-30,,Ongoing,31.2,AGY-RWD-02,Rural Works Department (RWD) Engineering Wing,1,2,False,PUBLIC DATA
MPL-2024-BI-001424,REC-2023-1424,Lok Sabha,18th Lok Sabha (2024-Present),MP-LO-17-72,Dr. Ravi Shankar Sinha (Hon'ble MP),"School Science Laboratory at Gauri Chak, Block Danapur",Education & Classrooms,School Science Laboratory,Bihar,Patna,Patna Sahib,Danapur,Gauri Chak,25.5858,85.1916,1320000.0,1320000.0,381000.0,939000.0,2024-06-11,2024-07-12,2024-08-08,2025-03-17,,Delayed,32.1,AGY-WSS-05,Public Health Engineering & Water Supply Dept,1,1,False,PUBLIC DATA
MPL-2024-UT-001425,REC-2023-1425,Lok Sabha,18th Lok Sabha (2024-Present),MP-LO-17-42,Shri Ramakant Sharma (Hon'ble MP),"Senior Citizen Recreation Shed at Harahua, Block Kashi Vidyapeeth",Community Infrastructure,Senior Citizen Recreation Shed,Uttar Pradesh,Varanasi,Varanasi,Kashi Vidyapeeth,Harahua,25.3144,83.0527,1700000.0,1700000.0,1700000.0,0.0,2023-12-16,2024-01-11,2024-02-01,2024-06-24,2024-07-06,Completed,100.0,AGY-XYZ-99,XYZ Infrastructure & Construction Private Ltd,4,3,False,PUBLIC DATA
MPL-2024-WE-001426,REC-2023-1426,Lok Sabha,18th Lok Sabha (2024-Present),MP-LO-17-46,Smt. Mahua Mitra (Hon'ble MP),"School Science Laboratory at Dhubulia, Block Krishnanagar-I",Education & Classrooms,School Science Laboratory,West Bengal,Nadia,Krishnanagar,Krishnanagar-I,Dhubulia,23.441,88.4303,1650000.0,1650000.0,392000.0,1258000.0,2023-09-18,2023-10-31,2023-11-30,2024-04-19,,Delayed,26.4,AGY-PWD-01,Public Works Department (PWD) Division I,1,2,False,PUBLIC DATA
MPL-2024-KE-001427,REC-2023-1427,Lok Sabha,17th Lok Sabha (2023-24),MP-LO-17-76,Shri Hibi Eden (Hon'ble MP),"Piped Water Overhead Tank at Edappally, Block Paravur",Drinking Water,Piped Water Overhead Tank,Kerala,Ernakulam,Ernakulam,Paravur,Edappally,9.9812,76.2943,1870000.0,1870000.0,1870000.0,0.0,2023-10-13,2023-11-29,2023-12-22,2024-05-06,2024-04-27,Completed,100.0,AGY-PWD-01,Public Works Department (PWD) Division I,2,3,True,PUBLIC DATA
MPL-2024-UT-001428,REC-2023-1428,Lok Sabha,17th Lok Sabha (2023-24),MP-LO-17-26,Shri Ramakant Sharma (Hon'ble MP),"Solar Street Light Grid (50 poles) at Harahua, Block Sewapuri",Solar & Renewable Energy,Solar Street Light Grid (50 poles),Uttar Pradesh,Varanasi,Varanasi,Sewapuri,Harahua,25.3786,82.9326,1320000.0,1320000.0,1320000.0,0.0,2023-08-22,2023-09-22,2023-10-04,2024-05-26,2024-06-05,Completed,100.0,AGY-WSS-05,Public Health Engineering & Water Supply Dept,3,5,True,PUBLIC DATA
MPL-2024-WE-001429,REC-2023-1429,Lok Sabha,17th Lok Sabha (2023-24),MP-LO-17-58,Smt. Mahua Mitra (Hon'ble MP),"School Boundary Wall & Sanitation at Bethuadahari, Block Chapra",Education & Classrooms,School Boundary Wall & Sanitation,West Bengal,Nadia,Krishnanagar,Chapra,Bethuadahari,23.4169,88.4683,2150000.0,2150000.0,2150000.0,0.0,2024-03-23,2024-04-08,2024-04-18,2024-12-06,2024-11-16,Completed,100.0,AGY-PWD-01,Public Works Department (PWD) Division I,2,3,True,PUBLIC DATA
MPL-2024-RA-001430,REC-2023-1430,Lok Sabha,18th Lok Sabha (2024-Present),MP-LO-17-13,Smt. Manju Meena (Hon'ble MP),"School Science Laboratory at Bagru, Block Chaksu",Education & Classrooms,School Science Laboratory,Rajasthan,Jaipur,Jaipur Rural,Chaksu,Bagru,26.9058,75.7433,2170000.0,2170000.0,2170000.0,0.0,2023-09-10,2023-11-06,2023-11-25,2024-06-29,2024-08-04,Completed,100.0,AGY-WSS-05,Public Health Engineering & Water Supply Dept,3,5,True,PUBLIC DATA
MPL-2024-KA-001431,REC-2023-1431,Lok Sabha,17th Lok Sabha (2023-24),MP-LO-17-20,Shri K. Venkatesh (Hon'ble MP),"CC Road Construction at Attibele, Block Anekal",Rural Roads & Bridges,CC Road Construction,Karnataka,Bengaluru Urban,Bangalore North,Anekal,Attibele,12.9385,77.6342,1760000.0,1760000.0,701000.0,1059000.0,2023-10-12,2023-11-16,2023-12-05,2024-06-18,,Ongoing,35.2,AGY-RWD-02,Rural Works Department (RWD) Engineering Wing,3,1,False,PUBLIC DATA
MPL-2024-RA-001432,REC-2023-1432,Lok Sabha,17th Lok Sabha (2023-24),MP-LO-17-11,Smt. Manju Meena (Hon'ble MP),"RO Water Treatment Plant at Manoharpur, Block Amer",Drinking Water,RO Water Treatment Plant,Rajasthan,Jaipur,Jaipur Rural,Amer,Manoharpur,26.934,75.7911,890000.0,890000.0,447000.0,443000.0,2023-12-16,2024-02-08,2024-03-03,2024-08-17,,Ongoing,54.0,AGY-DRDA-04,District Rural Development Agency (DRDA),1,3,False,PUBLIC DATA
MPL-2024-RA-001433,REC-2023-1433,Lok Sabha,17th Lok Sabha (2023-24),MP-LO-17-41,Smt. Manju Meena (Hon'ble MP),"Village Waste Segregation Shed at Bassi, Block Sanganer",Health & Sanitation,Village Waste Segregation Shed,Rajasthan,Jaipur,Jaipur Rural,Sanganer,Bassi,26.9376,75.7773,2180000.0,2180000.0,1069000.0,1111000.0,2023-10-19,2023-12-02,2023-12-18,2024-06-15,,Delayed,54.5,AGY-ZP-03,Zila Parishad Rural Infrastructure Cell,1,1,False,PUBLIC DATA
MPL-2024-KE-001434,REC-2023-1434,Lok Sabha,17th Lok Sabha (2023-24),MP-LO-17-34,Shri Hibi Eden (Hon'ble MP),"Link Road Widening at Edappally, Block Muvattupuzha",Rural Roads & Bridges,Link Road Widening,Kerala,Ernakulam,Ernakulam,Muvattupuzha,Edappally,9.9945,76.2283,2250000.0,2250000.0,1378000.0,872000.0,2023-05-16,2023-06-18,2023-07-05,2024-02-01,,Ongoing,56.1,AGY-ZP-03,Zila Parishad Rural Infrastructure Cell,2,4,False,PUBLIC DATA
MPL-2024-AS-001435,REC-2023-1435,Lok Sabha,17th Lok Sabha (2023-24),MP-LO-17-26,Smt. Queen Oja (Hon'ble MP),"Link Road Widening at Dadara, Block Bezera",Rural Roads & Bridges,Link Road Widening,Assam,Kamrup,Gauhati,Bezera,Dadara,26.212,91.6839,2140000.0,2140000.0,938000.0,1202000.0,2024-02-16,2024-04-08,2024-05-05,2024-10-15,,Delayed,48.7,AGY-WSS-05,Public Health Engineering & Water Supply Dept,1,2,False,PUBLIC DATA
MPL-2024-KE-001436,REC-2023-1436,Rajya Sabha,17th Lok Sabha (2023-24),MP-RA-17-65,Shri Hibi Eden (Hon'ble MP),"Panchayat Community Hall at Edappally, Block Aluva",Community Infrastructure,Panchayat Community Hall,Kerala,Ernakulam,Ernakulam,Aluva,Edappally,9.9891,76.3797,1400000.0,1400000.0,406000.0,994000.0,2023-06-17,2023-07-20,2023-08-02,2024-01-20,,Delayed,32.2,AGY-PWD-01,Public Works Department (PWD) Division I,2,1,False,PUBLIC DATA
MPL-2024-AS-001437,REC-2023-1437,Lok Sabha,17th Lok Sabha (2023-24),MP-LO-17-36,Smt. Queen Oja (Hon'ble MP),"Primary Health Sub-Centre Building at Dadara, Block Bezera",Health & Sanitation,Primary Health Sub-Centre Building,Assam,Kamrup,Gauhati,Bezera,Dadara,26.0997,91.7401,1300000.0,1300000.0,552000.0,748000.0,2023-12-08,2024-02-04,2024-02-24,2024-07-22,,Ongoing,47.7,AGY-PWD-01,Public Works Department (PWD) Division I,1,2,False,PUBLIC DATA
MPL-2024-AS-001438,REC-2023-1438,Lok Sabha,17th Lok Sabha (2023-24),MP-LO-17-13,Smt. Queen Oja (Hon'ble MP),"Primary Health Sub-Centre Building at Puthimari, Block Hajo",Health & Sanitation,Primary Health Sub-Centre Building,Assam,Kamrup,Gauhati,Hajo,Puthimari,26.2062,91.7002,2300000.0,2300000.0,1800000.0,500000.0,2024-02-07,2024-02-22,2024-03-15,2024-10-08,,Ongoing,75.2,AGY-DRDA-04,District Rural Development Agency (DRDA),1,1,False,PUBLIC DATA
MPL-2024-KE-001439,REC-2023-1439,Rajya Sabha,17th Lok Sabha (2023-24),MP-RA-17-38,Shri Hibi Eden (Hon'ble MP),"Smart Digital Library Block at Perumbavoor, Block Aluva",Education & Classrooms,Smart Digital Library Block,Kerala,Ernakulam,Ernakulam,Aluva,Perumbavoor,10.0171,76.3404,2200000.0,2200000.0,2200000.0,0.0,2023-06-21,2023-08-17,2023-09-09,2024-02-16,2024-01-29,Completed,100.0,AGY-RWD-02,Rural Works Department (RWD) Engineering Wing,3,4,True,PUBLIC DATA
MPL-2024-UT-001440,REC-2023-1440,Lok Sabha,18th Lok Sabha (2024-Present),MP-LO-17-89,Shri Ramakant Sharma (Hon'ble MP),"Link Road Widening at Rampur, Block Cholapur",Rural Roads & Bridges,Link Road Widening,Uttar Pradesh,Varanasi,Varanasi,Cholapur,Rampur,25.2702,82.9906,1570000.0,1570000.0,951000.0,619000.0,2024-03-15,2024-04-17,2024-05-11,2024-09-12,,Ongoing,55.2,AGY-RWD-02,Rural Works Department (RWD) Engineering Wing,2,4,False,PUBLIC DATA
MPL-2024-RA-001441,REC-2023-1441,Lok Sabha,17th Lok Sabha (2023-24),MP-LO-17-90,Smt. Manju Meena (Hon'ble MP),"Primary Health Sub-Centre Building at Bagru, Block Sanganer",Health & Sanitation,Primary Health Sub-Centre Building,Rajasthan,Jaipur,Jaipur Rural,Sanganer,Bagru,26.9199,75.842,1730000.0,1730000.0,1730000.0,0.0,2024-05-15,2024-06-20,2024-07-07,2024-12-06,2025-01-03,Completed,100.0,AGY-PWD-01,Public Works Department (PWD) Division I,4,3,True,PUBLIC DATA
MPL-2024-RA-001442,REC-2023-1442,Lok Sabha,18th Lok Sabha (2024-Present),MP-LO-17-30,Smt. Manju Meena (Hon'ble MP),"CC Road Construction at Bagru, Block Kotputli",Rural Roads & Bridges,CC Road Construction,Rajasthan,Jaipur,Jaipur Rural,Kotputli,Bagru,26.9668,75.7428,3510000.0,3510000.0,1174000.0,2336000.0,2023-06-22,2023-08-09,2023-08-31,2024-04-21,,Ongoing,31.7,AGY-PWD-01,Public Works Department (PWD) Division I,2,3,False,PUBLIC DATA
MPL-2024-WE-001443,REC-2023-1443,Lok Sabha,18th Lok Sabha (2024-Present),MP-LO-17-48,Smt. Mahua Mitra (Hon'ble MP),"Culvert & Drainage Bridge at Tehatta, Block Chapra",Rural Roads & Bridges,Culvert & Drainage Bridge,West Bengal,Nadia,Krishnanagar,Chapra,Tehatta,23.474,88.4954,3640000.0,3640000.0,1530000.0,2110000.0,2023-11-11,2023-12-19,2024-01-06,2024-07-10,,Ongoing,43.6,AGY-RWD-02,Rural Works Department (RWD) Engineering Wing,2,3,False,PUBLIC DATA
MPL-2024-RA-001444,REC-2023-1444,Lok Sabha,17th Lok Sabha (2023-24),MP-LO-17-52,Smt. Manju Meena (Hon'ble MP),"Paver Block Road at Kukas, Block Sanganer",Rural Roads & Bridges,Paver Block Road,Rajasthan,Jaipur,Jaipur Rural,Sanganer,Kukas,26.8571,75.7783,3090000.0,3090000.0,620000.0,2470000.0,2024-06-16,2024-08-13,2024-09-05,2025-03-19,,Delayed,22.3,AGY-PWD-01,Public Works Department (PWD) Division I,1,2,False,PUBLIC DATA
MPL-2024-UT-001445,REC-2023-1445,Lok Sabha,17th Lok Sabha (2023-24),MP-LO-17-82,Shri Ramakant Sharma (Hon'ble MP),"Community Public Toilet Complex at Rampur, Block Kashi Vidyapeeth",Health & Sanitation,Community Public Toilet Complex,Uttar Pradesh,Varanasi,Varanasi,Kashi Vidyapeeth,Rampur,25.3006,82.9954,880000.0,880000.0,880000.0,0.0,2023-07-19,2023-08-20,2023-09-08,2024-03-26,2024-04-13,Completed,100.0,AGY-DRDA-04,District Rural Development Agency (DRDA),3,4,True,PUBLIC DATA
MPL-2024-RA-001446,REC-2023-1446,Lok Sabha,18th Lok Sabha (2024-Present),MP-LO-17-84,Smt. Manju Meena (Hon'ble MP),"Crematorium Shed with Amenities at Manoharpur, Block Sanganer",Community Infrastructure,Crematorium Shed with Amenities,Rajasthan,Jaipur,Jaipur Rural,Sanganer,Manoharpur,26.9775,75.7439,2150000.0,2150000.0,698000.0,1452000.0,2024-03-04,2024-04-03,2024-04-26,2024-12-01,,Ongoing,37.3,AGY-RWD-02,Rural Works Department (RWD) Engineering Wing,3,2,False,PUBLIC DATA
MPL-2024-KA-001447,REC-2023-1447,Lok Sabha,17th Lok Sabha (2023-24),MP-LO-17-31,Shri K. Venkatesh (Hon'ble MP),"RO Water Treatment Plant at Hesaraghatta, Block K.R. Puram",Drinking Water,RO Water Treatment Plant,Karnataka,Bengaluru Urban,Bangalore North,K.R. Puram,Hesaraghatta,12.9931,77.6009,1490000.0,1490000.0,1490000.0,0.0,2024-02-03,2024-02-25,2024-03-18,2024-09-25,2024-10-21,Completed,100.0,AGY-ZP-03,Zila Parishad Rural Infrastructure Cell,2,6,True,PUBLIC DATA
MPL-2024-UT-001448,REC-2023-1448,Rajya Sabha,17th Lok Sabha (2023-24),MP-RA-17-82,Shri Ramakant Sharma (Hon'ble MP),"Panchayat Community Hall at Shivpur, Block Arajiline",Community Infrastructure,Panchayat Community Hall,Uttar Pradesh,Varanasi,Varanasi,Arajiline,Shivpur,25.2566,83.0089,2720000.0,2720000.0,2720000.0,0.0,2024-05-21,2024-06-15,2024-06-29,2024-11-07,2024-12-12,Completed,100.0,AGY-DRDA-04,District Rural Development Agency (DRDA),2,3,True,PUBLIC DATA
MPL-2024-MA-001449,REC-2023-1449,Lok Sabha,17th Lok Sabha (2023-24),MP-LO-17-71,Shri Naresh Rao (Hon'ble MP),"CC Road Construction at Saralgaon, Block Murbad",Rural Roads & Bridges,CC Road Construction,Maharashtra,Thane,Thane,Murbad,Saralgaon,19.214,72.9673,1790000.0,1790000.0,596000.0,1194000.0,2023-10-09,2023-12-08,2023-12-25,2024-08-06,,Delayed,37.0,AGY-RWD-02,Rural Works Department (RWD) Engineering Wing,2,2,False,PUBLIC DATA
MPL-2024-WE-001450,REC-2023-1450,Lok Sabha,17th Lok Sabha (2023-24),MP-LO-17-94,Smt. Mahua Mitra (Hon'ble MP),"Piped Water Overhead Tank at Dhubulia, Block Nabadwip",Drinking Water,Piped Water Overhead Tank,West Bengal,Nadia,Krishnanagar,Nabadwip,Dhubulia,23.4145,88.4509,2030000.0,2030000.0,1161000.0,869000.0,2023-11-02,2023-12-26,2024-01-15,2024-09-05,,Ongoing,55.6,AGY-WSS-05,Public Health Engineering & Water Supply Dept,1,2,False,PUBLIC DATA
MPL-2024-WE-001451,REC-2023-1451,Lok Sabha,17th Lok Sabha (2023-24),MP-LO-17-50,Smt. Mahua Mitra (Hon'ble MP),"Public Bus Passenger Shelter at Dhubulia, Block Chapra",Community Infrastructure,Public Bus Passenger Shelter,West Bengal,Nadia,Krishnanagar,Chapra,Dhubulia,23.4409,88.5403,1620000.0,1620000.0,755000.0,865000.0,2024-04-25,2024-06-19,2024-07-09,2024-12-10,,Delayed,51.8,AGY-PWD-01,Public Works Department (PWD) Division I,2,0,False,PUBLIC DATA
MPL-2024-RA-001452,REC-2023-1452,Lok Sabha,17th Lok Sabha (2023-24),MP-LO-17-67,Smt. Manju Meena (Hon'ble MP),"Public Bus Passenger Shelter at Bassi, Block Chaksu",Community Infrastructure,Public Bus Passenger Shelter,Rajasthan,Jaipur,Jaipur Rural,Chaksu,Bassi,26.9127,75.7277,2110000.0,2110000.0,2110000.0,0.0,2024-01-14,2024-01-29,2024-02-11,2024-07-18,2024-08-24,Completed,100.0,AGY-WSS-05,Public Health Engineering & Water Supply Dept,3,5,True,PUBLIC DATA
MPL-2024-UT-001453,REC-2023-1453,Lok Sabha,17th Lok Sabha (2023-24),MP-LO-17-54,Shri Ramakant Sharma (Hon'ble MP),"Health Diagnostic Equipment at Rampur, Block Cholapur",Health & Sanitation,Health Diagnostic Equipment,Uttar Pradesh,Varanasi,Varanasi,Cholapur,Rampur,25.2415,82.9469,1710000.0,1710000.0,804000.0,906000.0,2024-01-18,2024-02-10,2024-02-26,2024-07-12,,Ongoing,51.6,AGY-RWD-02,Rural Works Department (RWD) Engineering Wing,2,1,False,PUBLIC DATA
MPL-2024-WE-001454,REC-2023-1454,Rajya Sabha,17th Lok Sabha (2023-24),MP-RA-17-59,Smt. Mahua Mitra (Hon'ble MP),"Culvert & Drainage Bridge at Debagram, Block Nakashipara",Rural Roads & Bridges,Culvert & Drainage Bridge,West Bengal,Nadia,Krishnanagar,Nakashipara,Debagram,23.3283,88.542,3510000.0,3510000.0,1416000.0,2094000.0,2023-10-19,2023-11-21,2023-12-11,2024-07-17,,Ongoing,43.9,AGY-PWD-01,Public Works Department (PWD) Division I,3,4,False,PUBLIC DATA
MPL-2024-BI-001455,REC-2023-1455,Lok Sabha,17th Lok Sabha (2023-24),MP-LO-17-84,Dr. Ravi Shankar Sinha (Hon'ble MP),"Primary Health Sub-Centre Building at Baikatpur, Block Danapur",Health & Sanitation,Primary Health Sub-Centre Building,Bihar,Patna,Patna Sahib,Danapur,Baikatpur,25.6039,85.2079,800000.0,800000.0,346000.0,454000.0,2024-06-18,2024-07-14,2024-08-03,2025-02-04,,Ongoing,43.0,AGY-ZP-03,Zila Parishad Rural Infrastructure Cell,1,4,False,PUBLIC DATA
MPL-2024-BI-001456,REC-2023-1456,Lok Sabha,18th Lok Sabha (2024-Present),MP-LO-17-80,Dr. Ravi Shankar Sinha (Hon'ble MP),"Hand Pump Installation Cluster at Sabbalpur, Block Sampatchak",Drinking Water,Hand Pump Installation Cluster,Bihar,Patna,Patna Sahib,Sampatchak,Sabbalpur,25.5651,85.1662,2610000.0,2610000.0,918000.0,1692000.0,2024-03-11,2024-05-09,2024-05-20,2024-11-23,,Delayed,39.1,AGY-PWD-01,Public Works Department (PWD) Division I,1,2,False,PUBLIC DATA
MPL-2024-KE-001457,REC-2023-1457,Rajya Sabha,17th Lok Sabha (2023-24),MP-RA-17-58,Shri Hibi Eden (Hon'ble MP),"School Boundary Wall & Sanitation at Kothamangalam, Block Muvattupuzha",Education & Classrooms,School Boundary Wall & Sanitation,Kerala,Ernakulam,Ernakulam,Muvattupuzha,Kothamangalam,9.9737,76.2427,2720000.0,2720000.0,2720000.0,0.0,2023-06-04,2023-08-02,2023-08-31,2024-04-17,2024-04-18,Completed,100.0,AGY-PWD-01,Public Works Department (PWD) Division I,4,3,True,PUBLIC DATA
MPL-2024-UT-001458,REC-2023-1458,Lok Sabha,17th Lok Sabha (2023-24),MP-LO-17-66,Shri Ramakant Sharma (Hon'ble MP),"Public Bus Passenger Shelter at Babatpur, Block Kashi Vidyapeeth",Community Infrastructure,Public Bus Passenger Shelter,Uttar Pradesh,Varanasi,Varanasi,Kashi Vidyapeeth,Babatpur,25.2429,82.9198,1350000.0,1350000.0,633000.0,717000.0,2023-10-09,2023-11-16,2023-12-06,2024-06-21,,Delayed,52.1,AGY-PWD-01,Public Works Department (PWD) Division I,1,0,False,PUBLIC DATA
MPL-2024-KA-001459,REC-2023-1459,Lok Sabha,18th Lok Sabha (2024-Present),MP-LO-17-99,Shri K. Venkatesh (Hon'ble MP),"Health Diagnostic Equipment at Attibele, Block Yelahanka",Health & Sanitation,Health Diagnostic Equipment,Karnataka,Bengaluru Urban,Bangalore North,Yelahanka,Attibele,12.9848,77.5352,1280000.0,1280000.0,545000.0,735000.0,2023-07-11,2023-09-01,2023-09-27,2024-02-26,,Delayed,47.3,AGY-WSS-05,Public Health Engineering & Water Supply Dept,1,1,False,PUBLIC DATA
MPL-2024-RA-001460,REC-2023-1460,Lok Sabha,18th Lok Sabha (2024-Present),MP-LO-17-58,Smt. Manju Meena (Hon'ble MP),"Crematorium Shed with Amenities at Nayla, Block Chaksu",Community Infrastructure,Crematorium Shed with Amenities,Rajasthan,Jaipur,Jaipur Rural,Chaksu,Nayla,26.8945,75.8563,1590000.0,1590000.0,358000.0,1232000.0,2024-03-09,2024-04-21,2024-05-18,2024-12-20,,Ongoing,26.1,AGY-DRDA-04,District Rural Development Agency (DRDA),3,1,False,PUBLIC DATA
MPL-2024-MA-001461,REC-2023-1461,Lok Sabha,17th Lok Sabha (2023-24),MP-LO-17-23,Shri Naresh Rao (Hon'ble MP),"Senior Citizen Recreation Shed at Titwala, Block Shahapur",Community Infrastructure,Senior Citizen Recreation Shed,Maharashtra,Thane,Thane,Shahapur,Titwala,19.1885,72.9005,2930000.0,2930000.0,2749000.0,181000.0,2023-12-15,2024-01-26,2024-02-15,2024-09-13,,Ongoing,83.2,AGY-DRDA-04,District Rural Development Agency (DRDA),3,3,False,PUBLIC DATA
MPL-2024-BI-001462,REC-2023-1462,Lok Sabha,17th Lok Sabha (2023-24),MP-LO-17-37,Dr. Ravi Shankar Sinha (Hon'ble MP),"Crematorium Shed with Amenities at Gauri Chak, Block Sampatchak",Community Infrastructure,Crematorium Shed with Amenities,Bihar,Patna,Patna Sahib,Sampatchak,Gauri Chak,25.5862,85.1919,4100000.0,4100000.0,4100000.0,0.0,2024-01-28,2024-03-21,2024-04-01,2024-10-25,2024-11-06,Completed,100.0,AGY-PWD-01,Public Works Department (PWD) Division I,4,3,True,PUBLIC DATA
MPL-2024-KE-001463,REC-2023-1463,Lok Sabha,17th Lok Sabha (2023-24),MP-LO-17-10,Shri Hibi Eden (Hon'ble MP),"High-Mast Solar Lighting Chowk at Edappally, Block Paravur",Solar & Renewable Energy,High-Mast Solar Lighting Chowk,Kerala,Ernakulam,Ernakulam,Paravur,Edappally,9.9483,76.3352,540000.0,540000.0,102000.0,438000.0,2023-05-23,2023-06-22,2023-07-13,2023-12-16,,Delayed,20.9,AGY-DRDA-04,District Rural Development Agency (DRDA),2,1,False,PUBLIC DATA
MPL-2024-KA-001464,REC-2023-1464,Lok Sabha,17th Lok Sabha (2023-24),MP-LO-17-45,Shri K. Venkatesh (Hon'ble MP),"Hand Pump Installation Cluster at Doddaballapur Rd, Block Bengaluru North",Drinking Water,Hand Pump Installation Cluster,Karnataka,Bengaluru Urban,Bangalore North,Bengaluru North,Doddaballapur Rd,13.0082,77.619,1450000.0,1450000.0,499000.0,951000.0,2023-12-06,2023-12-24,2024-01-20,2024-07-22,,Ongoing,32.0,AGY-PWD-01,Public Works Department (PWD) Division I,3,3,False,PUBLIC DATA
MPL-2024-WE-001465,REC-2023-1465,Lok Sabha,17th Lok Sabha (2023-24),MP-LO-17-88,Smt. Mahua Mitra (Hon'ble MP),"Community Public Toilet Complex at Dhubulia, Block Chapra",Health & Sanitation,Community Public Toilet Complex,West Bengal,Nadia,Krishnanagar,Chapra,Dhubulia,23.3814,88.4477,1320000.0,1320000.0,543000.0,777000.0,2024-03-02,2024-04-11,2024-04-29,2024-09-07,,Delayed,45.7,AGY-DRDA-04,District Rural Development Agency (DRDA),1,2,False,PUBLIC DATA
MPL-2024-AS-001466,REC-2023-1466,Rajya Sabha,17th Lok Sabha (2023-24),MP-RA-17-66,Smt. Queen Oja (Hon'ble MP),"Community Public Toilet Complex at Puthimari, Block Kamalpur",Health & Sanitation,Community Public Toilet Complex,Assam,Kamrup,Gauhati,Kamalpur,Puthimari,26.147,91.6789,1230000.0,1230000.0,1230000.0,0.0,2023-08-16,2023-09-03,2023-09-22,2024-01-31,2024-01-23,Completed,100.0,AGY-ZP-03,Zila Parishad Rural Infrastructure Cell,4,4,False,PUBLIC DATA
MPL-2024-MA-001467,REC-2023-1467,Rajya Sabha,17th Lok Sabha (2023-24),MP-RA-17-56,Shri Naresh Rao (Hon'ble MP),"Crematorium Shed with Amenities at Saralgaon, Block Bhiwandi",Community Infrastructure,Crematorium Shed with Amenities,Maharashtra,Thane,Thane,Bhiwandi,Saralgaon,19.2605,73.0259,3150000.0,3150000.0,3150000.0,0.0,2023-10-02,2023-10-17,2023-10-28,2024-05-09,2024-05-31,Completed,100.0,AGY-PWD-01,Public Works Department (PWD) Division I,2,6,True,PUBLIC DATA
MPL-2024-WE-001468,REC-2023-1468,Lok Sabha,17th Lok Sabha (2023-24),MP-LO-17-67,Smt. Mahua Mitra (Hon'ble MP),"Link Road Widening at Dhubulia, Block Nabadwip",Rural Roads & Bridges,Link Road Widening,West Bengal,Nadia,Krishnanagar,Nabadwip,Dhubulia,23.3216,88.5237,2960000.0,2960000.0,2960000.0,0.0,2023-06-18,2023-08-05,2023-08-25,2024-04-15,2024-03-26,Completed,100.0,AGY-DRDA-04,District Rural Development Agency (DRDA),4,2,False,PUBLIC DATA
MPL-2024-AS-001469,REC-2023-1469,Lok Sabha,17th Lok Sabha (2023-24),MP-LO-17-77,Smt. Queen Oja (Hon'ble MP),"Paver Block Road at Dadara, Block Chaygaon",Rural Roads & Bridges,Paver Block Road,Assam,Kamrup,Gauhati,Chaygaon,Dadara,26.0658,91.8043,1920000.0,1920000.0,1219000.0,701000.0,2024-01-13,2024-02-18,2024-03-14,2024-11-02,,Ongoing,59.7,AGY-PWD-01,Public Works Department (PWD) Division I,1,4,False,PUBLIC DATA
MPL-2024-KA-001470,REC-2023-1470,Lok Sabha,17th Lok Sabha (2023-24),MP-LO-17-26,Shri K. Venkatesh (Hon'ble MP),"Senior Citizen Recreation Shed at Doddaballapur Rd, Block Yelahanka",Community Infrastructure,Senior Citizen Recreation Shed,Karnataka,Bengaluru Urban,Bangalore North,Yelahanka,Doddaballapur Rd,13.0452,77.5472,2370000.0,2370000.0,673000.0,1697000.0,2023-08-25,2023-09-26,2023-10-13,2024-06-02,,Ongoing,29.9,AGY-RWD-02,Rural Works Department (RWD) Engineering Wing,1,1,False,PUBLIC DATA
MPL-2024-UT-001471,REC-2023-1471,Lok Sabha,17th Lok Sabha (2023-24),MP-LO-17-82,Shri Ramakant Sharma (Hon'ble MP),"School Boundary Wall & Sanitation at Rampur, Block Sewapuri",Education & Classrooms,School Boundary Wall & Sanitation,Uttar Pradesh,Varanasi,Varanasi,Sewapuri,Rampur,25.332,82.9759,2610000.0,2610000.0,2610000.0,0.0,2023-06-19,2023-07-13,2023-07-31,2023-12-15,2023-11-26,Completed,100.0,AGY-XYZ-99,XYZ Infrastructure & Construction Private Ltd,4,6,True,PUBLIC DATA
MPL-2024-RA-001472,REC-2023-1472,Rajya Sabha,17th Lok Sabha (2023-24),MP-RA-17-12,Smt. Manju Meena (Hon'ble MP),"Rooftop Solar for Govt Hospital at Nayla, Block Sanganer",Solar & Renewable Energy,Rooftop Solar for Govt Hospital,Rajasthan,Jaipur,Jaipur Rural,Sanganer,Nayla,26.9015,75.8602,590000.0,590000.0,590000.0,0.0,2023-07-04,2023-08-11,2023-09-02,2024-01-30,2024-01-11,Completed,100.0,AGY-PWD-01,Public Works Department (PWD) Division I,3,2,True,PUBLIC DATA
MPL-2024-WE-001473,REC-2023-1473,Lok Sabha,18th Lok Sabha (2024-Present),MP-LO-17-52,Smt. Mahua Mitra (Hon'ble MP),"Community Public Toilet Complex at Debagram, Block Chapra",Health & Sanitation,Community Public Toilet Complex,West Bengal,Nadia,Krishnanagar,Chapra,Debagram,23.4792,88.568,1400000.0,1400000.0,1044000.0,356000.0,2023-09-25,2023-10-17,2023-11-15,2024-04-22,,Ongoing,71.5,AGY-DRDA-04,District Rural Development Agency (DRDA),1,3,False,PUBLIC DATA
MPL-2024-AS-001474,REC-2023-1474,Lok Sabha,17th Lok Sabha (2023-24),MP-LO-17-87,Smt. Queen Oja (Hon'ble MP),"CC Road Construction at Boko, Block Hajo",Rural Roads & Bridges,CC Road Construction,Assam,Kamrup,Gauhati,Hajo,Boko,26.0952,91.6753,3430000.0,3430000.0,3430000.0,0.0,2023-06-06,2023-07-30,2023-08-23,2024-03-02,2024-02-14,Completed,100.0,AGY-WSS-05,Public Health Engineering & Water Supply Dept,3,2,True,PUBLIC DATA
MPL-2024-UT-001475,REC-2023-1475,Lok Sabha,17th Lok Sabha (2023-24),MP-LO-17-86,Shri Ramakant Sharma (Hon'ble MP),"Senior Citizen Recreation Shed at Harahua, Block Cholapur",Community Infrastructure,Senior Citizen Recreation Shed,Uttar Pradesh,Varanasi,Varanasi,Cholapur,Harahua,25.2471,82.9285,1620000.0,1620000.0,723000.0,897000.0,2023-05-30,2023-07-28,2023-08-12,2024-03-06,,Delayed,49.6,AGY-PWD-01,Public Works Department (PWD) Division I,2,2,False,PUBLIC DATA
MPL-2024-KA-001476,REC-2023-1476,Lok Sabha,17th Lok Sabha (2023-24),MP-LO-17-77,Shri K. Venkatesh (Hon'ble MP),"Crematorium Shed with Amenities at Mandur, Block Yelahanka",Community Infrastructure,Crematorium Shed with Amenities,Karnataka,Bengaluru Urban,Bangalore North,Yelahanka,Mandur,13.0014,77.6117,1870000.0,1870000.0,522000.0,1348000.0,2024-04-14,2024-06-02,2024-06-24,2025-01-25,,Ongoing,28.9,AGY-ZP-03,Zila Parishad Rural Infrastructure Cell,1,3,False,PUBLIC DATA
MPL-2024-RA-001477,REC-2023-1477,Lok Sabha,18th Lok Sabha (2024-Present),MP-LO-17-38,Smt. Manju Meena (Hon'ble MP),"Public Bus Passenger Shelter at Achrol, Block Shahpura",Community Infrastructure,Public Bus Passenger Shelter,Rajasthan,Jaipur,Jaipur Rural,Shahpura,Achrol,26.8997,75.7914,2330000.0,2330000.0,1545000.0,785000.0,2023-10-24,2023-11-20,2023-12-16,2024-07-20,,Ongoing,73.2,AGY-RWD-02,Rural Works Department (RWD) Engineering Wing,1,2,False,PUBLIC DATA
MPL-2024-KA-001478,REC-2023-1478,Lok Sabha,17th Lok Sabha (2023-24),MP-LO-17-74,Shri K. Venkatesh (Hon'ble MP),"Community Public Toilet Complex at Singanayakanahalli, Block Yelahanka",Health & Sanitation,Community Public Toilet Complex,Karnataka,Bengaluru Urban,Bangalore North,Yelahanka,Singanayakanahalli,12.9928,77.6575,1750000.0,1750000.0,1750000.0,0.0,2024-05-29,2024-07-18,2024-08-01,2025-01-18,2025-02-04,Completed,100.0,AGY-DRDA-04,District Rural Development Agency (DRDA),2,2,True,PUBLIC DATA
MPL-2024-UT-001479,REC-2023-1479,Lok Sabha,18th Lok Sabha (2024-Present),MP-LO-17-34,Shri Ramakant Sharma (Hon'ble MP),"Solar Street Light Grid (50 poles) at Rampur, Block Cholapur",Solar & Renewable Energy,Solar Street Light Grid (50 poles),Uttar Pradesh,Varanasi,Varanasi,Cholapur,Rampur,25.3376,82.947,900000.0,900000.0,900000.0,0.0,2023-07-23,2023-08-21,2023-09-09,2024-01-14,2024-02-21,Completed,100.0,AGY-ZP-03,Zila Parishad Rural Infrastructure Cell,2,4,True,PUBLIC DATA
MPL-2024-RA-001480,REC-2023-1480,Rajya Sabha,17th Lok Sabha (2023-24),MP-RA-17-62,Smt. Manju Meena (Hon'ble MP),"Smart Digital Library Block at Kukas, Block Amer",Education & Classrooms,Smart Digital Library Block,Rajasthan,Jaipur,Jaipur Rural,Amer,Kukas,26.9157,75.8098,2470000.0,2470000.0,1730000.0,740000.0,2024-05-22,2024-06-27,2024-07-16,2025-02-19,,Ongoing,61.6,AGY-ZP-03,Zila Parishad Rural Infrastructure Cell,2,4,False,PUBLIC DATA
MPL-2024-WE-001481,REC-2023-1481,Lok Sabha,18th Lok Sabha (2024-Present),MP-LO-17-95,Smt. Mahua Mitra (Hon'ble MP),"Smart Digital Library Block at Dhubulia, Block Chapra",Education & Classrooms,Smart Digital Library Block,West Bengal,Nadia,Krishnanagar,Chapra,Dhubulia,23.3286,88.5203,1240000.0,1240000.0,834000.0,406000.0,2024-03-22,2024-05-04,2024-05-25,2024-10-12,,Ongoing,69.4,AGY-ZP-03,Zila Parishad Rural Infrastructure Cell,1,2,False,PUBLIC DATA
MPL-2024-AS-001482,REC-2023-1482,Lok Sabha,18th Lok Sabha (2024-Present),MP-LO-17-38,Smt. Queen Oja (Hon'ble MP),"Crematorium Shed with Amenities at Dadara, Block Bezera",Community Infrastructure,Crematorium Shed with Amenities,Assam,Kamrup,Gauhati,Bezera,Dadara,26.2152,91.7855,1990000.0,1990000.0,1990000.0,0.0,2023-12-12,2024-01-13,2024-02-07,2024-07-03,2024-07-29,Completed,100.0,AGY-WSS-05,Public Health Engineering & Water Supply Dept,3,5,True,PUBLIC DATA
MPL-2024-BI-001483,REC-2023-1483,Lok Sabha,18th Lok Sabha (2024-Present),MP-LO-17-50,Dr. Ravi Shankar Sinha (Hon'ble MP),"Solar Street Light Grid (50 poles) at Sabbalpur, Block Danapur",Solar & Renewable Energy,Solar Street Light Grid (50 poles),Bihar,Patna,Patna Sahib,Danapur,Sabbalpur,25.6463,85.1648,430000.0,430000.0,430000.0,0.0,2024-03-11,2024-04-11,2024-05-02,2024-09-02,2024-09-15,Completed,100.0,AGY-RWD-02,Rural Works Department (RWD) Engineering Wing,2,3,True,PUBLIC DATA
MPL-2024-AS-001484,REC-2023-1484,Lok Sabha,17th Lok Sabha (2023-24),MP-LO-17-33,Smt. Queen Oja (Hon'ble MP),"Panchayat Community Hall at Puthimari, Block Kamalpur",Community Infrastructure,Panchayat Community Hall,Assam,Kamrup,Gauhati,Kamalpur,Puthimari,26.1471,91.6772,1290000.0,1290000.0,1290000.0,0.0,2023-07-03,2023-08-23,2023-09-10,2024-02-26,2024-02-09,Completed,100.0,AGY-XYZ-99,XYZ Infrastructure & Construction Private Ltd,2,2,True,PUBLIC DATA
MPL-2024-UT-001485,REC-2023-1485,Lok Sabha,17th Lok Sabha (2023-24),MP-LO-17-90,Shri Ramakant Sharma (Hon'ble MP),"Deep Borewell & Solar Pump System at Badagaon, Block Sewapuri",Drinking Water,Deep Borewell & Solar Pump System,Uttar Pradesh,Varanasi,Varanasi,Sewapuri,Badagaon,25.397,82.9889,1910000.0,1910000.0,1910000.0,0.0,2024-06-21,2024-08-02,2024-09-01,2025-01-09,2024-12-27,Completed,100.0,AGY-XYZ-99,XYZ Infrastructure & Construction Private Ltd,3,6,True,PUBLIC DATA
MPL-2024-WE-001486,REC-2023-1486,Lok Sabha,17th Lok Sabha (2023-24),MP-LO-17-62,Smt. Mahua Mitra (Hon'ble MP),"Solar Street Light Grid (50 poles) at Bethuadahari, Block Nakashipara",Solar & Renewable Energy,Solar Street Light Grid (50 poles),West Bengal,Nadia,Krishnanagar,Nakashipara,Bethuadahari,23.3274,88.5748,1150000.0,1150000.0,574000.0,576000.0,2024-03-23,2024-04-14,2024-05-13,2024-12-21,,Ongoing,45.3,AGY-ZP-03,Zila Parishad Rural Infrastructure Cell,2,2,False,PUBLIC DATA
MPL-2024-MA-001487,REC-2023-1487,Lok Sabha,17th Lok Sabha (2023-24),MP-LO-17-55,Shri Naresh Rao (Hon'ble MP),"Link Road Widening at Tokawade, Block Murbad",Rural Roads & Bridges,Link Road Widening,Maharashtra,Thane,Thane,Murbad,Tokawade,19.2771,72.9749,2240000.0,2240000.0,806000.0,1434000.0,2023-06-16,2023-08-04,2023-08-20,2024-02-18,,Delayed,40.0,AGY-XYZ-99,XYZ Infrastructure & Construction Private Ltd,1,1,False,PUBLIC DATA
MPL-2024-AS-001488,REC-2023-1488,Lok Sabha,17th Lok Sabha (2023-24),MP-LO-17-86,Smt. Queen Oja (Hon'ble MP),"Deep Borewell & Solar Pump System at Puthimari, Block Kamalpur",Drinking Water,Deep Borewell & Solar Pump System,Assam,Kamrup,Gauhati,Kamalpur,Puthimari,26.1767,91.6805,2040000.0,2040000.0,2040000.0,0.0,2024-04-20,2024-05-12,2024-05-31,2025-01-11,2024-12-30,Completed,100.0,AGY-DRDA-04,District Rural Development Agency (DRDA),3,2,False,PUBLIC DATA
MPL-2024-MA-001489,REC-2023-1489,Lok Sabha,18th Lok Sabha (2024-Present),MP-LO-17-46,Shri Naresh Rao (Hon'ble MP),"Link Road Widening at Tokawade, Block Bhiwandi",Rural Roads & Bridges,Link Road Widening,Maharashtra,Thane,Thane,Bhiwandi,Tokawade,19.2583,73.0373,2490000.0,2490000.0,1834000.0,656000.0,2023-07-03,2023-07-19,2023-08-11,2024-03-10,,Ongoing,71.5,AGY-ZP-03,Zila Parishad Rural Infrastructure Cell,2,4,False,PUBLIC DATA
MPL-2024-MA-001490,REC-2023-1490,Lok Sabha,18th Lok Sabha (2024-Present),MP-LO-17-58,Shri Naresh Rao (Hon'ble MP),"Piped Water Overhead Tank at Vashind, Block Kalyan",Drinking Water,Piped Water Overhead Tank,Maharashtra,Thane,Thane,Kalyan,Vashind,19.211,72.9867,980000.0,980000.0,980000.0,0.0,2023-12-27,2024-01-17,2024-01-27,2024-05-29,2024-06-17,Completed,100.0,AGY-ZP-03,Zila Parishad Rural Infrastructure Cell,2,6,True,PUBLIC DATA
MPL-2024-RA-001491,REC-2023-1491,Lok Sabha,17th Lok Sabha (2023-24),MP-LO-17-69,Smt. Manju Meena (Hon'ble MP),"School Science Laboratory at Manoharpur, Block Chaksu",Education & Classrooms,School Science Laboratory,Rajasthan,Jaipur,Jaipur Rural,Chaksu,Manoharpur,26.9757,75.7106,1930000.0,1930000.0,1930000.0,0.0,2023-06-18,2023-07-14,2023-07-24,2023-12-22,2024-01-28,Completed,100.0,AGY-ZP-03,Zila Parishad Rural Infrastructure Cell,4,4,True,PUBLIC DATA
MPL-2024-UT-001492,REC-2023-1492,Lok Sabha,18th Lok Sabha (2024-Present),MP-LO-17-46,Shri Ramakant Sharma (Hon'ble MP),"Hand Pump Installation Cluster at Harahua, Block Kashi Vidyapeeth",Drinking Water,Hand Pump Installation Cluster,Uttar Pradesh,Varanasi,Varanasi,Kashi Vidyapeeth,Harahua,25.3643,82.9504,1840000.0,1840000.0,1840000.0,0.0,2023-05-27,2023-07-01,2023-07-13,2024-01-05,2024-01-19,Completed,100.0,AGY-WSS-05,Public Health Engineering & Water Supply Dept,4,3,True,PUBLIC DATA
MPL-2024-WE-001493,REC-2023-1493,Lok Sabha,18th Lok Sabha (2024-Present),MP-LO-17-67,Smt. Mahua Mitra (Hon'ble MP),"Village Waste Segregation Shed at Debagram, Block Nabadwip",Health & Sanitation,Village Waste Segregation Shed,West Bengal,Nadia,Krishnanagar,Nabadwip,Debagram,23.4089,88.4253,2450000.0,2450000.0,1603000.0,847000.0,2024-05-09,2024-06-18,2024-07-14,2024-11-21,,Ongoing,73.3,AGY-RWD-02,Rural Works Department (RWD) Engineering Wing,1,2,False,PUBLIC DATA
MPL-2024-UT-001494,REC-2023-1494,Lok Sabha,17th Lok Sabha (2023-24),MP-LO-17-72,Shri Ramakant Sharma (Hon'ble MP),"Solar Street Light Grid (50 poles) at Shivpur, Block Cholapur",Solar & Renewable Energy,Solar Street Light Grid (50 poles),Uttar Pradesh,Varanasi,Varanasi,Cholapur,Shivpur,25.3949,82.9529,690000.0,690000.0,690000.0,0.0,2023-04-15,2023-05-04,2023-06-03,2023-12-24,2024-01-30,Completed,100.0,AGY-DRDA-04,District Rural Development Agency (DRDA),2,5,True,PUBLIC DATA
MPL-2024-MA-001495,REC-2023-1495,Lok Sabha,17th Lok Sabha (2023-24),MP-LO-17-40,Shri Naresh Rao (Hon'ble MP),"Village Waste Segregation Shed at Tokawade, Block Murbad",Health & Sanitation,Village Waste Segregation Shed,Maharashtra,Thane,Thane,Murbad,Tokawade,19.1599,73.0217,1170000.0,1170000.0,713000.0,457000.0,2024-02-24,2024-03-12,2024-03-30,2024-11-06,,Ongoing,68.1,AGY-ZP-03,Zila Parishad Rural Infrastructure Cell,1,1,False,PUBLIC DATA
MPL-2024-MA-001496,REC-2023-1496,Lok Sabha,17th Lok Sabha (2023-24),MP-LO-17-31,Shri Naresh Rao (Hon'ble MP),"Village Waste Segregation Shed at Titwala, Block Ambernath",Health & Sanitation,Village Waste Segregation Shed,Maharashtra,Thane,Thane,Ambernath,Titwala,19.2202,73.0022,1140000.0,1140000.0,1060000.0,80000.0,2024-05-05,2024-06-10,2024-07-05,2024-12-07,,Ongoing,84.5,AGY-ZP-03,Zila Parishad Rural Infrastructure Cell,2,1,False,PUBLIC DATA
MPL-2024-KA-001497,REC-2023-1497,Lok Sabha,18th Lok Sabha (2024-Present),MP-LO-17-24,Shri K. Venkatesh (Hon'ble MP),"Smart Digital Library Block at Hesaraghatta, Block Yelahanka",Education & Classrooms,Smart Digital Library Block,Karnataka,Bengaluru Urban,Bangalore North,Yelahanka,Hesaraghatta,12.933,77.627,2780000.0,2780000.0,2780000.0,0.0,2024-06-17,2024-08-05,2024-08-20,2025-04-03,2025-03-17,Completed,100.0,AGY-ZP-03,Zila Parishad Rural Infrastructure Cell,2,5,True,PUBLIC DATA
MPL-2024-MA-001498,REC-2023-1498,Lok Sabha,17th Lok Sabha (2023-24),MP-LO-17-46,Shri Naresh Rao (Hon'ble MP),"CC Road Construction at Vashind, Block Ambernath",Rural Roads & Bridges,CC Road Construction,Maharashtra,Thane,Thane,Ambernath,Vashind,19.2248,72.9387,2720000.0,2720000.0,2720000.0,0.0,2024-02-23,2024-03-10,2024-04-09,2024-08-13,2024-08-10,Completed,100.0,AGY-XYZ-99,XYZ Infrastructure & Construction Private Ltd,3,4,True,PUBLIC DATA
MPL-2024-KA-001499,REC-2023-1499,Rajya Sabha,17th Lok Sabha (2023-24),MP-RA-17-39,Shri K. Venkatesh (Hon'ble MP),"Smart Digital Library Block at Hesaraghatta, Block Anekal",Education & Classrooms,Smart Digital Library Block,Karnataka,Bengaluru Urban,Bangalore North,Anekal,Hesaraghatta,12.9364,77.6036,1980000.0,1980000.0,1980000.0,0.0,2023-06-21,2023-08-12,2023-08-26,2024-03-10,2024-03-14,Completed,100.0,AGY-PWD-01,Public Works Department (PWD) Division I,4,2,True,PUBLIC DATA
MPL-2024-WE-001500,REC-2023-1500,Lok Sabha,17th Lok Sabha (2023-24),MP-LO-17-59,Smt. Mahua Mitra (Hon'ble MP),"High-Mast Solar Lighting Chowk at Tehatta, Block Krishnanagar-I",Solar & Renewable Energy,High-Mast Solar Lighting Chowk,West Bengal,Nadia,Krishnanagar,Krishnanagar-I,Tehatta,23.3339,88.5759,1120000.0,1120000.0,1120000.0,0.0,2024-06-04,2024-07-02,2024-07-28,2025-01-15,2025-02-10,Completed,100.0,AGY-ZP-03,Zila Parishad Rural Infrastructure Cell,4,5,True,PUBLIC DATA
MPL-2024-KA-001501,REC-2023-1501,Lok Sabha,17th Lok Sabha (2023-24),MP-LO-17-84,Shri K. Venkatesh (Hon'ble MP),"Solar Street Light Grid (50 poles) at Attibele, Block Yelahanka",Solar & Renewable Energy,Solar Street Light Grid (50 poles),Karnataka,Bengaluru Urban,Bangalore North,Yelahanka,Attibele,13.0443,77.5618,1210000.0,1210000.0,605000.0,605000.0,2023-09-14,2023-10-12,2023-11-08,2024-04-08,,Ongoing,46.0,AGY-PWD-01,Public Works Department (PWD) Division I,3,3,False,PUBLIC DATA
MPL-2024-WE-001502,REC-2023-1502,Lok Sabha,17th Lok Sabha (2023-24),MP-LO-17-44,Smt. Mahua Mitra (Hon'ble MP),"Link Road Widening at Bethuadahari, Block Chapra",Rural Roads & Bridges,Link Road Widening,West Bengal,Nadia,Krishnanagar,Chapra,Bethuadahari,23.3283,88.5578,2680000.0,2680000.0,1236000.0,1444000.0,2023-09-21,2023-11-09,2023-12-06,2024-04-30,,Ongoing,46.4,AGY-DRDA-04,District Rural Development Agency (DRDA),2,4,False,PUBLIC DATA
MPL-2024-RA-001503,REC-2023-1503,Lok Sabha,18th Lok Sabha (2024-Present),MP-LO-17-72,Smt. Manju Meena (Hon'ble MP),"RO Water Treatment Plant at Achrol, Block Shahpura",Drinking Water,RO Water Treatment Plant,Rajasthan,Jaipur,Jaipur Rural,Shahpura,Achrol,26.8416,75.8438,520000.0,520000.0,520000.0,0.0,2024-02-19,2024-04-02,2024-04-25,2024-08-26,2024-08-28,Completed,100.0,AGY-DRDA-04,District Rural Development Agency (DRDA),2,5,True,PUBLIC DATA
MPL-2024-UT-001504,REC-2023-1504,Lok Sabha,17th Lok Sabha (2023-24),MP-LO-17-76,Shri Ramakant Sharma (Hon'ble MP),"Health Diagnostic Equipment at Chhatar, Block Arajiline",Health & Sanitation,Health Diagnostic Equipment,Uttar Pradesh,Varanasi,Varanasi,Arajiline,Chhatar,25.2459,83.0497,1740000.0,1740000.0,891000.0,849000.0,2024-03-22,2024-04-21,2024-05-18,2024-11-07,,Ongoing,45.9,AGY-ZP-03,Zila Parishad Rural Infrastructure Cell,1,4,False,PUBLIC DATA
MPL-2024-MA-001505,REC-2023-1505,Rajya Sabha,17th Lok Sabha (2023-24),MP-RA-17-52,Shri Naresh Rao (Hon'ble MP),"CC Road Construction at Saralgaon, Block Bhiwandi",Rural Roads & Bridges,CC Road Construction,Maharashtra,Thane,Thane,Bhiwandi,Saralgaon,19.1864,72.9118,2650000.0,2650000.0,813000.0,1837000.0,2023-07-14,2023-08-22,2023-09-15,2024-02-02,,Delayed,34.1,AGY-ZP-03,Zila Parishad Rural Infrastructure Cell,1,0,False,PUBLIC DATA
MPL-2024-MA-001506,REC-2023-1506,Rajya Sabha,17th Lok Sabha (2023-24),MP-RA-17-99,Shri Naresh Rao (Hon'ble MP),"Hand Pump Installation Cluster at Titwala, Block Kalyan",Drinking Water,Hand Pump Installation Cluster,Maharashtra,Thane,Thane,Kalyan,Titwala,19.1813,72.9456,1510000.0,1510000.0,608000.0,902000.0,2024-01-04,2024-01-20,2024-02-06,2024-08-16,,Ongoing,36.9,AGY-PWD-01,Public Works Department (PWD) Division I,1,4,False,PUBLIC DATA
MPL-2024-AS-001507,REC-2023-1507,Lok Sabha,17th Lok Sabha (2023-24),MP-LO-17-35,Smt. Queen Oja (Hon'ble MP),"Primary Health Sub-Centre Building at Sualkuchi, Block Chaygaon",Health & Sanitation,Primary Health Sub-Centre Building,Assam,Kamrup,Gauhati,Chaygaon,Sualkuchi,26.1427,91.7734,1250000.0,1250000.0,551000.0,699000.0,2024-02-19,2024-03-07,2024-03-17,2024-09-16,,Ongoing,50.2,AGY-XYZ-99,XYZ Infrastructure & Construction Private Ltd,2,4,False,PUBLIC DATA
MPL-2024-AS-001508,REC-2023-1508,Lok Sabha,17th Lok Sabha (2023-24),MP-LO-17-56,Smt. Queen Oja (Hon'ble MP),"Primary Health Sub-Centre Building at Puthimari, Block Rangia",Health & Sanitation,Primary Health Sub-Centre Building,Assam,Kamrup,Gauhati,Rangia,Puthimari,26.1841,91.7868,2070000.0,2070000.0,2070000.0,0.0,2023-05-31,2023-06-20,2023-07-14,2024-02-20,2024-01-31,Completed,100.0,AGY-DRDA-04,District Rural Development Agency (DRDA),2,4,False,PUBLIC DATA
MPL-2024-MA-001509,REC-2023-1509,Lok Sabha,18th Lok Sabha (2024-Present),MP-LO-17-68,Shri Naresh Rao (Hon'ble MP),"CC Road Construction at Titwala, Block Kalyan",Rural Roads & Bridges,CC Road Construction,Maharashtra,Thane,Thane,Kalyan,Titwala,19.293,72.9315,4620000.0,4620000.0,2141000.0,2479000.0,2023-11-02,2023-12-18,2024-01-17,2024-05-23,,Delayed,51.5,AGY-WSS-05,Public Health Engineering & Water Supply Dept,2,0,False,PUBLIC DATA
MPL-2024-MA-001510,REC-2023-1510,Rajya Sabha,17th Lok Sabha (2023-24),MP-RA-17-27,Shri Naresh Rao (Hon'ble MP),"School Boundary Wall & Sanitation at Saralgaon, Block Bhiwandi",Education & Classrooms,School Boundary Wall & Sanitation,Maharashtra,Thane,Thane,Bhiwandi,Saralgaon,19.1759,73.0452,1880000.0,1880000.0,915000.0,965000.0,2023-09-22,2023-11-07,2023-11-28,2024-05-04,,Delayed,54.1,AGY-XYZ-99,XYZ Infrastructure & Construction Private Ltd,1,0,False,PUBLIC DATA
MPL-2024-UT-001511,REC-2023-1511,Lok Sabha,17th Lok Sabha (2023-24),MP-LO-17-53,Shri Ramakant Sharma (Hon'ble MP),"Crematorium Shed with Amenities at Shivpur, Block Kashi Vidyapeeth",Community Infrastructure,Crematorium Shed with Amenities,Uttar Pradesh,Varanasi,Varanasi,Kashi Vidyapeeth,Shivpur,25.3196,82.9859,5000000.0,5000000.0,5000000.0,0.0,2024-04-23,2024-06-13,2024-07-10,2025-01-12,2024-12-26,Completed,100.0,AGY-PWD-01,Public Works Department (PWD) Division I,3,6,False,PUBLIC DATA
MPL-2024-RA-001512,REC-2023-1512,Lok Sabha,18th Lok Sabha (2024-Present),MP-LO-17-17,Smt. Manju Meena (Hon'ble MP),"School Science Laboratory at Achrol, Block Sanganer",Education & Classrooms,School Science Laboratory,Rajasthan,Jaipur,Jaipur Rural,Sanganer,Achrol,26.8817,75.7764,1460000.0,1460000.0,689000.0,771000.0,2024-03-28,2024-04-13,2024-05-04,2024-12-08,,Ongoing,49.6,AGY-PWD-01,Public Works Department (PWD) Division I,1,4,False,PUBLIC DATA
MPL-2024-KE-001513,REC-2023-1513,Rajya Sabha,17th Lok Sabha (2023-24),MP-RA-17-61,Shri Hibi Eden (Hon'ble MP),"Culvert & Drainage Bridge at Kothamangalam, Block Muvattupuzha",Rural Roads & Bridges,Culvert & Drainage Bridge,Kerala,Ernakulam,Ernakulam,Muvattupuzha,Kothamangalam,9.9441,76.2531,1840000.0,1840000.0,954000.0,886000.0,2023-12-02,2023-12-28,2024-01-17,2024-07-10,,Ongoing,58.7,AGY-WSS-05,Public Health Engineering & Water Supply Dept,3,1,False,PUBLIC DATA
MPL-2024-KA-001514,REC-2023-1514,Rajya Sabha,17th Lok Sabha (2023-24),MP-RA-17-25,Shri K. Venkatesh (Hon'ble MP),"Community Public Toilet Complex at Attibele, Block K.R. Puram",Health & Sanitation,Community Public Toilet Complex,Karnataka,Bengaluru Urban,Bangalore North,K.R. Puram,Attibele,13.0149,77.614,3070000.0,3070000.0,3070000.0,0.0,2024-02-06,2024-02-28,2024-03-22,2024-09-17,2024-10-25,Completed,100.0,AGY-WSS-05,Public Health Engineering & Water Supply Dept,4,4,False,PUBLIC DATA
MPL-2024-MA-001515,REC-2023-1515,Lok Sabha,18th Lok Sabha (2024-Present),MP-LO-17-44,Shri Naresh Rao (Hon'ble MP),"Deep Borewell & Solar Pump System at Titwala, Block Murbad",Drinking Water,Deep Borewell & Solar Pump System,Maharashtra,Thane,Thane,Murbad,Titwala,19.2224,73.0184,950000.0,950000.0,950000.0,0.0,2024-01-10,2024-02-09,2024-03-09,2024-08-17,2024-09-06,Completed,100.0,AGY-WSS-05,Public Health Engineering & Water Supply Dept,4,5,True,PUBLIC DATA
MPL-2024-KA-001516,REC-2023-1516,Rajya Sabha,17th Lok Sabha (2023-24),MP-RA-17-72,Shri K. Venkatesh (Hon'ble MP),"Piped Water Overhead Tank at Hesaraghatta, Block Bengaluru North",Drinking Water,Piped Water Overhead Tank,Karnataka,Bengaluru Urban,Bangalore North,Bengaluru North,Hesaraghatta,12.9799,77.5459,1670000.0,1670000.0,1670000.0,0.0,2023-09-04,2023-10-25,2023-11-04,2024-03-07,2024-04-11,Completed,100.0,AGY-PWD-01,Public Works Department (PWD) Division I,2,4,True,PUBLIC DATA
MPL-2024-KE-001517,REC-2023-1517,Lok Sabha,17th Lok Sabha (2023-24),MP-LO-17-60,Shri Hibi Eden (Hon'ble MP),"Paver Block Road at Perumbavoor, Block Angamaly",Rural Roads & Bridges,Paver Block Road,Kerala,Ernakulam,Ernakulam,Angamaly,Perumbavoor,9.9285,76.3707,3460000.0,3460000.0,1753000.0,1707000.0,2023-10-04,2023-10-19,2023-10-31,2024-03-03,,Delayed,56.3,AGY-PWD-01,Public Works Department (PWD) Division I,1,0,False,PUBLIC DATA
MPL-2024-BI-001518,REC-2023-1518,Rajya Sabha,17th Lok Sabha (2023-24),MP-RA-17-68,Dr. Ravi Shankar Sinha (Hon'ble MP),"Link Road Widening at Ranipur, Block Danapur",Rural Roads & Bridges,Link Road Widening,Bihar,Patna,Patna Sahib,Danapur,Ranipur,25.5465,85.2123,5660000.0,5660000.0,1706000.0,3954000.0,2023-07-03,2023-08-19,2023-09-03,2024-03-28,,Delayed,33.5,AGY-WSS-05,Public Health Engineering & Water Supply Dept,1,2,False,PUBLIC DATA
MPL-2024-MA-001519,REC-2023-1519,Lok Sabha,17th Lok Sabha (2023-24),MP-LO-17-48,Shri Naresh Rao (Hon'ble MP),"Senior Citizen Recreation Shed at Vashind, Block Bhiwandi",Community Infrastructure,Senior Citizen Recreation Shed,Maharashtra,Thane,Thane,Bhiwandi,Vashind,19.2079,72.9231,1710000.0,1710000.0,525000.0,1185000.0,2023-12-02,2023-12-20,2024-01-09,2024-08-20,,Delayed,34.1,AGY-PWD-01,Public Works Department (PWD) Division I,2,0,False,PUBLIC DATA
MPL-2024-RA-001520,REC-2023-1520,Rajya Sabha,18th Lok Sabha (2024-Present),MP-RA-17-34,Smt. Manju Meena (Hon'ble MP),"Public Bus Passenger Shelter at Manoharpur, Block Shahpura",Community Infrastructure,Public Bus Passenger Shelter,Rajasthan,Jaipur,Jaipur Rural,Shahpura,Manoharpur,26.9522,75.8599,4710000.0,4710000.0,3926000.0,784000.0,2023-05-24,2023-07-09,2023-08-05,2024-02-20,,Ongoing,81.8,AGY-RWD-02,Rural Works Department (RWD) Engineering Wing,3,2,False,PUBLIC DATA
MPL-2024-UT-001521,REC-2023-1521,Lok Sabha,18th Lok Sabha (2024-Present),MP-LO-17-43,Shri Ramakant Sharma (Hon'ble MP),"Crematorium Shed with Amenities at Babatpur, Block Arajiline",Community Infrastructure,Crematorium Shed with Amenities,Uttar Pradesh,Varanasi,Varanasi,Arajiline,Babatpur,25.3885,82.9333,1110000.0,1110000.0,256000.0,854000.0,2023-12-06,2023-12-24,2024-01-14,2024-08-24,,Delayed,25.6,AGY-DRDA-04,District Rural Development Agency (DRDA),1,0,False,PUBLIC DATA
MPL-2024-RA-001522,REC-2023-1522,Lok Sabha,17th Lok Sabha (2023-24),MP-LO-17-20,Smt. Manju Meena (Hon'ble MP),"Deep Borewell & Solar Pump System at Bagru, Block Sanganer",Drinking Water,Deep Borewell & Solar Pump System,Rajasthan,Jaipur,Jaipur Rural,Sanganer,Bagru,26.8511,75.7526,1410000.0,1410000.0,688000.0,722000.0,2023-09-20,2023-10-24,2023-11-19,2024-06-25,,Ongoing,44.0,AGY-PWD-01,Public Works Department (PWD) Division I,2,2,False,PUBLIC DATA
MPL-2024-UT-001523,REC-2023-1523,Rajya Sabha,17th Lok Sabha (2023-24),MP-RA-17-25,Shri Ramakant Sharma (Hon'ble MP),"School Boundary Wall & Sanitation at Chhatar, Block Cholapur",Education & Classrooms,School Boundary Wall & Sanitation,Uttar Pradesh,Varanasi,Varanasi,Cholapur,Chhatar,25.2986,82.9815,1990000.0,1990000.0,1654000.0,336000.0,2023-07-30,2023-09-28,2023-10-13,2024-04-02,,Ongoing,77.7,AGY-RWD-02,Rural Works Department (RWD) Engineering Wing,3,3,False,PUBLIC DATA
MPL-2024-KE-001524,REC-2023-1524,Lok Sabha,17th Lok Sabha (2023-24),MP-LO-17-43,Shri Hibi Eden (Hon'ble MP),"High-Mast Solar Lighting Chowk at Kalamassery, Block Vyttila",Solar & Renewable Energy,High-Mast Solar Lighting Chowk,Kerala,Ernakulam,Ernakulam,Vyttila,Kalamassery,10.0336,76.3637,1020000.0,1020000.0,452000.0,568000.0,2023-08-01,2023-09-19,2023-10-18,2024-06-08,,Ongoing,47.7,AGY-RWD-02,Rural Works Department (RWD) Engineering Wing,3,1,False,PUBLIC DATA
MPL-2024-RA-001525,REC-2023-1525,Lok Sabha,17th Lok Sabha (2023-24),MP-LO-17-34,Smt. Manju Meena (Hon'ble MP),"Deep Borewell & Solar Pump System at Bagru, Block Chaksu",Drinking Water,Deep Borewell & Solar Pump System,Rajasthan,Jaipur,Jaipur Rural,Chaksu,Bagru,26.946,75.772,550000.0,550000.0,168000.0,382000.0,2023-12-17,2024-01-21,2024-02-04,2024-07-21,,Ongoing,30.4,AGY-PWD-01,Public Works Department (PWD) Division I,2,2,False,PUBLIC DATA
MPL-2024-RA-001526,REC-2023-1526,Lok Sabha,17th Lok Sabha (2023-24),MP-LO-17-76,Smt. Manju Meena (Hon'ble MP),"Piped Water Overhead Tank at Kukas, Block Shahpura",Drinking Water,Piped Water Overhead Tank,Rajasthan,Jaipur,Jaipur Rural,Shahpura,Kukas,26.9248,75.7421,1430000.0,1430000.0,399000.0,1031000.0,2024-05-07,2024-06-14,2024-07-13,2025-01-08,,Ongoing,28.2,AGY-DRDA-04,District Rural Development Agency (DRDA),3,1,False,PUBLIC DATA
MPL-2024-WE-001527,REC-2023-1527,Lok Sabha,17th Lok Sabha (2023-24),MP-LO-17-54,Smt. Mahua Mitra (Hon'ble MP),"School Boundary Wall & Sanitation at Bethuadahari, Block Nabadwip",Education & Classrooms,School Boundary Wall & Sanitation,West Bengal,Nadia,Krishnanagar,Nabadwip,Bethuadahari,23.3286,88.4209,840000.0,840000.0,181000.0,659000.0,2024-06-10,2024-07-27,2024-08-19,2025-01-18,,Delayed,23.9,AGY-DRDA-04,District Rural Development Agency (DRDA),1,2,False,PUBLIC DATA
MPL-2024-AS-001528,REC-2023-1528,Lok Sabha,18th Lok Sabha (2024-Present),MP-LO-17-66,Smt. Queen Oja (Hon'ble MP),"Health Diagnostic Equipment at Sualkuchi, Block Bezera",Health & Sanitation,Health Diagnostic Equipment,Assam,Kamrup,Gauhati,Bezera,Sualkuchi,26.1864,91.8021,1400000.0,1400000.0,204000.0,1196000.0,2023-09-01,2023-10-08,2023-10-25,2024-04-02,,Delayed,16.2,AGY-XYZ-99,XYZ Infrastructure & Construction Private Ltd,1,0,False,PUBLIC DATA
MPL-2024-UT-001529,REC-2023-1529,Lok Sabha,17th Lok Sabha (2023-24),MP-LO-17-39,Shri Ramakant Sharma (Hon'ble MP),"Deep Borewell & Solar Pump System at Badagaon, Block Kashi Vidyapeeth",Drinking Water,Deep Borewell & Solar Pump System,Uttar Pradesh,Varanasi,Varanasi,Kashi Vidyapeeth,Badagaon,25.3566,82.9001,1610000.0,1610000.0,336000.0,1274000.0,2024-02-18,2024-03-06,2024-03-30,2024-08-19,,Delayed,23.2,AGY-WSS-05,Public Health Engineering & Water Supply Dept,1,2,False,PUBLIC DATA
MPL-2024-KA-001530,REC-2023-1530,Lok Sabha,18th Lok Sabha (2024-Present),MP-LO-17-25,Shri K. Venkatesh (Hon'ble MP),"Piped Water Overhead Tank at Mandur, Block Yelahanka",Drinking Water,Piped Water Overhead Tank,Karnataka,Bengaluru Urban,Bangalore North,Yelahanka,Mandur,13.0131,77.5947,560000.0,560000.0,560000.0,0.0,2023-04-21,2023-06-04,2023-07-02,2024-01-05,2024-01-26,Completed,100.0,AGY-DRDA-04,District Rural Development Agency (DRDA),3,5,True,PUBLIC DATA
MPL-2024-UT-001531,REC-2023-1531,Lok Sabha,18th Lok Sabha (2024-Present),MP-LO-17-66,Shri Ramakant Sharma (Hon'ble MP),"Public Bus Passenger Shelter at Rampur, Block Arajiline",Community Infrastructure,Public Bus Passenger Shelter,Uttar Pradesh,Varanasi,Varanasi,Arajiline,Rampur,25.3063,82.95,1590000.0,1590000.0,1590000.0,0.0,2024-04-19,2024-06-15,2024-06-27,2024-12-29,2024-12-15,Completed,100.0,AGY-DRDA-04,District Rural Development Agency (DRDA),3,2,False,PUBLIC DATA
MPL-2024-WE-001532,REC-2023-1532,Lok Sabha,18th Lok Sabha (2024-Present),MP-LO-17-13,Smt. Mahua Mitra (Hon'ble MP),"Community Public Toilet Complex at Mayapur, Block Krishnanagar-I",Health & Sanitation,Community Public Toilet Complex,West Bengal,Nadia,Krishnanagar,Krishnanagar-I,Mayapur,23.4712,88.4972,2330000.0,2330000.0,2330000.0,0.0,2023-11-26,2024-01-04,2024-01-20,2024-09-13,2024-08-25,Completed,100.0,AGY-ZP-03,Zila Parishad Rural Infrastructure Cell,3,2,True,PUBLIC DATA
MPL-2024-AS-001533,REC-2023-1533,Lok Sabha,17th Lok Sabha (2023-24),MP-LO-17-12,Smt. Queen Oja (Hon'ble MP),"Village Waste Segregation Shed at Mirza, Block Kamalpur",Health & Sanitation,Village Waste Segregation Shed,Assam,Kamrup,Gauhati,Kamalpur,Mirza,26.1347,91.6913,1090000.0,1090000.0,1090000.0,0.0,2023-08-14,2023-10-06,2023-11-02,2024-06-27,2024-07-25,Completed,100.0,AGY-PWD-01,Public Works Department (PWD) Division I,2,6,False,PUBLIC DATA
MPL-2024-KA-001534,REC-2023-1534,Lok Sabha,18th Lok Sabha (2024-Present),MP-LO-17-82,Shri K. Venkatesh (Hon'ble MP),"RO Water Treatment Plant at Doddaballapur Rd, Block K.R. Puram",Drinking Water,RO Water Treatment Plant,Karnataka,Bengaluru Urban,Bangalore North,K.R. Puram,Doddaballapur Rd,12.976,77.5769,520000.0,520000.0,439000.0,81000.0,2023-09-30,2023-11-25,2023-12-13,2024-05-30,,Ongoing,74.0,AGY-PWD-01,Public Works Department (PWD) Division I,1,1,False,PUBLIC DATA
MPL-2024-KA-001535,REC-2023-1535,Lok Sabha,18th Lok Sabha (2024-Present),MP-LO-17-41,Shri K. Venkatesh (Hon'ble MP),"Health Diagnostic Equipment at Attibele, Block Bengaluru North",Health & Sanitation,Health Diagnostic Equipment,Karnataka,Bengaluru Urban,Bangalore North,Bengaluru North,Attibele,13.051,77.6074,2520000.0,2520000.0,1418000.0,1102000.0,2023-11-25,2023-12-12,2024-01-08,2024-07-15,,Ongoing,61.2,AGY-ZP-03,Zila Parishad Rural Infrastructure Cell,3,2,False,PUBLIC DATA
MPL-2024-AS-001536,REC-2023-1536,Lok Sabha,17th Lok Sabha (2023-24),MP-LO-17-61,Smt. Queen Oja (Hon'ble MP),"Piped Water Overhead Tank at Mirza, Block Hajo",Drinking Water,Piped Water Overhead Tank,Assam,Kamrup,Gauhati,Hajo,Mirza,26.0967,91.6724,2690000.0,2690000.0,1051000.0,1639000.0,2024-02-05,2024-03-20,2024-04-06,2024-11-11,,Ongoing,40.4,AGY-XYZ-99,XYZ Infrastructure & Construction Private Ltd,1,1,False,PUBLIC DATA
MPL-2024-KE-001537,REC-2023-1537,Rajya Sabha,17th Lok Sabha (2023-24),MP-RA-17-41,Shri Hibi Eden (Hon'ble MP),"Public Bus Passenger Shelter at Perumbavoor, Block Vyttila",Community Infrastructure,Public Bus Passenger Shelter,Kerala,Ernakulam,Ernakulam,Vyttila,Perumbavoor,10.0505,76.3248,1340000.0,1340000.0,1340000.0,0.0,2024-03-05,2024-04-23,2024-05-07,2024-10-07,2024-11-05,Completed,100.0,AGY-RWD-02,Rural Works Department (RWD) Engineering Wing,4,5,True,PUBLIC DATA
MPL-2024-WE-001538,REC-2023-1538,Lok Sabha,17th Lok Sabha (2023-24),MP-LO-17-83,Smt. Mahua Mitra (Hon'ble MP),"Crematorium Shed with Amenities at Bethuadahari, Block Chapra",Community Infrastructure,Crematorium Shed with Amenities,West Bengal,Nadia,Krishnanagar,Chapra,Bethuadahari,23.3483,88.5268,1800000.0,1800000.0,256000.0,1544000.0,2023-10-10,2023-11-09,2023-12-09,2024-07-16,,Delayed,15.8,AGY-PWD-01,Public Works Department (PWD) Division I,2,0,False,PUBLIC DATA
MPL-2024-AS-001539,REC-2023-1539,Lok Sabha,17th Lok Sabha (2023-24),MP-LO-17-83,Smt. Queen Oja (Hon'ble MP),"Village Waste Segregation Shed at Dadara, Block Rangia",Health & Sanitation,Village Waste Segregation Shed,Assam,Kamrup,Gauhati,Rangia,Dadara,26.2231,91.7506,2260000.0,2260000.0,1093000.0,1167000.0,2023-05-23,2023-07-02,2023-07-13,2023-11-14,,Ongoing,54.9,AGY-DRDA-04,District Rural Development Agency (DRDA),1,1,False,PUBLIC DATA
MPL-2024-MA-001540,REC-2023-1540,Lok Sabha,18th Lok Sabha (2024-Present),MP-LO-17-70,Shri Naresh Rao (Hon'ble MP),"High-Mast Solar Lighting Chowk at Saralgaon, Block Shahapur",Solar & Renewable Energy,High-Mast Solar Lighting Chowk,Maharashtra,Thane,Thane,Shahapur,Saralgaon,19.185,73.0117,1030000.0,1030000.0,650000.0,380000.0,2024-03-09,2024-04-15,2024-05-01,2024-11-09,,Ongoing,74.2,AGY-ZP-03,Zila Parishad Rural Infrastructure Cell,2,2,False,PUBLIC DATA
MPL-2024-UT-001541,REC-2023-1541,Rajya Sabha,17th Lok Sabha (2023-24),MP-RA-17-43,Shri Ramakant Sharma (Hon'ble MP),"Village Waste Segregation Shed at Chhatar, Block Kashi Vidyapeeth",Health & Sanitation,Village Waste Segregation Shed,Uttar Pradesh,Varanasi,Varanasi,Kashi Vidyapeeth,Chhatar,25.2681,83.0396,1680000.0,1680000.0,1680000.0,0.0,2024-06-23,2024-08-05,2024-08-27,2025-02-05,2025-02-19,Completed,100.0,AGY-DRDA-04,District Rural Development Agency (DRDA),3,4,True,PUBLIC DATA
MPL-2024-AS-001542,REC-2023-1542,Lok Sabha,17th Lok Sabha (2023-24),MP-LO-17-42,Smt. Queen Oja (Hon'ble MP),"Primary Health Sub-Centre Building at Mirza, Block Kamalpur",Health & Sanitation,Primary Health Sub-Centre Building,Assam,Kamrup,Gauhati,Kamalpur,Mirza,26.1233,91.6864,890000.0,890000.0,890000.0,0.0,2024-01-26,2024-03-11,2024-03-28,2024-07-31,2024-08-12,Completed,100.0,AGY-DRDA-04,District Rural Development Agency (DRDA),3,4,True,PUBLIC DATA
MPL-2024-UT-001543,REC-2023-1543,Rajya Sabha,18th Lok Sabha (2024-Present),MP-RA-17-89,Shri Ramakant Sharma (Hon'ble MP),"School Boundary Wall & Sanitation at Babatpur, Block Cholapur",Education & Classrooms,School Boundary Wall & Sanitation,Uttar Pradesh,Varanasi,Varanasi,Cholapur,Babatpur,25.312,82.9197,1320000.0,1320000.0,549000.0,771000.0,2023-07-15,2023-09-03,2023-09-15,2024-02-28,,Delayed,46.2,AGY-DRDA-04,District Rural Development Agency (DRDA),2,1,False,PUBLIC DATA
MPL-2024-KA-001544,REC-2023-1544,Lok Sabha,18th Lok Sabha (2024-Present),MP-LO-17-59,Shri K. Venkatesh (Hon'ble MP),"Piped Water Overhead Tank at Singanayakanahalli, Block Bengaluru North",Drinking Water,Piped Water Overhead Tank,Karnataka,Bengaluru Urban,Bangalore North,Bengaluru North,Singanayakanahalli,12.9002,77.533,520000.0,520000.0,520000.0,0.0,2023-06-23,2023-08-14,2023-08-24,2024-01-06,2023-12-18,Completed,100.0,AGY-ZP-03,Zila Parishad Rural Infrastructure Cell,2,2,True,PUBLIC DATA
MPL-2024-WE-001545,REC-2023-1545,Lok Sabha,17th Lok Sabha (2023-24),MP-LO-17-63,Smt. Mahua Mitra (Hon'ble MP),"RO Water Treatment Plant at Debagram, Block Krishnanagar-I",Drinking Water,RO Water Treatment Plant,West Bengal,Nadia,Krishnanagar,Krishnanagar-I,Debagram,23.4359,88.5532,890000.0,890000.0,890000.0,0.0,2023-07-22,2023-08-29,2023-09-09,2024-02-18,2024-02-07,Completed,100.0,AGY-PWD-01,Public Works Department (PWD) Division I,4,3,False,PUBLIC DATA
MPL-2024-MA-001546,REC-2023-1546,Lok Sabha,17th Lok Sabha (2023-24),MP-LO-17-87,Shri Naresh Rao (Hon'ble MP),"Piped Water Overhead Tank at Saralgaon, Block Murbad",Drinking Water,Piped Water Overhead Tank,Maharashtra,Thane,Thane,Murbad,Saralgaon,19.1952,73.0515,1760000.0,1760000.0,1760000.0,0.0,2023-10-20,2023-11-25,2023-12-13,2024-07-10,2024-07-01,Completed,100.0,AGY-RWD-02,Rural Works Department (RWD) Engineering Wing,2,2,True,PUBLIC DATA
MPL-2024-MA-001547,REC-2023-1547,Rajya Sabha,17th Lok Sabha (2023-24),MP-RA-17-44,Shri Naresh Rao (Hon'ble MP),"Link Road Widening at Saralgaon, Block Kalyan",Rural Roads & Bridges,Link Road Widening,Maharashtra,Thane,Thane,Kalyan,Saralgaon,19.1454,72.9054,2800000.0,2800000.0,1240000.0,1560000.0,2023-06-07,2023-07-07,2023-07-26,2024-02-16,,Delayed,49.2,AGY-RWD-02,Rural Works Department (RWD) Engineering Wing,2,2,False,PUBLIC DATA
MPL-2024-KE-001548,REC-2023-1548,Lok Sabha,18th Lok Sabha (2024-Present),MP-LO-17-64,Shri Hibi Eden (Hon'ble MP),"Piped Water Overhead Tank at Kothamangalam, Block Aluva",Drinking Water,Piped Water Overhead Tank,Kerala,Ernakulam,Ernakulam,Aluva,Kothamangalam,9.9915,76.322,630000.0,630000.0,630000.0,0.0,2023-08-30,2023-09-28,2023-10-26,2024-04-01,2024-03-18,Completed,100.0,AGY-ZP-03,Zila Parishad Rural Infrastructure Cell,3,2,True,PUBLIC DATA
MPL-2024-KA-001549,REC-2023-1549,Lok Sabha,17th Lok Sabha (2023-24),MP-LO-17-31,Shri K. Venkatesh (Hon'ble MP),"Village Waste Segregation Shed at Attibele, Block K.R. Puram",Health & Sanitation,Village Waste Segregation Shed,Karnataka,Bengaluru Urban,Bangalore North,K.R. Puram,Attibele,13.0435,77.5577,960000.0,960000.0,503000.0,457000.0,2024-04-24,2024-05-15,2024-06-03,2024-12-30,,Ongoing,47.2,AGY-ZP-03,Zila Parishad Rural Infrastructure Cell,2,3,False,PUBLIC DATA
MPL-2024-AS-001550,REC-2023-1550,Lok Sabha,18th Lok Sabha (2024-Present),MP-LO-17-89,Smt. Queen Oja (Hon'ble MP),"Smart Digital Library Block at Sualkuchi, Block Rangia",Education & Classrooms,Smart Digital Library Block,Assam,Kamrup,Gauhati,Rangia,Sualkuchi,26.1971,91.807,1380000.0,1380000.0,1380000.0,0.0,2024-05-23,2024-06-22,2024-07-11,2025-01-07,2025-01-02,Completed,100.0,AGY-XYZ-99,XYZ Infrastructure & Construction Private Ltd,2,4,True,PUBLIC DATA
MPL-2024-KE-001551,REC-2023-1551,Rajya Sabha,18th Lok Sabha (2024-Present),MP-RA-17-40,Shri Hibi Eden (Hon'ble MP),"High-Mast Solar Lighting Chowk at Cherai, Block Muvattupuzha",Solar & Renewable Energy,High-Mast Solar Lighting Chowk,Kerala,Ernakulam,Ernakulam,Muvattupuzha,Cherai,9.9169,76.342,810000.0,810000.0,250000.0,560000.0,2023-09-07,2023-09-29,2023-10-16,2024-03-17,,Ongoing,32.3,AGY-RWD-02,Rural Works Department (RWD) Engineering Wing,2,2,False,PUBLIC DATA
MPL-2024-MA-001552,REC-2023-1552,Lok Sabha,17th Lok Sabha (2023-24),MP-LO-17-87,Shri Naresh Rao (Hon'ble MP),"Primary Health Sub-Centre Building at Padgha, Block Kalyan",Health & Sanitation,Primary Health Sub-Centre Building,Maharashtra,Thane,Thane,Kalyan,Padgha,19.2827,72.9224,860000.0,860000.0,275000.0,585000.0,2023-11-23,2024-01-03,2024-01-15,2024-08-03,,Ongoing,33.8,AGY-RWD-02,Rural Works Department (RWD) Engineering Wing,1,3,False,PUBLIC DATA
MPL-2024-UT-001553,REC-2023-1553,Lok Sabha,17th Lok Sabha (2023-24),MP-LO-17-92,Shri Ramakant Sharma (Hon'ble MP),"Deep Borewell & Solar Pump System at Babatpur, Block Kashi Vidyapeeth",Drinking Water,Deep Borewell & Solar Pump System,Uttar Pradesh,Varanasi,Varanasi,Kashi Vidyapeeth,Babatpur,25.2556,82.9228,1850000.0,1850000.0,1293000.0,557000.0,2023-10-31,2023-12-01,2023-12-24,2024-05-30,,Ongoing,71.6,AGY-XYZ-99,XYZ Infrastructure & Construction Private Ltd,2,2,False,PUBLIC DATA
MPL-2024-KA-001554,REC-2023-1554,Rajya Sabha,17th Lok Sabha (2023-24),MP-RA-17-62,Shri K. Venkatesh (Hon'ble MP),"Primary Health Sub-Centre Building at Mandur, Block Anekal",Health & Sanitation,Primary Health Sub-Centre Building,Karnataka,Bengaluru Urban,Bangalore North,Anekal,Mandur,13.0128,77.5691,980000.0,980000.0,250000.0,730000.0,2023-06-23,2023-08-02,2023-08-20,2024-01-14,,Ongoing,26.4,AGY-WSS-05,Public Health Engineering & Water Supply Dept,1,4,False,PUBLIC DATA
MPL-2024-MA-001555,REC-2023-1555,Rajya Sabha,17th Lok Sabha (2023-24),MP-RA-17-66,Shri Naresh Rao (Hon'ble MP),"Hand Pump Installation Cluster at Tokawade, Block Murbad",Drinking Water,Hand Pump Installation Cluster,Maharashtra,Thane,Thane,Murbad,Tokawade,19.2933,72.9492,1460000.0,1460000.0,725000.0,735000.0,2023-09-22,2023-10-27,2023-11-22,2024-04-09,,Delayed,55.2,AGY-XYZ-99,XYZ Infrastructure & Construction Private Ltd,1,1,False,PUBLIC DATA
MPL-2024-AS-001556,REC-2023-1556,Lok Sabha,18th Lok Sabha (2024-Present),MP-LO-17-65,Smt. Queen Oja (Hon'ble MP),"Hand Pump Installation Cluster at Sualkuchi, Block Hajo",Drinking Water,Hand Pump Installation Cluster,Assam,Kamrup,Gauhati,Hajo,Sualkuchi,26.1209,91.7684,540000.0,540000.0,540000.0,0.0,2024-01-04,2024-03-02,2024-03-18,2024-09-01,2024-09-03,Completed,100.0,AGY-XYZ-99,XYZ Infrastructure & Construction Private Ltd,4,5,True,PUBLIC DATA
MPL-2024-RA-001557,REC-2023-1557,Lok Sabha,18th Lok Sabha (2024-Present),MP-LO-17-22,Smt. Manju Meena (Hon'ble MP),"Link Road Widening at Manoharpur, Block Amer",Rural Roads & Bridges,Link Road Widening,Rajasthan,Jaipur,Jaipur Rural,Amer,Manoharpur,26.8571,75.7685,2920000.0,2920000.0,2920000.0,0.0,2023-12-13,2024-01-13,2024-02-07,2024-06-24,2024-06-19,Completed,100.0,AGY-DRDA-04,District Rural Development Agency (DRDA),2,2,True,PUBLIC DATA
MPL-2024-MA-001558,REC-2023-1558,Lok Sabha,17th Lok Sabha (2023-24),MP-LO-17-73,Shri Naresh Rao (Hon'ble MP),"School Boundary Wall & Sanitation at Titwala, Block Kalyan",Education & Classrooms,School Boundary Wall & Sanitation,Maharashtra,Thane,Thane,Kalyan,Titwala,19.2099,72.9103,2740000.0,2740000.0,1097000.0,1643000.0,2024-04-06,2024-05-08,2024-05-21,2024-12-13,,Ongoing,36.3,AGY-ZP-03,Zila Parishad Rural Infrastructure Cell,3,3,False,PUBLIC DATA
MPL-2024-RA-001559,REC-2023-1559,Lok Sabha,17th Lok Sabha (2023-24),MP-LO-17-47,Smt. Manju Meena (Hon'ble MP),"Deep Borewell & Solar Pump System at Kukas, Block Shahpura",Drinking Water,Deep Borewell & Solar Pump System,Rajasthan,Jaipur,Jaipur Rural,Shahpura,Kukas,26.8906,75.8408,1620000.0,1620000.0,1151000.0,469000.0,2024-03-02,2024-04-05,2024-04-19,2024-09-19,,Ongoing,63.0,AGY-RWD-02,Rural Works Department (RWD) Engineering Wing,1,4,False,PUBLIC DATA
MPL-2024-MA-001560,REC-2023-1560,Lok Sabha,17th Lok Sabha (2023-24),MP-LO-17-27,Shri Naresh Rao (Hon'ble MP),"Crematorium Shed with Amenities at Padgha, Block Kalyan",Community Infrastructure,Crematorium Shed with Amenities,Maharashtra,Thane,Thane,Kalyan,Padgha,19.2783,72.9665,2770000.0,2770000.0,1414000.0,1356000.0,2024-04-01,2024-05-10,2024-05-27,2025-01-07,,Delayed,56.7,AGY-DRDA-04,District Rural Development Agency (DRDA),1,1,False,PUBLIC DATA
MPL-2024-WE-001561,REC-2023-1561,Rajya Sabha,17th Lok Sabha (2023-24),MP-RA-17-57,Smt. Mahua Mitra (Hon'ble MP),"Deep Borewell & Solar Pump System at Mayapur, Block Nakashipara",Drinking Water,Deep Borewell & Solar Pump System,West Bengal,Nadia,Krishnanagar,Nakashipara,Mayapur,23.3741,88.5156,770000.0,770000.0,340000.0,430000.0,2023-07-28,2023-08-20,2023-09-08,2024-03-25,,Ongoing,44.2,AGY-ZP-03,Zila Parishad Rural Infrastructure Cell,2,4,False,PUBLIC DATA
MPL-2024-AS-001562,REC-2023-1562,Lok Sabha,18th Lok Sabha (2024-Present),MP-LO-17-79,Smt. Queen Oja (Hon'ble MP),"Link Road Widening at Boko, Block Hajo",Rural Roads & Bridges,Link Road Widening,Assam,Kamrup,Gauhati,Hajo,Boko,26.2036,91.74,1530000.0,1530000.0,784000.0,746000.0,2024-01-11,2024-02-01,2024-02-14,2024-09-08,,Delayed,56.9,AGY-XYZ-99,XYZ Infrastructure & Construction Private Ltd,1,1,False,PUBLIC DATA
MPL-2024-RA-001563,REC-2023-1563,Lok Sabha,18th Lok Sabha (2024-Present),MP-LO-17-29,Smt. Manju Meena (Hon'ble MP),"Panchayat Community Hall at Kukas, Block Chaksu",Community Infrastructure,Panchayat Community Hall,Rajasthan,Jaipur,Jaipur Rural,Chaksu,Kukas,26.881,75.7083,3350000.0,3350000.0,3350000.0,0.0,2024-04-06,2024-05-15,2024-06-12,2024-11-22,2024-11-12,Completed,100.0,AGY-ZP-03,Zila Parishad Rural Infrastructure Cell,4,4,False,PUBLIC DATA
MPL-2024-RA-001564,REC-2023-1564,Lok Sabha,18th Lok Sabha (2024-Present),MP-LO-17-57,Smt. Manju Meena (Hon'ble MP),"School Science Laboratory at Achrol, Block Shahpura",Education & Classrooms,School Science Laboratory,Rajasthan,Jaipur,Jaipur Rural,Shahpura,Achrol,26.9591,75.7147,2110000.0,2110000.0,2110000.0,0.0,2024-01-03,2024-01-25,2024-02-06,2024-07-26,2024-08-08,Completed,100.0,AGY-WSS-05,Public Health Engineering & Water Supply Dept,3,3,True,PUBLIC DATA
MPL-2024-AS-001565,REC-2023-1565,Rajya Sabha,18th Lok Sabha (2024-Present),MP-RA-17-54,Smt. Queen Oja (Hon'ble MP),"CC Road Construction at Boko, Block Hajo",Rural Roads & Bridges,CC Road Construction,Assam,Kamrup,Gauhati,Hajo,Boko,26.1593,91.7367,1860000.0,1860000.0,1860000.0,0.0,2024-05-22,2024-07-14,2024-08-08,2025-03-15,2025-03-15,Completed,100.0,AGY-XYZ-99,XYZ Infrastructure & Construction Private Ltd,4,3,True,PUBLIC DATA
MPL-2024-RA-001566,REC-2023-1566,Lok Sabha,17th Lok Sabha (2023-24),MP-LO-17-17,Smt. Manju Meena (Hon'ble MP),"School Science Laboratory at Nayla, Block Amer",Education & Classrooms,School Science Laboratory,Rajasthan,Jaipur,Jaipur Rural,Amer,Nayla,26.8422,75.8377,2890000.0,2890000.0,1285000.0,1605000.0,2024-01-19,2024-03-12,2024-03-22,2024-10-19,,Delayed,49.4,AGY-DRDA-04,District Rural Development Agency (DRDA),1,0,False,PUBLIC DATA
MPL-2024-KE-001567,REC-2023-1567,Rajya Sabha,17th Lok Sabha (2023-24),MP-RA-17-77,Shri Hibi Eden (Hon'ble MP),"Primary Health Sub-Centre Building at Perumbavoor, Block Muvattupuzha",Health & Sanitation,Primary Health Sub-Centre Building,Kerala,Ernakulam,Ernakulam,Muvattupuzha,Perumbavoor,10.058,76.2897,2520000.0,2520000.0,501000.0,2019000.0,2023-06-22,2023-08-01,2023-08-16,2024-04-09,,Delayed,22.1,AGY-WSS-05,Public Health Engineering & Water Supply Dept,2,1,False,PUBLIC DATA
MPL-2024-RA-001568,REC-2023-1568,Rajya Sabha,18th Lok Sabha (2024-Present),MP-RA-17-76,Smt. Manju Meena (Hon'ble MP),"Crematorium Shed with Amenities at Nayla, Block Amer",Community Infrastructure,Crematorium Shed with Amenities,Rajasthan,Jaipur,Jaipur Rural,Amer,Nayla,26.9239,75.8475,1890000.0,1890000.0,914000.0,976000.0,2023-07-11,2023-08-23,2023-09-06,2024-04-18,,Ongoing,47.1,AGY-DRDA-04,District Rural Development Agency (DRDA),2,4,False,PUBLIC DATA
MPL-2024-KE-001569,REC-2023-1569,Lok Sabha,17th Lok Sabha (2023-24),MP-LO-17-88,Shri Hibi Eden (Hon'ble MP),"Additional Classroom Building at Perumbavoor, Block Aluva",Education & Classrooms,Additional Classroom Building,Kerala,Ernakulam,Ernakulam,Aluva,Perumbavoor,9.9422,76.2673,1200000.0,1200000.0,322000.0,878000.0,2024-06-16,2024-07-02,2024-07-14,2025-02-06,,Delayed,29.8,AGY-ZP-03,Zila Parishad Rural Infrastructure Cell,1,1,False,PUBLIC DATA
MPL-2024-KA-001570,REC-2023-1570,Lok Sabha,18th Lok Sabha (2024-Present),MP-LO-17-79,Shri K. Venkatesh (Hon'ble MP),"Crematorium Shed with Amenities at Hesaraghatta, Block Yelahanka",Community Infrastructure,Crematorium Shed with Amenities,Karnataka,Bengaluru Urban,Bangalore North,Yelahanka,Hesaraghatta,12.9338,77.6279,3120000.0,3120000.0,963000.0,2157000.0,2023-09-01,2023-10-23,2023-11-12,2024-05-22,,Delayed,34.3,AGY-DRDA-04,District Rural Development Agency (DRDA),2,0,False,PUBLIC DATA
MPL-2024-MA-001571,REC-2023-1571,Lok Sabha,17th Lok Sabha (2023-24),MP-LO-17-75,Shri Naresh Rao (Hon'ble MP),"High-Mast Solar Lighting Chowk at Saralgaon, Block Murbad",Solar & Renewable Energy,High-Mast Solar Lighting Chowk,Maharashtra,Thane,Thane,Murbad,Saralgaon,19.2133,72.9186,880000.0,880000.0,880000.0,0.0,2024-04-30,2024-06-27,2024-07-19,2024-11-25,2024-11-22,Completed,100.0,AGY-XYZ-99,XYZ Infrastructure & Construction Private Ltd,3,5,False,PUBLIC DATA
MPL-2024-BI-001572,REC-2023-1572,Lok Sabha,17th Lok Sabha (2023-24),MP-LO-17-50,Dr. Ravi Shankar Sinha (Hon'ble MP),"Deep Borewell & Solar Pump System at Gauri Chak, Block Phulwari Sharif",Drinking Water,Deep Borewell & Solar Pump System,Bihar,Patna,Patna Sahib,Phulwari Sharif,Gauri Chak,25.5611,85.1869,1670000.0,1670000.0,398000.0,1272000.0,2023-07-07,2023-08-21,2023-09-12,2024-04-11,,Delayed,26.5,AGY-ZP-03,Zila Parishad Rural Infrastructure Cell,1,0,False,PUBLIC DATA
MPL-2024-KE-001573,REC-2023-1573,Lok Sabha,17th Lok Sabha (2023-24),MP-LO-17-14,Shri Hibi Eden (Hon'ble MP),"Crematorium Shed with Amenities at Kothamangalam, Block Vyttila",Community Infrastructure,Crematorium Shed with Amenities,Kerala,Ernakulam,Ernakulam,Vyttila,Kothamangalam,10.0142,76.374,3340000.0,3340000.0,995000.0,2345000.0,2023-12-19,2024-02-17,2024-03-10,2024-11-04,,Delayed,33.1,AGY-DRDA-04,District Rural Development Agency (DRDA),1,2,False,PUBLIC DATA
MPL-2024-UT-001574,REC-2023-1574,Lok Sabha,17th Lok Sabha (2023-24),MP-LO-17-14,Shri Ramakant Sharma (Hon'ble MP),"Rooftop Solar for Govt Hospital at Tikari, Block Arajiline",Solar & Renewable Energy,Rooftop Solar for Govt Hospital,Uttar Pradesh,Varanasi,Varanasi,Arajiline,Tikari,25.2774,82.9753,490000.0,490000.0,490000.0,0.0,2023-07-10,2023-08-23,2023-09-20,2024-02-23,2024-03-18,Completed,100.0,AGY-RWD-02,Rural Works Department (RWD) Engineering Wing,4,4,True,PUBLIC DATA
MPL-2024-KA-001575,REC-2023-1575,Rajya Sabha,17th Lok Sabha (2023-24),MP-RA-17-18,Shri K. Venkatesh (Hon'ble MP),"School Boundary Wall & Sanitation at Hesaraghatta, Block Bengaluru North",Education & Classrooms,School Boundary Wall & Sanitation,Karnataka,Bengaluru Urban,Bangalore North,Bengaluru North,Hesaraghatta,12.9996,77.5456,2330000.0,2330000.0,2330000.0,0.0,2024-04-10,2024-06-05,2024-07-05,2025-01-04,2025-02-03,Completed,100.0,AGY-PWD-01,Public Works Department (PWD) Division I,4,6,True,PUBLIC DATA
MPL-2024-BI-001576,REC-2023-1576,Lok Sabha,17th Lok Sabha (2023-24),MP-LO-17-67,Dr. Ravi Shankar Sinha (Hon'ble MP),"Solar Street Light Grid (50 poles) at Gauri Chak, Block Phulwari Sharif",Solar & Renewable Energy,Solar Street Light Grid (50 poles),Bihar,Patna,Patna Sahib,Phulwari Sharif,Gauri Chak,25.6192,85.1614,2350000.0,2350000.0,2350000.0,0.0,2023-12-25,2024-01-25,2024-02-19,2024-07-17,2024-08-23,Completed,100.0,AGY-PWD-01,Public Works Department (PWD) Division I,3,6,True,PUBLIC DATA
MPL-2024-KA-001577,REC-2023-1577,Lok Sabha,17th Lok Sabha (2023-24),MP-LO-17-53,Shri K. Venkatesh (Hon'ble MP),"School Boundary Wall & Sanitation at Attibele, Block K.R. Puram",Education & Classrooms,School Boundary Wall & Sanitation,Karnataka,Bengaluru Urban,Bangalore North,K.R. Puram,Attibele,12.9003,77.6443,2330000.0,2330000.0,952000.0,1378000.0,2023-06-23,2023-07-23,2023-08-08,2024-03-21,,Ongoing,43.3,AGY-ZP-03,Zila Parishad Rural Infrastructure Cell,1,1,False,PUBLIC DATA
MPL-2024-WE-001578,REC-2023-1578,Lok Sabha,17th Lok Sabha (2023-24),MP-LO-17-64,Smt. Mahua Mitra (Hon'ble MP),"Link Road Widening at Debagram, Block Chapra",Rural Roads & Bridges,Link Road Widening,West Bengal,Nadia,Krishnanagar,Chapra,Debagram,23.3332,88.4611,3430000.0,3430000.0,1138000.0,2292000.0,2023-10-14,2023-12-02,2023-12-14,2024-05-24,,Ongoing,31.6,AGY-WSS-05,Public Health Engineering & Water Supply Dept,3,3,False,PUBLIC DATA
MPL-2024-KE-001579,REC-2023-1579,Rajya Sabha,17th Lok Sabha (2023-24),MP-RA-17-56,Shri Hibi Eden (Hon'ble MP),"Solar Street Light Grid (50 poles) at Cherai, Block Aluva",Solar & Renewable Energy,Solar Street Light Grid (50 poles),Kerala,Ernakulam,Ernakulam,Aluva,Cherai,9.9241,76.3672,910000.0,910000.0,910000.0,0.0,2024-03-02,2024-04-20,2024-05-11,2024-12-20,2025-01-03,Completed,100.0,AGY-ZP-03,Zila Parishad Rural Infrastructure Cell,3,3,True,PUBLIC DATA
MPL-2024-UT-001580,REC-2023-1580,Lok Sabha,18th Lok Sabha (2024-Present),MP-LO-17-37,Shri Ramakant Sharma (Hon'ble MP),"Additional Classroom Building at Badagaon, Block Cholapur",Education & Classrooms,Additional Classroom Building,Uttar Pradesh,Varanasi,Varanasi,Cholapur,Badagaon,25.325,82.9641,2030000.0,2030000.0,745000.0,1285000.0,2024-01-27,2024-02-12,2024-03-03,2024-07-26,,Delayed,40.8,AGY-XYZ-99,XYZ Infrastructure & Construction Private Ltd,1,0,False,PUBLIC DATA
MPL-2024-KA-001581,REC-2023-1581,Lok Sabha,17th Lok Sabha (2023-24),MP-LO-17-76,Shri K. Venkatesh (Hon'ble MP),"Rooftop Solar for Govt Hospital at Singanayakanahalli, Block Bengaluru North",Solar & Renewable Energy,Rooftop Solar for Govt Hospital,Karnataka,Bengaluru Urban,Bangalore North,Bengaluru North,Singanayakanahalli,12.8964,77.5347,1100000.0,1100000.0,464000.0,636000.0,2024-03-23,2024-05-12,2024-06-02,2024-11-28,,Delayed,46.9,AGY-RWD-02,Rural Works Department (RWD) Engineering Wing,2,2,False,PUBLIC DATA
MPL-2024-KE-001582,REC-2023-1582,Rajya Sabha,17th Lok Sabha (2023-24),MP-RA-17-38,Shri Hibi Eden (Hon'ble MP),"Link Road Widening at Kothamangalam, Block Vyttila",Rural Roads & Bridges,Link Road Widening,Kerala,Ernakulam,Ernakulam,Vyttila,Kothamangalam,10.0287,76.3053,2210000.0,2210000.0,1736000.0,474000.0,2023-04-22,2023-06-10,2023-06-20,2023-12-11,,Ongoing,70.3,AGY-RWD-02,Rural Works Department (RWD) Engineering Wing,3,3,False,PUBLIC DATA
MPL-2024-KE-001583,REC-2023-1583,Lok Sabha,17th Lok Sabha (2023-24),MP-LO-17-90,Shri Hibi Eden (Hon'ble MP),"Link Road Widening at Perumbavoor, Block Paravur",Rural Roads & Bridges,Link Road Widening,Kerala,Ernakulam,Ernakulam,Paravur,Perumbavoor,10.0,76.3112,2620000.0,2620000.0,771000.0,1849000.0,2023-09-11,2023-10-12,2023-11-05,2024-06-23,,Ongoing,26.7,AGY-PWD-01,Public Works Department (PWD) Division I,1,2,False,PUBLIC DATA
MPL-2024-RA-001584,REC-2023-1584,Rajya Sabha,17th Lok Sabha (2023-24),MP-RA-17-26,Smt. Manju Meena (Hon'ble MP),"Solar Street Light Grid (50 poles) at Bassi, Block Chaksu",Solar & Renewable Energy,Solar Street Light Grid (50 poles),Rajasthan,Jaipur,Jaipur Rural,Chaksu,Bassi,26.9669,75.7649,1030000.0,1030000.0,620000.0,410000.0,2023-11-11,2024-01-08,2024-01-26,2024-08-03,,Ongoing,64.4,AGY-RWD-02,Rural Works Department (RWD) Engineering Wing,3,1,False,PUBLIC DATA
MPL-2024-UT-001585,REC-2023-1585,Lok Sabha,18th Lok Sabha (2024-Present),MP-LO-17-13,Shri Ramakant Sharma (Hon'ble MP),"High-Mast Solar Lighting Chowk at Badagaon, Block Kashi Vidyapeeth",Solar & Renewable Energy,High-Mast Solar Lighting Chowk,Uttar Pradesh,Varanasi,Varanasi,Kashi Vidyapeeth,Badagaon,25.2623,82.9624,610000.0,610000.0,610000.0,0.0,2023-08-19,2023-09-21,2023-10-09,2024-03-20,2024-03-17,Completed,100.0,AGY-DRDA-04,District Rural Development Agency (DRDA),3,5,True,PUBLIC DATA
MPL-2024-WE-001586,REC-2023-1586,Lok Sabha,17th Lok Sabha (2023-24),MP-LO-17-13,Smt. Mahua Mitra (Hon'ble MP),"Crematorium Shed with Amenities at Dhubulia, Block Nakashipara",Community Infrastructure,Crematorium Shed with Amenities,West Bengal,Nadia,Krishnanagar,Nakashipara,Dhubulia,23.3523,88.5672,3380000.0,3380000.0,593000.0,2787000.0,2024-05-21,2024-06-13,2024-07-09,2024-12-10,,Delayed,19.5,AGY-PWD-01,Public Works Department (PWD) Division I,2,1,False,PUBLIC DATA
MPL-2024-BI-001587,REC-2023-1587,Lok Sabha,18th Lok Sabha (2024-Present),MP-LO-17-35,Dr. Ravi Shankar Sinha (Hon'ble MP),"Crematorium Shed with Amenities at Ranipur, Block Sampatchak",Community Infrastructure,Crematorium Shed with Amenities,Bihar,Patna,Patna Sahib,Sampatchak,Ranipur,25.526,85.0843,2120000.0,2120000.0,366000.0,1754000.0,2023-06-07,2023-08-04,2023-08-30,2024-04-15,,Delayed,19.2,AGY-PWD-01,Public Works Department (PWD) Division I,1,0,False,PUBLIC DATA
MPL-2024-WE-001588,REC-2023-1588,Rajya Sabha,17th Lok Sabha (2023-24),MP-RA-17-88,Smt. Mahua Mitra (Hon'ble MP),"Panchayat Community Hall at Bethuadahari, Block Nakashipara",Community Infrastructure,Panchayat Community Hall,West Bengal,Nadia,Krishnanagar,Nakashipara,Bethuadahari,23.4536,88.4205,1670000.0,1670000.0,1670000.0,0.0,2023-05-12,2023-06-01,2023-06-14,2023-11-02,2023-10-13,Completed,100.0,AGY-PWD-01,Public Works Department (PWD) Division I,3,5,True,PUBLIC DATA
MPL-2024-UT-001589,REC-2023-1589,Lok Sabha,18th Lok Sabha (2024-Present),MP-LO-17-45,Shri Ramakant Sharma (Hon'ble MP),"Public Bus Passenger Shelter at Chhatar, Block Arajiline",Community Infrastructure,Public Bus Passenger Shelter,Uttar Pradesh,Varanasi,Varanasi,Arajiline,Chhatar,25.2608,82.983,4420000.0,4420000.0,2211000.0,2209000.0,2023-05-06,2023-05-28,2023-06-27,2023-12-14,,Ongoing,53.7,AGY-RWD-02,Rural Works Department (RWD) Engineering Wing,1,1,False,PUBLIC DATA
MPL-2024-KE-001590,REC-2023-1590,Lok Sabha,17th Lok Sabha (2023-24),MP-LO-17-90,Shri Hibi Eden (Hon'ble MP),"Primary Health Sub-Centre Building at Kothamangalam, Block Vyttila",Health & Sanitation,Primary Health Sub-Centre Building,Kerala,Ernakulam,Ernakulam,Vyttila,Kothamangalam,10.0169,76.2264,760000.0,760000.0,182000.0,578000.0,2023-05-08,2023-05-29,2023-06-26,2023-12-06,,Delayed,26.6,AGY-WSS-05,Public Health Engineering & Water Supply Dept,1,2,False,PUBLIC DATA
MPL-2024-BI-001591,REC-2023-1591,Lok Sabha,17th Lok Sabha (2023-24),MP-LO-17-14,Dr. Ravi Shankar Sinha (Hon'ble MP),"Rooftop Solar for Govt Hospital at Sabbalpur, Block Sampatchak",Solar & Renewable Energy,Rooftop Solar for Govt Hospital,Bihar,Patna,Patna Sahib,Sampatchak,Sabbalpur,25.5572,85.2116,1010000.0,1010000.0,425000.0,585000.0,2023-07-05,2023-07-25,2023-08-21,2024-04-09,,Delayed,46.7,AGY-WSS-05,Public Health Engineering & Water Supply Dept,1,2,False,PUBLIC DATA
MPL-2024-AS-001592,REC-2023-1592,Lok Sabha,17th Lok Sabha (2023-24),MP-LO-17-11,Smt. Queen Oja (Hon'ble MP),"RO Water Treatment Plant at Sualkuchi, Block Chaygaon",Drinking Water,RO Water Treatment Plant,Assam,Kamrup,Gauhati,Chaygaon,Sualkuchi,26.21,91.7647,1950000.0,1950000.0,1338000.0,612000.0,2023-11-11,2023-12-27,2024-01-21,2024-05-29,,Ongoing,69.1,AGY-XYZ-99,XYZ Infrastructure & Construction Private Ltd,3,4,False,PUBLIC DATA
MPL-2024-WE-001593,REC-2023-1593,Rajya Sabha,18th Lok Sabha (2024-Present),MP-RA-17-72,Smt. Mahua Mitra (Hon'ble MP),"CC Road Construction at Dhubulia, Block Krishnanagar-I",Rural Roads & Bridges,CC Road Construction,West Bengal,Nadia,Krishnanagar,Krishnanagar-I,Dhubulia,23.3222,88.4469,1710000.0,1710000.0,1710000.0,0.0,2023-12-01,2024-01-04,2024-01-24,2024-08-13,2024-09-17,Completed,100.0,AGY-WSS-05,Public Health Engineering & Water Supply Dept,3,4,False,PUBLIC DATA
MPL-2024-RA-001594,REC-2023-1594,Lok Sabha,18th Lok Sabha (2024-Present),MP-LO-17-55,Smt. Manju Meena (Hon'ble MP),"Additional Classroom Building at Bagru, Block Kotputli",Education & Classrooms,Additional Classroom Building,Rajasthan,Jaipur,Jaipur Rural,Kotputli,Bagru,26.8977,75.8166,2360000.0,2360000.0,2360000.0,0.0,2023-07-14,2023-08-31,2023-09-14,2024-02-02,2024-02-27,Completed,100.0,AGY-WSS-05,Public Health Engineering & Water Supply Dept,4,4,False,PUBLIC DATA
MPL-2024-KA-001595,REC-2023-1595,Lok Sabha,18th Lok Sabha (2024-Present),MP-LO-17-13,Shri K. Venkatesh (Hon'ble MP),"Village Waste Segregation Shed at Attibele, Block Yelahanka",Health & Sanitation,Village Waste Segregation Shed,Karnataka,Bengaluru Urban,Bangalore North,Yelahanka,Attibele,13.0273,77.5496,1550000.0,1550000.0,248000.0,1302000.0,2024-03-11,2024-04-21,2024-05-04,2024-09-15,,Delayed,17.8,AGY-DRDA-04,District Rural Development Agency (DRDA),2,1,False,PUBLIC DATA
MPL-2024-KE-001596,REC-2023-1596,Lok Sabha,17th Lok Sabha (2023-24),MP-LO-17-27,Shri Hibi Eden (Hon'ble MP),"Link Road Widening at Cherai, Block Angamaly",Rural Roads & Bridges,Link Road Widening,Kerala,Ernakulam,Ernakulam,Angamaly,Cherai,9.9165,76.3501,3060000.0,3060000.0,1421000.0,1639000.0,2023-11-01,2023-11-22,2023-12-14,2024-07-23,,Ongoing,45.1,AGY-PWD-01,Public Works Department (PWD) Division I,2,2,False,PUBLIC DATA
MPL-2024-MA-001597,REC-2023-1597,Lok Sabha,17th Lok Sabha (2023-24),MP-LO-17-70,Shri Naresh Rao (Hon'ble MP),"Hand Pump Installation Cluster at Saralgaon, Block Bhiwandi",Drinking Water,Hand Pump Installation Cluster,Maharashtra,Thane,Thane,Bhiwandi,Saralgaon,19.1569,73.0535,2910000.0,2910000.0,1834000.0,1076000.0,2024-01-19,2024-02-04,2024-02-22,2024-07-23,,Ongoing,57.1,AGY-XYZ-99,XYZ Infrastructure & Construction Private Ltd,3,4,False,PUBLIC DATA
MPL-2024-MA-001598,REC-2023-1598,Lok Sabha,17th Lok Sabha (2023-24),MP-LO-17-66,Shri Naresh Rao (Hon'ble MP),"Hand Pump Installation Cluster at Vashind, Block Bhiwandi",Drinking Water,Hand Pump Installation Cluster,Maharashtra,Thane,Thane,Bhiwandi,Vashind,19.2019,72.8996,2030000.0,2030000.0,882000.0,1148000.0,2023-05-20,2023-07-11,2023-07-24,2024-03-15,,Ongoing,39.3,AGY-XYZ-99,XYZ Infrastructure & Construction Private Ltd,2,3,False,PUBLIC DATA
MPL-2024-UT-001599,REC-2023-1599,Lok Sabha,18th Lok Sabha (2024-Present),MP-LO-17-66,Shri Ramakant Sharma (Hon'ble MP),"Village Waste Segregation Shed at Babatpur, Block Sewapuri",Health & Sanitation,Village Waste Segregation Shed,Uttar Pradesh,Varanasi,Varanasi,Sewapuri,Babatpur,25.3918,82.9525,2340000.0,2340000.0,2340000.0,0.0,2024-03-10,2024-04-24,2024-05-23,2025-01-11,2025-02-05,Completed,100.0,AGY-XYZ-99,XYZ Infrastructure & Construction Private Ltd,3,4,True,PUBLIC DATA
MPL-2024-KA-001600,REC-2023-1600,Lok Sabha,17th Lok Sabha (2023-24),MP-LO-17-78,Shri K. Venkatesh (Hon'ble MP),"Village Waste Segregation Shed at Doddaballapur Rd, Block Bengaluru North",Health & Sanitation,Village Waste Segregation Shed,Karnataka,Bengaluru Urban,Bangalore North,Bengaluru North,Doddaballapur Rd,13.0479,77.5453,1930000.0,1930000.0,1930000.0,0.0,2023-06-28,2023-07-23,2023-08-19,2024-01-23,2024-02-23,Completed,100.0,AGY-DRDA-04,District Rural Development Agency (DRDA),4,5,True,PUBLIC DATA
