work_id,recommendation_id,mp_id,mp_name,work_name,category,sub_category,state,district,constituency,block,village,latitude,longitude,recommended_amount,sanctioned_amount,expenditure_amount,remaining_amount,recommendation_date,sanction_date,start_date,expected_completion_date,actual_completion_date,status,progress_percentage,implementing_agency_id,implementing_agency_name,document_count,photo_count,has_completion_certificate,source_type
MPL-2024-UP-004821,REC-2023-9901,MP-LS-17-084,Shri Ramakant Sharma (Hon'ble MP),"Construction of CC Road and Paver Works from Main Chowk to Panchayat Bhawan, Village Rampur",Rural Roads & Bridges,CC Road Construction,Uttar Pradesh,Varanasi,Varanasi,Kashi Vidyapeeth,Rampur,25.321,82.9765,4800000.0,4800000.0,4200000.0,600000.0,2023-08-10,2023-10-25,2023-11-15,2024-05-30,,Ongoing,45.0,AGY-XYZ-99,XYZ Infrastructure & Construction Private Ltd,2,1,False,DEMO/SYNTHETIC DATA
MPL-2024-UP-004822,REC-2023-9902,MP-LS-17-084,Shri Ramakant Sharma (Hon'ble MP),"Construction of Concrete CC Road from Main Chowk to Gram Panchayat Bhawan, Rampur",Rural Roads & Bridges,CC Road Construction,Uttar Pradesh,Varanasi,Varanasi,Kashi Vidyapeeth,Rampur,25.3235,82.978,4650000.0,4650000.0,3900000.0,750000.0,2023-09-02,2023-11-10,2023-12-01,2024-06-15,,Ongoing,40.0,AGY-XYZ-99,XYZ Infrastructure & Construction Private Ltd,2,1,False,DEMO/SYNTHETIC DATA
MPL-2024-MH-001890,REC-2023-7712,MP-LS-17-112,Smt. Anjali Kulkarni (Hon'ble MP),Construction of High-Capacity Piped Water Overhead Tank at Titwala,Drinking Water,Piped Water Overhead Tank,Maharashtra,Thane,Thane,Kalyan,Titwala,19.298,73.2085,2400000.0,2400000.0,2400000.0,0.0,2023-04-12,2023-06-18,2023-07-01,2024-02-28,2024-03-10,Completed,100.0,AGY-WSS-05,Public Health Engineering & Water Supply Dept,2,0,False,DEMO/SYNTHETIC DATA
MPL-2024-BR-003310,REC-2023-4419,MP-LS-17-045,Shri Rajeshwar Prasad (Hon'ble MP),Establishment of Primary Health Sub-Centre Building at Ranipur,Health & Sanitation,Primary Health Sub-Centre Building,Bihar,Patna,Patna Sahib,Phulwari Sharif,Ranipur,25.568,85.074,2800000.0,2800000.0,1900000.0,900000.0,2023-02-15,2023-05-10,2023-06-01,2023-12-31,,Ongoing,25.0,AGY-XYZ-99,XYZ Infrastructure & Construction Private Ltd,2,1,False,DEMO/SYNTHETIC DATA
MPL-2024-KE-000005,REC-2023-7421,MP-LS-17-73,Hon'ble Member of Parliament (Ernakulam),"Piped Water Overhead Tank at Cherai, Block Aluva",Drinking Water,Piped Water Overhead Tank,Kerala,Ernakulam,Ernakulam,Aluva,Cherai,9.9501,76.2819,1910000.0,1810000.0,1810000.0,0.0,2023-11-27,2023-12-18,2024-01-16,2024-10-31,2024-10-31,Completed,100.0,AGY-RWD-02,Rural Works Department (RWD) Engineering Wing,4,4,True,DEMO/SYNTHETIC DATA
MPL-2024-BI-000006,REC-2023-5510,MP-LS-17-39,Hon'ble Member of Parliament (Patna Sahib),"Senior Citizen Recreation Shed at Baikatpur, Block Fatuha",Community Infrastructure,Senior Citizen Recreation Shed,Bihar,Patna,Patna Sahib,Fatuha,Baikatpur,25.6708,85.1532,2760000.0,2760000.0,2760000.0,0.0,2023-04-28,2023-06-19,2023-07-02,2023-11-14,2023-11-12,Completed,100.0,AGY-XYZ-99,XYZ Infrastructure & Construction Private Ltd,4,2,True,DEMO/SYNTHETIC DATA
MPL-2024-AS-000007,REC-2023-6361,MP-LS-17-28,Hon'ble Member of Parliament (Gauhati),"School Boundary Wall & Sanitation at Mirza, Block Bezera",Education & Classrooms,School Boundary Wall & Sanitation,Assam,Kamrup,Gauhati,Bezera,Mirza,26.1518,91.7807,2970000.0,2970000.0,2970000.0,0.0,2023-11-01,2023-12-20,2024-01-10,2024-08-13,2024-08-24,Completed,100.0,AGY-DRDA-04,District Rural Development Agency (DRDA),5,2,True,DEMO/SYNTHETIC DATA
MPL-2024-RA-000008,REC-2023-9896,MP-LS-17-30,Hon'ble Member of Parliament (Jaipur Rural),"CC Road Construction at Manoharpur, Block Shahpura",Rural Roads & Bridges,CC Road Construction,Rajasthan,Jaipur,Jaipur Rural,Shahpura,Manoharpur,26.9009,75.7469,2630000.0,2630000.0,2630000.0,0.0,2023-11-04,2023-12-17,2024-01-16,2024-11-09,2024-11-19,Completed,100.0,AGY-DRDA-04,District Rural Development Agency (DRDA),4,3,True,DEMO/SYNTHETIC DATA
MPL-2024-AS-000009,REC-2023-9440,MP-LS-17-64,Hon'ble Member of Parliament (Gauhati),"RO Water Treatment Plant at Sualkuchi, Block Chaygaon",Drinking Water,RO Water Treatment Plant,Assam,Kamrup,Gauhati,Chaygaon,Sualkuchi,26.1356,91.7874,2390000.0,2390000.0,2390000.0,0.0,2023-02-07,2023-03-23,2023-04-08,2023-09-12,2023-09-26,Completed,100.0,AGY-RWD-02,Rural Works Department (RWD) Engineering Wing,5,2,True,DEMO/SYNTHETIC DATA
MPL-2024-RA-000010,REC-2023-4810,MP-LS-17-12,Hon'ble Member of Parliament (Jaipur Rural),"Hand Pump Installation Cluster at Kukas, Block Shahpura",Drinking Water,Hand Pump Installation Cluster,Rajasthan,Jaipur,Jaipur Rural,Shahpura,Kukas,26.9449,75.8209,970000.0,920000.0,920000.0,0.0,2023-06-25,2023-08-17,2023-08-30,2024-04-27,2024-05-09,Completed,100.0,AGY-ZP-03,Zila Parishad Rural Infrastructure Cell,5,4,True,DEMO/SYNTHETIC DATA
MPL-2024-KE-000011,REC-2023-7520,MP-LS-17-47,Hon'ble Member of Parliament (Ernakulam),"Health Diagnostic Equipment at Kalamassery, Block Muvattupuzha",Health & Sanitation,Health Diagnostic Equipment,Kerala,Ernakulam,Ernakulam,Muvattupuzha,Kalamassery,10.0048,76.2446,1590000.0,1540000.0,584000.0,956000.0,2023-09-16,2023-11-14,2023-11-25,2024-08-27,,Ongoing,40.0,AGY-WSS-05,Public Health Engineering & Water Supply Dept,3,1,False,DEMO/SYNTHETIC DATA
MPL-2024-AS-000012,REC-2023-4721,MP-LS-17-50,Hon'ble Member of Parliament (Gauhati),"Hand Pump Installation Cluster at Mirza, Block Kamalpur",Drinking Water,Hand Pump Installation Cluster,Assam,Kamrup,Gauhati,Kamalpur,Mirza,26.0877,91.732,1010000.0,860000.0,362000.0,498000.0,2023-12-02,2024-01-30,2024-02-10,2024-08-21,,Ongoing,46.0,AGY-DRDA-04,District Rural Development Agency (DRDA),4,1,False,DEMO/SYNTHETIC DATA
MPL-2024-RA-000013,REC-2023-7348,MP-LS-17-60,Hon'ble Member of Parliament (Jaipur Rural),"School Boundary Wall & Sanitation at Achrol, Block Sanganer",Education & Classrooms,School Boundary Wall & Sanitation,Rajasthan,Jaipur,Jaipur Rural,Sanganer,Achrol,26.9847,75.7892,2950000.0,2900000.0,1351000.0,1549000.0,2023-04-01,2023-05-07,2023-05-27,2024-03-02,,Ongoing,43.0,AGY-ZP-03,Zila Parishad Rural Infrastructure Cell,2,1,False,DEMO/SYNTHETIC DATA
MPL-2024-MA-000014,REC-2023-6725,MP-LS-17-65,Hon'ble Member of Parliament (Thane),"Primary Health Sub-Centre Building at Padgha, Block Kalyan",Health & Sanitation,Primary Health Sub-Centre Building,Maharashtra,Thane,Thane,Kalyan,Padgha,19.1412,72.9896,2600000.0,2500000.0,2500000.0,0.0,2023-10-04,2023-11-17,2023-12-15,2024-09-08,2024-08-25,Completed,100.0,AGY-ZP-03,Zila Parishad Rural Infrastructure Cell,4,2,True,DEMO/SYNTHETIC DATA
MPL-2024-BI-000015,REC-2023-6827,MP-LS-17-34,Hon'ble Member of Parliament (Patna Sahib),"Deep Borewell & Solar Pump System at Gauri Chak, Block Danapur",Drinking Water,Deep Borewell & Solar Pump System,Bihar,Patna,Patna Sahib,Danapur,Gauri Chak,25.5246,85.1496,2110000.0,2110000.0,1024000.0,1086000.0,2023-09-27,2023-11-17,2023-12-17,2024-07-07,,Ongoing,49.0,AGY-XYZ-99,XYZ Infrastructure & Construction Private Ltd,4,1,False,DEMO/SYNTHETIC DATA
MPL-2024-MA-000016,REC-2023-1985,MP-LS-17-65,Hon'ble Member of Parliament (Thane),"CC Road Construction at Padgha, Block Kalyan",Rural Roads & Bridges,CC Road Construction,Maharashtra,Thane,Thane,Kalyan,Padgha,19.1434,73.0335,2980000.0,2930000.0,1852000.0,1078000.0,2023-11-28,2023-12-18,2024-01-14,2024-06-20,,Ongoing,66.0,AGY-DRDA-04,District Rural Development Agency (DRDA),3,3,False,DEMO/SYNTHETIC DATA
MPL-2024-RA-000017,REC-2023-3869,MP-LS-17-45,Hon'ble Member of Parliament (Jaipur Rural),"Solar Street Light Grid (50 poles) at Kukas, Block Sanganer",Solar & Renewable Energy,Solar Street Light Grid (50 poles),Rajasthan,Jaipur,Jaipur Rural,Sanganer,Kukas,26.8867,75.7505,920000.0,820000.0,658000.0,162000.0,2023-03-20,2023-04-28,2023-05-15,2024-01-02,,Ongoing,73.0,AGY-XYZ-99,XYZ Infrastructure & Construction Private Ltd,3,1,False,DEMO/SYNTHETIC DATA
MPL-2024-MA-000018,REC-2023-7129,MP-LS-17-68,Hon'ble Member of Parliament (Thane),"High-Mast Solar Lighting Chowk at Khadavali, Block Murbad",Solar & Renewable Energy,High-Mast Solar Lighting Chowk,Maharashtra,Thane,Thane,Murbad,Khadavali,19.14,72.9061,440000.0,440000.0,440000.0,0.0,2023-08-13,2023-09-19,2023-10-14,2024-06-09,2024-07-08,Completed,100.0,AGY-DRDA-04,District Rural Development Agency (DRDA),5,3,True,DEMO/SYNTHETIC DATA
MPL-2024-BI-000019,REC-2023-1710,MP-LS-17-50,Hon'ble Member of Parliament (Patna Sahib),"Village Waste Segregation Shed at Baikatpur, Block Phulwari Sharif",Health & Sanitation,Village Waste Segregation Shed,Bihar,Patna,Patna Sahib,Phulwari Sharif,Baikatpur,25.605,85.0845,2060000.0,1910000.0,1386000.0,524000.0,2023-10-23,2023-11-26,2023-12-21,2024-06-24,,Ongoing,79.0,AGY-XYZ-99,XYZ Infrastructure & Construction Private Ltd,2,2,False,DEMO/SYNTHETIC DATA
MPL-2024-KE-000020,REC-2023-8566,MP-LS-17-61,Hon'ble Member of Parliament (Ernakulam),"Panchayat Community Hall at Cherai, Block Muvattupuzha",Community Infrastructure,Panchayat Community Hall,Kerala,Ernakulam,Ernakulam,Muvattupuzha,Cherai,9.9373,76.2251,1230000.0,1080000.0,1080000.0,0.0,2023-02-16,2023-03-30,2023-04-29,2023-09-11,2023-10-15,Completed,100.0,AGY-DRDA-04,District Rural Development Agency (DRDA),5,2,True,DEMO/SYNTHETIC DATA
MPL-2024-KE-000021,REC-2023-3879,MP-LS-17-91,Hon'ble Member of Parliament (Ernakulam),"CC Road Construction at Cherai, Block Muvattupuzha",Rural Roads & Bridges,CC Road Construction,Kerala,Ernakulam,Ernakulam,Muvattupuzha,Cherai,9.9325,76.3476,3760000.0,3760000.0,1055000.0,2705000.0,2023-10-24,2023-12-18,2023-12-30,2024-07-08,,Ongoing,26.0,AGY-RWD-02,Rural Works Department (RWD) Engineering Wing,4,1,False,DEMO/SYNTHETIC DATA
MPL-2024-RA-000022,REC-2023-5718,MP-LS-17-54,Hon'ble Member of Parliament (Jaipur Rural),"Rooftop Solar for Govt Hospital at Manoharpur, Block Sanganer",Solar & Renewable Energy,Rooftop Solar for Govt Hospital,Rajasthan,Jaipur,Jaipur Rural,Sanganer,Manoharpur,26.9161,75.7497,660000.0,610000.0,610000.0,0.0,2023-01-06,2023-02-19,2023-03-15,2023-09-11,2023-09-11,Completed,100.0,AGY-DRDA-04,District Rural Development Agency (DRDA),5,3,True,DEMO/SYNTHETIC DATA
MPL-2024-UT-000023,REC-2023-7153,MP-LS-17-22,Hon'ble Member of Parliament (Varanasi),"Panchayat Community Hall at Badagaon, Block Sewapuri",Community Infrastructure,Panchayat Community Hall,Uttar Pradesh,Varanasi,Varanasi,Sewapuri,Badagaon,25.3755,83.0488,2280000.0,2280000.0,2280000.0,0.0,2023-07-05,2023-08-03,2023-08-18,2023-12-28,2024-01-15,Completed,100.0,AGY-XYZ-99,XYZ Infrastructure & Construction Private Ltd,4,4,True,DEMO/SYNTHETIC DATA
MPL-2024-BI-000024,REC-2023-5542,MP-LS-17-34,Hon'ble Member of Parliament (Patna Sahib),"Additional Classroom Building at Baikatpur, Block Fatuha",Education & Classrooms,Additional Classroom Building,Bihar,Patna,Patna Sahib,Fatuha,Baikatpur,25.5434,85.078,2870000.0,2820000.0,2820000.0,0.0,2023-04-12,2023-05-20,2023-06-05,2024-03-17,2024-02-26,Completed,100.0,AGY-XYZ-99,XYZ Infrastructure & Construction Private Ltd,5,4,True,DEMO/SYNTHETIC DATA
MPL-2024-KA-000025,REC-2023-5177,MP-LS-17-46,Hon'ble Member of Parliament (Bangalore North),"School Science Laboratory at Singanayakanahalli, Block Yelahanka",Education & Classrooms,School Science Laboratory,Karnataka,Bengaluru Urban,Bangalore North,Yelahanka,Singanayakanahalli,12.9641,77.6258,2390000.0,2340000.0,691000.0,1649000.0,2023-07-25,2023-08-18,2023-09-08,2024-06-12,,Ongoing,31.0,AGY-DRDA-04,District Rural Development Agency (DRDA),4,1,False,DEMO/SYNTHETIC DATA
MPL-2024-WE-000026,REC-2023-1666,MP-LS-17-94,Hon'ble Member of Parliament (Krishnanagar),"Link Road Widening at Dhubulia, Block Nabadwip",Rural Roads & Bridges,Link Road Widening,West Bengal,Nadia,Krishnanagar,Nabadwip,Dhubulia,23.4008,88.4731,1870000.0,1770000.0,1770000.0,0.0,2023-10-25,2023-11-29,2023-12-14,2024-09-13,2024-10-14,Completed,100.0,AGY-XYZ-99,XYZ Infrastructure & Construction Private Ltd,5,4,True,DEMO/SYNTHETIC DATA
MPL-2024-BI-000027,REC-2023-6489,MP-LS-17-39,Hon'ble Member of Parliament (Patna Sahib),"School Science Laboratory at Sabbalpur, Block Danapur",Education & Classrooms,School Science Laboratory,Bihar,Patna,Patna Sahib,Danapur,Sabbalpur,25.5662,85.0669,930000.0,880000.0,602000.0,278000.0,2023-11-15,2023-12-13,2024-01-11,2024-07-26,,Ongoing,72.0,AGY-XYZ-99,XYZ Infrastructure & Construction Private Ltd,4,2,False,DEMO/SYNTHETIC DATA
MPL-2024-AS-000028,REC-2023-3786,MP-LS-17-25,Hon'ble Member of Parliament (Gauhati),"Community Public Toilet Complex at Sualkuchi, Block Hajo",Health & Sanitation,Community Public Toilet Complex,Assam,Kamrup,Gauhati,Hajo,Sualkuchi,26.0887,91.7677,2280000.0,2230000.0,2230000.0,0.0,2023-10-04,2023-11-28,2023-12-28,2024-09-01,2024-08-13,Completed,100.0,AGY-ZP-03,Zila Parishad Rural Infrastructure Cell,5,3,True,DEMO/SYNTHETIC DATA
MPL-2024-KA-000029,REC-2023-3689,MP-LS-17-61,Hon'ble Member of Parliament (Bangalore North),"Additional Classroom Building at Attibele, Block Yelahanka",Education & Classrooms,Additional Classroom Building,Karnataka,Bengaluru Urban,Bangalore North,Yelahanka,Attibele,13.03,77.637,890000.0,840000.0,0.0,840000.0,2023-10-28,2023-11-22,2023-12-10,2024-06-27,,Sanctioned,0.0,AGY-DRDA-04,District Rural Development Agency (DRDA),2,0,False,DEMO/SYNTHETIC DATA
MPL-2024-KE-000030,REC-2023-3018,MP-LS-17-91,Hon'ble Member of Parliament (Ernakulam),"Piped Water Overhead Tank at Kalamassery, Block Aluva",Drinking Water,Piped Water Overhead Tank,Kerala,Ernakulam,Ernakulam,Aluva,Kalamassery,9.9254,76.2839,1970000.0,1820000.0,1358000.0,462000.0,2023-10-04,2023-11-26,2023-12-25,2024-08-02,,Ongoing,71.0,AGY-RWD-02,Rural Works Department (RWD) Engineering Wing,3,1,False,DEMO/SYNTHETIC DATA
MPL-2024-BI-000031,REC-2023-7534,MP-LS-17-95,Hon'ble Member of Parliament (Patna Sahib),"Rooftop Solar for Govt Hospital at Sabbalpur, Block Fatuha",Solar & Renewable Energy,Rooftop Solar for Govt Hospital,Bihar,Patna,Patna Sahib,Fatuha,Sabbalpur,25.6729,85.1644,1200000.0,1050000.0,0.0,1050000.0,2023-01-02,2023-02-19,2023-03-08,2023-07-11,,Sanctioned,0.0,AGY-XYZ-99,XYZ Infrastructure & Construction Private Ltd,2,0,False,DEMO/SYNTHETIC DATA
MPL-2024-KA-000032,REC-2023-8348,MP-LS-17-79,Hon'ble Member of Parliament (Bangalore North),"Public Bus Passenger Shelter at Attibele, Block Bengaluru North",Community Infrastructure,Public Bus Passenger Shelter,Karnataka,Bengaluru Urban,Bangalore North,Bengaluru North,Attibele,12.9321,77.538,1240000.0,1140000.0,0.0,1140000.0,2023-03-22,2023-05-20,2023-06-11,2023-12-14,,Sanctioned,0.0,AGY-RWD-02,Rural Works Department (RWD) Engineering Wing,2,0,False,DEMO/SYNTHETIC DATA
MPL-2024-KA-000033,REC-2023-6778,MP-LS-17-53,Hon'ble Member of Parliament (Bangalore North),"Hand Pump Installation Cluster at Mandur, Block Bengaluru North",Drinking Water,Hand Pump Installation Cluster,Karnataka,Bengaluru Urban,Bangalore North,Bengaluru North,Mandur,12.972,77.6608,2480000.0,2480000.0,2480000.0,0.0,2023-10-23,2023-11-17,2023-11-28,2024-08-25,2024-09-13,Completed,100.0,AGY-PWD-01,Public Works Department (PWD) Division I,5,4,True,DEMO/SYNTHETIC DATA
MPL-2024-RA-000034,REC-2023-4834,MP-LS-17-93,Hon'ble Member of Parliament (Jaipur Rural),"Deep Borewell & Solar Pump System at Nayla, Block Kotputli",Drinking Water,Deep Borewell & Solar Pump System,Rajasthan,Jaipur,Jaipur Rural,Kotputli,Nayla,26.8774,75.8401,1440000.0,1440000.0,858000.0,582000.0,2023-09-05,2023-10-06,2023-11-01,2024-06-18,,Ongoing,66.0,AGY-ZP-03,Zila Parishad Rural Infrastructure Cell,3,1,False,DEMO/SYNTHETIC DATA
MPL-2024-BI-000035,REC-2023-4966,MP-LS-17-35,Hon'ble Member of Parliament (Patna Sahib),"Deep Borewell & Solar Pump System at Ranipur, Block Bakhtiarpur",Drinking Water,Deep Borewell & Solar Pump System,Bihar,Patna,Patna Sahib,Bakhtiarpur,Ranipur,25.6677,85.0673,1740000.0,1740000.0,1165000.0,575000.0,2023-08-16,2023-09-06,2023-10-05,2024-05-29,,Ongoing,61.0,AGY-RWD-02,Rural Works Department (RWD) Engineering Wing,2,2,False,DEMO/SYNTHETIC DATA
MPL-2024-BI-000036,REC-2023-2302,MP-LS-17-28,Hon'ble Member of Parliament (Patna Sahib),"Crematorium Shed with Amenities at Jethuli, Block Bakhtiarpur",Community Infrastructure,Crematorium Shed with Amenities,Bihar,Patna,Patna Sahib,Bakhtiarpur,Jethuli,25.5169,85.1969,1260000.0,1160000.0,569000.0,591000.0,2023-04-05,2023-05-20,2023-06-10,2023-11-30,,Ongoing,48.0,AGY-WSS-05,Public Health Engineering & Water Supply Dept,2,1,False,DEMO/SYNTHETIC DATA
MPL-2024-MA-000037,REC-2023-4318,MP-LS-17-15,Hon'ble Member of Parliament (Thane),"Senior Citizen Recreation Shed at Titwala, Block Kalyan",Community Infrastructure,Senior Citizen Recreation Shed,Maharashtra,Thane,Thane,Kalyan,Titwala,19.2451,72.9278,1410000.0,1260000.0,432000.0,828000.0,2023-11-07,2023-12-18,2024-01-04,2024-09-18,,Ongoing,38.0,AGY-PWD-01,Public Works Department (PWD) Division I,4,1,False,DEMO/SYNTHETIC DATA
MPL-2024-BI-000038,REC-2023-9940,MP-LS-17-46,Hon'ble Member of Parliament (Patna Sahib),"School Boundary Wall & Sanitation at Baikatpur, Block Bakhtiarpur",Education & Classrooms,School Boundary Wall & Sanitation,Bihar,Patna,Patna Sahib,Bakhtiarpur,Baikatpur,25.5434,85.1558,2320000.0,2220000.0,2220000.0,0.0,2023-07-02,2023-08-05,2023-09-01,2024-05-23,2024-05-16,Completed,100.0,AGY-XYZ-99,XYZ Infrastructure & Construction Private Ltd,5,3,True,DEMO/SYNTHETIC DATA
MPL-2024-UT-000039,REC-2023-4930,MP-LS-17-52,Hon'ble Member of Parliament (Varanasi),"Health Diagnostic Equipment at Rampur, Block Kashi Vidyapeeth",Health & Sanitation,Health Diagnostic Equipment,Uttar Pradesh,Varanasi,Varanasi,Kashi Vidyapeeth,Rampur,25.3162,83.0507,1390000.0,1290000.0,1290000.0,0.0,2023-03-12,2023-04-28,2023-05-11,2023-12-22,2024-01-06,Completed,100.0,AGY-XYZ-99,XYZ Infrastructure & Construction Private Ltd,5,4,True,DEMO/SYNTHETIC DATA
MPL-2024-RA-000040,REC-2023-5093,MP-LS-17-70,Hon'ble Member of Parliament (Jaipur Rural),"Hand Pump Installation Cluster at Nayla, Block Sanganer",Drinking Water,Hand Pump Installation Cluster,Rajasthan,Jaipur,Jaipur Rural,Sanganer,Nayla,26.9694,75.7916,1330000.0,1330000.0,1330000.0,0.0,2023-06-01,2023-06-24,2023-07-20,2023-12-20,2023-12-24,Completed,100.0,AGY-DRDA-04,District Rural Development Agency (DRDA),4,4,True,DEMO/SYNTHETIC DATA
MPL-2024-KA-000041,REC-2023-9854,MP-LS-17-71,Hon'ble Member of Parliament (Bangalore North),"High-Mast Solar Lighting Chowk at Singanayakanahalli, Block Anekal",Solar & Renewable Energy,High-Mast Solar Lighting Chowk,Karnataka,Bengaluru Urban,Bangalore North,Anekal,Singanayakanahalli,13.0196,77.6719,1250000.0,1250000.0,598000.0,652000.0,2023-04-15,2023-06-07,2023-06-30,2024-01-16,,Ongoing,47.0,AGY-WSS-05,Public Health Engineering & Water Supply Dept,2,3,False,DEMO/SYNTHETIC DATA
MPL-2024-BI-000042,REC-2023-6303,MP-LS-17-65,Hon'ble Member of Parliament (Patna Sahib),"Piped Water Overhead Tank at Gauri Chak, Block Bakhtiarpur",Drinking Water,Piped Water Overhead Tank,Bihar,Patna,Patna Sahib,Bakhtiarpur,Gauri Chak,25.5238,85.12,1630000.0,1580000.0,1580000.0,0.0,2023-07-01,2023-07-31,2023-08-17,2024-04-20,2024-05-05,Completed,100.0,AGY-XYZ-99,XYZ Infrastructure & Construction Private Ltd,4,4,True,DEMO/SYNTHETIC DATA
MPL-2024-WE-000043,REC-2023-6014,MP-LS-17-52,Hon'ble Member of Parliament (Krishnanagar),"Panchayat Community Hall at Tehatta, Block Nabadwip",Community Infrastructure,Panchayat Community Hall,West Bengal,Nadia,Krishnanagar,Nabadwip,Tehatta,23.3666,88.4716,2900000.0,2850000.0,2850000.0,0.0,2023-02-12,2023-04-01,2023-04-14,2023-09-01,2023-09-07,Completed,100.0,AGY-PWD-01,Public Works Department (PWD) Division I,4,2,True,DEMO/SYNTHETIC DATA
MPL-2024-UT-000044,REC-2023-8970,MP-LS-17-88,Hon'ble Member of Parliament (Varanasi),"RO Water Treatment Plant at Rampur, Block Kashi Vidyapeeth",Drinking Water,RO Water Treatment Plant,Uttar Pradesh,Varanasi,Varanasi,Kashi Vidyapeeth,Rampur,25.3951,82.9968,1190000.0,1040000.0,1040000.0,0.0,2023-04-25,2023-06-07,2023-07-02,2023-12-06,2023-12-07,Completed,100.0,AGY-DRDA-04,District Rural Development Agency (DRDA),4,4,True,DEMO/SYNTHETIC DATA
MPL-2024-MA-000045,REC-2023-9226,MP-LS-17-86,Hon'ble Member of Parliament (Thane),"School Boundary Wall & Sanitation at Vashind, Block Ambernath",Education & Classrooms,School Boundary Wall & Sanitation,Maharashtra,Thane,Thane,Ambernath,Vashind,19.2691,72.9707,930000.0,930000.0,930000.0,0.0,2023-06-21,2023-07-31,2023-08-28,2024-03-11,2024-03-21,Completed,100.0,AGY-DRDA-04,District Rural Development Agency (DRDA),5,4,True,DEMO/SYNTHETIC DATA
MPL-2024-UT-000046,REC-2023-2365,MP-LS-17-19,Hon'ble Member of Parliament (Varanasi),"School Boundary Wall & Sanitation at Harahua, Block Cholapur",Education & Classrooms,School Boundary Wall & Sanitation,Uttar Pradesh,Varanasi,Varanasi,Cholapur,Harahua,25.3178,83.0367,1020000.0,970000.0,970000.0,0.0,2023-11-20,2023-12-17,2024-01-07,2024-07-17,2024-08-17,Completed,100.0,AGY-ZP-03,Zila Parishad Rural Infrastructure Cell,5,4,True,DEMO/SYNTHETIC DATA
MPL-2024-KA-000047,REC-2023-6872,MP-LS-17-62,Hon'ble Member of Parliament (Bangalore North),"CC Road Construction at Attibele, Block Yelahanka",Rural Roads & Bridges,CC Road Construction,Karnataka,Bengaluru Urban,Bangalore North,Yelahanka,Attibele,12.9838,77.5198,2210000.0,2110000.0,0.0,2110000.0,2023-03-07,2023-05-04,2023-05-25,2023-10-22,,Sanctioned,0.0,AGY-DRDA-04,District Rural Development Agency (DRDA),2,0,False,DEMO/SYNTHETIC DATA
MPL-2024-RA-000048,REC-2023-3030,MP-LS-17-34,Hon'ble Member of Parliament (Jaipur Rural),"Deep Borewell & Solar Pump System at Bassi, Block Chaksu",Drinking Water,Deep Borewell & Solar Pump System,Rajasthan,Jaipur,Jaipur Rural,Chaksu,Bassi,26.9053,75.8628,1880000.0,1730000.0,1037000.0,693000.0,2023-10-24,2023-12-10,2024-01-08,2024-08-30,,Ongoing,62.0,AGY-WSS-05,Public Health Engineering & Water Supply Dept,4,3,False,DEMO/SYNTHETIC DATA
MPL-2024-MA-000049,REC-2023-5152,MP-LS-17-69,Hon'ble Member of Parliament (Thane),"Rooftop Solar for Govt Hospital at Titwala, Block Bhiwandi",Solar & Renewable Energy,Rooftop Solar for Govt Hospital,Maharashtra,Thane,Thane,Bhiwandi,Titwala,19.1575,72.9689,580000.0,530000.0,530000.0,0.0,2023-11-11,2023-12-08,2023-12-22,2024-08-26,2024-09-30,Completed,100.0,AGY-XYZ-99,XYZ Infrastructure & Construction Private Ltd,5,2,True,DEMO/SYNTHETIC DATA
MPL-2024-BI-000050,REC-2023-7296,MP-LS-17-42,Hon'ble Member of Parliament (Patna Sahib),"High-Mast Solar Lighting Chowk at Sabbalpur, Block Sampatchak",Solar & Renewable Energy,High-Mast Solar Lighting Chowk,Bihar,Patna,Patna Sahib,Sampatchak,Sabbalpur,25.6486,85.2091,620000.0,620000.0,365000.0,255000.0,2023-03-23,2023-04-21,2023-05-02,2024-01-24,,Ongoing,55.0,AGY-XYZ-99,XYZ Infrastructure & Construction Private Ltd,4,2,False,DEMO/SYNTHETIC DATA
MPL-2024-RA-000051,REC-2023-7508,MP-LS-17-59,Hon'ble Member of Parliament (Jaipur Rural),"CC Road Construction at Bagru, Block Amer",Rural Roads & Bridges,CC Road Construction,Rajasthan,Jaipur,Jaipur Rural,Amer,Bagru,26.978,75.778,2650000.0,2600000.0,2600000.0,0.0,2023-03-07,2023-04-07,2023-04-28,2023-10-23,2023-11-17,Completed,100.0,AGY-WSS-05,Public Health Engineering & Water Supply Dept,4,4,True,DEMO/SYNTHETIC DATA
MPL-2024-KE-000052,REC-2023-3770,MP-LS-17-19,Hon'ble Member of Parliament (Ernakulam),"Rooftop Solar for Govt Hospital at Perumbavoor, Block Paravur",Solar & Renewable Energy,Rooftop Solar for Govt Hospital,Kerala,Ernakulam,Ernakulam,Paravur,Perumbavoor,9.9282,76.2817,1370000.0,1220000.0,1220000.0,0.0,2023-04-22,2023-06-16,2023-06-27,2024-04-13,2024-05-12,Completed,100.0,AGY-XYZ-99,XYZ Infrastructure & Construction Private Ltd,5,2,True,DEMO/SYNTHETIC DATA
MPL-2024-KA-000053,REC-2023-5317,MP-LS-17-71,Hon'ble Member of Parliament (Bangalore North),"Rooftop Solar for Govt Hospital at Doddaballapur Rd, Block Bengaluru North",Solar & Renewable Energy,Rooftop Solar for Govt Hospital,Karnataka,Bengaluru Urban,Bangalore North,Bengaluru North,Doddaballapur Rd,12.9652,77.5904,1320000.0,1320000.0,1320000.0,0.0,2023-09-08,2023-10-30,2023-11-14,2024-05-30,2024-06-10,Completed,100.0,AGY-ZP-03,Zila Parishad Rural Infrastructure Cell,4,4,True,DEMO/SYNTHETIC DATA
MPL-2024-UT-000054,REC-2023-9572,MP-LS-17-28,Hon'ble Member of Parliament (Varanasi),"Rooftop Solar for Govt Hospital at Rampur, Block Arajiline",Solar & Renewable Energy,Rooftop Solar for Govt Hospital,Uttar Pradesh,Varanasi,Varanasi,Arajiline,Rampur,25.2644,83.0175,1320000.0,1320000.0,352000.0,968000.0,2023-11-19,2024-01-09,2024-01-19,2024-10-02,,Ongoing,26.0,AGY-XYZ-99,XYZ Infrastructure & Construction Private Ltd,4,1,False,DEMO/SYNTHETIC DATA
MPL-2024-KE-000055,REC-2023-7496,MP-LS-17-78,Hon'ble Member of Parliament (Ernakulam),"Smart Digital Library Block at Kothamangalam, Block Vyttila",Education & Classrooms,Smart Digital Library Block,Kerala,Ernakulam,Ernakulam,Vyttila,Kothamangalam,9.9469,76.376,3290000.0,3190000.0,3190000.0,0.0,2023-11-08,2024-01-03,2024-01-23,2024-09-27,2024-09-13,Completed,100.0,AGY-DRDA-04,District Rural Development Agency (DRDA),4,4,True,DEMO/SYNTHETIC DATA
MPL-2024-AS-000056,REC-2023-5187,MP-LS-17-47,Hon'ble Member of Parliament (Gauhati),"High-Mast Solar Lighting Chowk at Dadara, Block Chaygaon",Solar & Renewable Energy,High-Mast Solar Lighting Chowk,Assam,Kamrup,Gauhati,Chaygaon,Dadara,26.1327,91.7243,860000.0,710000.0,710000.0,0.0,2023-02-02,2023-03-18,2023-03-29,2023-10-23,2023-11-23,Completed,100.0,AGY-DRDA-04,District Rural Development Agency (DRDA),4,4,True,DEMO/SYNTHETIC DATA
MPL-2024-AS-000057,REC-2023-6067,MP-LS-17-83,Hon'ble Member of Parliament (Gauhati),"RO Water Treatment Plant at Sualkuchi, Block Chaygaon",Drinking Water,RO Water Treatment Plant,Assam,Kamrup,Gauhati,Chaygaon,Sualkuchi,26.099,91.6663,2180000.0,2080000.0,2080000.0,0.0,2023-03-14,2023-04-13,2023-04-29,2023-10-03,2023-10-22,Completed,100.0,AGY-PWD-01,Public Works Department (PWD) Division I,5,2,True,DEMO/SYNTHETIC DATA
MPL-2024-AS-000058,REC-2023-5497,MP-LS-17-87,Hon'ble Member of Parliament (Gauhati),"Village Waste Segregation Shed at Boko, Block Rangia",Health & Sanitation,Village Waste Segregation Shed,Assam,Kamrup,Gauhati,Rangia,Boko,26.0961,91.6687,2880000.0,2880000.0,1770000.0,1110000.0,2023-03-27,2023-04-27,2023-05-24,2024-01-25,,Ongoing,58.0,AGY-XYZ-99,XYZ Infrastructure & Construction Private Ltd,2,2,False,DEMO/SYNTHETIC DATA
MPL-2024-RA-000059,REC-2023-6364,MP-LS-17-73,Hon'ble Member of Parliament (Jaipur Rural),"Village Waste Segregation Shed at Manoharpur, Block Kotputli",Health & Sanitation,Village Waste Segregation Shed,Rajasthan,Jaipur,Jaipur Rural,Kotputli,Manoharpur,26.8673,75.8198,1820000.0,1720000.0,924000.0,796000.0,2023-09-08,2023-10-31,2023-11-17,2024-08-31,,Ongoing,58.0,AGY-ZP-03,Zila Parishad Rural Infrastructure Cell,2,3,False,DEMO/SYNTHETIC DATA
MPL-2024-BI-000060,REC-2023-6608,MP-LS-17-87,Hon'ble Member of Parliament (Patna Sahib),"RO Water Treatment Plant at Sabbalpur, Block Bakhtiarpur",Drinking Water,RO Water Treatment Plant,Bihar,Patna,Patna Sahib,Bakhtiarpur,Sabbalpur,25.598,85.0752,1220000.0,1120000.0,1120000.0,0.0,2023-07-23,2023-08-18,2023-08-31,2024-06-07,2024-05-24,Completed,100.0,AGY-XYZ-99,XYZ Infrastructure & Construction Private Ltd,5,4,True,DEMO/SYNTHETIC DATA
MPL-2024-MA-000061,REC-2023-4904,MP-LS-17-51,Hon'ble Member of Parliament (Thane),"CC Road Construction at Khadavali, Block Shahapur",Rural Roads & Bridges,CC Road Construction,Maharashtra,Thane,Thane,Shahapur,Khadavali,19.2032,73.0144,1740000.0,1740000.0,1740000.0,0.0,2023-04-11,2023-05-24,2023-06-05,2024-01-30,2024-02-06,Completed,100.0,AGY-DRDA-04,District Rural Development Agency (DRDA),5,4,True,DEMO/SYNTHETIC DATA
MPL-2024-UT-000062,REC-2023-5371,MP-LS-17-22,Hon'ble Member of Parliament (Varanasi),"Smart Digital Library Block at Harahua, Block Kashi Vidyapeeth",Education & Classrooms,Smart Digital Library Block,Uttar Pradesh,Varanasi,Varanasi,Kashi Vidyapeeth,Harahua,25.2583,82.8959,2440000.0,2390000.0,2390000.0,0.0,2023-05-24,2023-06-13,2023-06-29,2024-02-15,2024-02-21,Completed,100.0,AGY-XYZ-99,XYZ Infrastructure & Construction Private Ltd,5,4,True,DEMO/SYNTHETIC DATA
MPL-2024-UT-000063,REC-2023-5087,MP-LS-17-15,Hon'ble Member of Parliament (Varanasi),"Deep Borewell & Solar Pump System at Rampur, Block Cholapur",Drinking Water,Deep Borewell & Solar Pump System,Uttar Pradesh,Varanasi,Varanasi,Cholapur,Rampur,25.2754,83.0074,2480000.0,2380000.0,2380000.0,0.0,2023-12-27,2024-02-08,2024-02-18,2024-09-10,2024-09-15,Completed,100.0,AGY-XYZ-99,XYZ Infrastructure & Construction Private Ltd,4,3,True,DEMO/SYNTHETIC DATA
MPL-2024-UT-000064,REC-2023-7163,MP-LS-17-29,Hon'ble Member of Parliament (Varanasi),"Community Public Toilet Complex at Tikari, Block Cholapur",Health & Sanitation,Community Public Toilet Complex,Uttar Pradesh,Varanasi,Varanasi,Cholapur,Tikari,25.3505,82.9992,2500000.0,2400000.0,1196000.0,1204000.0,2023-09-05,2023-10-02,2023-10-28,2024-03-09,,Ongoing,46.0,AGY-RWD-02,Rural Works Department (RWD) Engineering Wing,2,1,False,DEMO/SYNTHETIC DATA
MPL-2024-WE-000065,REC-2023-8473,MP-LS-17-61,Hon'ble Member of Parliament (Krishnanagar),"CC Road Construction at Debagram, Block Nabadwip",Rural Roads & Bridges,CC Road Construction,West Bengal,Nadia,Krishnanagar,Nabadwip,Debagram,23.422,88.4437,3400000.0,3400000.0,3400000.0,0.0,2023-02-15,2023-03-18,2023-03-30,2023-11-07,2023-12-04,Completed,100.0,AGY-WSS-05,Public Health Engineering & Water Supply Dept,5,2,True,DEMO/SYNTHETIC DATA
MPL-2024-KE-000066,REC-2023-2417,MP-LS-17-18,Hon'ble Member of Parliament (Ernakulam),"Piped Water Overhead Tank at Kothamangalam, Block Vyttila",Drinking Water,Piped Water Overhead Tank,Kerala,Ernakulam,Ernakulam,Vyttila,Kothamangalam,10.0249,76.3386,1990000.0,1940000.0,1940000.0,0.0,2023-06-18,2023-07-18,2023-08-04,2024-02-21,2024-03-12,Completed,100.0,AGY-ZP-03,Zila Parishad Rural Infrastructure Cell,5,3,True,DEMO/SYNTHETIC DATA
MPL-2024-KE-000067,REC-2023-4089,MP-LS-17-43,Hon'ble Member of Parliament (Ernakulam),"Smart Digital Library Block at Kalamassery, Block Angamaly",Education & Classrooms,Smart Digital Library Block,Kerala,Ernakulam,Ernakulam,Angamaly,Kalamassery,9.9207,76.3591,1810000.0,1660000.0,1660000.0,0.0,2023-12-17,2024-01-30,2024-02-27,2024-12-09,2024-12-24,Completed,100.0,AGY-RWD-02,Rural Works Department (RWD) Engineering Wing,5,3,True,DEMO/SYNTHETIC DATA
MPL-2024-BI-000068,REC-2023-5828,MP-LS-17-16,Hon'ble Member of Parliament (Patna Sahib),"High-Mast Solar Lighting Chowk at Jethuli, Block Danapur",Solar & Renewable Energy,High-Mast Solar Lighting Chowk,Bihar,Patna,Patna Sahib,Danapur,Jethuli,25.6408,85.0832,780000.0,680000.0,528000.0,152000.0,2023-07-25,2023-08-31,2023-09-13,2024-02-27,,Ongoing,83.0,AGY-XYZ-99,XYZ Infrastructure & Construction Private Ltd,2,2,False,DEMO/SYNTHETIC DATA
MPL-2024-WE-000069,REC-2023-8767,MP-LS-17-80,Hon'ble Member of Parliament (Krishnanagar),"Paver Block Road at Bethuadahari, Block Nabadwip",Rural Roads & Bridges,Paver Block Road,West Bengal,Nadia,Krishnanagar,Nabadwip,Bethuadahari,23.3337,88.4217,4240000.0,4190000.0,4190000.0,0.0,2023-10-24,2023-12-04,2023-12-29,2024-07-19,2024-07-29,Completed,100.0,AGY-PWD-01,Public Works Department (PWD) Division I,4,2,True,DEMO/SYNTHETIC DATA
MPL-2024-RA-000070,REC-2023-1891,MP-LS-17-84,Hon'ble Member of Parliament (Jaipur Rural),"Link Road Widening at Bagru, Block Shahpura",Rural Roads & Bridges,Link Road Widening,Rajasthan,Jaipur,Jaipur Rural,Shahpura,Bagru,26.9565,75.726,3090000.0,2940000.0,921000.0,2019000.0,2023-01-26,2023-02-25,2023-03-08,2023-10-30,,Ongoing,32.0,AGY-RWD-02,Rural Works Department (RWD) Engineering Wing,2,3,False,DEMO/SYNTHETIC DATA
MPL-2024-KA-000071,REC-2023-1882,MP-LS-17-12,Hon'ble Member of Parliament (Bangalore North),"RO Water Treatment Plant at Hesaraghatta, Block Bengaluru North",Drinking Water,RO Water Treatment Plant,Karnataka,Bengaluru Urban,Bangalore North,Bengaluru North,Hesaraghatta,12.8993,77.5683,1870000.0,1820000.0,0.0,1820000.0,2023-10-18,2023-11-28,2023-12-21,2024-07-14,,Sanctioned,0.0,AGY-ZP-03,Zila Parishad Rural Infrastructure Cell,2,0,False,DEMO/SYNTHETIC DATA
MPL-2024-KA-000072,REC-2023-6427,MP-LS-17-98,Hon'ble Member of Parliament (Bangalore North),"Primary Health Sub-Centre Building at Mandur, Block Anekal",Health & Sanitation,Primary Health Sub-Centre Building,Karnataka,Bengaluru Urban,Bangalore North,Anekal,Mandur,12.93,77.5749,2620000.0,2470000.0,2470000.0,0.0,2023-02-18,2023-03-21,2023-04-05,2023-09-28,2023-10-18,Completed,100.0,AGY-PWD-01,Public Works Department (PWD) Division I,4,4,True,DEMO/SYNTHETIC DATA
MPL-2024-RA-000073,REC-2023-5404,MP-LS-17-58,Hon'ble Member of Parliament (Jaipur Rural),"Senior Citizen Recreation Shed at Achrol, Block Chaksu",Community Infrastructure,Senior Citizen Recreation Shed,Rajasthan,Jaipur,Jaipur Rural,Chaksu,Achrol,26.9366,75.7958,1670000.0,1520000.0,1138000.0,382000.0,2023-12-27,2024-02-10,2024-02-27,2024-07-21,,Ongoing,76.0,AGY-PWD-01,Public Works Department (PWD) Division I,3,2,False,DEMO/SYNTHETIC DATA
MPL-2024-BI-000074,REC-2023-5611,MP-LS-17-62,Hon'ble Member of Parliament (Patna Sahib),"Paver Block Road at Ranipur, Block Fatuha",Rural Roads & Bridges,Paver Block Road,Bihar,Patna,Patna Sahib,Fatuha,Ranipur,25.6587,85.2095,1830000.0,1730000.0,1730000.0,0.0,2023-04-08,2023-05-29,2023-06-23,2024-03-11,2024-03-21,Completed,100.0,AGY-WSS-05,Public Health Engineering & Water Supply Dept,5,3,True,DEMO/SYNTHETIC DATA
MPL-2024-RA-000075,REC-2023-4699,MP-LS-17-74,Hon'ble Member of Parliament (Jaipur Rural),"School Science Laboratory at Achrol, Block Shahpura",Education & Classrooms,School Science Laboratory,Rajasthan,Jaipur,Jaipur Rural,Shahpura,Achrol,26.8722,75.787,1480000.0,1380000.0,598000.0,782000.0,2023-03-11,2023-05-05,2023-05-23,2023-12-08,,Ongoing,40.0,AGY-DRDA-04,District Rural Development Agency (DRDA),2,1,False,DEMO/SYNTHETIC DATA
MPL-2024-BI-000076,REC-2023-1507,MP-LS-17-65,Hon'ble Member of Parliament (Patna Sahib),"School Science Laboratory at Baikatpur, Block Sampatchak",Education & Classrooms,School Science Laboratory,Bihar,Patna,Patna Sahib,Sampatchak,Baikatpur,25.6186,85.0606,1970000.0,1920000.0,737000.0,1183000.0,2023-07-07,2023-09-04,2023-09-21,2024-02-26,,Ongoing,38.0,AGY-PWD-01,Public Works Department (PWD) Division I,2,3,False,DEMO/SYNTHETIC DATA
MPL-2024-BI-000077,REC-2023-8922,MP-LS-17-60,Hon'ble Member of Parliament (Patna Sahib),"Link Road Widening at Baikatpur, Block Danapur",Rural Roads & Bridges,Link Road Widening,Bihar,Patna,Patna Sahib,Danapur,Baikatpur,25.642,85.2084,4030000.0,4030000.0,4030000.0,0.0,2023-03-08,2023-04-17,2023-05-10,2023-10-07,2023-10-29,Completed,100.0,AGY-XYZ-99,XYZ Infrastructure & Construction Private Ltd,4,2,True,DEMO/SYNTHETIC DATA
MPL-2024-WE-000078,REC-2023-3968,MP-LS-17-74,Hon'ble Member of Parliament (Krishnanagar),"High-Mast Solar Lighting Chowk at Debagram, Block Nabadwip",Solar & Renewable Energy,High-Mast Solar Lighting Chowk,West Bengal,Nadia,Krishnanagar,Nabadwip,Debagram,23.357,88.5011,1850000.0,1800000.0,1800000.0,0.0,2023-03-06,2023-04-25,2023-05-22,2023-11-14,2023-11-05,Completed,100.0,AGY-XYZ-99,XYZ Infrastructure & Construction Private Ltd,5,3,True,DEMO/SYNTHETIC DATA
MPL-2024-RA-000079,REC-2023-6730,MP-LS-17-73,Hon'ble Member of Parliament (Jaipur Rural),"Hand Pump Installation Cluster at Kukas, Block Shahpura",Drinking Water,Hand Pump Installation Cluster,Rajasthan,Jaipur,Jaipur Rural,Shahpura,Kukas,26.9609,75.8494,2580000.0,2430000.0,2430000.0,0.0,2023-12-24,2024-01-29,2024-02-23,2024-08-10,2024-09-13,Completed,100.0,AGY-WSS-05,Public Health Engineering & Water Supply Dept,5,2,True,DEMO/SYNTHETIC DATA
MPL-2024-UT-000080,REC-2023-2622,MP-LS-17-71,Hon'ble Member of Parliament (Varanasi),"Smart Digital Library Block at Rampur, Block Arajiline",Education & Classrooms,Smart Digital Library Block,Uttar Pradesh,Varanasi,Varanasi,Arajiline,Rampur,25.3156,83.024,1990000.0,1940000.0,1940000.0,0.0,2023-01-11,2023-02-07,2023-03-08,2023-07-31,2023-07-24,Completed,100.0,AGY-XYZ-99,XYZ Infrastructure & Construction Private Ltd,5,3,True,DEMO/SYNTHETIC DATA
MPL-2024-KA-000081,REC-2023-5278,MP-LS-17-19,Hon'ble Member of Parliament (Bangalore North),"Health Diagnostic Equipment at Mandur, Block Bengaluru North",Health & Sanitation,Health Diagnostic Equipment,Karnataka,Bengaluru Urban,Bangalore North,Bengaluru North,Mandur,12.9956,77.649,1900000.0,1900000.0,1900000.0,0.0,2023-06-08,2023-07-28,2023-08-26,2023-12-25,2023-12-20,Completed,100.0,AGY-DRDA-04,District Rural Development Agency (DRDA),4,3,True,DEMO/SYNTHETIC DATA
MPL-2024-AS-000082,REC-2023-3286,MP-LS-17-54,Hon'ble Member of Parliament (Gauhati),"Link Road Widening at Dadara, Block Kamalpur",Rural Roads & Bridges,Link Road Widening,Assam,Kamrup,Gauhati,Kamalpur,Dadara,26.1065,91.6695,1680000.0,1630000.0,1132000.0,498000.0,2023-04-23,2023-06-07,2023-07-04,2024-03-22,,Ongoing,76.0,AGY-ZP-03,Zila Parishad Rural Infrastructure Cell,4,1,False,DEMO/SYNTHETIC DATA
MPL-2024-RA-000083,REC-2023-7674,MP-LS-17-96,Hon'ble Member of Parliament (Jaipur Rural),"Culvert & Drainage Bridge at Kukas, Block Chaksu",Rural Roads & Bridges,Culvert & Drainage Bridge,Rajasthan,Jaipur,Jaipur Rural,Chaksu,Kukas,26.9823,75.7579,2810000.0,2760000.0,1375000.0,1385000.0,2023-08-24,2023-10-13,2023-11-03,2024-08-02,,Ongoing,50.0,AGY-ZP-03,Zila Parishad Rural Infrastructure Cell,3,1,False,DEMO/SYNTHETIC DATA
MPL-2024-KA-000084,REC-2023-7935,MP-LS-17-73,Hon'ble Member of Parliament (Bangalore North),"Village Waste Segregation Shed at Attibele, Block Yelahanka",Health & Sanitation,Village Waste Segregation Shed,Karnataka,Bengaluru Urban,Bangalore North,Yelahanka,Attibele,12.9026,77.6319,1620000.0,1620000.0,0.0,1620000.0,2023-08-06,2023-09-21,2023-10-05,2024-07-04,,Sanctioned,0.0,AGY-XYZ-99,XYZ Infrastructure & Construction Private Ltd,2,0,False,DEMO/SYNTHETIC DATA
MPL-2024-KA-000085,REC-2023-8742,MP-LS-17-15,Hon'ble Member of Parliament (Bangalore North),"Rooftop Solar for Govt Hospital at Hesaraghatta, Block Yelahanka",Solar & Renewable Energy,Rooftop Solar for Govt Hospital,Karnataka,Bengaluru Urban,Bangalore North,Yelahanka,Hesaraghatta,12.994,77.5936,460000.0,410000.0,149000.0,261000.0,2023-01-21,2023-03-20,2023-04-02,2023-09-26,,Ongoing,40.0,AGY-XYZ-99,XYZ Infrastructure & Construction Private Ltd,3,2,False,DEMO/SYNTHETIC DATA
MPL-2024-KE-000086,REC-2023-1112,MP-LS-17-59,Hon'ble Member of Parliament (Ernakulam),"Culvert & Drainage Bridge at Kalamassery, Block Aluva",Rural Roads & Bridges,Culvert & Drainage Bridge,Kerala,Ernakulam,Ernakulam,Aluva,Kalamassery,9.9507,76.3576,2750000.0,2650000.0,927000.0,1723000.0,2023-07-28,2023-09-19,2023-10-09,2024-07-28,,Ongoing,38.0,AGY-DRDA-04,District Rural Development Agency (DRDA),4,2,False,DEMO/SYNTHETIC DATA
MPL-2024-BI-000087,REC-2023-3338,MP-LS-17-55,Hon'ble Member of Parliament (Patna Sahib),"High-Mast Solar Lighting Chowk at Sabbalpur, Block Bakhtiarpur",Solar & Renewable Energy,High-Mast Solar Lighting Chowk,Bihar,Patna,Patna Sahib,Bakhtiarpur,Sabbalpur,25.6356,85.0589,570000.0,420000.0,111000.0,309000.0,2023-12-24,2024-02-05,2024-02-27,2024-07-25,,Ongoing,26.0,AGY-WSS-05,Public Health Engineering & Water Supply Dept,3,2,False,DEMO/SYNTHETIC DATA
MPL-2024-MA-000088,REC-2023-9284,MP-LS-17-56,Hon'ble Member of Parliament (Thane),"School Science Laboratory at Khadavali, Block Ambernath",Education & Classrooms,School Science Laboratory,Maharashtra,Thane,Thane,Ambernath,Khadavali,19.2443,73.0065,3010000.0,2860000.0,1477000.0,1383000.0,2023-03-05,2023-03-25,2023-04-12,2024-01-06,,Ongoing,49.0,AGY-PWD-01,Public Works Department (PWD) Division I,2,3,False,DEMO/SYNTHETIC DATA
MPL-2024-KE-000089,REC-2023-1675,MP-LS-17-68,Hon'ble Member of Parliament (Ernakulam),"RO Water Treatment Plant at Edappally, Block Aluva",Drinking Water,RO Water Treatment Plant,Kerala,Ernakulam,Ernakulam,Aluva,Edappally,10.0529,76.3658,1840000.0,1740000.0,655000.0,1085000.0,2023-03-26,2023-04-16,2023-04-28,2023-12-14,,Ongoing,35.0,AGY-DRDA-04,District Rural Development Agency (DRDA),4,2,False,DEMO/SYNTHETIC DATA
MPL-2024-BI-000090,REC-2023-7322,MP-LS-17-28,Hon'ble Member of Parliament (Patna Sahib),"Solar Street Light Grid (50 poles) at Jethuli, Block Phulwari Sharif",Solar & Renewable Energy,Solar Street Light Grid (50 poles),Bihar,Patna,Patna Sahib,Phulwari Sharif,Jethuli,25.6294,85.1298,1420000.0,1370000.0,1370000.0,0.0,2023-04-27,2023-05-26,2023-06-19,2023-12-28,2024-01-05,Completed,100.0,AGY-XYZ-99,XYZ Infrastructure & Construction Private Ltd,4,2,True,DEMO/SYNTHETIC DATA
MPL-2024-BI-000091,REC-2023-1124,MP-LS-17-89,Hon'ble Member of Parliament (Patna Sahib),"Paver Block Road at Gauri Chak, Block Fatuha",Rural Roads & Bridges,Paver Block Road,Bihar,Patna,Patna Sahib,Fatuha,Gauri Chak,25.5722,85.1758,1850000.0,1800000.0,1800000.0,0.0,2023-03-19,2023-05-11,2023-05-21,2023-12-22,2024-01-17,Completed,100.0,AGY-XYZ-99,XYZ Infrastructure & Construction Private Ltd,5,3,True,DEMO/SYNTHETIC DATA
MPL-2024-MA-000092,REC-2023-7953,MP-LS-17-24,Hon'ble Member of Parliament (Thane),"Smart Digital Library Block at Titwala, Block Shahapur",Education & Classrooms,Smart Digital Library Block,Maharashtra,Thane,Thane,Shahapur,Titwala,19.167,72.9731,2620000.0,2470000.0,0.0,2470000.0,2023-10-01,2023-11-03,2023-11-28,2024-08-19,,Sanctioned,0.0,AGY-WSS-05,Public Health Engineering & Water Supply Dept,2,0,False,DEMO/SYNTHETIC DATA
MPL-2024-RA-000093,REC-2023-8335,MP-LS-17-29,Hon'ble Member of Parliament (Jaipur Rural),"Community Public Toilet Complex at Manoharpur, Block Sanganer",Health & Sanitation,Community Public Toilet Complex,Rajasthan,Jaipur,Jaipur Rural,Sanganer,Manoharpur,26.9178,75.8351,830000.0,730000.0,416000.0,314000.0,2023-04-07,2023-05-26,2023-06-13,2024-03-22,,Ongoing,61.0,AGY-ZP-03,Zila Parishad Rural Infrastructure Cell,2,3,False,DEMO/SYNTHETIC DATA
MPL-2024-KE-000094,REC-2023-9619,MP-LS-17-89,Hon'ble Member of Parliament (Ernakulam),"Solar Street Light Grid (50 poles) at Perumbavoor, Block Angamaly",Solar & Renewable Energy,Solar Street Light Grid (50 poles),Kerala,Ernakulam,Ernakulam,Angamaly,Perumbavoor,9.9205,76.3084,1570000.0,1420000.0,1420000.0,0.0,2023-07-04,2023-07-27,2023-08-09,2024-05-12,2024-04-30,Completed,100.0,AGY-PWD-01,Public Works Department (PWD) Division I,4,4,True,DEMO/SYNTHETIC DATA
MPL-2024-WE-000095,REC-2023-2584,MP-LS-17-60,Hon'ble Member of Parliament (Krishnanagar),"Health Diagnostic Equipment at Dhubulia, Block Chapra",Health & Sanitation,Health Diagnostic Equipment,West Bengal,Nadia,Krishnanagar,Chapra,Dhubulia,23.4143,88.4963,2730000.0,2580000.0,1252000.0,1328000.0,2023-07-22,2023-08-30,2023-09-10,2024-06-13,,Ongoing,46.0,AGY-ZP-03,Zila Parishad Rural Infrastructure Cell,4,1,False,DEMO/SYNTHETIC DATA
MPL-2024-MA-000096,REC-2023-1129,MP-LS-17-87,Hon'ble Member of Parliament (Thane),"Culvert & Drainage Bridge at Tokawade, Block Bhiwandi",Rural Roads & Bridges,Culvert & Drainage Bridge,Maharashtra,Thane,Thane,Bhiwandi,Tokawade,19.2002,72.9398,2080000.0,1930000.0,1417000.0,513000.0,2023-06-01,2023-07-21,2023-08-11,2024-03-26,,Ongoing,75.0,AGY-PWD-01,Public Works Department (PWD) Division I,2,2,False,DEMO/SYNTHETIC DATA
MPL-2024-BI-000097,REC-2023-4475,MP-LS-17-17,Hon'ble Member of Parliament (Patna Sahib),"Smart Digital Library Block at Baikatpur, Block Danapur",Education & Classrooms,Smart Digital Library Block,Bihar,Patna,Patna Sahib,Danapur,Baikatpur,25.639,85.1777,2300000.0,2200000.0,0.0,2200000.0,2023-07-11,2023-08-05,2023-08-27,2024-01-23,,Sanctioned,0.0,AGY-XYZ-99,XYZ Infrastructure & Construction Private Ltd,2,0,False,DEMO/SYNTHETIC DATA
MPL-2024-WE-000098,REC-2023-2940,MP-LS-17-69,Hon'ble Member of Parliament (Krishnanagar),"Hand Pump Installation Cluster at Bethuadahari, Block Nakashipara",Drinking Water,Hand Pump Installation Cluster,West Bengal,Nadia,Krishnanagar,Nakashipara,Bethuadahari,23.3251,88.4884,960000.0,810000.0,744000.0,66000.0,2023-12-05,2023-12-27,2024-01-21,2024-05-31,,Ongoing,84.0,AGY-ZP-03,Zila Parishad Rural Infrastructure Cell,3,2,False,DEMO/SYNTHETIC DATA
MPL-2024-KE-000099,REC-2023-8417,MP-LS-17-16,Hon'ble Member of Parliament (Ernakulam),"Additional Classroom Building at Kalamassery, Block Paravur",Education & Classrooms,Additional Classroom Building,Kerala,Ernakulam,Ernakulam,Paravur,Kalamassery,10.0053,76.3433,2510000.0,2410000.0,2410000.0,0.0,2023-04-18,2023-06-08,2023-06-27,2024-03-02,2024-03-23,Completed,100.0,AGY-WSS-05,Public Health Engineering & Water Supply Dept,5,3,True,DEMO/SYNTHETIC DATA
MPL-2024-AS-000100,REC-2023-7495,MP-LS-17-69,Hon'ble Member of Parliament (Gauhati),"Village Waste Segregation Shed at Boko, Block Rangia",Health & Sanitation,Village Waste Segregation Shed,Assam,Kamrup,Gauhati,Rangia,Boko,26.0729,91.8098,920000.0,870000.0,0.0,870000.0,2023-08-15,2023-10-14,2023-10-26,2024-05-26,,Sanctioned,0.0,AGY-WSS-05,Public Health Engineering & Water Supply Dept,2,0,False,DEMO/SYNTHETIC DATA
MPL-2024-BI-000101,REC-2023-2631,MP-LS-17-19,Hon'ble Member of Parliament (Patna Sahib),"Solar Street Light Grid (50 poles) at Sabbalpur, Block Bakhtiarpur",Solar & Renewable Energy,Solar Street Light Grid (50 poles),Bihar,Patna,Patna Sahib,Bakhtiarpur,Sabbalpur,25.5337,85.0756,1880000.0,1730000.0,1043000.0,687000.0,2023-08-17,2023-10-11,2023-11-02,2024-04-08,,Ongoing,65.0,AGY-XYZ-99,XYZ Infrastructure & Construction Private Ltd,3,3,False,DEMO/SYNTHETIC DATA
MPL-2024-AS-000102,REC-2023-8232,MP-LS-17-28,Hon'ble Member of Parliament (Gauhati),"Community Public Toilet Complex at Puthimari, Block Hajo",Health & Sanitation,Community Public Toilet Complex,Assam,Kamrup,Gauhati,Hajo,Puthimari,26.1988,91.7449,1650000.0,1600000.0,1600000.0,0.0,2023-06-13,2023-07-25,2023-08-07,2024-04-23,2024-05-22,Completed,100.0,AGY-PWD-01,Public Works Department (PWD) Division I,4,4,True,DEMO/SYNTHETIC DATA
MPL-2024-KA-000103,REC-2023-2962,MP-LS-17-18,Hon'ble Member of Parliament (Bangalore North),"High-Mast Solar Lighting Chowk at Attibele, Block Anekal",Solar & Renewable Energy,High-Mast Solar Lighting Chowk,Karnataka,Bengaluru Urban,Bangalore North,Anekal,Attibele,12.9519,77.5187,1210000.0,1210000.0,1210000.0,0.0,2023-01-11,2023-02-27,2023-03-11,2024-01-04,2024-02-08,Completed,100.0,AGY-RWD-02,Rural Works Department (RWD) Engineering Wing,5,4,True,DEMO/SYNTHETIC DATA
MPL-2024-KE-000104,REC-2023-8591,MP-LS-17-84,Hon'ble Member of Parliament (Ernakulam),"Health Diagnostic Equipment at Kothamangalam, Block Paravur",Health & Sanitation,Health Diagnostic Equipment,Kerala,Ernakulam,Ernakulam,Paravur,Kothamangalam,10.0514,76.2334,1930000.0,1780000.0,1351000.0,429000.0,2023-11-15,2023-12-20,2024-01-15,2024-05-26,,Ongoing,82.0,AGY-WSS-05,Public Health Engineering & Water Supply Dept,3,3,False,DEMO/SYNTHETIC DATA
MPL-2024-MA-000105,REC-2023-3786,MP-LS-17-75,Hon'ble Member of Parliament (Thane),"Smart Digital Library Block at Vashind, Block Murbad",Education & Classrooms,Smart Digital Library Block,Maharashtra,Thane,Thane,Murbad,Vashind,19.1985,73.0515,2170000.0,2120000.0,2120000.0,0.0,2023-07-19,2023-08-11,2023-08-21,2023-12-23,2023-12-19,Completed,100.0,AGY-DRDA-04,District Rural Development Agency (DRDA),5,2,True,DEMO/SYNTHETIC DATA
MPL-2024-BI-000106,REC-2023-2908,MP-LS-17-16,Hon'ble Member of Parliament (Patna Sahib),"Solar Street Light Grid (50 poles) at Jethuli, Block Fatuha",Solar & Renewable Energy,Solar Street Light Grid (50 poles),Bihar,Patna,Patna Sahib,Fatuha,Jethuli,25.5664,85.0826,1580000.0,1430000.0,521000.0,909000.0,2023-04-26,2023-06-12,2023-07-04,2023-12-17,,Ongoing,39.0,AGY-ZP-03,Zila Parishad Rural Infrastructure Cell,4,1,False,DEMO/SYNTHETIC DATA
MPL-2024-RA-000107,REC-2023-7140,MP-LS-17-65,Hon'ble Member of Parliament (Jaipur Rural),"Public Bus Passenger Shelter at Manoharpur, Block Sanganer",Community Infrastructure,Public Bus Passenger Shelter,Rajasthan,Jaipur,Jaipur Rural,Sanganer,Manoharpur,26.8977,75.7384,1090000.0,1040000.0,462000.0,578000.0,2023-12-10,2024-01-28,2024-02-11,2024-06-29,,Ongoing,48.0,AGY-XYZ-99,XYZ Infrastructure & Construction Private Ltd,4,2,False,DEMO/SYNTHETIC DATA
MPL-2024-AS-000108,REC-2023-2541,MP-LS-17-93,Hon'ble Member of Parliament (Gauhati),"Piped Water Overhead Tank at Mirza, Block Chaygaon",Drinking Water,Piped Water Overhead Tank,Assam,Kamrup,Gauhati,Chaygaon,Mirza,26.2081,91.7964,2330000.0,2180000.0,2180000.0,0.0,2023-01-17,2023-02-18,2023-03-17,2023-11-12,2023-10-30,Completed,100.0,AGY-PWD-01,Public Works Department (PWD) Division I,4,4,True,DEMO/SYNTHETIC DATA
MPL-2024-AS-000109,REC-2023-7734,MP-LS-17-53,Hon'ble Member of Parliament (Gauhati),"Health Diagnostic Equipment at Puthimari, Block Hajo",Health & Sanitation,Health Diagnostic Equipment,Assam,Kamrup,Gauhati,Hajo,Puthimari,26.0929,91.6642,2690000.0,2690000.0,1687000.0,1003000.0,2023-09-08,2023-10-14,2023-10-31,2024-04-22,,Ongoing,58.0,AGY-DRDA-04,District Rural Development Agency (DRDA),2,1,False,DEMO/SYNTHETIC DATA
MPL-2024-KA-000110,REC-2023-9941,MP-LS-17-65,Hon'ble Member of Parliament (Bangalore North),"Additional Classroom Building at Hesaraghatta, Block Bengaluru North",Education & Classrooms,Additional Classroom Building,Karnataka,Bengaluru Urban,Bangalore North,Bengaluru North,Hesaraghatta,12.8917,77.6405,3250000.0,3100000.0,3100000.0,0.0,2023-04-09,2023-05-16,2023-06-09,2024-03-26,2024-04-15,Completed,100.0,AGY-WSS-05,Public Health Engineering & Water Supply Dept,4,4,True,DEMO/SYNTHETIC DATA
MPL-2024-KE-000111,REC-2023-2654,MP-LS-17-42,Hon'ble Member of Parliament (Ernakulam),"CC Road Construction at Kalamassery, Block Muvattupuzha",Rural Roads & Bridges,CC Road Construction,Kerala,Ernakulam,Ernakulam,Muvattupuzha,Kalamassery,10.047,76.3119,3760000.0,3660000.0,2477000.0,1183000.0,2023-04-25,2023-05-28,2023-06-20,2023-11-17,,Ongoing,63.0,AGY-XYZ-99,XYZ Infrastructure & Construction Private Ltd,4,3,False,DEMO/SYNTHETIC DATA
MPL-2024-KA-000112,REC-2023-1573,MP-LS-17-63,Hon'ble Member of Parliament (Bangalore North),"Primary Health Sub-Centre Building at Hesaraghatta, Block Anekal",Health & Sanitation,Primary Health Sub-Centre Building,Karnataka,Bengaluru Urban,Bangalore North,Anekal,Hesaraghatta,12.9855,77.5431,890000.0,790000.0,163000.0,627000.0,2023-06-15,2023-07-25,2023-08-18,2023-12-23,,Ongoing,21.0,AGY-DRDA-04,District Rural Development Agency (DRDA),2,2,False,DEMO/SYNTHETIC DATA
MPL-2024-AS-000113,REC-2023-4482,MP-LS-17-32,Hon'ble Member of Parliament (Gauhati),"School Boundary Wall & Sanitation at Sualkuchi, Block Bezera",Education & Classrooms,School Boundary Wall & Sanitation,Assam,Kamrup,Gauhati,Bezera,Sualkuchi,26.1422,91.7651,2090000.0,1990000.0,777000.0,1213000.0,2023-07-08,2023-08-17,2023-08-30,2024-04-20,,Ongoing,37.0,AGY-RWD-02,Rural Works Department (RWD) Engineering Wing,3,3,False,DEMO/SYNTHETIC DATA
MPL-2024-RA-000114,REC-2023-5159,MP-LS-17-97,Hon'ble Member of Parliament (Jaipur Rural),"Public Bus Passenger Shelter at Bagru, Block Shahpura",Community Infrastructure,Public Bus Passenger Shelter,Rajasthan,Jaipur,Jaipur Rural,Shahpura,Bagru,26.8781,75.8187,2730000.0,2680000.0,594000.0,2086000.0,2023-04-15,2023-05-31,2023-06-28,2024-04-19,,Ongoing,24.0,AGY-WSS-05,Public Health Engineering & Water Supply Dept,2,2,False,DEMO/SYNTHETIC DATA
MPL-2024-KE-000115,REC-2023-7535,MP-LS-17-45,Hon'ble Member of Parliament (Ernakulam),"Culvert & Drainage Bridge at Kothamangalam, Block Paravur",Rural Roads & Bridges,Culvert & Drainage Bridge,Kerala,Ernakulam,Ernakulam,Paravur,Kothamangalam,9.9793,76.2885,1960000.0,1810000.0,0.0,1810000.0,2023-08-24,2023-10-17,2023-11-14,2024-06-17,,Sanctioned,0.0,AGY-WSS-05,Public Health Engineering & Water Supply Dept,2,0,False,DEMO/SYNTHETIC DATA
MPL-2024-WE-000116,REC-2023-6764,MP-LS-17-45,Hon'ble Member of Parliament (Krishnanagar),"Rooftop Solar for Govt Hospital at Dhubulia, Block Nakashipara",Solar & Renewable Energy,Rooftop Solar for Govt Hospital,West Bengal,Nadia,Krishnanagar,Nakashipara,Dhubulia,23.4186,88.5581,660000.0,510000.0,0.0,510000.0,2023-08-11,2023-09-26,2023-10-09,2024-06-08,,Sanctioned,0.0,AGY-PWD-01,Public Works Department (PWD) Division I,2,0,False,DEMO/SYNTHETIC DATA
MPL-2024-BI-000117,REC-2023-9206,MP-LS-17-79,Hon'ble Member of Parliament (Patna Sahib),"Additional Classroom Building at Sabbalpur, Block Fatuha",Education & Classrooms,Additional Classroom Building,Bihar,Patna,Patna Sahib,Fatuha,Sabbalpur,25.6116,85.2173,1300000.0,1250000.0,1250000.0,0.0,2023-04-21,2023-06-10,2023-06-28,2024-03-06,2024-03-08,Completed,100.0,AGY-XYZ-99,XYZ Infrastructure & Construction Private Ltd,5,4,True,DEMO/SYNTHETIC DATA
MPL-2024-KE-000118,REC-2023-2483,MP-LS-17-56,Hon'ble Member of Parliament (Ernakulam),"Village Waste Segregation Shed at Kalamassery, Block Muvattupuzha",Health & Sanitation,Village Waste Segregation Shed,Kerala,Ernakulam,Ernakulam,Muvattupuzha,Kalamassery,9.9786,76.2498,2040000.0,2040000.0,1239000.0,801000.0,2023-12-28,2024-02-17,2024-03-01,2024-11-11,,Ongoing,59.0,AGY-RWD-02,Rural Works Department (RWD) Engineering Wing,2,3,False,DEMO/SYNTHETIC DATA
MPL-2024-MA-000119,REC-2023-1125,MP-LS-17-29,Hon'ble Member of Parliament (Thane),"Smart Digital Library Block at Saralgaon, Block Shahapur",Education & Classrooms,Smart Digital Library Block,Maharashtra,Thane,Thane,Shahapur,Saralgaon,19.1483,72.9302,3210000.0,3060000.0,3060000.0,0.0,2023-03-07,2023-04-26,2023-05-24,2023-09-21,2023-09-28,Completed,100.0,AGY-PWD-01,Public Works Department (PWD) Division I,5,4,True,DEMO/SYNTHETIC DATA
MPL-2024-WE-000120,REC-2023-1181,MP-LS-17-80,Hon'ble Member of Parliament (Krishnanagar),"Additional Classroom Building at Dhubulia, Block Krishnanagar-I",Education & Classrooms,Additional Classroom Building,West Bengal,Nadia,Krishnanagar,Krishnanagar-I,Dhubulia,23.356,88.4883,2870000.0,2770000.0,1973000.0,797000.0,2023-01-08,2023-02-11,2023-03-06,2023-10-08,,Ongoing,74.0,AGY-XYZ-99,XYZ Infrastructure & Construction Private Ltd,4,1,False,DEMO/SYNTHETIC DATA
MPL-2024-RA-000121,REC-2023-1629,MP-LS-17-61,Hon'ble Member of Parliament (Jaipur Rural),"Paver Block Road at Bagru, Block Sanganer",Rural Roads & Bridges,Paver Block Road,Rajasthan,Jaipur,Jaipur Rural,Sanganer,Bagru,26.872,75.7986,4180000.0,4130000.0,4130000.0,0.0,2023-03-06,2023-04-06,2023-04-30,2023-09-30,2023-09-25,Completed,100.0,AGY-XYZ-99,XYZ Infrastructure & Construction Private Ltd,4,4,True,DEMO/SYNTHETIC DATA
MPL-2024-AS-000122,REC-2023-7267,MP-LS-17-65,Hon'ble Member of Parliament (Gauhati),"School Science Laboratory at Puthimari, Block Rangia",Education & Classrooms,School Science Laboratory,Assam,Kamrup,Gauhati,Rangia,Puthimari,26.1103,91.6716,2430000.0,2330000.0,585000.0,1745000.0,2023-09-09,2023-11-07,2023-11-28,2024-08-22,,Ongoing,25.0,AGY-PWD-01,Public Works Department (PWD) Division I,2,2,False,DEMO/SYNTHETIC DATA
MPL-2024-UT-000123,REC-2023-7051,MP-LS-17-16,Hon'ble Member of Parliament (Varanasi),"Culvert & Drainage Bridge at Harahua, Block Cholapur",Rural Roads & Bridges,Culvert & Drainage Bridge,Uttar Pradesh,Varanasi,Varanasi,Cholapur,Harahua,25.2799,82.9929,4310000.0,4160000.0,4160000.0,0.0,2023-08-27,2023-10-01,2023-10-27,2024-03-31,2024-04-06,Completed,100.0,AGY-XYZ-99,XYZ Infrastructure & Construction Private Ltd,5,4,True,DEMO/SYNTHETIC DATA
MPL-2024-MA-000124,REC-2023-1096,MP-LS-17-55,Hon'ble Member of Parliament (Thane),"Village Waste Segregation Shed at Padgha, Block Murbad",Health & Sanitation,Village Waste Segregation Shed,Maharashtra,Thane,Thane,Murbad,Padgha,19.2013,72.9416,2270000.0,2270000.0,1767000.0,503000.0,2023-08-16,2023-09-26,2023-10-24,2024-08-07,,Ongoing,85.0,AGY-WSS-05,Public Health Engineering & Water Supply Dept,4,3,False,DEMO/SYNTHETIC DATA
MPL-2024-UT-000125,REC-2023-9760,MP-LS-17-88,Hon'ble Member of Parliament (Varanasi),"Panchayat Community Hall at Badagaon, Block Pindra",Community Infrastructure,Panchayat Community Hall,Uttar Pradesh,Varanasi,Varanasi,Pindra,Badagaon,25.2715,83.0377,2490000.0,2340000.0,2340000.0,0.0,2023-12-25,2024-02-10,2024-03-11,2024-07-21,2024-07-08,Completed,100.0,AGY-XYZ-99,XYZ Infrastructure & Construction Private Ltd,5,4,True,DEMO/SYNTHETIC DATA
MPL-2024-RA-000126,REC-2023-8785,MP-LS-17-94,Hon'ble Member of Parliament (Jaipur Rural),"High-Mast Solar Lighting Chowk at Nayla, Block Amer",Solar & Renewable Energy,High-Mast Solar Lighting Chowk,Rajasthan,Jaipur,Jaipur Rural,Amer,Nayla,26.9539,75.8236,1460000.0,1310000.0,1310000.0,0.0,2023-11-15,2023-12-20,2024-01-06,2024-07-04,2024-07-04,Completed,100.0,AGY-PWD-01,Public Works Department (PWD) Division I,5,2,True,DEMO/SYNTHETIC DATA
MPL-2024-BI-000127,REC-2023-1155,MP-LS-17-16,Hon'ble Member of Parliament (Patna Sahib),"Community Public Toilet Complex at Gauri Chak, Block Fatuha",Health & Sanitation,Community Public Toilet Complex,Bihar,Patna,Patna Sahib,Fatuha,Gauri Chak,25.5288,85.118,2010000.0,1960000.0,1960000.0,0.0,2023-08-08,2023-10-03,2023-10-23,2024-05-28,2024-06-12,Completed,100.0,AGY-DRDA-04,District Rural Development Agency (DRDA),5,4,True,DEMO/SYNTHETIC DATA
MPL-2024-BI-000128,REC-2023-4445,MP-LS-17-47,Hon'ble Member of Parliament (Patna Sahib),"School Boundary Wall & Sanitation at Gauri Chak, Block Danapur",Education & Classrooms,School Boundary Wall & Sanitation,Bihar,Patna,Patna Sahib,Danapur,Gauri Chak,25.6495,85.2074,2760000.0,2710000.0,2429000.0,281000.0,2023-10-13,2023-11-15,2023-12-04,2024-05-16,,Ongoing,84.0,AGY-XYZ-99,XYZ Infrastructure & Construction Private Ltd,4,3,False,DEMO/SYNTHETIC DATA
MPL-2024-MA-000129,REC-2023-1323,MP-LS-17-74,Hon'ble Member of Parliament (Thane),"Link Road Widening at Vashind, Block Kalyan",Rural Roads & Bridges,Link Road Widening,Maharashtra,Thane,Thane,Kalyan,Vashind,19.2652,72.943,3730000.0,3630000.0,944000.0,2686000.0,2023-01-02,2023-02-28,2023-03-15,2023-10-24,,Ongoing,28.0,AGY-XYZ-99,XYZ Infrastructure & Construction Private Ltd,4,1,False,DEMO/SYNTHETIC DATA
MPL-2024-AS-000130,REC-2023-6432,MP-LS-17-81,Hon'ble Member of Parliament (Gauhati),"Public Bus Passenger Shelter at Puthimari, Block Chaygaon",Community Infrastructure,Public Bus Passenger Shelter,Assam,Kamrup,Gauhati,Chaygaon,Puthimari,26.15,91.6947,3070000.0,3020000.0,3020000.0,0.0,2023-04-07,2023-05-01,2023-05-22,2024-02-02,2024-01-27,Completed,100.0,AGY-ZP-03,Zila Parishad Rural Infrastructure Cell,4,2,True,DEMO/SYNTHETIC DATA
MPL-2024-KE-000131,REC-2023-4222,MP-LS-17-65,Hon'ble Member of Parliament (Ernakulam),"School Boundary Wall & Sanitation at Kothamangalam, Block Muvattupuzha",Education & Classrooms,School Boundary Wall & Sanitation,Kerala,Ernakulam,Ernakulam,Muvattupuzha,Kothamangalam,9.994,76.2953,1610000.0,1610000.0,354000.0,1256000.0,2023-03-24,2023-04-24,2023-05-12,2023-12-24,,Ongoing,24.0,AGY-WSS-05,Public Health Engineering & Water Supply Dept,4,1,False,DEMO/SYNTHETIC DATA
MPL-2024-RA-000132,REC-2023-3918,MP-LS-17-12,Hon'ble Member of Parliament (Jaipur Rural),"CC Road Construction at Bassi, Block Amer",Rural Roads & Bridges,CC Road Construction,Rajasthan,Jaipur,Jaipur Rural,Amer,Bassi,26.9259,75.843,1740000.0,1740000.0,1173000.0,567000.0,2023-07-22,2023-08-15,2023-09-08,2024-01-30,,Ongoing,68.0,AGY-RWD-02,Rural Works Department (RWD) Engineering Wing,3,1,False,DEMO/SYNTHETIC DATA
MPL-2024-WE-000133,REC-2023-3554,MP-LS-17-59,Hon'ble Member of Parliament (Krishnanagar),"Paver Block Road at Dhubulia, Block Nabadwip",Rural Roads & Bridges,Paver Block Road,West Bengal,Nadia,Krishnanagar,Nabadwip,Dhubulia,23.4142,88.5125,3140000.0,3090000.0,3090000.0,0.0,2023-06-27,2023-08-06,2023-08-26,2024-03-07,2024-03-27,Completed,100.0,AGY-DRDA-04,District Rural Development Agency (DRDA),4,4,True,DEMO/SYNTHETIC DATA
MPL-2024-WE-000134,REC-2023-2608,MP-LS-17-26,Hon'ble Member of Parliament (Krishnanagar),"Community Public Toilet Complex at Bethuadahari, Block Krishnanagar-I",Health & Sanitation,Community Public Toilet Complex,West Bengal,Nadia,Krishnanagar,Krishnanagar-I,Bethuadahari,23.3291,88.4996,1630000.0,1630000.0,0.0,1630000.0,2023-02-09,2023-03-25,2023-04-21,2023-12-19,,Sanctioned,0.0,AGY-RWD-02,Rural Works Department (RWD) Engineering Wing,2,0,False,DEMO/SYNTHETIC DATA
MPL-2024-AS-000135,REC-2023-4952,MP-LS-17-27,Hon'ble Member of Parliament (Gauhati),"School Boundary Wall & Sanitation at Puthimari, Block Kamalpur",Education & Classrooms,School Boundary Wall & Sanitation,Assam,Kamrup,Gauhati,Kamalpur,Puthimari,26.0676,91.7017,2190000.0,2140000.0,940000.0,1200000.0,2023-09-17,2023-10-15,2023-11-01,2024-05-13,,Ongoing,42.0,AGY-WSS-05,Public Health Engineering & Water Supply Dept,3,3,False,DEMO/SYNTHETIC DATA
MPL-2024-RA-000136,REC-2023-7439,MP-LS-17-67,Hon'ble Member of Parliament (Jaipur Rural),"Piped Water Overhead Tank at Achrol, Block Chaksu",Drinking Water,Piped Water Overhead Tank,Rajasthan,Jaipur,Jaipur Rural,Chaksu,Achrol,26.8516,75.7116,2000000.0,2000000.0,1148000.0,852000.0,2023-01-19,2023-03-13,2023-04-10,2024-01-11,,Ongoing,54.0,AGY-RWD-02,Rural Works Department (RWD) Engineering Wing,3,3,False,DEMO/SYNTHETIC DATA
MPL-2024-BI-000137,REC-2023-8345,MP-LS-17-94,Hon'ble Member of Parliament (Patna Sahib),"Senior Citizen Recreation Shed at Baikatpur, Block Sampatchak",Community Infrastructure,Senior Citizen Recreation Shed,Bihar,Patna,Patna Sahib,Sampatchak,Baikatpur,25.5879,85.0924,2380000.0,2280000.0,1732000.0,548000.0,2023-03-21,2023-04-22,2023-05-14,2024-02-25,,Ongoing,73.0,AGY-DRDA-04,District Rural Development Agency (DRDA),4,2,False,DEMO/SYNTHETIC DATA
MPL-2024-KE-000138,REC-2023-5294,MP-LS-17-64,Hon'ble Member of Parliament (Ernakulam),"Public Bus Passenger Shelter at Kalamassery, Block Muvattupuzha",Community Infrastructure,Public Bus Passenger Shelter,Kerala,Ernakulam,Ernakulam,Muvattupuzha,Kalamassery,10.0008,76.2973,2640000.0,2540000.0,1407000.0,1133000.0,2023-07-09,2023-07-29,2023-08-16,2024-03-17,,Ongoing,58.0,AGY-DRDA-04,District Rural Development Agency (DRDA),4,3,False,DEMO/SYNTHETIC DATA
MPL-2024-MA-000139,REC-2023-3750,MP-LS-17-97,Hon'ble Member of Parliament (Thane),"Public Bus Passenger Shelter at Padgha, Block Murbad",Community Infrastructure,Public Bus Passenger Shelter,Maharashtra,Thane,Thane,Murbad,Padgha,19.1525,72.9868,1510000.0,1460000.0,1460000.0,0.0,2023-03-16,2023-04-27,2023-05-18,2023-10-28,2023-12-07,Completed,100.0,AGY-WSS-05,Public Health Engineering & Water Supply Dept,4,4,True,DEMO/SYNTHETIC DATA
MPL-2024-AS-000140,REC-2023-6110,MP-LS-17-81,Hon'ble Member of Parliament (Gauhati),"Senior Citizen Recreation Shed at Dadara, Block Rangia",Community Infrastructure,Senior Citizen Recreation Shed,Assam,Kamrup,Gauhati,Rangia,Dadara,26.2236,91.7948,2390000.0,2240000.0,2240000.0,0.0,2023-12-27,2024-01-27,2024-02-23,2024-10-20,2024-10-19,Completed,100.0,AGY-DRDA-04,District Rural Development Agency (DRDA),4,3,True,DEMO/SYNTHETIC DATA
MPL-2024-RA-000141,REC-2023-5392,MP-LS-17-63,Hon'ble Member of Parliament (Jaipur Rural),"High-Mast Solar Lighting Chowk at Bassi, Block Sanganer",Solar & Renewable Energy,High-Mast Solar Lighting Chowk,Rajasthan,Jaipur,Jaipur Rural,Sanganer,Bassi,26.95,75.857,1140000.0,990000.0,990000.0,0.0,2023-02-21,2023-03-27,2023-04-11,2024-01-01,2024-01-19,Completed,100.0,AGY-ZP-03,Zila Parishad Rural Infrastructure Cell,4,2,True,DEMO/SYNTHETIC DATA
MPL-2024-UT-000142,REC-2023-8070,MP-LS-17-34,Hon'ble Member of Parliament (Varanasi),"Smart Digital Library Block at Harahua, Block Sewapuri",Education & Classrooms,Smart Digital Library Block,Uttar Pradesh,Varanasi,Varanasi,Sewapuri,Harahua,25.385,82.9283,1990000.0,1890000.0,533000.0,1357000.0,2023-02-03,2023-03-29,2023-04-10,2023-12-17,,Ongoing,28.0,AGY-XYZ-99,XYZ Infrastructure & Construction Private Ltd,4,3,False,DEMO/SYNTHETIC DATA
MPL-2024-MA-000143,REC-2023-9246,MP-LS-17-35,Hon'ble Member of Parliament (Thane),"Paver Block Road at Padgha, Block Murbad",Rural Roads & Bridges,Paver Block Road,Maharashtra,Thane,Thane,Murbad,Padgha,19.2128,73.0204,4550000.0,4400000.0,2657000.0,1743000.0,2023-02-02,2023-03-04,2023-03-31,2023-12-21,,Ongoing,67.0,AGY-ZP-03,Zila Parishad Rural Infrastructure Cell,4,1,False,DEMO/SYNTHETIC DATA
MPL-2024-WE-000144,REC-2023-2367,MP-LS-17-48,Hon'ble Member of Parliament (Krishnanagar),"Solar Street Light Grid (50 poles) at Dhubulia, Block Nakashipara",Solar & Renewable Energy,Solar Street Light Grid (50 poles),West Bengal,Nadia,Krishnanagar,Nakashipara,Dhubulia,23.3733,88.5637,1020000.0,1020000.0,1020000.0,0.0,2023-04-01,2023-05-18,2023-05-30,2023-11-04,2023-11-06,Completed,100.0,AGY-PWD-01,Public Works Department (PWD) Division I,5,2,True,DEMO/SYNTHETIC DATA
MPL-2024-UT-000145,REC-2023-1256,MP-LS-17-37,Hon'ble Member of Parliament (Varanasi),"Public Bus Passenger Shelter at Shivpur, Block Kashi Vidyapeeth",Community Infrastructure,Public Bus Passenger Shelter,Uttar Pradesh,Varanasi,Varanasi,Kashi Vidyapeeth,Shivpur,25.3858,82.96,1140000.0,1140000.0,1140000.0,0.0,2023-05-04,2023-06-16,2023-07-04,2024-01-19,2024-01-01,Completed,100.0,AGY-WSS-05,Public Health Engineering & Water Supply Dept,5,4,True,DEMO/SYNTHETIC DATA
MPL-2024-AS-000146,REC-2023-2491,MP-LS-17-27,Hon'ble Member of Parliament (Gauhati),"Solar Street Light Grid (50 poles) at Mirza, Block Kamalpur",Solar & Renewable Energy,Solar Street Light Grid (50 poles),Assam,Kamrup,Gauhati,Kamalpur,Mirza,26.0813,91.7331,1580000.0,1430000.0,831000.0,599000.0,2023-06-22,2023-07-31,2023-08-12,2024-05-28,,Ongoing,62.0,AGY-DRDA-04,District Rural Development Agency (DRDA),2,1,False,DEMO/SYNTHETIC DATA
MPL-2024-BI-000147,REC-2023-6413,MP-LS-17-47,Hon'ble Member of Parliament (Patna Sahib),"Piped Water Overhead Tank at Baikatpur, Block Sampatchak",Drinking Water,Piped Water Overhead Tank,Bihar,Patna,Patna Sahib,Sampatchak,Baikatpur,25.6686,85.1092,2180000.0,2180000.0,2180000.0,0.0,2023-02-04,2023-03-31,2023-04-20,2023-09-12,2023-09-12,Completed,100.0,AGY-WSS-05,Public Health Engineering & Water Supply Dept,5,2,True,DEMO/SYNTHETIC DATA
MPL-2024-BI-000148,REC-2023-9249,MP-LS-17-71,Hon'ble Member of Parliament (Patna Sahib),"Health Diagnostic Equipment at Baikatpur, Block Sampatchak",Health & Sanitation,Health Diagnostic Equipment,Bihar,Patna,Patna Sahib,Sampatchak,Baikatpur,25.5654,85.1012,2100000.0,2100000.0,454000.0,1646000.0,2023-04-03,2023-05-06,2023-05-28,2023-12-18,,Ongoing,22.0,AGY-DRDA-04,District Rural Development Agency (DRDA),2,1,False,DEMO/SYNTHETIC DATA
MPL-2024-MA-000149,REC-2023-5242,MP-LS-17-86,Hon'ble Member of Parliament (Thane),"Panchayat Community Hall at Khadavali, Block Murbad",Community Infrastructure,Panchayat Community Hall,Maharashtra,Thane,Thane,Murbad,Khadavali,19.2412,72.9293,1820000.0,1670000.0,1146000.0,524000.0,2023-10-09,2023-11-26,2023-12-18,2024-09-30,,Ongoing,76.0,AGY-WSS-05,Public Health Engineering & Water Supply Dept,2,1,False,DEMO/SYNTHETIC DATA
MPL-2024-MA-000150,REC-2023-6673,MP-LS-17-75,Hon'ble Member of Parliament (Thane),"Additional Classroom Building at Tokawade, Block Bhiwandi",Education & Classrooms,Additional Classroom Building,Maharashtra,Thane,Thane,Bhiwandi,Tokawade,19.2958,73.0245,1090000.0,1040000.0,1040000.0,0.0,2023-04-16,2023-06-05,2023-06-28,2024-01-24,2024-01-04,Completed,100.0,AGY-XYZ-99,XYZ Infrastructure & Construction Private Ltd,5,3,True,DEMO/SYNTHETIC DATA
MPL-2024-KE-000151,REC-2023-5897,MP-LS-17-71,Hon'ble Member of Parliament (Ernakulam),"CC Road Construction at Edappally, Block Paravur",Rural Roads & Bridges,CC Road Construction,Kerala,Ernakulam,Ernakulam,Paravur,Edappally,9.9966,76.3352,3930000.0,3930000.0,3930000.0,0.0,2023-07-19,2023-09-04,2023-09-28,2024-02-09,2024-02-27,Completed,100.0,AGY-WSS-05,Public Health Engineering & Water Supply Dept,5,3,True,DEMO/SYNTHETIC DATA
MPL-2024-KE-000152,REC-2023-4572,MP-LS-17-23,Hon'ble Member of Parliament (Ernakulam),"RO Water Treatment Plant at Kalamassery, Block Vyttila",Drinking Water,RO Water Treatment Plant,Kerala,Ernakulam,Ernakulam,Vyttila,Kalamassery,9.9422,76.3195,2240000.0,2140000.0,1697000.0,443000.0,2023-06-25,2023-08-10,2023-08-30,2024-04-10,,Ongoing,74.0,AGY-DRDA-04,District Rural Development Agency (DRDA),2,1,False,DEMO/SYNTHETIC DATA
MPL-2024-RA-000153,REC-2023-4213,MP-LS-17-42,Hon'ble Member of Parliament (Jaipur Rural),"School Science Laboratory at Kukas, Block Amer",Education & Classrooms,School Science Laboratory,Rajasthan,Jaipur,Jaipur Rural,Amer,Kukas,26.9388,75.7981,2380000.0,2380000.0,2380000.0,0.0,2023-05-07,2023-06-05,2023-06-30,2024-03-06,2024-03-04,Completed,100.0,AGY-WSS-05,Public Health Engineering & Water Supply Dept,5,4,True,DEMO/SYNTHETIC DATA
MPL-2024-RA-000154,REC-2023-7821,MP-LS-17-60,Hon'ble Member of Parliament (Jaipur Rural),"RO Water Treatment Plant at Manoharpur, Block Kotputli",Drinking Water,RO Water Treatment Plant,Rajasthan,Jaipur,Jaipur Rural,Kotputli,Manoharpur,26.9791,75.8567,1520000.0,1470000.0,1470000.0,0.0,2023-04-11,2023-05-19,2023-06-04,2023-10-26,2023-11-10,Completed,100.0,AGY-RWD-02,Rural Works Department (RWD) Engineering Wing,4,2,True,DEMO/SYNTHETIC DATA
MPL-2024-MA-000155,REC-2023-5140,MP-LS-17-11,Hon'ble Member of Parliament (Thane),"School Science Laboratory at Saralgaon, Block Shahapur",Education & Classrooms,School Science Laboratory,Maharashtra,Thane,Thane,Shahapur,Saralgaon,19.2493,72.9329,1630000.0,1530000.0,607000.0,923000.0,2023-01-15,2023-02-20,2023-03-13,2023-12-25,,Ongoing,44.0,AGY-ZP-03,Zila Parishad Rural Infrastructure Cell,3,2,False,DEMO/SYNTHETIC DATA
MPL-2024-BI-000156,REC-2023-2025,MP-LS-17-92,Hon'ble Member of Parliament (Patna Sahib),"Solar Street Light Grid (50 poles) at Jethuli, Block Fatuha",Solar & Renewable Energy,Solar Street Light Grid (50 poles),Bihar,Patna,Patna Sahib,Fatuha,Jethuli,25.539,85.2081,1830000.0,1780000.0,1780000.0,0.0,2023-08-16,2023-09-28,2023-10-22,2024-05-24,2024-06-10,Completed,100.0,AGY-WSS-05,Public Health Engineering & Water Supply Dept,4,2,True,DEMO/SYNTHETIC DATA
MPL-2024-BI-000157,REC-2023-9489,MP-LS-17-62,Hon'ble Member of Parliament (Patna Sahib),"Smart Digital Library Block at Gauri Chak, Block Bakhtiarpur",Education & Classrooms,Smart Digital Library Block,Bihar,Patna,Patna Sahib,Bakhtiarpur,Gauri Chak,25.67,85.206,1000000.0,900000.0,900000.0,0.0,2023-09-02,2023-10-26,2023-11-07,2024-08-15,2024-08-30,Completed,100.0,AGY-XYZ-99,XYZ Infrastructure & Construction Private Ltd,5,3,True,DEMO/SYNTHETIC DATA
MPL-2024-MA-000158,REC-2023-7987,MP-LS-17-83,Hon'ble Member of Parliament (Thane),"Culvert & Drainage Bridge at Tokawade, Block Ambernath",Rural Roads & Bridges,Culvert & Drainage Bridge,Maharashtra,Thane,Thane,Ambernath,Tokawade,19.1398,72.9285,3460000.0,3360000.0,3360000.0,0.0,2023-06-11,2023-07-04,2023-07-29,2024-02-05,2024-03-15,Completed,100.0,AGY-DRDA-04,District Rural Development Agency (DRDA),5,3,True,DEMO/SYNTHETIC DATA
MPL-2024-WE-000159,REC-2023-4262,MP-LS-17-38,Hon'ble Member of Parliament (Krishnanagar),"High-Mast Solar Lighting Chowk at Debagram, Block Chapra",Solar & Renewable Energy,High-Mast Solar Lighting Chowk,West Bengal,Nadia,Krishnanagar,Chapra,Debagram,23.3632,88.4598,1070000.0,1020000.0,1020000.0,0.0,2023-07-07,2023-08-17,2023-08-31,2024-02-28,2024-02-12,Completed,100.0,AGY-PWD-01,Public Works Department (PWD) Division I,4,4,True,DEMO/SYNTHETIC DATA
MPL-2024-WE-000160,REC-2023-4123,MP-LS-17-31,Hon'ble Member of Parliament (Krishnanagar),"Health Diagnostic Equipment at Mayapur, Block Nakashipara",Health & Sanitation,Health Diagnostic Equipment,West Bengal,Nadia,Krishnanagar,Nakashipara,Mayapur,23.3818,88.508,3010000.0,2960000.0,2960000.0,0.0,2023-06-19,2023-08-14,2023-08-27,2024-02-09,2024-02-11,Completed,100.0,AGY-WSS-05,Public Health Engineering & Water Supply Dept,5,2,True,DEMO/SYNTHETIC DATA
MPL-2024-BI-000161,REC-2023-7957,MP-LS-17-15,Hon'ble Member of Parliament (Patna Sahib),"Rooftop Solar for Govt Hospital at Jethuli, Block Bakhtiarpur",Solar & Renewable Energy,Rooftop Solar for Govt Hospital,Bihar,Patna,Patna Sahib,Bakhtiarpur,Jethuli,25.648,85.1224,1580000.0,1580000.0,379000.0,1201000.0,2023-11-18,2024-01-07,2024-01-28,2024-10-12,,Ongoing,23.0,AGY-XYZ-99,XYZ Infrastructure & Construction Private Ltd,4,2,False,DEMO/SYNTHETIC DATA
MPL-2024-AS-000162,REC-2023-2199,MP-LS-17-21,Hon'ble Member of Parliament (Gauhati),"Deep Borewell & Solar Pump System at Puthimari, Block Chaygaon",Drinking Water,Deep Borewell & Solar Pump System,Assam,Kamrup,Gauhati,Chaygaon,Puthimari,26.2217,91.7187,640000.0,590000.0,590000.0,0.0,2023-10-07,2023-11-22,2023-12-10,2024-06-12,2024-06-01,Completed,100.0,AGY-PWD-01,Public Works Department (PWD) Division I,4,3,True,DEMO/SYNTHETIC DATA
MPL-2024-MA-000163,REC-2023-5326,MP-LS-17-68,Hon'ble Member of Parliament (Thane),"Link Road Widening at Vashind, Block Shahapur",Rural Roads & Bridges,Link Road Widening,Maharashtra,Thane,Thane,Shahapur,Vashind,19.295,72.9018,3640000.0,3540000.0,2432000.0,1108000.0,2023-12-25,2024-02-23,2024-03-08,2024-12-17,,Ongoing,68.0,AGY-XYZ-99,XYZ Infrastructure & Construction Private Ltd,4,1,False,DEMO/SYNTHETIC DATA
MPL-2024-KE-000164,REC-2023-6776,MP-LS-17-97,Hon'ble Member of Parliament (Ernakulam),"High-Mast Solar Lighting Chowk at Edappally, Block Angamaly",Solar & Renewable Energy,High-Mast Solar Lighting Chowk,Kerala,Ernakulam,Ernakulam,Angamaly,Edappally,9.9305,76.243,1160000.0,1160000.0,1160000.0,0.0,2023-03-20,2023-04-24,2023-05-22,2023-10-25,2023-11-29,Completed,100.0,AGY-ZP-03,Zila Parishad Rural Infrastructure Cell,5,3,True,DEMO/SYNTHETIC DATA
MPL-2024-AS-000165,REC-2023-9122,MP-LS-17-25,Hon'ble Member of Parliament (Gauhati),"Link Road Widening at Mirza, Block Kamalpur",Rural Roads & Bridges,Link Road Widening,Assam,Kamrup,Gauhati,Kamalpur,Mirza,26.0877,91.736,3220000.0,3120000.0,1204000.0,1916000.0,2023-08-18,2023-10-17,2023-10-30,2024-06-30,,Ongoing,38.0,AGY-PWD-01,Public Works Department (PWD) Division I,3,2,False,DEMO/SYNTHETIC DATA
MPL-2024-AS-000166,REC-2023-2478,MP-LS-17-80,Hon'ble Member of Parliament (Gauhati),"CC Road Construction at Dadara, Block Chaygaon",Rural Roads & Bridges,CC Road Construction,Assam,Kamrup,Gauhati,Chaygaon,Dadara,26.1009,91.7003,1670000.0,1620000.0,1352000.0,268000.0,2023-03-01,2023-04-03,2023-04-18,2023-11-14,,Ongoing,81.0,AGY-PWD-01,Public Works Department (PWD) Division I,2,1,False,DEMO/SYNTHETIC DATA
MPL-2024-UT-000167,REC-2023-2650,MP-LS-17-93,Hon'ble Member of Parliament (Varanasi),"Deep Borewell & Solar Pump System at Tikari, Block Sewapuri",Drinking Water,Deep Borewell & Solar Pump System,Uttar Pradesh,Varanasi,Varanasi,Sewapuri,Tikari,25.323,82.9471,2140000.0,1990000.0,1990000.0,0.0,2023-02-08,2023-03-08,2023-04-02,2023-08-17,2023-09-17,Completed,100.0,AGY-XYZ-99,XYZ Infrastructure & Construction Private Ltd,4,3,True,DEMO/SYNTHETIC DATA
MPL-2024-RA-000168,REC-2023-7485,MP-LS-17-21,Hon'ble Member of Parliament (Jaipur Rural),"Health Diagnostic Equipment at Manoharpur, Block Kotputli",Health & Sanitation,Health Diagnostic Equipment,Rajasthan,Jaipur,Jaipur Rural,Kotputli,Manoharpur,26.8569,75.7898,2770000.0,2720000.0,1026000.0,1694000.0,2023-01-13,2023-03-06,2023-03-23,2023-10-24,,Ongoing,36.0,AGY-ZP-03,Zila Parishad Rural Infrastructure Cell,4,1,False,DEMO/SYNTHETIC DATA
MPL-2024-KA-000169,REC-2023-1765,MP-LS-17-58,Hon'ble Member of Parliament (Bangalore North),"Additional Classroom Building at Mandur, Block Yelahanka",Education & Classrooms,Additional Classroom Building,Karnataka,Bengaluru Urban,Bangalore North,Yelahanka,Mandur,13.0358,77.6239,3290000.0,3190000.0,2441000.0,749000.0,2023-06-08,2023-08-04,2023-08-14,2024-04-28,,Ongoing,80.0,AGY-DRDA-04,District Rural Development Agency (DRDA),4,1,False,DEMO/SYNTHETIC DATA
MPL-2024-MA-000170,REC-2023-1586,MP-LS-17-91,Hon'ble Member of Parliament (Thane),"Primary Health Sub-Centre Building at Saralgaon, Block Ambernath",Health & Sanitation,Primary Health Sub-Centre Building,Maharashtra,Thane,Thane,Ambernath,Saralgaon,19.1464,73.0387,2200000.0,2050000.0,2050000.0,0.0,2023-12-10,2024-01-19,2024-02-08,2024-11-24,2024-11-30,Completed,100.0,AGY-RWD-02,Rural Works Department (RWD) Engineering Wing,4,3,True,DEMO/SYNTHETIC DATA
MPL-2024-BI-000171,REC-2023-8400,MP-LS-17-19,Hon'ble Member of Parliament (Patna Sahib),"Crematorium Shed with Amenities at Gauri Chak, Block Bakhtiarpur",Community Infrastructure,Crematorium Shed with Amenities,Bihar,Patna,Patna Sahib,Bakhtiarpur,Gauri Chak,25.5178,85.1622,3950000.0,3850000.0,0.0,3850000.0,2023-02-17,2023-03-27,2023-04-17,2024-01-22,,Sanctioned,0.0,AGY-XYZ-99,XYZ Infrastructure & Construction Private Ltd,2,0,False,DEMO/SYNTHETIC DATA
MPL-2024-BI-000172,REC-2023-4548,MP-LS-17-89,Hon'ble Member of Parliament (Patna Sahib),"Link Road Widening at Gauri Chak, Block Phulwari Sharif",Rural Roads & Bridges,Link Road Widening,Bihar,Patna,Patna Sahib,Phulwari Sharif,Gauri Chak,25.5876,85.0917,3300000.0,3250000.0,3250000.0,0.0,2023-05-10,2023-06-25,2023-07-08,2024-01-12,2024-01-27,Completed,100.0,AGY-XYZ-99,XYZ Infrastructure & Construction Private Ltd,5,3,True,DEMO/SYNTHETIC DATA
MPL-2024-WE-000173,REC-2023-5164,MP-LS-17-10,Hon'ble Member of Parliament (Krishnanagar),"School Boundary Wall & Sanitation at Mayapur, Block Nabadwip",Education & Classrooms,School Boundary Wall & Sanitation,West Bengal,Nadia,Krishnanagar,Nabadwip,Mayapur,23.3391,88.5285,2500000.0,2350000.0,1312000.0,1038000.0,2023-08-23,2023-10-02,2023-10-30,2024-07-12,,Ongoing,53.0,AGY-WSS-05,Public Health Engineering & Water Supply Dept,2,1,False,DEMO/SYNTHETIC DATA
MPL-2024-BI-000174,REC-2023-9788,MP-LS-17-40,Hon'ble Member of Parliament (Patna Sahib),"Rooftop Solar for Govt Hospital at Ranipur, Block Sampatchak",Solar & Renewable Energy,Rooftop Solar for Govt Hospital,Bihar,Patna,Patna Sahib,Sampatchak,Ranipur,25.5149,85.1982,1600000.0,1600000.0,1600000.0,0.0,2023-01-13,2023-02-23,2023-03-23,2023-12-28,2023-12-30,Completed,100.0,AGY-XYZ-99,XYZ Infrastructure & Construction Private Ltd,5,2,True,DEMO/SYNTHETIC DATA
MPL-2024-KA-000175,REC-2023-5448,MP-LS-17-79,Hon'ble Member of Parliament (Bangalore North),"School Science Laboratory at Mandur, Block K.R. Puram",Education & Classrooms,School Science Laboratory,Karnataka,Bengaluru Urban,Bangalore North,K.R. Puram,Mandur,13.0286,77.5656,3540000.0,3490000.0,1769000.0,1721000.0,2023-08-17,2023-10-01,2023-10-14,2024-03-11,,Ongoing,50.0,AGY-RWD-02,Rural Works Department (RWD) Engineering Wing,3,3,False,DEMO/SYNTHETIC DATA
MPL-2024-MA-000176,REC-2023-4953,MP-LS-17-42,Hon'ble Member of Parliament (Thane),"Solar Street Light Grid (50 poles) at Vashind, Block Murbad",Solar & Renewable Energy,Solar Street Light Grid (50 poles),Maharashtra,Thane,Thane,Murbad,Vashind,19.1441,72.9833,1520000.0,1470000.0,589000.0,881000.0,2023-02-04,2023-03-03,2023-03-30,2023-11-07,,Ongoing,40.0,AGY-ZP-03,Zila Parishad Rural Infrastructure Cell,2,1,False,DEMO/SYNTHETIC DATA
MPL-2024-RA-000177,REC-2023-7652,MP-LS-17-12,Hon'ble Member of Parliament (Jaipur Rural),"Senior Citizen Recreation Shed at Nayla, Block Kotputli",Community Infrastructure,Senior Citizen Recreation Shed,Rajasthan,Jaipur,Jaipur Rural,Kotputli,Nayla,26.9494,75.7927,1750000.0,1700000.0,0.0,1700000.0,2023-06-24,2023-08-16,2023-09-05,2024-04-26,,Sanctioned,0.0,AGY-PWD-01,Public Works Department (PWD) Division I,2,0,False,DEMO/SYNTHETIC DATA
MPL-2024-WE-000178,REC-2023-7994,MP-LS-17-32,Hon'ble Member of Parliament (Krishnanagar),"Rooftop Solar for Govt Hospital at Tehatta, Block Chapra",Solar & Renewable Energy,Rooftop Solar for Govt Hospital,West Bengal,Nadia,Krishnanagar,Chapra,Tehatta,23.4276,88.5799,1240000.0,1140000.0,364000.0,776000.0,2023-04-16,2023-05-12,2023-05-29,2023-12-07,,Ongoing,31.0,AGY-ZP-03,Zila Parishad Rural Infrastructure Cell,3,1,False,DEMO/SYNTHETIC DATA
MPL-2024-KE-000179,REC-2023-2560,MP-LS-17-22,Hon'ble Member of Parliament (Ernakulam),"School Science Laboratory at Cherai, Block Angamaly",Education & Classrooms,School Science Laboratory,Kerala,Ernakulam,Ernakulam,Angamaly,Cherai,9.9276,76.3317,2520000.0,2470000.0,2470000.0,0.0,2023-05-06,2023-06-01,2023-06-18,2023-10-24,2023-11-25,Completed,100.0,AGY-ZP-03,Zila Parishad Rural Infrastructure Cell,4,2,True,DEMO/SYNTHETIC DATA
MPL-2024-UT-000180,REC-2023-5331,MP-LS-17-22,Hon'ble Member of Parliament (Varanasi),"Link Road Widening at Chhatar, Block Pindra",Rural Roads & Bridges,Link Road Widening,Uttar Pradesh,Varanasi,Varanasi,Pindra,Chhatar,25.3107,82.9469,3450000.0,3300000.0,1146000.0,2154000.0,2023-06-14,2023-07-13,2023-07-25,2024-01-17,,Ongoing,34.0,AGY-ZP-03,Zila Parishad Rural Infrastructure Cell,4,1,False,DEMO/SYNTHETIC DATA
MPL-2024-KE-000181,REC-2023-7829,MP-LS-17-88,Hon'ble Member of Parliament (Ernakulam),"CC Road Construction at Edappally, Block Vyttila",Rural Roads & Bridges,CC Road Construction,Kerala,Ernakulam,Ernakulam,Vyttila,Edappally,10.0293,76.3107,2790000.0,2690000.0,0.0,2690000.0,2023-11-27,2023-12-31,2024-01-28,2024-07-12,,Sanctioned,0.0,AGY-ZP-03,Zila Parishad Rural Infrastructure Cell,2,0,False,DEMO/SYNTHETIC DATA
MPL-2024-BI-000182,REC-2023-4996,MP-LS-17-59,Hon'ble Member of Parliament (Patna Sahib),"School Science Laboratory at Jethuli, Block Fatuha",Education & Classrooms,School Science Laboratory,Bihar,Patna,Patna Sahib,Fatuha,Jethuli,25.5724,85.154,2980000.0,2880000.0,2880000.0,0.0,2023-02-06,2023-03-06,2023-03-22,2023-12-22,2024-01-25,Completed,100.0,AGY-DRDA-04,District Rural Development Agency (DRDA),4,4,True,DEMO/SYNTHETIC DATA
MPL-2024-KE-000183,REC-2023-8066,MP-LS-17-84,Hon'ble Member of Parliament (Ernakulam),"Village Waste Segregation Shed at Kothamangalam, Block Muvattupuzha",Health & Sanitation,Village Waste Segregation Shed,Kerala,Ernakulam,Ernakulam,Muvattupuzha,Kothamangalam,10.0588,76.2233,2900000.0,2850000.0,2850000.0,0.0,2023-09-21,2023-10-20,2023-11-07,2024-06-15,2024-06-26,Completed,100.0,AGY-ZP-03,Zila Parishad Rural Infrastructure Cell,5,4,True,DEMO/SYNTHETIC DATA
MPL-2024-AS-000184,REC-2023-8797,MP-LS-17-83,Hon'ble Member of Parliament (Gauhati),"Link Road Widening at Sualkuchi, Block Chaygaon",Rural Roads & Bridges,Link Road Widening,Assam,Kamrup,Gauhati,Chaygaon,Sualkuchi,26.1104,91.806,2480000.0,2480000.0,887000.0,1593000.0,2023-12-04,2023-12-29,2024-01-28,2024-11-05,,Ongoing,35.0,AGY-RWD-02,Rural Works Department (RWD) Engineering Wing,4,2,False,DEMO/SYNTHETIC DATA
MPL-2024-KE-000185,REC-2023-8385,MP-LS-17-84,Hon'ble Member of Parliament (Ernakulam),"School Science Laboratory at Edappally, Block Angamaly",Education & Classrooms,School Science Laboratory,Kerala,Ernakulam,Ernakulam,Angamaly,Edappally,9.938,76.2318,1020000.0,870000.0,759000.0,111000.0,2023-12-02,2024-01-18,2024-02-13,2024-11-04,,Ongoing,83.0,AGY-XYZ-99,XYZ Infrastructure & Construction Private Ltd,3,2,False,DEMO/SYNTHETIC DATA
MPL-2024-WE-000186,REC-2023-8277,MP-LS-17-90,Hon'ble Member of Parliament (Krishnanagar),"Rooftop Solar for Govt Hospital at Bethuadahari, Block Nakashipara",Solar & Renewable Energy,Rooftop Solar for Govt Hospital,West Bengal,Nadia,Krishnanagar,Nakashipara,Bethuadahari,23.3756,88.5203,860000.0,760000.0,474000.0,286000.0,2023-11-11,2023-12-14,2024-01-07,2024-06-12,,Ongoing,57.0,AGY-XYZ-99,XYZ Infrastructure & Construction Private Ltd,4,2,False,DEMO/SYNTHETIC DATA
MPL-2024-RA-000187,REC-2023-7797,MP-LS-17-54,Hon'ble Member of Parliament (Jaipur Rural),"Rooftop Solar for Govt Hospital at Manoharpur, Block Shahpura",Solar & Renewable Energy,Rooftop Solar for Govt Hospital,Rajasthan,Jaipur,Jaipur Rural,Shahpura,Manoharpur,26.9652,75.8456,930000.0,930000.0,219000.0,711000.0,2023-02-21,2023-03-28,2023-04-12,2023-09-08,,Ongoing,25.0,AGY-ZP-03,Zila Parishad Rural Infrastructure Cell,4,2,False,DEMO/SYNTHETIC DATA
MPL-2024-MA-000188,REC-2023-9707,MP-LS-17-35,Hon'ble Member of Parliament (Thane),"High-Mast Solar Lighting Chowk at Titwala, Block Murbad",Solar & Renewable Energy,High-Mast Solar Lighting Chowk,Maharashtra,Thane,Thane,Murbad,Titwala,19.1735,72.9313,760000.0,610000.0,610000.0,0.0,2023-04-12,2023-05-28,2023-06-24,2023-11-27,2024-01-05,Completed,100.0,AGY-WSS-05,Public Health Engineering & Water Supply Dept,4,2,True,DEMO/SYNTHETIC DATA
MPL-2024-KE-000189,REC-2023-6216,MP-LS-17-21,Hon'ble Member of Parliament (Ernakulam),"Paver Block Road at Perumbavoor, Block Aluva",Rural Roads & Bridges,Paver Block Road,Kerala,Ernakulam,Ernakulam,Aluva,Perumbavoor,9.9104,76.2208,4270000.0,4170000.0,2324000.0,1846000.0,2023-11-15,2024-01-09,2024-01-31,2024-10-12,,Ongoing,56.0,AGY-WSS-05,Public Health Engineering & Water Supply Dept,2,3,False,DEMO/SYNTHETIC DATA
MPL-2024-KA-000190,REC-2023-3553,MP-LS-17-85,Hon'ble Member of Parliament (Bangalore North),"Link Road Widening at Mandur, Block Yelahanka",Rural Roads & Bridges,Link Road Widening,Karnataka,Bengaluru Urban,Bangalore North,Yelahanka,Mandur,12.9338,77.5949,1730000.0,1680000.0,1518000.0,162000.0,2023-05-16,2023-07-12,2023-08-04,2024-03-27,,Ongoing,83.0,AGY-XYZ-99,XYZ Infrastructure & Construction Private Ltd,4,3,False,DEMO/SYNTHETIC DATA
MPL-2024-KA-000191,REC-2023-7909,MP-LS-17-39,Hon'ble Member of Parliament (Bangalore North),"Smart Digital Library Block at Doddaballapur Rd, Block Bengaluru North",Education & Classrooms,Smart Digital Library Block,Karnataka,Bengaluru Urban,Bangalore North,Bengaluru North,Doddaballapur Rd,13.0129,77.6384,1680000.0,1630000.0,1272000.0,358000.0,2023-03-10,2023-04-20,2023-05-03,2023-10-29,,Ongoing,82.0,AGY-DRDA-04,District Rural Development Agency (DRDA),4,1,False,DEMO/SYNTHETIC DATA
MPL-2024-UT-000192,REC-2023-7550,MP-LS-17-79,Hon'ble Member of Parliament (Varanasi),"CC Road Construction at Harahua, Block Kashi Vidyapeeth",Rural Roads & Bridges,CC Road Construction,Uttar Pradesh,Varanasi,Varanasi,Kashi Vidyapeeth,Harahua,25.3091,83.0204,2100000.0,2100000.0,1427000.0,673000.0,2023-12-09,2024-01-18,2024-02-17,2024-10-02,,Ongoing,74.0,AGY-ZP-03,Zila Parishad Rural Infrastructure Cell,4,2,False,DEMO/SYNTHETIC DATA
MPL-2024-BI-000193,REC-2023-1230,MP-LS-17-32,Hon'ble Member of Parliament (Patna Sahib),"Paver Block Road at Baikatpur, Block Phulwari Sharif",Rural Roads & Bridges,Paver Block Road,Bihar,Patna,Patna Sahib,Phulwari Sharif,Baikatpur,25.5414,85.0717,3990000.0,3840000.0,3840000.0,0.0,2023-08-07,2023-09-04,2023-09-23,2024-04-03,2024-04-07,Completed,100.0,AGY-XYZ-99,XYZ Infrastructure & Construction Private Ltd,4,4,True,DEMO/SYNTHETIC DATA
MPL-2024-MA-000194,REC-2023-4486,MP-LS-17-86,Hon'ble Member of Parliament (Thane),"Link Road Widening at Khadavali, Block Kalyan",Rural Roads & Bridges,Link Road Widening,Maharashtra,Thane,Thane,Kalyan,Khadavali,19.1393,73.0362,1710000.0,1610000.0,1610000.0,0.0,2023-01-12,2023-02-10,2023-03-09,2023-12-11,2024-01-09,Completed,100.0,AGY-XYZ-99,XYZ Infrastructure & Construction Private Ltd,4,4,True,DEMO/SYNTHETIC DATA
MPL-2024-BI-000195,REC-2023-5553,MP-LS-17-91,Hon'ble Member of Parliament (Patna Sahib),"Hand Pump Installation Cluster at Ranipur, Block Bakhtiarpur",Drinking Water,Hand Pump Installation Cluster,Bihar,Patna,Patna Sahib,Bakhtiarpur,Ranipur,25.6352,85.0743,840000.0,740000.0,201000.0,539000.0,2023-02-08,2023-03-31,2023-04-19,2023-11-12,,Ongoing,27.0,AGY-RWD-02,Rural Works Department (RWD) Engineering Wing,2,1,False,DEMO/SYNTHETIC DATA
MPL-2024-AS-000196,REC-2023-2896,MP-LS-17-12,Hon'ble Member of Parliament (Gauhati),"High-Mast Solar Lighting Chowk at Sualkuchi, Block Hajo",Solar & Renewable Energy,High-Mast Solar Lighting Chowk,Assam,Kamrup,Gauhati,Hajo,Sualkuchi,26.1738,91.6907,1340000.0,1190000.0,657000.0,533000.0,2023-03-08,2023-04-16,2023-05-15,2023-11-17,,Ongoing,58.0,AGY-RWD-02,Rural Works Department (RWD) Engineering Wing,4,2,False,DEMO/SYNTHETIC DATA
MPL-2024-BI-000197,REC-2023-4900,MP-LS-17-83,Hon'ble Member of Parliament (Patna Sahib),"Piped Water Overhead Tank at Baikatpur, Block Bakhtiarpur",Drinking Water,Piped Water Overhead Tank,Bihar,Patna,Patna Sahib,Bakhtiarpur,Baikatpur,25.5945,85.1284,2130000.0,2080000.0,0.0,2080000.0,2023-11-21,2024-01-04,2024-01-23,2024-06-26,,Sanctioned,0.0,AGY-XYZ-99,XYZ Infrastructure & Construction Private Ltd,2,0,False,DEMO/SYNTHETIC DATA
MPL-2024-KA-000198,REC-2023-7249,MP-LS-17-47,Hon'ble Member of Parliament (Bangalore North),"Piped Water Overhead Tank at Doddaballapur Rd, Block Bengaluru North",Drinking Water,Piped Water Overhead Tank,Karnataka,Bengaluru Urban,Bangalore North,Bengaluru North,Doddaballapur Rd,13.0205,77.6192,1260000.0,1160000.0,924000.0,236000.0,2023-01-26,2023-02-15,2023-03-12,2023-08-23,,Ongoing,82.0,AGY-DRDA-04,District Rural Development Agency (DRDA),4,2,False,DEMO/SYNTHETIC DATA
MPL-2024-MA-000199,REC-2023-5414,MP-LS-17-65,Hon'ble Member of Parliament (Thane),"Public Bus Passenger Shelter at Vashind, Block Ambernath",Community Infrastructure,Public Bus Passenger Shelter,Maharashtra,Thane,Thane,Ambernath,Vashind,19.2641,72.9367,1160000.0,1060000.0,1060000.0,0.0,2023-02-14,2023-03-14,2023-03-26,2023-08-04,2023-07-20,Completed,100.0,AGY-XYZ-99,XYZ Infrastructure & Construction Private Ltd,5,4,True,DEMO/SYNTHETIC DATA
MPL-2024-WE-000200,REC-2023-3619,MP-LS-17-50,Hon'ble Member of Parliament (Krishnanagar),"School Science Laboratory at Tehatta, Block Krishnanagar-I",Education & Classrooms,School Science Laboratory,West Bengal,Nadia,Krishnanagar,Krishnanagar-I,Tehatta,23.4589,88.5612,3360000.0,3260000.0,1001000.0,2259000.0,2023-03-07,2023-04-07,2023-05-02,2024-02-04,,Ongoing,34.0,AGY-XYZ-99,XYZ Infrastructure & Construction Private Ltd,4,1,False,DEMO/SYNTHETIC DATA
MPL-2024-KA-000201,REC-2023-4185,MP-LS-17-15,Hon'ble Member of Parliament (Bangalore North),"Hand Pump Installation Cluster at Doddaballapur Rd, Block Yelahanka",Drinking Water,Hand Pump Installation Cluster,Karnataka,Bengaluru Urban,Bangalore North,Yelahanka,Doddaballapur Rd,13.0329,77.5813,960000.0,860000.0,860000.0,0.0,2023-04-09,2023-05-23,2023-06-19,2023-10-29,2023-11-18,Completed,100.0,AGY-WSS-05,Public Health Engineering & Water Supply Dept,4,2,True,DEMO/SYNTHETIC DATA
MPL-2024-UT-000202,REC-2023-2361,MP-LS-17-72,Hon'ble Member of Parliament (Varanasi),"Deep Borewell & Solar Pump System at Harahua, Block Arajiline",Drinking Water,Deep Borewell & Solar Pump System,Uttar Pradesh,Varanasi,Varanasi,Arajiline,Harahua,25.2424,82.9224,1750000.0,1750000.0,446000.0,1304000.0,2023-11-23,2024-01-17,2024-01-28,2024-06-04,,Ongoing,25.0,AGY-ZP-03,Zila Parishad Rural Infrastructure Cell,3,1,False,DEMO/SYNTHETIC DATA
MPL-2024-BI-000203,REC-2023-3795,MP-LS-17-55,Hon'ble Member of Parliament (Patna Sahib),"Piped Water Overhead Tank at Jethuli, Block Danapur",Drinking Water,Piped Water Overhead Tank,Bihar,Patna,Patna Sahib,Danapur,Jethuli,25.6033,85.0912,1150000.0,1100000.0,987000.0,113000.0,2023-11-01,2023-12-19,2023-12-31,2024-09-18,,Ongoing,84.0,AGY-XYZ-99,XYZ Infrastructure & Construction Private Ltd,3,2,False,DEMO/SYNTHETIC DATA
MPL-2024-AS-000204,REC-2023-4850,MP-LS-17-51,Hon'ble Member of Parliament (Gauhati),"Senior Citizen Recreation Shed at Boko, Block Hajo",Community Infrastructure,Senior Citizen Recreation Shed,Assam,Kamrup,Gauhati,Hajo,Boko,26.0676,91.6991,1780000.0,1680000.0,1680000.0,0.0,2023-03-27,2023-05-06,2023-05-25,2023-12-15,2024-01-09,Completed,100.0,AGY-WSS-05,Public Health Engineering & Water Supply Dept,4,4,True,DEMO/SYNTHETIC DATA
MPL-2024-MA-000205,REC-2023-5037,MP-LS-17-88,Hon'ble Member of Parliament (Thane),"Paver Block Road at Vashind, Block Kalyan",Rural Roads & Bridges,Paver Block Road,Maharashtra,Thane,Thane,Kalyan,Vashind,19.1443,72.8994,3400000.0,3250000.0,1484000.0,1766000.0,2023-08-12,2023-10-03,2023-10-27,2024-07-05,,Ongoing,47.0,AGY-XYZ-99,XYZ Infrastructure & Construction Private Ltd,2,2,False,DEMO/SYNTHETIC DATA
MPL-2024-UT-000206,REC-2023-3859,MP-LS-17-31,Hon'ble Member of Parliament (Varanasi),"Solar Street Light Grid (50 poles) at Rampur, Block Arajiline",Solar & Renewable Energy,Solar Street Light Grid (50 poles),Uttar Pradesh,Varanasi,Varanasi,Arajiline,Rampur,25.3014,82.9163,1380000.0,1380000.0,1380000.0,0.0,2023-02-22,2023-03-18,2023-04-11,2023-09-27,2023-09-19,Completed,100.0,AGY-DRDA-04,District Rural Development Agency (DRDA),4,4,True,DEMO/SYNTHETIC DATA
MPL-2024-KA-000207,REC-2023-2277,MP-LS-17-94,Hon'ble Member of Parliament (Bangalore North),"Crematorium Shed with Amenities at Mandur, Block Bengaluru North",Community Infrastructure,Crematorium Shed with Amenities,Karnataka,Bengaluru Urban,Bangalore North,Bengaluru North,Mandur,12.9025,77.5558,2530000.0,2480000.0,1981000.0,499000.0,2023-12-01,2023-12-31,2024-01-28,2024-09-22,,Ongoing,82.0,AGY-WSS-05,Public Health Engineering & Water Supply Dept,4,2,False,DEMO/SYNTHETIC DATA
MPL-2024-WE-000208,REC-2023-4205,MP-LS-17-98,Hon'ble Member of Parliament (Krishnanagar),"Paver Block Road at Debagram, Block Nabadwip",Rural Roads & Bridges,Paver Block Road,West Bengal,Nadia,Krishnanagar,Nabadwip,Debagram,23.402,88.5301,1660000.0,1610000.0,878000.0,732000.0,2023-04-18,2023-06-11,2023-06-21,2023-12-07,,Ongoing,55.0,AGY-PWD-01,Public Works Department (PWD) Division I,3,1,False,DEMO/SYNTHETIC DATA
MPL-2024-WE-000209,REC-2023-8200,MP-LS-17-91,Hon'ble Member of Parliament (Krishnanagar),"Smart Digital Library Block at Dhubulia, Block Nabadwip",Education & Classrooms,Smart Digital Library Block,West Bengal,Nadia,Krishnanagar,Nabadwip,Dhubulia,23.3261,88.4536,1160000.0,1160000.0,1160000.0,0.0,2023-04-07,2023-05-12,2023-05-23,2024-02-06,2024-01-26,Completed,100.0,AGY-XYZ-99,XYZ Infrastructure & Construction Private Ltd,4,2,True,DEMO/SYNTHETIC DATA
MPL-2024-MA-000210,REC-2023-4888,MP-LS-17-48,Hon'ble Member of Parliament (Thane),"Primary Health Sub-Centre Building at Tokawade, Block Murbad",Health & Sanitation,Primary Health Sub-Centre Building,Maharashtra,Thane,Thane,Murbad,Tokawade,19.2742,72.9343,1440000.0,1390000.0,893000.0,497000.0,2023-01-15,2023-02-22,2023-03-06,2023-12-05,,Ongoing,71.0,AGY-RWD-02,Rural Works Department (RWD) Engineering Wing,2,1,False,DEMO/SYNTHETIC DATA
MPL-2024-KA-000211,REC-2023-5275,MP-LS-17-27,Hon'ble Member of Parliament (Bangalore North),"School Science Laboratory at Mandur, Block Yelahanka",Education & Classrooms,School Science Laboratory,Karnataka,Bengaluru Urban,Bangalore North,Yelahanka,Mandur,12.9284,77.5218,1300000.0,1250000.0,1250000.0,0.0,2023-07-07,2023-08-28,2023-09-20,2024-06-22,2024-06-13,Completed,100.0,AGY-WSS-05,Public Health Engineering & Water Supply Dept,4,2,True,DEMO/SYNTHETIC DATA
MPL-2024-WE-000212,REC-2023-2132,MP-LS-17-51,Hon'ble Member of Parliament (Krishnanagar),"School Science Laboratory at Debagram, Block Krishnanagar-I",Education & Classrooms,School Science Laboratory,West Bengal,Nadia,Krishnanagar,Krishnanagar-I,Debagram,23.3767,88.4594,900000.0,800000.0,469000.0,331000.0,2023-04-25,2023-06-03,2023-06-24,2023-12-22,,Ongoing,57.0,AGY-DRDA-04,District Rural Development Agency (DRDA),3,2,False,DEMO/SYNTHETIC DATA
MPL-2024-BI-000213,REC-2023-4432,MP-LS-17-84,Hon'ble Member of Parliament (Patna Sahib),"Public Bus Passenger Shelter at Ranipur, Block Danapur",Community Infrastructure,Public Bus Passenger Shelter,Bihar,Patna,Patna Sahib,Danapur,Ranipur,25.5245,85.1816,1560000.0,1460000.0,422000.0,1038000.0,2023-09-19,2023-11-06,2023-11-21,2024-08-03,,Ongoing,32.0,AGY-PWD-01,Public Works Department (PWD) Division I,2,3,False,DEMO/SYNTHETIC DATA
MPL-2024-AS-000214,REC-2023-4099,MP-LS-17-36,Hon'ble Member of Parliament (Gauhati),"Rooftop Solar for Govt Hospital at Dadara, Block Chaygaon",Solar & Renewable Energy,Rooftop Solar for Govt Hospital,Assam,Kamrup,Gauhati,Chaygaon,Dadara,26.1306,91.7841,1430000.0,1430000.0,1430000.0,0.0,2023-03-13,2023-05-02,2023-05-23,2024-02-08,2024-02-14,Completed,100.0,AGY-PWD-01,Public Works Department (PWD) Division I,5,3,True,DEMO/SYNTHETIC DATA
MPL-2024-BI-000215,REC-2023-3661,MP-LS-17-79,Hon'ble Member of Parliament (Patna Sahib),"Paver Block Road at Sabbalpur, Block Danapur",Rural Roads & Bridges,Paver Block Road,Bihar,Patna,Patna Sahib,Danapur,Sabbalpur,25.5349,85.2136,2130000.0,1980000.0,1980000.0,0.0,2023-11-17,2023-12-13,2023-12-27,2024-04-25,2024-05-06,Completed,100.0,AGY-XYZ-99,XYZ Infrastructure & Construction Private Ltd,5,2,True,DEMO/SYNTHETIC DATA
MPL-2024-UT-000216,REC-2023-1580,MP-LS-17-69,Hon'ble Member of Parliament (Varanasi),"Culvert & Drainage Bridge at Babatpur, Block Arajiline",Rural Roads & Bridges,Culvert & Drainage Bridge,Uttar Pradesh,Varanasi,Varanasi,Arajiline,Babatpur,25.312,83.0463,2060000.0,1910000.0,1910000.0,0.0,2023-09-09,2023-10-28,2023-11-24,2024-07-07,2024-08-04,Completed,100.0,AGY-PWD-01,Public Works Department (PWD) Division I,5,2,True,DEMO/SYNTHETIC DATA
MPL-2024-WE-000217,REC-2023-4927,MP-LS-17-37,Hon'ble Member of Parliament (Krishnanagar),"Senior Citizen Recreation Shed at Tehatta, Block Chapra",Community Infrastructure,Senior Citizen Recreation Shed,West Bengal,Nadia,Krishnanagar,Chapra,Tehatta,23.3903,88.4382,2680000.0,2630000.0,2630000.0,0.0,2023-11-14,2023-12-14,2024-01-13,2024-06-09,2024-05-27,Completed,100.0,AGY-RWD-02,Rural Works Department (RWD) Engineering Wing,4,3,True,DEMO/SYNTHETIC DATA
MPL-2024-UT-000218,REC-2023-7656,MP-LS-17-11,Hon'ble Member of Parliament (Varanasi),"Rooftop Solar for Govt Hospital at Harahua, Block Pindra",Solar & Renewable Energy,Rooftop Solar for Govt Hospital,Uttar Pradesh,Varanasi,Varanasi,Pindra,Harahua,25.3356,83.0111,1530000.0,1380000.0,448000.0,932000.0,2023-05-16,2023-06-19,2023-07-02,2024-04-25,,Ongoing,33.0,AGY-XYZ-99,XYZ Infrastructure & Construction Private Ltd,2,3,False,DEMO/SYNTHETIC DATA
MPL-2024-BI-000219,REC-2023-7366,MP-LS-17-32,Hon'ble Member of Parliament (Patna Sahib),"RO Water Treatment Plant at Ranipur, Block Bakhtiarpur",Drinking Water,RO Water Treatment Plant,Bihar,Patna,Patna Sahib,Bakhtiarpur,Ranipur,25.621,85.2103,2030000.0,1980000.0,0.0,1980000.0,2023-06-02,2023-07-29,2023-08-12,2024-06-07,,Sanctioned,0.0,AGY-XYZ-99,XYZ Infrastructure & Construction Private Ltd,2,0,False,DEMO/SYNTHETIC DATA
MPL-2024-RA-000220,REC-2023-8709,MP-LS-17-86,Hon'ble Member of Parliament (Jaipur Rural),"Primary Health Sub-Centre Building at Bagru, Block Amer",Health & Sanitation,Primary Health Sub-Centre Building,Rajasthan,Jaipur,Jaipur Rural,Amer,Bagru,26.8453,75.728,2050000.0,1900000.0,1900000.0,0.0,2023-03-21,2023-05-14,2023-05-27,2023-09-26,2023-10-10,Completed,100.0,AGY-PWD-01,Public Works Department (PWD) Division I,5,3,True,DEMO/SYNTHETIC DATA
MPL-2024-MA-000221,REC-2023-3967,MP-LS-17-68,Hon'ble Member of Parliament (Thane),"Culvert & Drainage Bridge at Titwala, Block Murbad",Rural Roads & Bridges,Culvert & Drainage Bridge,Maharashtra,Thane,Thane,Murbad,Titwala,19.208,72.9386,1930000.0,1880000.0,1880000.0,0.0,2023-09-05,2023-10-14,2023-10-25,2024-03-22,2024-03-22,Completed,100.0,AGY-PWD-01,Public Works Department (PWD) Division I,4,3,True,DEMO/SYNTHETIC DATA
MPL-2024-RA-000222,REC-2023-8770,MP-LS-17-85,Hon'ble Member of Parliament (Jaipur Rural),"CC Road Construction at Achrol, Block Sanganer",Rural Roads & Bridges,CC Road Construction,Rajasthan,Jaipur,Jaipur Rural,Sanganer,Achrol,26.8735,75.7206,2830000.0,2730000.0,756000.0,1974000.0,2023-11-24,2023-12-25,2024-01-08,2024-09-06,,Ongoing,28.0,AGY-XYZ-99,XYZ Infrastructure & Construction Private Ltd,4,1,False,DEMO/SYNTHETIC DATA
MPL-2024-WE-000223,REC-2023-4897,MP-LS-17-17,Hon'ble Member of Parliament (Krishnanagar),"Culvert & Drainage Bridge at Debagram, Block Krishnanagar-I",Rural Roads & Bridges,Culvert & Drainage Bridge,West Bengal,Nadia,Krishnanagar,Krishnanagar-I,Debagram,23.41,88.5758,2650000.0,2500000.0,2500000.0,0.0,2023-07-20,2023-08-16,2023-08-31,2024-04-13,2024-04-28,Completed,100.0,AGY-DRDA-04,District Rural Development Agency (DRDA),5,3,True,DEMO/SYNTHETIC DATA
MPL-2024-AS-000224,REC-2023-3870,MP-LS-17-58,Hon'ble Member of Parliament (Gauhati),"High-Mast Solar Lighting Chowk at Sualkuchi, Block Bezera",Solar & Renewable Energy,High-Mast Solar Lighting Chowk,Assam,Kamrup,Gauhati,Bezera,Sualkuchi,26.1275,91.7107,1520000.0,1470000.0,360000.0,1110000.0,2023-04-08,2023-05-01,2023-05-13,2023-12-28,,Ongoing,24.0,AGY-XYZ-99,XYZ Infrastructure & Construction Private Ltd,2,3,False,DEMO/SYNTHETIC DATA
MPL-2024-AS-000225,REC-2023-6837,MP-LS-17-11,Hon'ble Member of Parliament (Gauhati),"High-Mast Solar Lighting Chowk at Mirza, Block Chaygaon",Solar & Renewable Energy,High-Mast Solar Lighting Chowk,Assam,Kamrup,Gauhati,Chaygaon,Mirza,26.2201,91.7915,1480000.0,1430000.0,1430000.0,0.0,2023-01-19,2023-03-12,2023-03-25,2023-10-24,2023-11-19,Completed,100.0,AGY-RWD-02,Rural Works Department (RWD) Engineering Wing,5,2,True,DEMO/SYNTHETIC DATA
MPL-2024-UT-000226,REC-2023-9101,MP-LS-17-90,Hon'ble Member of Parliament (Varanasi),"School Boundary Wall & Sanitation at Chhatar, Block Sewapuri",Education & Classrooms,School Boundary Wall & Sanitation,Uttar Pradesh,Varanasi,Varanasi,Sewapuri,Chhatar,25.2729,82.9765,1980000.0,1880000.0,1880000.0,0.0,2023-02-28,2023-04-02,2023-04-18,2024-01-09,2024-02-11,Completed,100.0,AGY-DRDA-04,District Rural Development Agency (DRDA),5,3,True,DEMO/SYNTHETIC DATA
MPL-2024-WE-000227,REC-2023-9195,MP-LS-17-36,Hon'ble Member of Parliament (Krishnanagar),"School Science Laboratory at Tehatta, Block Nabadwip",Education & Classrooms,School Science Laboratory,West Bengal,Nadia,Krishnanagar,Nabadwip,Tehatta,23.4389,88.5235,2250000.0,2100000.0,638000.0,1462000.0,2023-02-28,2023-04-18,2023-04-30,2024-02-04,,Ongoing,31.0,AGY-PWD-01,Public Works Department (PWD) Division I,3,3,False,DEMO/SYNTHETIC DATA
MPL-2024-BI-000228,REC-2023-3461,MP-LS-17-98,Hon'ble Member of Parliament (Patna Sahib),"School Boundary Wall & Sanitation at Jethuli, Block Bakhtiarpur",Education & Classrooms,School Boundary Wall & Sanitation,Bihar,Patna,Patna Sahib,Bakhtiarpur,Jethuli,25.6439,85.086,2970000.0,2870000.0,2870000.0,0.0,2023-10-12,2023-11-13,2023-12-07,2024-04-19,2024-04-26,Completed,100.0,AGY-PWD-01,Public Works Department (PWD) Division I,4,3,True,DEMO/SYNTHETIC DATA
MPL-2024-RA-000229,REC-2023-4096,MP-LS-17-89,Hon'ble Member of Parliament (Jaipur Rural),"Crematorium Shed with Amenities at Bagru, Block Sanganer",Community Infrastructure,Crematorium Shed with Amenities,Rajasthan,Jaipur,Jaipur Rural,Sanganer,Bagru,26.8847,75.7876,3260000.0,3210000.0,2317000.0,893000.0,2023-04-22,2023-06-16,2023-07-03,2023-11-11,,Ongoing,71.0,AGY-DRDA-04,District Rural Development Agency (DRDA),2,2,False,DEMO/SYNTHETIC DATA
MPL-2024-WE-000230,REC-2023-8831,MP-LS-17-19,Hon'ble Member of Parliament (Krishnanagar),"School Boundary Wall & Sanitation at Tehatta, Block Chapra",Education & Classrooms,School Boundary Wall & Sanitation,West Bengal,Nadia,Krishnanagar,Chapra,Tehatta,23.4373,88.5466,1280000.0,1130000.0,874000.0,256000.0,2023-03-23,2023-05-18,2023-06-04,2023-10-11,,Ongoing,85.0,AGY-ZP-03,Zila Parishad Rural Infrastructure Cell,2,1,False,DEMO/SYNTHETIC DATA
MPL-2024-MA-000231,REC-2023-7816,MP-LS-17-79,Hon'ble Member of Parliament (Thane),"Additional Classroom Building at Titwala, Block Murbad",Education & Classrooms,Additional Classroom Building,Maharashtra,Thane,Thane,Murbad,Titwala,19.2914,72.9801,2710000.0,2560000.0,1443000.0,1117000.0,2023-12-09,2024-01-23,2024-02-09,2024-07-11,,Ongoing,61.0,AGY-WSS-05,Public Health Engineering & Water Supply Dept,4,2,False,DEMO/SYNTHETIC DATA
MPL-2024-RA-000232,REC-2023-1703,MP-LS-17-69,Hon'ble Member of Parliament (Jaipur Rural),"Public Bus Passenger Shelter at Bassi, Block Amer",Community Infrastructure,Public Bus Passenger Shelter,Rajasthan,Jaipur,Jaipur Rural,Amer,Bassi,26.9535,75.7312,1210000.0,1060000.0,283000.0,777000.0,2023-01-11,2023-03-04,2023-04-01,2023-08-23,,Ongoing,28.0,AGY-XYZ-99,XYZ Infrastructure & Construction Private Ltd,4,3,False,DEMO/SYNTHETIC DATA
MPL-2024-KE-000233,REC-2023-5820,MP-LS-17-44,Hon'ble Member of Parliament (Ernakulam),"Hand Pump Installation Cluster at Kothamangalam, Block Aluva",Drinking Water,Hand Pump Installation Cluster,Kerala,Ernakulam,Ernakulam,Aluva,Kothamangalam,9.9519,76.319,1310000.0,1260000.0,1260000.0,0.0,2023-03-08,2023-03-28,2023-04-23,2023-08-27,2023-08-19,Completed,100.0,AGY-ZP-03,Zila Parishad Rural Infrastructure Cell,4,2,True,DEMO/SYNTHETIC DATA
MPL-2024-UT-000234,REC-2023-8429,MP-LS-17-25,Hon'ble Member of Parliament (Varanasi),"Public Bus Passenger Shelter at Badagaon, Block Kashi Vidyapeeth",Community Infrastructure,Public Bus Passenger Shelter,Uttar Pradesh,Varanasi,Varanasi,Kashi Vidyapeeth,Badagaon,25.343,82.966,3650000.0,3500000.0,0.0,3500000.0,2023-06-11,2023-07-22,2023-08-14,2024-01-27,,Sanctioned,0.0,AGY-XYZ-99,XYZ Infrastructure & Construction Private Ltd,2,0,False,DEMO/SYNTHETIC DATA
MPL-2024-WE-000235,REC-2023-1508,MP-LS-17-72,Hon'ble Member of Parliament (Krishnanagar),"Primary Health Sub-Centre Building at Bethuadahari, Block Krishnanagar-I",Health & Sanitation,Primary Health Sub-Centre Building,West Bengal,Nadia,Krishnanagar,Krishnanagar-I,Bethuadahari,23.3286,88.523,2770000.0,2670000.0,767000.0,1903000.0,2023-11-17,2024-01-16,2024-01-31,2024-10-19,,Ongoing,31.0,AGY-RWD-02,Rural Works Department (RWD) Engineering Wing,2,2,False,DEMO/SYNTHETIC DATA
MPL-2024-BI-000236,REC-2023-2449,MP-LS-17-99,Hon'ble Member of Parliament (Patna Sahib),"Piped Water Overhead Tank at Gauri Chak, Block Danapur",Drinking Water,Piped Water Overhead Tank,Bihar,Patna,Patna Sahib,Danapur,Gauri Chak,25.5144,85.1279,2210000.0,2110000.0,1532000.0,578000.0,2023-02-17,2023-04-02,2023-05-02,2024-02-16,,Ongoing,79.0,AGY-XYZ-99,XYZ Infrastructure & Construction Private Ltd,3,2,False,DEMO/SYNTHETIC DATA
MPL-2024-UT-000237,REC-2023-8862,MP-LS-17-63,Hon'ble Member of Parliament (Varanasi),"School Boundary Wall & Sanitation at Harahua, Block Arajiline",Education & Classrooms,School Boundary Wall & Sanitation,Uttar Pradesh,Varanasi,Varanasi,Arajiline,Harahua,25.3899,83.0531,1700000.0,1650000.0,1233000.0,417000.0,2023-02-20,2023-03-26,2023-04-08,2023-12-06,,Ongoing,73.0,AGY-XYZ-99,XYZ Infrastructure & Construction Private Ltd,3,2,False,DEMO/SYNTHETIC DATA
MPL-2024-UT-000238,REC-2023-5862,MP-LS-17-83,Hon'ble Member of Parliament (Varanasi),"Culvert & Drainage Bridge at Harahua, Block Pindra",Rural Roads & Bridges,Culvert & Drainage Bridge,Uttar Pradesh,Varanasi,Varanasi,Pindra,Harahua,25.2743,82.8979,3490000.0,3340000.0,716000.0,2624000.0,2023-03-19,2023-04-25,2023-05-12,2023-12-25,,Ongoing,22.0,AGY-XYZ-99,XYZ Infrastructure & Construction Private Ltd,3,2,False,DEMO/SYNTHETIC DATA
MPL-2024-AS-000239,REC-2023-3904,MP-LS-17-43,Hon'ble Member of Parliament (Gauhati),"RO Water Treatment Plant at Dadara, Block Rangia",Drinking Water,RO Water Treatment Plant,Assam,Kamrup,Gauhati,Rangia,Dadara,26.1931,91.6638,1860000.0,1860000.0,1240000.0,620000.0,2023-05-10,2023-07-02,2023-07-18,2024-01-17,,Ongoing,67.0,AGY-DRDA-04,District Rural Development Agency (DRDA),2,1,False,DEMO/SYNTHETIC DATA
MPL-2024-KE-000240,REC-2023-6392,MP-LS-17-11,Hon'ble Member of Parliament (Ernakulam),"CC Road Construction at Perumbavoor, Block Aluva",Rural Roads & Bridges,CC Road Construction,Kerala,Ernakulam,Ernakulam,Aluva,Perumbavoor,10.0111,76.2579,2430000.0,2380000.0,2380000.0,0.0,2023-08-16,2023-09-10,2023-10-01,2024-06-05,2024-06-01,Completed,100.0,AGY-PWD-01,Public Works Department (PWD) Division I,5,4,True,DEMO/SYNTHETIC DATA
MPL-2024-WE-000241,REC-2023-9321,MP-LS-17-28,Hon'ble Member of Parliament (Krishnanagar),"Deep Borewell & Solar Pump System at Tehatta, Block Chapra",Drinking Water,Deep Borewell & Solar Pump System,West Bengal,Nadia,Krishnanagar,Chapra,Tehatta,23.369,88.4443,1490000.0,1440000.0,611000.0,829000.0,2023-01-25,2023-03-23,2023-04-17,2023-08-20,,Ongoing,40.0,AGY-ZP-03,Zila Parishad Rural Infrastructure Cell,4,3,False,DEMO/SYNTHETIC DATA
MPL-2024-KE-000242,REC-2023-8783,MP-LS-17-34,Hon'ble Member of Parliament (Ernakulam),"School Boundary Wall & Sanitation at Cherai, Block Paravur",Education & Classrooms,School Boundary Wall & Sanitation,Kerala,Ernakulam,Ernakulam,Paravur,Cherai,9.953,76.3199,2280000.0,2230000.0,1823000.0,407000.0,2023-09-21,2023-10-18,2023-11-05,2024-04-06,,Ongoing,81.0,AGY-DRDA-04,District Rural Development Agency (DRDA),3,3,False,DEMO/SYNTHETIC DATA
MPL-2024-KA-000243,REC-2023-5045,MP-LS-17-71,Hon'ble Member of Parliament (Bangalore North),"Smart Digital Library Block at Doddaballapur Rd, Block K.R. Puram",Education & Classrooms,Smart Digital Library Block,Karnataka,Bengaluru Urban,Bangalore North,K.R. Puram,Doddaballapur Rd,12.8941,77.6036,3000000.0,3000000.0,3000000.0,0.0,2023-11-23,2024-01-16,2024-02-15,2024-06-26,2024-07-25,Completed,100.0,AGY-RWD-02,Rural Works Department (RWD) Engineering Wing,4,3,True,DEMO/SYNTHETIC DATA
MPL-2024-KA-000244,REC-2023-8277,MP-LS-17-74,Hon'ble Member of Parliament (Bangalore North),"Health Diagnostic Equipment at Mandur, Block K.R. Puram",Health & Sanitation,Health Diagnostic Equipment,Karnataka,Bengaluru Urban,Bangalore North,K.R. Puram,Mandur,12.9358,77.6705,1480000.0,1330000.0,0.0,1330000.0,2023-01-22,2023-03-16,2023-04-06,2023-12-28,,Sanctioned,0.0,AGY-ZP-03,Zila Parishad Rural Infrastructure Cell,2,0,False,DEMO/SYNTHETIC DATA
MPL-2024-KA-000245,REC-2023-3619,MP-LS-17-94,Hon'ble Member of Parliament (Bangalore North),"Crematorium Shed with Amenities at Attibele, Block Anekal",Community Infrastructure,Crematorium Shed with Amenities,Karnataka,Bengaluru Urban,Bangalore North,Anekal,Attibele,12.9301,77.5339,3230000.0,3130000.0,3130000.0,0.0,2023-10-10,2023-11-30,2023-12-19,2024-05-15,2024-05-19,Completed,100.0,AGY-XYZ-99,XYZ Infrastructure & Construction Private Ltd,4,4,True,DEMO/SYNTHETIC DATA
MPL-2024-UT-000246,REC-2023-6980,MP-LS-17-69,Hon'ble Member of Parliament (Varanasi),"Piped Water Overhead Tank at Babatpur, Block Sewapuri",Drinking Water,Piped Water Overhead Tank,Uttar Pradesh,Varanasi,Varanasi,Sewapuri,Babatpur,25.2477,82.9345,1990000.0,1940000.0,1401000.0,539000.0,2023-09-19,2023-10-19,2023-10-30,2024-07-10,,Ongoing,68.0,AGY-XYZ-99,XYZ Infrastructure & Construction Private Ltd,3,3,False,DEMO/SYNTHETIC DATA
MPL-2024-AS-000247,REC-2023-5424,MP-LS-17-69,Hon'ble Member of Parliament (Gauhati),"Public Bus Passenger Shelter at Puthimari, Block Hajo",Community Infrastructure,Public Bus Passenger Shelter,Assam,Kamrup,Gauhati,Hajo,Puthimari,26.0975,91.7207,3180000.0,3130000.0,3130000.0,0.0,2023-01-03,2023-02-15,2023-03-17,2023-12-02,2023-11-21,Completed,100.0,AGY-DRDA-04,District Rural Development Agency (DRDA),5,4,True,DEMO/SYNTHETIC DATA
MPL-2024-WE-000248,REC-2023-4695,MP-LS-17-15,Hon'ble Member of Parliament (Krishnanagar),"Panchayat Community Hall at Bethuadahari, Block Nabadwip",Community Infrastructure,Panchayat Community Hall,West Bengal,Nadia,Krishnanagar,Nabadwip,Bethuadahari,23.3998,88.4722,3950000.0,3850000.0,1645000.0,2205000.0,2023-09-22,2023-11-19,2023-12-16,2024-07-06,,Ongoing,41.0,AGY-WSS-05,Public Health Engineering & Water Supply Dept,3,3,False,DEMO/SYNTHETIC DATA
MPL-2024-BI-000249,REC-2023-5485,MP-LS-17-92,Hon'ble Member of Parliament (Patna Sahib),"Community Public Toilet Complex at Gauri Chak, Block Bakhtiarpur",Health & Sanitation,Community Public Toilet Complex,Bihar,Patna,Patna Sahib,Bakhtiarpur,Gauri Chak,25.602,85.0735,2620000.0,2470000.0,877000.0,1593000.0,2023-05-15,2023-07-09,2023-07-22,2023-11-27,,Ongoing,36.0,AGY-PWD-01,Public Works Department (PWD) Division I,4,3,False,DEMO/SYNTHETIC DATA
MPL-2024-KA-000250,REC-2023-4317,MP-LS-17-85,Hon'ble Member of Parliament (Bangalore North),"Senior Citizen Recreation Shed at Hesaraghatta, Block Bengaluru North",Community Infrastructure,Senior Citizen Recreation Shed,Karnataka,Bengaluru Urban,Bangalore North,Bengaluru North,Hesaraghatta,12.9916,77.5876,2370000.0,2370000.0,2370000.0,0.0,2023-04-20,2023-05-23,2023-06-18,2024-04-10,2024-05-11,Completed,100.0,AGY-XYZ-99,XYZ Infrastructure & Construction Private Ltd,4,4,True,DEMO/SYNTHETIC DATA
MPL-2024-MA-000251,REC-2023-5480,MP-LS-17-85,Hon'ble Member of Parliament (Thane),"Link Road Widening at Saralgaon, Block Murbad",Rural Roads & Bridges,Link Road Widening,Maharashtra,Thane,Thane,Murbad,Saralgaon,19.1989,72.9885,2440000.0,2340000.0,887000.0,1453000.0,2023-10-24,2023-12-02,2023-12-20,2024-04-22,,Ongoing,38.0,AGY-RWD-02,Rural Works Department (RWD) Engineering Wing,4,3,False,DEMO/SYNTHETIC DATA
MPL-2024-RA-000252,REC-2023-4333,MP-LS-17-31,Hon'ble Member of Parliament (Jaipur Rural),"Senior Citizen Recreation Shed at Kukas, Block Shahpura",Community Infrastructure,Senior Citizen Recreation Shed,Rajasthan,Jaipur,Jaipur Rural,Shahpura,Kukas,26.8614,75.747,2100000.0,2050000.0,2050000.0,0.0,2023-08-10,2023-09-04,2023-09-18,2024-02-22,2024-02-18,Completed,100.0,AGY-DRDA-04,District Rural Development Agency (DRDA),4,2,True,DEMO/SYNTHETIC DATA
MPL-2024-KE-000253,REC-2023-2537,MP-LS-17-55,Hon'ble Member of Parliament (Ernakulam),"Health Diagnostic Equipment at Perumbavoor, Block Aluva",Health & Sanitation,Health Diagnostic Equipment,Kerala,Ernakulam,Ernakulam,Aluva,Perumbavoor,9.9673,76.2375,920000.0,920000.0,203000.0,717000.0,2023-07-25,2023-09-19,2023-10-08,2024-05-26,,Ongoing,23.0,AGY-ZP-03,Zila Parishad Rural Infrastructure Cell,4,2,False,DEMO/SYNTHETIC DATA
MPL-2024-AS-000254,REC-2023-2902,MP-LS-17-68,Hon'ble Member of Parliament (Gauhati),"CC Road Construction at Dadara, Block Kamalpur",Rural Roads & Bridges,CC Road Construction,Assam,Kamrup,Gauhati,Kamalpur,Dadara,26.1829,91.7183,4530000.0,4480000.0,2697000.0,1783000.0,2023-05-27,2023-07-13,2023-08-04,2024-02-10,,Ongoing,65.0,AGY-WSS-05,Public Health Engineering & Water Supply Dept,2,2,False,DEMO/SYNTHETIC DATA
MPL-2024-AS-000255,REC-2023-2032,MP-LS-17-72,Hon'ble Member of Parliament (Gauhati),"Piped Water Overhead Tank at Sualkuchi, Block Bezera",Drinking Water,Piped Water Overhead Tank,Assam,Kamrup,Gauhati,Bezera,Sualkuchi,26.1884,91.6652,1490000.0,1440000.0,1440000.0,0.0,2023-05-02,2023-06-14,2023-07-01,2024-03-24,2024-03-11,Completed,100.0,AGY-RWD-02,Rural Works Department (RWD) Engineering Wing,4,4,True,DEMO/SYNTHETIC DATA
MPL-2024-BI-000256,REC-2023-6181,MP-LS-17-87,Hon'ble Member of Parliament (Patna Sahib),"Health Diagnostic Equipment at Jethuli, Block Sampatchak",Health & Sanitation,Health Diagnostic Equipment,Bihar,Patna,Patna Sahib,Sampatchak,Jethuli,25.6736,85.1174,1700000.0,1700000.0,1000000.0,700000.0,2023-08-08,2023-09-09,2023-09-22,2024-03-02,,Ongoing,65.0,AGY-XYZ-99,XYZ Infrastructure & Construction Private Ltd,4,3,False,DEMO/SYNTHETIC DATA
MPL-2024-KA-000257,REC-2023-9626,MP-LS-17-92,Hon'ble Member of Parliament (Bangalore North),"Public Bus Passenger Shelter at Singanayakanahalli, Block Bengaluru North",Community Infrastructure,Public Bus Passenger Shelter,Karnataka,Bengaluru Urban,Bangalore North,Bengaluru North,Singanayakanahalli,13.038,77.5698,3720000.0,3620000.0,2178000.0,1442000.0,2023-06-05,2023-07-11,2023-07-27,2024-01-30,,Ongoing,62.0,AGY-DRDA-04,District Rural Development Agency (DRDA),2,2,False,DEMO/SYNTHETIC DATA
MPL-2024-UT-000258,REC-2023-8770,MP-LS-17-90,Hon'ble Member of Parliament (Varanasi),"Smart Digital Library Block at Badagaon, Block Pindra",Education & Classrooms,Smart Digital Library Block,Uttar Pradesh,Varanasi,Varanasi,Pindra,Badagaon,25.3159,82.9823,3190000.0,3040000.0,3040000.0,0.0,2023-05-07,2023-06-29,2023-07-16,2024-01-18,2023-12-30,Completed,100.0,AGY-XYZ-99,XYZ Infrastructure & Construction Private Ltd,5,2,True,DEMO/SYNTHETIC DATA
MPL-2024-AS-000259,REC-2023-8299,MP-LS-17-80,Hon'ble Member of Parliament (Gauhati),"Hand Pump Installation Cluster at Boko, Block Rangia",Drinking Water,Hand Pump Installation Cluster,Assam,Kamrup,Gauhati,Rangia,Boko,26.0957,91.7695,2530000.0,2430000.0,0.0,2430000.0,2023-05-18,2023-07-10,2023-07-22,2024-01-13,,Sanctioned,0.0,AGY-WSS-05,Public Health Engineering & Water Supply Dept,2,0,False,DEMO/SYNTHETIC DATA
MPL-2024-MA-000260,REC-2023-2461,MP-LS-17-28,Hon'ble Member of Parliament (Thane),"Solar Street Light Grid (50 poles) at Khadavali, Block Kalyan",Solar & Renewable Energy,Solar Street Light Grid (50 poles),Maharashtra,Thane,Thane,Kalyan,Khadavali,19.2185,72.9549,1010000.0,910000.0,659000.0,251000.0,2023-02-09,2023-03-26,2023-04-25,2023-11-24,,Ongoing,68.0,AGY-RWD-02,Rural Works Department (RWD) Engineering Wing,4,2,False,DEMO/SYNTHETIC DATA
MPL-2024-BI-000261,REC-2023-6687,MP-LS-17-87,Hon'ble Member of Parliament (Patna Sahib),"School Science Laboratory at Gauri Chak, Block Bakhtiarpur",Education & Classrooms,School Science Laboratory,Bihar,Patna,Patna Sahib,Bakhtiarpur,Gauri Chak,25.5647,85.1748,3090000.0,2940000.0,2940000.0,0.0,2023-08-26,2023-10-25,2023-11-20,2024-07-06,2024-07-03,Completed,100.0,AGY-XYZ-99,XYZ Infrastructure & Construction Private Ltd,4,3,True,DEMO/SYNTHETIC DATA
MPL-2024-AS-000262,REC-2023-9728,MP-LS-17-75,Hon'ble Member of Parliament (Gauhati),"Additional Classroom Building at Dadara, Block Chaygaon",Education & Classrooms,Additional Classroom Building,Assam,Kamrup,Gauhati,Chaygaon,Dadara,26.0898,91.7343,1940000.0,1940000.0,1940000.0,0.0,2023-10-16,2023-11-13,2023-12-02,2024-06-18,2024-05-29,Completed,100.0,AGY-PWD-01,Public Works Department (PWD) Division I,4,2,True,DEMO/SYNTHETIC DATA
MPL-2024-KE-000263,REC-2023-4922,MP-LS-17-27,Hon'ble Member of Parliament (Ernakulam),"Additional Classroom Building at Cherai, Block Paravur",Education & Classrooms,Additional Classroom Building,Kerala,Ernakulam,Ernakulam,Paravur,Cherai,10.0582,76.3154,2170000.0,2120000.0,2120000.0,0.0,2023-05-14,2023-06-21,2023-07-16,2024-01-16,2024-01-09,Completed,100.0,AGY-RWD-02,Rural Works Department (RWD) Engineering Wing,4,2,True,DEMO/SYNTHETIC DATA
MPL-2024-KA-000264,REC-2023-4223,MP-LS-17-52,Hon'ble Member of Parliament (Bangalore North),"RO Water Treatment Plant at Doddaballapur Rd, Block Bengaluru North",Drinking Water,RO Water Treatment Plant,Karnataka,Bengaluru Urban,Bangalore North,Bengaluru North,Doddaballapur Rd,13.0229,77.6421,930000.0,880000.0,880000.0,0.0,2023-12-22,2024-01-22,2024-02-17,2024-07-25,2024-08-14,Completed,100.0,AGY-PWD-01,Public Works Department (PWD) Division I,5,4,True,DEMO/SYNTHETIC DATA
MPL-2024-AS-000265,REC-2023-6169,MP-LS-17-97,Hon'ble Member of Parliament (Gauhati),"Health Diagnostic Equipment at Boko, Block Rangia",Health & Sanitation,Health Diagnostic Equipment,Assam,Kamrup,Gauhati,Rangia,Boko,26.1079,91.674,2780000.0,2680000.0,560000.0,2120000.0,2023-12-17,2024-01-16,2024-02-15,2024-11-01,,Ongoing,20.0,AGY-XYZ-99,XYZ Infrastructure & Construction Private Ltd,2,3,False,DEMO/SYNTHETIC DATA
MPL-2024-AS-000266,REC-2023-3657,MP-LS-17-17,Hon'ble Member of Parliament (Gauhati),"RO Water Treatment Plant at Mirza, Block Bezera",Drinking Water,RO Water Treatment Plant,Assam,Kamrup,Gauhati,Bezera,Mirza,26.1417,91.7898,2190000.0,2140000.0,719000.0,1421000.0,2023-05-27,2023-07-20,2023-07-30,2024-05-16,,Ongoing,31.0,AGY-DRDA-04,District Rural Development Agency (DRDA),3,2,False,DEMO/SYNTHETIC DATA
MPL-2024-MA-000267,REC-2023-3952,MP-LS-17-15,Hon'ble Member of Parliament (Thane),"Panchayat Community Hall at Padgha, Block Shahapur",Community Infrastructure,Panchayat Community Hall,Maharashtra,Thane,Thane,Shahapur,Padgha,19.1554,72.9928,3540000.0,3390000.0,2198000.0,1192000.0,2023-02-16,2023-03-11,2023-03-22,2023-09-16,,Ongoing,70.0,AGY-WSS-05,Public Health Engineering & Water Supply Dept,2,2,False,DEMO/SYNTHETIC DATA
MPL-2024-RA-000268,REC-2023-2924,MP-LS-17-72,Hon'ble Member of Parliament (Jaipur Rural),"Crematorium Shed with Amenities at Manoharpur, Block Amer",Community Infrastructure,Crematorium Shed with Amenities,Rajasthan,Jaipur,Jaipur Rural,Amer,Manoharpur,26.945,75.865,2910000.0,2760000.0,1966000.0,794000.0,2023-06-20,2023-08-13,2023-09-01,2024-02-27,,Ongoing,79.0,AGY-XYZ-99,XYZ Infrastructure & Construction Private Ltd,2,2,False,DEMO/SYNTHETIC DATA
MPL-2024-KE-000269,REC-2023-4329,MP-LS-17-32,Hon'ble Member of Parliament (Ernakulam),"Health Diagnostic Equipment at Kothamangalam, Block Aluva",Health & Sanitation,Health Diagnostic Equipment,Kerala,Ernakulam,Ernakulam,Aluva,Kothamangalam,10.0364,76.3712,1920000.0,1770000.0,799000.0,971000.0,2023-02-16,2023-04-02,2023-05-02,2023-09-01,,Ongoing,45.0,AGY-ZP-03,Zila Parishad Rural Infrastructure Cell,2,1,False,DEMO/SYNTHETIC DATA
MPL-2024-KE-000270,REC-2023-4727,MP-LS-17-14,Hon'ble Member of Parliament (Ernakulam),"Link Road Widening at Edappally, Block Aluva",Rural Roads & Bridges,Link Road Widening,Kerala,Ernakulam,Ernakulam,Aluva,Edappally,10.0235,76.2206,2760000.0,2660000.0,705000.0,1955000.0,2023-04-13,2023-06-11,2023-07-03,2024-03-16,,Ongoing,26.0,AGY-WSS-05,Public Health Engineering & Water Supply Dept,2,1,False,DEMO/SYNTHETIC DATA
MPL-2024-BI-000271,REC-2023-7621,MP-LS-17-25,Hon'ble Member of Parliament (Patna Sahib),"Community Public Toilet Complex at Gauri Chak, Block Phulwari Sharif",Health & Sanitation,Community Public Toilet Complex,Bihar,Patna,Patna Sahib,Phulwari Sharif,Gauri Chak,25.6455,85.0821,1110000.0,960000.0,701000.0,259000.0,2023-06-18,2023-08-15,2023-09-03,2024-04-06,,Ongoing,78.0,AGY-RWD-02,Rural Works Department (RWD) Engineering Wing,3,2,False,DEMO/SYNTHETIC DATA
MPL-2024-AS-000272,REC-2023-3462,MP-LS-17-23,Hon'ble Member of Parliament (Gauhati),"Link Road Widening at Puthimari, Block Hajo",Rural Roads & Bridges,Link Road Widening,Assam,Kamrup,Gauhati,Hajo,Puthimari,26.1792,91.6728,2010000.0,2010000.0,2010000.0,0.0,2023-05-15,2023-06-25,2023-07-07,2023-11-26,2023-11-29,Completed,100.0,AGY-DRDA-04,District Rural Development Agency (DRDA),4,4,True,DEMO/SYNTHETIC DATA
MPL-2024-AS-000273,REC-2023-4831,MP-LS-17-48,Hon'ble Member of Parliament (Gauhati),"Senior Citizen Recreation Shed at Puthimari, Block Chaygaon",Community Infrastructure,Senior Citizen Recreation Shed,Assam,Kamrup,Gauhati,Chaygaon,Puthimari,26.1597,91.7792,3170000.0,3020000.0,0.0,3020000.0,2023-08-08,2023-09-26,2023-10-06,2024-03-30,,Sanctioned,0.0,AGY-ZP-03,Zila Parishad Rural Infrastructure Cell,2,0,False,DEMO/SYNTHETIC DATA
MPL-2024-UT-000274,REC-2023-1427,MP-LS-17-91,Hon'ble Member of Parliament (Varanasi),"High-Mast Solar Lighting Chowk at Babatpur, Block Arajiline",Solar & Renewable Energy,High-Mast Solar Lighting Chowk,Uttar Pradesh,Varanasi,Varanasi,Arajiline,Babatpur,25.3749,83.0514,970000.0,820000.0,820000.0,0.0,2023-01-20,2023-03-16,2023-03-31,2023-08-15,2023-09-05,Completed,100.0,AGY-XYZ-99,XYZ Infrastructure & Construction Private Ltd,4,4,True,DEMO/SYNTHETIC DATA
MPL-2024-AS-000275,REC-2023-1442,MP-LS-17-61,Hon'ble Member of Parliament (Gauhati),"Smart Digital Library Block at Mirza, Block Hajo",Education & Classrooms,Smart Digital Library Block,Assam,Kamrup,Gauhati,Hajo,Mirza,26.1142,91.6894,3490000.0,3490000.0,3490000.0,0.0,2023-05-25,2023-06-19,2023-07-04,2024-02-01,2024-02-26,Completed,100.0,AGY-ZP-03,Zila Parishad Rural Infrastructure Cell,4,2,True,DEMO/SYNTHETIC DATA
MPL-2024-AS-000276,REC-2023-6549,MP-LS-17-79,Hon'ble Member of Parliament (Gauhati),"Paver Block Road at Dadara, Block Chaygaon",Rural Roads & Bridges,Paver Block Road,Assam,Kamrup,Gauhati,Chaygaon,Dadara,26.1863,91.7836,4340000.0,4240000.0,4240000.0,0.0,2023-08-12,2023-10-09,2023-10-26,2024-08-19,2024-09-21,Completed,100.0,AGY-XYZ-99,XYZ Infrastructure & Construction Private Ltd,4,2,True,DEMO/SYNTHETIC DATA
MPL-2024-KE-000277,REC-2023-8222,MP-LS-17-88,Hon'ble Member of Parliament (Ernakulam),"Deep Borewell & Solar Pump System at Perumbavoor, Block Paravur",Drinking Water,Deep Borewell & Solar Pump System,Kerala,Ernakulam,Ernakulam,Paravur,Perumbavoor,9.9038,76.3041,1270000.0,1170000.0,1038000.0,132000.0,2023-09-19,2023-11-13,2023-11-30,2024-06-15,,Ongoing,84.0,AGY-PWD-01,Public Works Department (PWD) Division I,4,2,False,DEMO/SYNTHETIC DATA
MPL-2024-KA-000278,REC-2023-4750,MP-LS-17-27,Hon'ble Member of Parliament (Bangalore North),"Senior Citizen Recreation Shed at Attibele, Block K.R. Puram",Community Infrastructure,Senior Citizen Recreation Shed,Karnataka,Bengaluru Urban,Bangalore North,K.R. Puram,Attibele,13.0482,77.6365,2380000.0,2230000.0,2230000.0,0.0,2023-12-03,2024-01-25,2024-02-13,2024-10-16,2024-10-23,Completed,100.0,AGY-PWD-01,Public Works Department (PWD) Division I,5,4,True,DEMO/SYNTHETIC DATA
MPL-2024-KE-000279,REC-2023-5195,MP-LS-17-36,Hon'ble Member of Parliament (Ernakulam),"Community Public Toilet Complex at Perumbavoor, Block Aluva",Health & Sanitation,Community Public Toilet Complex,Kerala,Ernakulam,Ernakulam,Aluva,Perumbavoor,9.9231,76.3116,2290000.0,2190000.0,2190000.0,0.0,2023-11-25,2024-01-21,2024-02-15,2024-09-13,2024-10-02,Completed,100.0,AGY-WSS-05,Public Health Engineering & Water Supply Dept,4,2,True,DEMO/SYNTHETIC DATA
MPL-2024-AS-000280,REC-2023-8815,MP-LS-17-70,Hon'ble Member of Parliament (Gauhati),"Village Waste Segregation Shed at Sualkuchi, Block Kamalpur",Health & Sanitation,Village Waste Segregation Shed,Assam,Kamrup,Gauhati,Kamalpur,Sualkuchi,26.1254,91.7769,3000000.0,2950000.0,1261000.0,1689000.0,2023-06-02,2023-06-29,2023-07-09,2023-12-25,,Ongoing,42.0,AGY-PWD-01,Public Works Department (PWD) Division I,3,3,False,DEMO/SYNTHETIC DATA
MPL-2024-BI-000281,REC-2023-3699,MP-LS-17-71,Hon'ble Member of Parliament (Patna Sahib),"Hand Pump Installation Cluster at Jethuli, Block Phulwari Sharif",Drinking Water,Hand Pump Installation Cluster,Bihar,Patna,Patna Sahib,Phulwari Sharif,Jethuli,25.5413,85.1897,2440000.0,2440000.0,525000.0,1915000.0,2023-10-04,2023-12-02,2023-12-24,2024-05-27,,Ongoing,22.0,AGY-XYZ-99,XYZ Infrastructure & Construction Private Ltd,3,2,False,DEMO/SYNTHETIC DATA
MPL-2024-WE-000282,REC-2023-3092,MP-LS-17-19,Hon'ble Member of Parliament (Krishnanagar),"Culvert & Drainage Bridge at Mayapur, Block Nabadwip",Rural Roads & Bridges,Culvert & Drainage Bridge,West Bengal,Nadia,Krishnanagar,Nabadwip,Mayapur,23.3618,88.442,3620000.0,3470000.0,3470000.0,0.0,2023-08-01,2023-09-20,2023-10-01,2024-04-05,2024-04-15,Completed,100.0,AGY-WSS-05,Public Health Engineering & Water Supply Dept,5,2,True,DEMO/SYNTHETIC DATA
MPL-2024-UT-000283,REC-2023-2436,MP-LS-17-26,Hon'ble Member of Parliament (Varanasi),"Community Public Toilet Complex at Tikari, Block Sewapuri",Health & Sanitation,Community Public Toilet Complex,Uttar Pradesh,Varanasi,Varanasi,Sewapuri,Tikari,25.2774,82.9217,1830000.0,1680000.0,0.0,1680000.0,2023-12-05,2024-01-14,2024-01-27,2024-07-30,,Sanctioned,0.0,AGY-ZP-03,Zila Parishad Rural Infrastructure Cell,2,0,False,DEMO/SYNTHETIC DATA
MPL-2024-MA-000284,REC-2023-7979,MP-LS-17-22,Hon'ble Member of Parliament (Thane),"Primary Health Sub-Centre Building at Tokawade, Block Murbad",Health & Sanitation,Primary Health Sub-Centre Building,Maharashtra,Thane,Thane,Murbad,Tokawade,19.297,73.051,980000.0,980000.0,0.0,980000.0,2023-09-22,2023-11-13,2023-11-23,2024-06-17,,Sanctioned,0.0,AGY-XYZ-99,XYZ Infrastructure & Construction Private Ltd,2,0,False,DEMO/SYNTHETIC DATA
MPL-2024-KE-000285,REC-2023-2528,MP-LS-17-50,Hon'ble Member of Parliament (Ernakulam),"Solar Street Light Grid (50 poles) at Cherai, Block Vyttila",Solar & Renewable Energy,Solar Street Light Grid (50 poles),Kerala,Ernakulam,Ernakulam,Vyttila,Cherai,9.9895,76.2815,1270000.0,1120000.0,869000.0,251000.0,2023-10-10,2023-12-09,2024-01-02,2024-10-24,,Ongoing,71.0,AGY-ZP-03,Zila Parishad Rural Infrastructure Cell,4,2,False,DEMO/SYNTHETIC DATA
MPL-2024-BI-000286,REC-2023-8398,MP-LS-17-65,Hon'ble Member of Parliament (Patna Sahib),"School Science Laboratory at Jethuli, Block Fatuha",Education & Classrooms,School Science Laboratory,Bihar,Patna,Patna Sahib,Fatuha,Jethuli,25.6174,85.123,3250000.0,3150000.0,3150000.0,0.0,2023-01-14,2023-02-24,2023-03-26,2023-07-31,2023-08-11,Completed,100.0,AGY-XYZ-99,XYZ Infrastructure & Construction Private Ltd,4,4,True,DEMO/SYNTHETIC DATA
MPL-2024-UT-000287,REC-2023-1217,MP-LS-17-57,Hon'ble Member of Parliament (Varanasi),"Paver Block Road at Harahua, Block Pindra",Rural Roads & Bridges,Paver Block Road,Uttar Pradesh,Varanasi,Varanasi,Pindra,Harahua,25.2962,82.9813,2770000.0,2720000.0,1117000.0,1603000.0,2023-03-21,2023-04-12,2023-05-11,2023-10-10,,Ongoing,41.0,AGY-WSS-05,Public Health Engineering & Water Supply Dept,4,3,False,DEMO/SYNTHETIC DATA
MPL-2024-MA-000288,REC-2023-2993,MP-LS-17-85,Hon'ble Member of Parliament (Thane),"Primary Health Sub-Centre Building at Vashind, Block Shahapur",Health & Sanitation,Primary Health Sub-Centre Building,Maharashtra,Thane,Thane,Shahapur,Vashind,19.2553,72.9023,1970000.0,1870000.0,1078000.0,792000.0,2023-12-10,2024-01-22,2024-02-14,2024-08-25,,Ongoing,62.0,AGY-RWD-02,Rural Works Department (RWD) Engineering Wing,3,1,False,DEMO/SYNTHETIC DATA
MPL-2024-BI-000289,REC-2023-7899,MP-LS-17-96,Hon'ble Member of Parliament (Patna Sahib),"Additional Classroom Building at Ranipur, Block Bakhtiarpur",Education & Classrooms,Additional Classroom Building,Bihar,Patna,Patna Sahib,Bakhtiarpur,Ranipur,25.6565,85.1986,1210000.0,1110000.0,1110000.0,0.0,2023-04-04,2023-05-31,2023-06-29,2023-11-14,2023-12-22,Completed,100.0,AGY-RWD-02,Rural Works Department (RWD) Engineering Wing,4,3,True,DEMO/SYNTHETIC DATA
MPL-2024-BI-000290,REC-2023-3751,MP-LS-17-18,Hon'ble Member of Parliament (Patna Sahib),"Panchayat Community Hall at Baikatpur, Block Fatuha",Community Infrastructure,Panchayat Community Hall,Bihar,Patna,Patna Sahib,Fatuha,Baikatpur,25.6015,85.1198,1870000.0,1720000.0,740000.0,980000.0,2023-06-23,2023-07-22,2023-08-08,2024-02-10,,Ongoing,41.0,AGY-XYZ-99,XYZ Infrastructure & Construction Private Ltd,2,3,False,DEMO/SYNTHETIC DATA
MPL-2024-AS-000291,REC-2023-1878,MP-LS-17-55,Hon'ble Member of Parliament (Gauhati),"Rooftop Solar for Govt Hospital at Mirza, Block Bezera",Solar & Renewable Energy,Rooftop Solar for Govt Hospital,Assam,Kamrup,Gauhati,Bezera,Mirza,26.1899,91.7377,1410000.0,1410000.0,860000.0,550000.0,2023-09-12,2023-10-12,2023-10-25,2024-06-10,,Ongoing,59.0,AGY-WSS-05,Public Health Engineering & Water Supply Dept,4,2,False,DEMO/SYNTHETIC DATA
MPL-2024-AS-000292,REC-2023-9075,MP-LS-17-80,Hon'ble Member of Parliament (Gauhati),"Smart Digital Library Block at Boko, Block Chaygaon",Education & Classrooms,Smart Digital Library Block,Assam,Kamrup,Gauhati,Chaygaon,Boko,26.1422,91.7088,1310000.0,1210000.0,1210000.0,0.0,2023-01-12,2023-02-25,2023-03-07,2023-10-09,2023-10-16,Completed,100.0,AGY-ZP-03,Zila Parishad Rural Infrastructure Cell,4,4,True,DEMO/SYNTHETIC DATA
MPL-2024-KA-000293,REC-2023-4310,MP-LS-17-44,Hon'ble Member of Parliament (Bangalore North),"Piped Water Overhead Tank at Attibele, Block Bengaluru North",Drinking Water,Piped Water Overhead Tank,Karnataka,Bengaluru Urban,Bangalore North,Bengaluru North,Attibele,13.0416,77.5951,750000.0,650000.0,167000.0,483000.0,2023-07-03,2023-07-23,2023-08-17,2024-04-05,,Ongoing,27.0,AGY-XYZ-99,XYZ Infrastructure & Construction Private Ltd,4,1,False,DEMO/SYNTHETIC DATA
MPL-2024-RA-000294,REC-2023-1361,MP-LS-17-83,Hon'ble Member of Parliament (Jaipur Rural),"Paver Block Road at Bassi, Block Amer",Rural Roads & Bridges,Paver Block Road,Rajasthan,Jaipur,Jaipur Rural,Amer,Bassi,26.8695,75.8547,2400000.0,2350000.0,1733000.0,617000.0,2023-09-03,2023-09-29,2023-10-23,2024-05-29,,Ongoing,73.0,AGY-XYZ-99,XYZ Infrastructure & Construction Private Ltd,4,1,False,DEMO/SYNTHETIC DATA
MPL-2024-RA-000295,REC-2023-6703,MP-LS-17-76,Hon'ble Member of Parliament (Jaipur Rural),"School Science Laboratory at Bagru, Block Shahpura",Education & Classrooms,School Science Laboratory,Rajasthan,Jaipur,Jaipur Rural,Shahpura,Bagru,26.8404,75.7524,1710000.0,1560000.0,1560000.0,0.0,2023-09-03,2023-10-15,2023-11-07,2024-06-05,2024-07-01,Completed,100.0,AGY-DRDA-04,District Rural Development Agency (DRDA),4,4,True,DEMO/SYNTHETIC DATA
MPL-2024-AS-000296,REC-2023-8695,MP-LS-17-33,Hon'ble Member of Parliament (Gauhati),"Community Public Toilet Complex at Boko, Block Bezera",Health & Sanitation,Community Public Toilet Complex,Assam,Kamrup,Gauhati,Bezera,Boko,26.1044,91.6651,1580000.0,1430000.0,1430000.0,0.0,2023-03-20,2023-04-21,2023-05-01,2023-10-26,2023-10-24,Completed,100.0,AGY-RWD-02,Rural Works Department (RWD) Engineering Wing,5,3,True,DEMO/SYNTHETIC DATA
MPL-2024-BI-000297,REC-2023-3053,MP-LS-17-12,Hon'ble Member of Parliament (Patna Sahib),"High-Mast Solar Lighting Chowk at Jethuli, Block Phulwari Sharif",Solar & Renewable Energy,High-Mast Solar Lighting Chowk,Bihar,Patna,Patna Sahib,Phulwari Sharif,Jethuli,25.6268,85.0854,1380000.0,1330000.0,1205000.0,125000.0,2023-12-04,2024-01-31,2024-03-01,2024-10-09,,Ongoing,84.0,AGY-ZP-03,Zila Parishad Rural Infrastructure Cell,4,3,False,DEMO/SYNTHETIC DATA
MPL-2024-RA-000298,REC-2023-6425,MP-LS-17-48,Hon'ble Member of Parliament (Jaipur Rural),"Panchayat Community Hall at Kukas, Block Sanganer",Community Infrastructure,Panchayat Community Hall,Rajasthan,Jaipur,Jaipur Rural,Sanganer,Kukas,26.8395,75.8522,2600000.0,2500000.0,2500000.0,0.0,2023-01-27,2023-03-09,2023-04-05,2024-01-02,2024-01-31,Completed,100.0,AGY-PWD-01,Public Works Department (PWD) Division I,5,2,True,DEMO/SYNTHETIC DATA
MPL-2024-MA-000299,REC-2023-3075,MP-LS-17-13,Hon'ble Member of Parliament (Thane),"Rooftop Solar for Govt Hospital at Padgha, Block Kalyan",Solar & Renewable Energy,Rooftop Solar for Govt Hospital,Maharashtra,Thane,Thane,Kalyan,Padgha,19.2739,72.9633,1420000.0,1420000.0,857000.0,563000.0,2023-08-10,2023-09-11,2023-09-30,2024-07-25,,Ongoing,66.0,AGY-XYZ-99,XYZ Infrastructure & Construction Private Ltd,2,2,False,DEMO/SYNTHETIC DATA
MPL-2024-WE-000300,REC-2023-3209,MP-LS-17-33,Hon'ble Member of Parliament (Krishnanagar),"Piped Water Overhead Tank at Mayapur, Block Krishnanagar-I",Drinking Water,Piped Water Overhead Tank,West Bengal,Nadia,Krishnanagar,Krishnanagar-I,Mayapur,23.4038,88.4489,1130000.0,980000.0,980000.0,0.0,2023-11-25,2023-12-19,2024-01-13,2024-07-25,2024-08-19,Completed,100.0,AGY-DRDA-04,District Rural Development Agency (DRDA),5,4,True,DEMO/SYNTHETIC DATA
MPL-2024-UT-000301,REC-2023-7372,MP-LS-17-76,Hon'ble Member of Parliament (Varanasi),"Panchayat Community Hall at Chhatar, Block Arajiline",Community Infrastructure,Panchayat Community Hall,Uttar Pradesh,Varanasi,Varanasi,Arajiline,Chhatar,25.3507,82.9028,3300000.0,3200000.0,3200000.0,0.0,2023-05-06,2023-05-26,2023-06-21,2023-11-07,2023-12-06,Completed,100.0,AGY-XYZ-99,XYZ Infrastructure & Construction Private Ltd,5,4,True,DEMO/SYNTHETIC DATA
MPL-2024-KE-000302,REC-2023-2625,MP-LS-17-56,Hon'ble Member of Parliament (Ernakulam),"Link Road Widening at Kalamassery, Block Angamaly",Rural Roads & Bridges,Link Road Widening,Kerala,Ernakulam,Ernakulam,Angamaly,Kalamassery,9.9432,76.2379,4330000.0,4230000.0,4230000.0,0.0,2023-10-22,2023-11-25,2023-12-18,2024-06-03,2024-06-21,Completed,100.0,AGY-PWD-01,Public Works Department (PWD) Division I,4,4,True,DEMO/SYNTHETIC DATA
MPL-2024-MA-000303,REC-2023-2919,MP-LS-17-65,Hon'ble Member of Parliament (Thane),"Crematorium Shed with Amenities at Khadavali, Block Ambernath",Community Infrastructure,Crematorium Shed with Amenities,Maharashtra,Thane,Thane,Ambernath,Khadavali,19.2264,72.9325,1930000.0,1830000.0,957000.0,873000.0,2023-04-03,2023-05-17,2023-06-02,2024-01-18,,Ongoing,51.0,AGY-WSS-05,Public Health Engineering & Water Supply Dept,2,1,False,DEMO/SYNTHETIC DATA
MPL-2024-AS-000304,REC-2023-8884,MP-LS-17-25,Hon'ble Member of Parliament (Gauhati),"Piped Water Overhead Tank at Boko, Block Hajo",Drinking Water,Piped Water Overhead Tank,Assam,Kamrup,Gauhati,Hajo,Boko,26.2086,91.7914,2060000.0,2060000.0,0.0,2060000.0,2023-03-05,2023-04-30,2023-05-26,2024-01-23,,Sanctioned,0.0,AGY-ZP-03,Zila Parishad Rural Infrastructure Cell,2,0,False,DEMO/SYNTHETIC DATA
MPL-2024-WE-000305,REC-2023-4772,MP-LS-17-68,Hon'ble Member of Parliament (Krishnanagar),"Smart Digital Library Block at Tehatta, Block Krishnanagar-I",Education & Classrooms,Smart Digital Library Block,West Bengal,Nadia,Krishnanagar,Krishnanagar-I,Tehatta,23.4068,88.5099,3490000.0,3490000.0,0.0,3490000.0,2023-05-11,2023-06-19,2023-07-06,2024-03-17,,Sanctioned,0.0,AGY-ZP-03,Zila Parishad Rural Infrastructure Cell,2,0,False,DEMO/SYNTHETIC DATA
MPL-2024-MA-000306,REC-2023-9623,MP-LS-17-69,Hon'ble Member of Parliament (Thane),"Culvert & Drainage Bridge at Tokawade, Block Bhiwandi",Rural Roads & Bridges,Culvert & Drainage Bridge,Maharashtra,Thane,Thane,Bhiwandi,Tokawade,19.2896,72.9599,2040000.0,1990000.0,1990000.0,0.0,2023-05-25,2023-06-26,2023-07-17,2024-05-10,2024-05-12,Completed,100.0,AGY-XYZ-99,XYZ Infrastructure & Construction Private Ltd,4,4,True,DEMO/SYNTHETIC DATA
MPL-2024-RA-000307,REC-2023-2153,MP-LS-17-21,Hon'ble Member of Parliament (Jaipur Rural),"Crematorium Shed with Amenities at Bassi, Block Shahpura",Community Infrastructure,Crematorium Shed with Amenities,Rajasthan,Jaipur,Jaipur Rural,Shahpura,Bassi,26.8547,75.859,2080000.0,2030000.0,484000.0,1546000.0,2023-03-14,2023-04-26,2023-05-11,2023-09-14,,Ongoing,24.0,AGY-DRDA-04,District Rural Development Agency (DRDA),4,3,False,DEMO/SYNTHETIC DATA
MPL-2024-KE-000308,REC-2023-6631,MP-LS-17-30,Hon'ble Member of Parliament (Ernakulam),"Smart Digital Library Block at Perumbavoor, Block Paravur",Education & Classrooms,Smart Digital Library Block,Kerala,Ernakulam,Ernakulam,Paravur,Perumbavoor,9.9931,76.2263,2900000.0,2900000.0,2900000.0,0.0,2023-04-07,2023-04-28,2023-05-12,2023-10-14,2023-11-03,Completed,100.0,AGY-WSS-05,Public Health Engineering & Water Supply Dept,4,3,True,DEMO/SYNTHETIC DATA
MPL-2024-AS-000309,REC-2023-3625,MP-LS-17-89,Hon'ble Member of Parliament (Gauhati),"School Boundary Wall & Sanitation at Dadara, Block Hajo",Education & Classrooms,School Boundary Wall & Sanitation,Assam,Kamrup,Gauhati,Hajo,Dadara,26.2021,91.8094,1910000.0,1810000.0,670000.0,1140000.0,2023-04-13,2023-05-31,2023-06-20,2024-02-05,,Ongoing,36.0,AGY-PWD-01,Public Works Department (PWD) Division I,2,2,False,DEMO/SYNTHETIC DATA
MPL-2024-KE-000310,REC-2023-6965,MP-LS-17-13,Hon'ble Member of Parliament (Ernakulam),"Solar Street Light Grid (50 poles) at Kothamangalam, Block Angamaly",Solar & Renewable Energy,Solar Street Light Grid (50 poles),Kerala,Ernakulam,Ernakulam,Angamaly,Kothamangalam,10.0607,76.3707,1850000.0,1800000.0,1800000.0,0.0,2023-05-06,2023-06-23,2023-07-05,2024-02-05,2024-02-08,Completed,100.0,AGY-ZP-03,Zila Parishad Rural Infrastructure Cell,4,4,True,DEMO/SYNTHETIC DATA
MPL-2024-MA-000311,REC-2023-5645,MP-LS-17-50,Hon'ble Member of Parliament (Thane),"School Boundary Wall & Sanitation at Padgha, Block Ambernath",Education & Classrooms,School Boundary Wall & Sanitation,Maharashtra,Thane,Thane,Ambernath,Padgha,19.2781,72.9506,2090000.0,1990000.0,461000.0,1529000.0,2023-10-15,2023-11-19,2023-12-10,2024-09-01,,Ongoing,25.0,AGY-ZP-03,Zila Parishad Rural Infrastructure Cell,3,3,False,DEMO/SYNTHETIC DATA
MPL-2024-KE-000312,REC-2023-9649,MP-LS-17-60,Hon'ble Member of Parliament (Ernakulam),"CC Road Construction at Kothamangalam, Block Aluva",Rural Roads & Bridges,CC Road Construction,Kerala,Ernakulam,Ernakulam,Aluva,Kothamangalam,10.0141,76.2887,3440000.0,3440000.0,1563000.0,1877000.0,2023-10-26,2023-12-18,2023-12-29,2024-07-12,,Ongoing,49.0,AGY-XYZ-99,XYZ Infrastructure & Construction Private Ltd,4,2,False,DEMO/SYNTHETIC DATA
MPL-2024-BI-000313,REC-2023-4604,MP-LS-17-52,Hon'ble Member of Parliament (Patna Sahib),"Senior Citizen Recreation Shed at Baikatpur, Block Fatuha",Community Infrastructure,Senior Citizen Recreation Shed,Bihar,Patna,Patna Sahib,Fatuha,Baikatpur,25.5717,85.1304,1390000.0,1340000.0,401000.0,939000.0,2023-05-12,2023-07-07,2023-08-05,2024-04-25,,Ongoing,29.0,AGY-WSS-05,Public Health Engineering & Water Supply Dept,3,2,False,DEMO/SYNTHETIC DATA
MPL-2024-AS-000314,REC-2023-8950,MP-LS-17-21,Hon'ble Member of Parliament (Gauhati),"Paver Block Road at Boko, Block Kamalpur",Rural Roads & Bridges,Paver Block Road,Assam,Kamrup,Gauhati,Kamalpur,Boko,26.1352,91.7061,4160000.0,4010000.0,4010000.0,0.0,2023-06-11,2023-07-13,2023-08-10,2024-03-12,2024-04-18,Completed,100.0,AGY-DRDA-04,District Rural Development Agency (DRDA),4,2,True,DEMO/SYNTHETIC DATA
MPL-2024-RA-000315,REC-2023-3339,MP-LS-17-41,Hon'ble Member of Parliament (Jaipur Rural),"Community Public Toilet Complex at Achrol, Block Kotputli",Health & Sanitation,Community Public Toilet Complex,Rajasthan,Jaipur,Jaipur Rural,Kotputli,Achrol,26.9672,75.7296,1520000.0,1370000.0,868000.0,502000.0,2023-12-15,2024-02-09,2024-03-09,2024-10-20,,Ongoing,63.0,AGY-DRDA-04,District Rural Development Agency (DRDA),2,3,False,DEMO/SYNTHETIC DATA
MPL-2024-MA-000316,REC-2023-5638,MP-LS-17-43,Hon'ble Member of Parliament (Thane),"Link Road Widening at Padgha, Block Bhiwandi",Rural Roads & Bridges,Link Road Widening,Maharashtra,Thane,Thane,Bhiwandi,Padgha,19.1553,72.9062,2500000.0,2500000.0,2500000.0,0.0,2023-12-05,2024-01-26,2024-02-21,2024-07-11,2024-06-24,Completed,100.0,AGY-PWD-01,Public Works Department (PWD) Division I,4,2,True,DEMO/SYNTHETIC DATA
MPL-2024-BI-000317,REC-2023-9633,MP-LS-17-67,Hon'ble Member of Parliament (Patna Sahib),"Link Road Widening at Ranipur, Block Bakhtiarpur",Rural Roads & Bridges,Link Road Widening,Bihar,Patna,Patna Sahib,Bakhtiarpur,Ranipur,25.6388,85.181,2340000.0,2240000.0,1525000.0,715000.0,2023-04-20,2023-05-17,2023-06-03,2024-02-16,,Ongoing,74.0,AGY-ZP-03,Zila Parishad Rural Infrastructure Cell,3,2,False,DEMO/SYNTHETIC DATA
MPL-2024-BI-000318,REC-2023-4565,MP-LS-17-84,Hon'ble Member of Parliament (Patna Sahib),"Rooftop Solar for Govt Hospital at Baikatpur, Block Phulwari Sharif",Solar & Renewable Energy,Rooftop Solar for Govt Hospital,Bihar,Patna,Patna Sahib,Phulwari Sharif,Baikatpur,25.5165,85.1761,1450000.0,1400000.0,306000.0,1094000.0,2023-03-21,2023-05-13,2023-06-06,2023-12-31,,Ongoing,23.0,AGY-ZP-03,Zila Parishad Rural Infrastructure Cell,3,3,False,DEMO/SYNTHETIC DATA
MPL-2024-AS-000319,REC-2023-8807,MP-LS-17-36,Hon'ble Member of Parliament (Gauhati),"Village Waste Segregation Shed at Mirza, Block Chaygaon",Health & Sanitation,Village Waste Segregation Shed,Assam,Kamrup,Gauhati,Chaygaon,Mirza,26.073,91.7071,2630000.0,2530000.0,577000.0,1953000.0,2023-01-08,2023-03-04,2023-03-21,2023-08-07,,Ongoing,23.0,AGY-RWD-02,Rural Works Department (RWD) Engineering Wing,3,2,False,DEMO/SYNTHETIC DATA
MPL-2024-KA-000320,REC-2023-6398,MP-LS-17-80,Hon'ble Member of Parliament (Bangalore North),"Culvert & Drainage Bridge at Mandur, Block K.R. Puram",Rural Roads & Bridges,Culvert & Drainage Bridge,Karnataka,Bengaluru Urban,Bangalore North,K.R. Puram,Mandur,12.8962,77.6641,3680000.0,3680000.0,2516000.0,1164000.0,2023-06-19,2023-07-17,2023-08-14,2024-02-21,,Ongoing,68.0,AGY-RWD-02,Rural Works Department (RWD) Engineering Wing,4,3,False,DEMO/SYNTHETIC DATA
MPL-2024-UT-000321,REC-2023-3521,MP-LS-17-53,Hon'ble Member of Parliament (Varanasi),"Additional Classroom Building at Shivpur, Block Pindra",Education & Classrooms,Additional Classroom Building,Uttar Pradesh,Varanasi,Varanasi,Pindra,Shivpur,25.3286,82.9123,3230000.0,3230000.0,1428000.0,1802000.0,2023-02-24,2023-04-01,2023-04-22,2023-10-31,,Ongoing,42.0,AGY-RWD-02,Rural Works Department (RWD) Engineering Wing,4,2,False,DEMO/SYNTHETIC DATA
MPL-2024-MA-000322,REC-2023-8997,MP-LS-17-42,Hon'ble Member of Parliament (Thane),"Piped Water Overhead Tank at Vashind, Block Murbad",Drinking Water,Piped Water Overhead Tank,Maharashtra,Thane,Thane,Murbad,Vashind,19.2916,72.9411,680000.0,680000.0,374000.0,306000.0,2023-06-22,2023-07-15,2023-08-14,2024-03-17,,Ongoing,53.0,AGY-DRDA-04,District Rural Development Agency (DRDA),4,3,False,DEMO/SYNTHETIC DATA
MPL-2024-BI-000323,REC-2023-4351,MP-LS-17-33,Hon'ble Member of Parliament (Patna Sahib),"Solar Street Light Grid (50 poles) at Gauri Chak, Block Fatuha",Solar & Renewable Energy,Solar Street Light Grid (50 poles),Bihar,Patna,Patna Sahib,Fatuha,Gauri Chak,25.5586,85.0648,1850000.0,1800000.0,0.0,1800000.0,2023-06-24,2023-08-11,2023-08-22,2024-05-15,,Sanctioned,0.0,AGY-XYZ-99,XYZ Infrastructure & Construction Private Ltd,2,0,False,DEMO/SYNTHETIC DATA
MPL-2024-UT-000324,REC-2023-6996,MP-LS-17-60,Hon'ble Member of Parliament (Varanasi),"High-Mast Solar Lighting Chowk at Tikari, Block Kashi Vidyapeeth",Solar & Renewable Energy,High-Mast Solar Lighting Chowk,Uttar Pradesh,Varanasi,Varanasi,Kashi Vidyapeeth,Tikari,25.3825,83.0226,1540000.0,1440000.0,503000.0,937000.0,2023-07-01,2023-08-21,2023-09-08,2024-01-10,,Ongoing,34.0,AGY-XYZ-99,XYZ Infrastructure & Construction Private Ltd,2,2,False,DEMO/SYNTHETIC DATA
MPL-2024-AS-000325,REC-2023-2765,MP-LS-17-50,Hon'ble Member of Parliament (Gauhati),"CC Road Construction at Dadara, Block Kamalpur",Rural Roads & Bridges,CC Road Construction,Assam,Kamrup,Gauhati,Kamalpur,Dadara,26.1784,91.7499,2320000.0,2220000.0,2220000.0,0.0,2023-10-08,2023-11-04,2023-11-21,2024-04-09,2024-03-31,Completed,100.0,AGY-WSS-05,Public Health Engineering & Water Supply Dept,4,4,True,DEMO/SYNTHETIC DATA
MPL-2024-MA-000326,REC-2023-6135,MP-LS-17-61,Hon'ble Member of Parliament (Thane),"Senior Citizen Recreation Shed at Vashind, Block Bhiwandi",Community Infrastructure,Senior Citizen Recreation Shed,Maharashtra,Thane,Thane,Bhiwandi,Vashind,19.2778,72.948,3830000.0,3830000.0,1230000.0,2600000.0,2023-05-21,2023-06-24,2023-07-14,2024-04-13,,Ongoing,33.0,AGY-ZP-03,Zila Parishad Rural Infrastructure Cell,3,3,False,DEMO/SYNTHETIC DATA
MPL-2024-AS-000327,REC-2023-7783,MP-LS-17-51,Hon'ble Member of Parliament (Gauhati),"Additional Classroom Building at Puthimari, Block Rangia",Education & Classrooms,Additional Classroom Building,Assam,Kamrup,Gauhati,Rangia,Puthimari,26.0675,91.6673,3010000.0,2860000.0,968000.0,1892000.0,2023-10-14,2023-11-14,2023-12-07,2024-10-02,,Ongoing,31.0,AGY-XYZ-99,XYZ Infrastructure & Construction Private Ltd,2,1,False,DEMO/SYNTHETIC DATA
MPL-2024-WE-000328,REC-2023-6433,MP-LS-17-22,Hon'ble Member of Parliament (Krishnanagar),"Hand Pump Installation Cluster at Dhubulia, Block Nakashipara",Drinking Water,Hand Pump Installation Cluster,West Bengal,Nadia,Krishnanagar,Nakashipara,Dhubulia,23.3384,88.5256,1140000.0,1040000.0,1040000.0,0.0,2023-02-09,2023-04-09,2023-05-04,2023-10-30,2023-11-20,Completed,100.0,AGY-WSS-05,Public Health Engineering & Water Supply Dept,5,2,True,DEMO/SYNTHETIC DATA
MPL-2024-UT-000329,REC-2023-2193,MP-LS-17-27,Hon'ble Member of Parliament (Varanasi),"Panchayat Community Hall at Babatpur, Block Sewapuri",Community Infrastructure,Panchayat Community Hall,Uttar Pradesh,Varanasi,Varanasi,Sewapuri,Babatpur,25.3054,83.0514,3140000.0,2990000.0,1280000.0,1710000.0,2023-12-22,2024-01-20,2024-02-12,2024-10-03,,Ongoing,43.0,AGY-RWD-02,Rural Works Department (RWD) Engineering Wing,4,3,False,DEMO/SYNTHETIC DATA
MPL-2024-KA-000330,REC-2023-4169,MP-LS-17-88,Hon'ble Member of Parliament (Bangalore North),"School Science Laboratory at Doddaballapur Rd, Block K.R. Puram",Education & Classrooms,School Science Laboratory,Karnataka,Bengaluru Urban,Bangalore North,K.R. Puram,Doddaballapur Rd,12.9128,77.6423,3540000.0,3440000.0,3440000.0,0.0,2023-12-10,2024-02-06,2024-02-25,2024-11-07,2024-11-07,Completed,100.0,AGY-RWD-02,Rural Works Department (RWD) Engineering Wing,5,3,True,DEMO/SYNTHETIC DATA
MPL-2024-MA-000331,REC-2023-4327,MP-LS-17-17,Hon'ble Member of Parliament (Thane),"Public Bus Passenger Shelter at Khadavali, Block Murbad",Community Infrastructure,Public Bus Passenger Shelter,Maharashtra,Thane,Thane,Murbad,Khadavali,19.2532,72.9916,3850000.0,3850000.0,3850000.0,0.0,2023-12-25,2024-02-01,2024-02-12,2024-10-19,2024-09-29,Completed,100.0,AGY-ZP-03,Zila Parishad Rural Infrastructure Cell,5,3,True,DEMO/SYNTHETIC DATA
MPL-2024-WE-000332,REC-2023-4162,MP-LS-17-30,Hon'ble Member of Parliament (Krishnanagar),"Solar Street Light Grid (50 poles) at Debagram, Block Nakashipara",Solar & Renewable Energy,Solar Street Light Grid (50 poles),West Bengal,Nadia,Krishnanagar,Nakashipara,Debagram,23.3843,88.5046,960000.0,860000.0,860000.0,0.0,2023-09-07,2023-10-12,2023-11-08,2024-03-22,2024-04-10,Completed,100.0,AGY-RWD-02,Rural Works Department (RWD) Engineering Wing,5,4,True,DEMO/SYNTHETIC DATA
MPL-2024-KE-000333,REC-2023-7706,MP-LS-17-54,Hon'ble Member of Parliament (Ernakulam),"Health Diagnostic Equipment at Edappally, Block Vyttila",Health & Sanitation,Health Diagnostic Equipment,Kerala,Ernakulam,Ernakulam,Vyttila,Edappally,9.982,76.2707,2030000.0,2030000.0,2030000.0,0.0,2023-03-02,2023-03-22,2023-04-14,2023-08-12,2023-08-23,Completed,100.0,AGY-XYZ-99,XYZ Infrastructure & Construction Private Ltd,4,4,True,DEMO/SYNTHETIC DATA
MPL-2024-AS-000334,REC-2023-9247,MP-LS-17-43,Hon'ble Member of Parliament (Gauhati),"Crematorium Shed with Amenities at Dadara, Block Chaygaon",Community Infrastructure,Crematorium Shed with Amenities,Assam,Kamrup,Gauhati,Chaygaon,Dadara,26.1973,91.7302,2240000.0,2090000.0,2090000.0,0.0,2023-02-10,2023-04-07,2023-04-19,2023-09-16,2023-10-22,Completed,100.0,AGY-ZP-03,Zila Parishad Rural Infrastructure Cell,5,2,True,DEMO/SYNTHETIC DATA
MPL-2024-BI-000335,REC-2023-4387,MP-LS-17-57,Hon'ble Member of Parliament (Patna Sahib),"Public Bus Passenger Shelter at Gauri Chak, Block Bakhtiarpur",Community Infrastructure,Public Bus Passenger Shelter,Bihar,Patna,Patna Sahib,Bakhtiarpur,Gauri Chak,25.6306,85.2157,2950000.0,2900000.0,1933000.0,967000.0,2023-07-22,2023-08-29,2023-09-23,2024-07-03,,Ongoing,63.0,AGY-XYZ-99,XYZ Infrastructure & Construction Private Ltd,2,2,False,DEMO/SYNTHETIC DATA
MPL-2024-UT-000336,REC-2023-6009,MP-LS-17-67,Hon'ble Member of Parliament (Varanasi),"Village Waste Segregation Shed at Harahua, Block Arajiline",Health & Sanitation,Village Waste Segregation Shed,Uttar Pradesh,Varanasi,Varanasi,Arajiline,Harahua,25.3199,82.9474,1590000.0,1490000.0,540000.0,950000.0,2023-11-14,2023-12-10,2024-01-02,2024-07-19,,Ongoing,39.0,AGY-XYZ-99,XYZ Infrastructure & Construction Private Ltd,3,2,False,DEMO/SYNTHETIC DATA
MPL-2024-KA-000337,REC-2023-4837,MP-LS-17-92,Hon'ble Member of Parliament (Bangalore North),"Link Road Widening at Hesaraghatta, Block Anekal",Rural Roads & Bridges,Link Road Widening,Karnataka,Bengaluru Urban,Bangalore North,Anekal,Hesaraghatta,12.8944,77.6602,2840000.0,2840000.0,1099000.0,1741000.0,2023-08-09,2023-09-12,2023-09-30,2024-06-24,,Ongoing,40.0,AGY-XYZ-99,XYZ Infrastructure & Construction Private Ltd,3,3,False,DEMO/SYNTHETIC DATA
MPL-2024-KE-000338,REC-2023-5956,MP-LS-17-34,Hon'ble Member of Parliament (Ernakulam),"Piped Water Overhead Tank at Kothamangalam, Block Muvattupuzha",Drinking Water,Piped Water Overhead Tank,Kerala,Ernakulam,Ernakulam,Muvattupuzha,Kothamangalam,9.963,76.2545,1650000.0,1600000.0,1180000.0,420000.0,2023-06-13,2023-07-17,2023-08-13,2023-12-29,,Ongoing,73.0,AGY-ZP-03,Zila Parishad Rural Infrastructure Cell,3,3,False,DEMO/SYNTHETIC DATA
MPL-2024-WE-000339,REC-2023-2773,MP-LS-17-18,Hon'ble Member of Parliament (Krishnanagar),"Primary Health Sub-Centre Building at Mayapur, Block Chapra",Health & Sanitation,Primary Health Sub-Centre Building,West Bengal,Nadia,Krishnanagar,Chapra,Mayapur,23.4248,88.4441,2140000.0,2040000.0,2040000.0,0.0,2023-04-11,2023-06-08,2023-06-20,2023-10-30,2023-10-15,Completed,100.0,AGY-XYZ-99,XYZ Infrastructure & Construction Private Ltd,5,4,True,DEMO/SYNTHETIC DATA
MPL-2024-KA-000340,REC-2023-7319,MP-LS-17-33,Hon'ble Member of Parliament (Bangalore North),"Additional Classroom Building at Singanayakanahalli, Block Yelahanka",Education & Classrooms,Additional Classroom Building,Karnataka,Bengaluru Urban,Bangalore North,Yelahanka,Singanayakanahalli,13.0276,77.6604,1620000.0,1470000.0,1470000.0,0.0,2023-06-20,2023-08-09,2023-08-23,2024-01-18,2024-01-06,Completed,100.0,AGY-XYZ-99,XYZ Infrastructure & Construction Private Ltd,5,2,True,DEMO/SYNTHETIC DATA
MPL-2024-AS-000341,REC-2023-1732,MP-LS-17-33,Hon'ble Member of Parliament (Gauhati),"Crematorium Shed with Amenities at Mirza, Block Rangia",Community Infrastructure,Crematorium Shed with Amenities,Assam,Kamrup,Gauhati,Rangia,Mirza,26.1561,91.6889,3520000.0,3470000.0,1941000.0,1529000.0,2023-03-09,2023-04-23,2023-05-10,2023-12-30,,Ongoing,60.0,AGY-ZP-03,Zila Parishad Rural Infrastructure Cell,3,3,False,DEMO/SYNTHETIC DATA
MPL-2024-BI-000342,REC-2023-9573,MP-LS-17-33,Hon'ble Member of Parliament (Patna Sahib),"CC Road Construction at Baikatpur, Block Phulwari Sharif",Rural Roads & Bridges,CC Road Construction,Bihar,Patna,Patna Sahib,Phulwari Sharif,Baikatpur,25.6387,85.0818,3820000.0,3670000.0,2547000.0,1123000.0,2023-11-03,2023-12-05,2024-01-02,2024-08-08,,Ongoing,72.0,AGY-ZP-03,Zila Parishad Rural Infrastructure Cell,4,2,False,DEMO/SYNTHETIC DATA
MPL-2024-KA-000343,REC-2023-1648,MP-LS-17-43,Hon'ble Member of Parliament (Bangalore North),"Solar Street Light Grid (50 poles) at Singanayakanahalli, Block Yelahanka",Solar & Renewable Energy,Solar Street Light Grid (50 poles),Karnataka,Bengaluru Urban,Bangalore North,Yelahanka,Singanayakanahalli,12.9456,77.5802,400000.0,400000.0,0.0,400000.0,2023-06-10,2023-07-31,2023-08-25,2024-01-31,,Sanctioned,0.0,AGY-DRDA-04,District Rural Development Agency (DRDA),2,0,False,DEMO/SYNTHETIC DATA
MPL-2024-AS-000344,REC-2023-2581,MP-LS-17-55,Hon'ble Member of Parliament (Gauhati),"Health Diagnostic Equipment at Sualkuchi, Block Kamalpur",Health & Sanitation,Health Diagnostic Equipment,Assam,Kamrup,Gauhati,Kamalpur,Sualkuchi,26.0788,91.7357,1770000.0,1770000.0,1770000.0,0.0,2023-10-01,2023-10-31,2023-11-27,2024-05-12,2024-06-10,Completed,100.0,AGY-XYZ-99,XYZ Infrastructure & Construction Private Ltd,5,4,True,DEMO/SYNTHETIC DATA
MPL-2024-MA-000345,REC-2023-3255,MP-LS-17-13,Hon'ble Member of Parliament (Thane),"Smart Digital Library Block at Vashind, Block Murbad",Education & Classrooms,Smart Digital Library Block,Maharashtra,Thane,Thane,Murbad,Vashind,19.2315,72.9208,1630000.0,1480000.0,779000.0,701000.0,2023-01-07,2023-03-03,2023-04-02,2024-01-13,,Ongoing,48.0,AGY-DRDA-04,District Rural Development Agency (DRDA),3,3,False,DEMO/SYNTHETIC DATA
MPL-2024-KA-000346,REC-2023-2940,MP-LS-17-27,Hon'ble Member of Parliament (Bangalore North),"Smart Digital Library Block at Hesaraghatta, Block Yelahanka",Education & Classrooms,Smart Digital Library Block,Karnataka,Bengaluru Urban,Bangalore North,Yelahanka,Hesaraghatta,13.0446,77.5932,1810000.0,1810000.0,561000.0,1249000.0,2023-12-14,2024-01-07,2024-02-03,2024-11-08,,Ongoing,32.0,AGY-DRDA-04,District Rural Development Agency (DRDA),4,1,False,DEMO/SYNTHETIC DATA
MPL-2024-KE-000347,REC-2023-1109,MP-LS-17-84,Hon'ble Member of Parliament (Ernakulam),"Piped Water Overhead Tank at Perumbavoor, Block Angamaly",Drinking Water,Piped Water Overhead Tank,Kerala,Ernakulam,Ernakulam,Angamaly,Perumbavoor,9.9976,76.2777,1460000.0,1310000.0,377000.0,933000.0,2023-09-26,2023-10-28,2023-11-19,2024-09-07,,Ongoing,29.0,AGY-XYZ-99,XYZ Infrastructure & Construction Private Ltd,2,1,False,DEMO/SYNTHETIC DATA
MPL-2024-KE-000348,REC-2023-1060,MP-LS-17-24,Hon'ble Member of Parliament (Ernakulam),"RO Water Treatment Plant at Perumbavoor, Block Angamaly",Drinking Water,RO Water Treatment Plant,Kerala,Ernakulam,Ernakulam,Angamaly,Perumbavoor,9.9545,76.2799,950000.0,800000.0,800000.0,0.0,2023-02-05,2023-03-09,2023-03-30,2023-08-07,2023-08-11,Completed,100.0,AGY-DRDA-04,District Rural Development Agency (DRDA),5,3,True,DEMO/SYNTHETIC DATA
MPL-2024-RA-000349,REC-2023-6561,MP-LS-17-75,Hon'ble Member of Parliament (Jaipur Rural),"Senior Citizen Recreation Shed at Kukas, Block Amer",Community Infrastructure,Senior Citizen Recreation Shed,Rajasthan,Jaipur,Jaipur Rural,Amer,Kukas,26.9611,75.7952,3880000.0,3830000.0,1502000.0,2328000.0,2023-05-23,2023-06-27,2023-07-22,2024-05-03,,Ongoing,42.0,AGY-XYZ-99,XYZ Infrastructure & Construction Private Ltd,3,2,False,DEMO/SYNTHETIC DATA
MPL-2024-MA-000350,REC-2023-7830,MP-LS-17-23,Hon'ble Member of Parliament (Thane),"Paver Block Road at Tokawade, Block Kalyan",Rural Roads & Bridges,Paver Block Road,Maharashtra,Thane,Thane,Kalyan,Tokawade,19.2848,73.0174,4150000.0,4100000.0,2905000.0,1195000.0,2023-09-06,2023-10-29,2023-11-21,2024-08-07,,Ongoing,67.0,AGY-ZP-03,Zila Parishad Rural Infrastructure Cell,2,2,False,DEMO/SYNTHETIC DATA
MPL-2024-MA-000351,REC-2023-8508,MP-LS-17-90,Hon'ble Member of Parliament (Thane),"Culvert & Drainage Bridge at Vashind, Block Shahapur",Rural Roads & Bridges,Culvert & Drainage Bridge,Maharashtra,Thane,Thane,Shahapur,Vashind,19.2583,73.0457,3150000.0,3050000.0,1528000.0,1522000.0,2023-07-24,2023-08-21,2023-09-07,2024-03-19,,Ongoing,53.0,AGY-DRDA-04,District Rural Development Agency (DRDA),4,1,False,DEMO/SYNTHETIC DATA
MPL-2024-RA-000352,REC-2023-3181,MP-LS-17-30,Hon'ble Member of Parliament (Jaipur Rural),"CC Road Construction at Nayla, Block Shahpura",Rural Roads & Bridges,CC Road Construction,Rajasthan,Jaipur,Jaipur Rural,Shahpura,Nayla,26.8646,75.8293,3740000.0,3640000.0,1415000.0,2225000.0,2023-02-21,2023-03-14,2023-04-01,2023-08-17,,Ongoing,41.0,AGY-ZP-03,Zila Parishad Rural Infrastructure Cell,2,3,False,DEMO/SYNTHETIC DATA
MPL-2024-UT-000353,REC-2023-9438,MP-LS-17-16,Hon'ble Member of Parliament (Varanasi),"Village Waste Segregation Shed at Badagaon, Block Arajiline",Health & Sanitation,Village Waste Segregation Shed,Uttar Pradesh,Varanasi,Varanasi,Arajiline,Badagaon,25.2915,83.0325,1850000.0,1700000.0,1700000.0,0.0,2023-07-24,2023-09-08,2023-09-18,2024-05-22,2024-06-11,Completed,100.0,AGY-RWD-02,Rural Works Department (RWD) Engineering Wing,4,2,True,DEMO/SYNTHETIC DATA
MPL-2024-MA-000354,REC-2023-5790,MP-LS-17-31,Hon'ble Member of Parliament (Thane),"School Boundary Wall & Sanitation at Padgha, Block Kalyan",Education & Classrooms,School Boundary Wall & Sanitation,Maharashtra,Thane,Thane,Kalyan,Padgha,19.2566,73.0385,2040000.0,1940000.0,1940000.0,0.0,2023-05-22,2023-06-21,2023-07-07,2023-12-06,2023-12-23,Completed,100.0,AGY-PWD-01,Public Works Department (PWD) Division I,5,2,True,DEMO/SYNTHETIC DATA
MPL-2024-BI-000355,REC-2023-2864,MP-LS-17-83,Hon'ble Member of Parliament (Patna Sahib),"Public Bus Passenger Shelter at Ranipur, Block Sampatchak",Community Infrastructure,Public Bus Passenger Shelter,Bihar,Patna,Patna Sahib,Sampatchak,Ranipur,25.5894,85.2023,2590000.0,2490000.0,531000.0,1959000.0,2023-02-16,2023-03-18,2023-04-06,2023-12-16,,Ongoing,23.0,AGY-WSS-05,Public Health Engineering & Water Supply Dept,4,2,False,DEMO/SYNTHETIC DATA
MPL-2024-BI-000356,REC-2023-2612,MP-LS-17-99,Hon'ble Member of Parliament (Patna Sahib),"Senior Citizen Recreation Shed at Jethuli, Block Fatuha",Community Infrastructure,Senior Citizen Recreation Shed,Bihar,Patna,Patna Sahib,Fatuha,Jethuli,25.6408,85.0745,3520000.0,3470000.0,2259000.0,1211000.0,2023-08-03,2023-09-29,2023-10-09,2024-06-26,,Ongoing,68.0,AGY-XYZ-99,XYZ Infrastructure & Construction Private Ltd,2,2,False,DEMO/SYNTHETIC DATA
MPL-2024-BI-000357,REC-2023-5646,MP-LS-17-20,Hon'ble Member of Parliament (Patna Sahib),"Culvert & Drainage Bridge at Jethuli, Block Fatuha",Rural Roads & Bridges,Culvert & Drainage Bridge,Bihar,Patna,Patna Sahib,Fatuha,Jethuli,25.6616,85.1636,3300000.0,3300000.0,3300000.0,0.0,2023-09-15,2023-10-15,2023-10-26,2024-05-09,2024-06-03,Completed,100.0,AGY-ZP-03,Zila Parishad Rural Infrastructure Cell,4,4,True,DEMO/SYNTHETIC DATA
MPL-2024-MA-000358,REC-2023-8848,MP-LS-17-64,Hon'ble Member of Parliament (Thane),"Culvert & Drainage Bridge at Saralgaon, Block Kalyan",Rural Roads & Bridges,Culvert & Drainage Bridge,Maharashtra,Thane,Thane,Kalyan,Saralgaon,19.2301,73.0458,3750000.0,3650000.0,2395000.0,1255000.0,2023-10-22,2023-11-14,2023-11-26,2024-03-28,,Ongoing,66.0,AGY-XYZ-99,XYZ Infrastructure & Construction Private Ltd,3,1,False,DEMO/SYNTHETIC DATA
MPL-2024-BI-000359,REC-2023-9405,MP-LS-17-84,Hon'ble Member of Parliament (Patna Sahib),"Deep Borewell & Solar Pump System at Sabbalpur, Block Fatuha",Drinking Water,Deep Borewell & Solar Pump System,Bihar,Patna,Patna Sahib,Fatuha,Sabbalpur,25.5586,85.1022,1860000.0,1810000.0,1505000.0,305000.0,2023-06-25,2023-08-02,2023-08-27,2024-03-08,,Ongoing,76.0,AGY-WSS-05,Public Health Engineering & Water Supply Dept,2,3,False,DEMO/SYNTHETIC DATA
MPL-2024-MA-000360,REC-2023-2276,MP-LS-17-67,Hon'ble Member of Parliament (Thane),"Solar Street Light Grid (50 poles) at Saralgaon, Block Ambernath",Solar & Renewable Energy,Solar Street Light Grid (50 poles),Maharashtra,Thane,Thane,Ambernath,Saralgaon,19.2576,72.9263,1780000.0,1680000.0,792000.0,888000.0,2023-05-20,2023-07-03,2023-08-01,2023-12-27,,Ongoing,49.0,AGY-PWD-01,Public Works Department (PWD) Division I,4,1,False,DEMO/SYNTHETIC DATA
MPL-2024-RA-000361,REC-2023-1514,MP-LS-17-59,Hon'ble Member of Parliament (Jaipur Rural),"Crematorium Shed with Amenities at Nayla, Block Chaksu",Community Infrastructure,Crematorium Shed with Amenities,Rajasthan,Jaipur,Jaipur Rural,Chaksu,Nayla,26.8825,75.8395,2570000.0,2520000.0,2520000.0,0.0,2023-10-16,2023-12-14,2024-01-12,2024-06-23,2024-07-14,Completed,100.0,AGY-RWD-02,Rural Works Department (RWD) Engineering Wing,5,4,True,DEMO/SYNTHETIC DATA
MPL-2024-KA-000362,REC-2023-4311,MP-LS-17-92,Hon'ble Member of Parliament (Bangalore North),"RO Water Treatment Plant at Hesaraghatta, Block Anekal",Drinking Water,RO Water Treatment Plant,Karnataka,Bengaluru Urban,Bangalore North,Anekal,Hesaraghatta,13.0042,77.6472,1270000.0,1220000.0,891000.0,329000.0,2023-08-09,2023-08-30,2023-09-18,2024-05-11,,Ongoing,80.0,AGY-XYZ-99,XYZ Infrastructure & Construction Private Ltd,3,1,False,DEMO/SYNTHETIC DATA
MPL-2024-KE-000363,REC-2023-3664,MP-LS-17-10,Hon'ble Member of Parliament (Ernakulam),"School Boundary Wall & Sanitation at Cherai, Block Vyttila",Education & Classrooms,School Boundary Wall & Sanitation,Kerala,Ernakulam,Ernakulam,Vyttila,Cherai,9.937,76.2925,950000.0,900000.0,900000.0,0.0,2023-06-11,2023-07-11,2023-08-02,2023-12-05,2023-11-25,Completed,100.0,AGY-ZP-03,Zila Parishad Rural Infrastructure Cell,5,3,True,DEMO/SYNTHETIC DATA
MPL-2024-WE-000364,REC-2023-8888,MP-LS-17-61,Hon'ble Member of Parliament (Krishnanagar),"Rooftop Solar for Govt Hospital at Debagram, Block Krishnanagar-I",Solar & Renewable Energy,Rooftop Solar for Govt Hospital,West Bengal,Nadia,Krishnanagar,Krishnanagar-I,Debagram,23.4231,88.4787,670000.0,670000.0,670000.0,0.0,2023-12-05,2024-01-04,2024-01-26,2024-09-29,2024-10-13,Completed,100.0,AGY-PWD-01,Public Works Department (PWD) Division I,5,2,True,DEMO/SYNTHETIC DATA
MPL-2024-MA-000365,REC-2023-5904,MP-LS-17-79,Hon'ble Member of Parliament (Thane),"School Science Laboratory at Khadavali, Block Shahapur",Education & Classrooms,School Science Laboratory,Maharashtra,Thane,Thane,Shahapur,Khadavali,19.2844,72.9657,1460000.0,1310000.0,1310000.0,0.0,2023-03-02,2023-03-22,2023-04-03,2023-11-30,2023-12-12,Completed,100.0,AGY-DRDA-04,District Rural Development Agency (DRDA),4,4,True,DEMO/SYNTHETIC DATA
MPL-2024-UT-000366,REC-2023-4005,MP-LS-17-58,Hon'ble Member of Parliament (Varanasi),"Smart Digital Library Block at Shivpur, Block Arajiline",Education & Classrooms,Smart Digital Library Block,Uttar Pradesh,Varanasi,Varanasi,Arajiline,Shivpur,25.3029,82.9452,1060000.0,910000.0,910000.0,0.0,2023-10-25,2023-12-05,2023-12-17,2024-04-29,2024-05-07,Completed,100.0,AGY-XYZ-99,XYZ Infrastructure & Construction Private Ltd,4,4,True,DEMO/SYNTHETIC DATA
MPL-2024-UT-000367,REC-2023-7466,MP-LS-17-82,Hon'ble Member of Parliament (Varanasi),"School Boundary Wall & Sanitation at Badagaon, Block Cholapur",Education & Classrooms,School Boundary Wall & Sanitation,Uttar Pradesh,Varanasi,Varanasi,Cholapur,Badagaon,25.3161,82.983,2240000.0,2090000.0,0.0,2090000.0,2023-10-21,2023-12-16,2023-12-30,2024-09-22,,Sanctioned,0.0,AGY-ZP-03,Zila Parishad Rural Infrastructure Cell,2,0,False,DEMO/SYNTHETIC DATA
MPL-2024-AS-000368,REC-2023-1047,MP-LS-17-31,Hon'ble Member of Parliament (Gauhati),"Additional Classroom Building at Boko, Block Hajo",Education & Classrooms,Additional Classroom Building,Assam,Kamrup,Gauhati,Hajo,Boko,26.1628,91.7976,2220000.0,2070000.0,1530000.0,540000.0,2023-03-22,2023-05-03,2023-05-26,2024-02-15,,Ongoing,81.0,AGY-WSS-05,Public Health Engineering & Water Supply Dept,4,1,False,DEMO/SYNTHETIC DATA
MPL-2024-MA-000369,REC-2023-5161,MP-LS-17-83,Hon'ble Member of Parliament (Thane),"Hand Pump Installation Cluster at Saralgaon, Block Shahapur",Drinking Water,Hand Pump Installation Cluster,Maharashtra,Thane,Thane,Shahapur,Saralgaon,19.1654,73.0258,2270000.0,2170000.0,1068000.0,1102000.0,2023-03-08,2023-04-10,2023-04-22,2023-11-09,,Ongoing,45.0,AGY-PWD-01,Public Works Department (PWD) Division I,2,2,False,DEMO/SYNTHETIC DATA
MPL-2024-KA-000370,REC-2023-1929,MP-LS-17-19,Hon'ble Member of Parliament (Bangalore North),"Culvert & Drainage Bridge at Doddaballapur Rd, Block Anekal",Rural Roads & Bridges,Culvert & Drainage Bridge,Karnataka,Bengaluru Urban,Bangalore North,Anekal,Doddaballapur Rd,13.0228,77.5225,2550000.0,2500000.0,0.0,2500000.0,2023-06-17,2023-07-21,2023-08-20,2024-04-12,,Sanctioned,0.0,AGY-PWD-01,Public Works Department (PWD) Division I,2,0,False,DEMO/SYNTHETIC DATA
MPL-2024-WE-000371,REC-2023-2961,MP-LS-17-90,Hon'ble Member of Parliament (Krishnanagar),"High-Mast Solar Lighting Chowk at Tehatta, Block Krishnanagar-I",Solar & Renewable Energy,High-Mast Solar Lighting Chowk,West Bengal,Nadia,Krishnanagar,Krishnanagar-I,Tehatta,23.3348,88.5444,1770000.0,1670000.0,1670000.0,0.0,2023-02-09,2023-03-10,2023-04-04,2023-09-20,2023-09-20,Completed,100.0,AGY-ZP-03,Zila Parishad Rural Infrastructure Cell,4,2,True,DEMO/SYNTHETIC DATA
MPL-2024-AS-000372,REC-2023-6065,MP-LS-17-12,Hon'ble Member of Parliament (Gauhati),"Culvert & Drainage Bridge at Sualkuchi, Block Chaygaon",Rural Roads & Bridges,Culvert & Drainage Bridge,Assam,Kamrup,Gauhati,Chaygaon,Sualkuchi,26.1743,91.7647,4120000.0,4120000.0,2414000.0,1706000.0,2023-02-26,2023-04-24,2023-05-19,2023-12-06,,Ongoing,56.0,AGY-RWD-02,Rural Works Department (RWD) Engineering Wing,4,3,False,DEMO/SYNTHETIC DATA
MPL-2024-AS-000373,REC-2023-8982,MP-LS-17-22,Hon'ble Member of Parliament (Gauhati),"Primary Health Sub-Centre Building at Puthimari, Block Hajo",Health & Sanitation,Primary Health Sub-Centre Building,Assam,Kamrup,Gauhati,Hajo,Puthimari,26.2032,91.7415,1630000.0,1480000.0,1480000.0,0.0,2023-01-08,2023-01-29,2023-02-17,2023-12-12,2023-12-19,Completed,100.0,AGY-ZP-03,Zila Parishad Rural Infrastructure Cell,5,3,True,DEMO/SYNTHETIC DATA
MPL-2024-BI-000374,REC-2023-9247,MP-LS-17-92,Hon'ble Member of Parliament (Patna Sahib),"Primary Health Sub-Centre Building at Gauri Chak, Block Danapur",Health & Sanitation,Primary Health Sub-Centre Building,Bihar,Patna,Patna Sahib,Danapur,Gauri Chak,25.6606,85.1819,2190000.0,2090000.0,1178000.0,912000.0,2023-02-23,2023-03-19,2023-04-18,2023-09-23,,Ongoing,55.0,AGY-XYZ-99,XYZ Infrastructure & Construction Private Ltd,3,2,False,DEMO/SYNTHETIC DATA
MPL-2024-RA-000375,REC-2023-5441,MP-LS-17-79,Hon'ble Member of Parliament (Jaipur Rural),"Solar Street Light Grid (50 poles) at Bagru, Block Sanganer",Solar & Renewable Energy,Solar Street Light Grid (50 poles),Rajasthan,Jaipur,Jaipur Rural,Sanganer,Bagru,26.9518,75.732,1720000.0,1720000.0,1720000.0,0.0,2023-06-25,2023-07-22,2023-08-10,2024-01-26,2024-02-02,Completed,100.0,AGY-XYZ-99,XYZ Infrastructure & Construction Private Ltd,4,3,True,DEMO/SYNTHETIC DATA
MPL-2024-WE-000376,REC-2023-6488,MP-LS-17-43,Hon'ble Member of Parliament (Krishnanagar),"Primary Health Sub-Centre Building at Tehatta, Block Nabadwip",Health & Sanitation,Primary Health Sub-Centre Building,West Bengal,Nadia,Krishnanagar,Nabadwip,Tehatta,23.3562,88.4809,1580000.0,1430000.0,1430000.0,0.0,2023-09-23,2023-10-23,2023-11-22,2024-07-01,2024-06-22,Completed,100.0,AGY-WSS-05,Public Health Engineering & Water Supply Dept,4,3,True,DEMO/SYNTHETIC DATA
MPL-2024-KE-000377,REC-2023-4884,MP-LS-17-27,Hon'ble Member of Parliament (Ernakulam),"CC Road Construction at Edappally, Block Angamaly",Rural Roads & Bridges,CC Road Construction,Kerala,Ernakulam,Ernakulam,Angamaly,Edappally,10.0101,76.276,4500000.0,4400000.0,3148000.0,1252000.0,2023-07-24,2023-09-03,2023-10-03,2024-06-24,,Ongoing,75.0,AGY-PWD-01,Public Works Department (PWD) Division I,4,2,False,DEMO/SYNTHETIC DATA
MPL-2024-RA-000378,REC-2023-2645,MP-LS-17-46,Hon'ble Member of Parliament (Jaipur Rural),"Health Diagnostic Equipment at Achrol, Block Sanganer",Health & Sanitation,Health Diagnostic Equipment,Rajasthan,Jaipur,Jaipur Rural,Sanganer,Achrol,26.9336,75.729,2300000.0,2250000.0,482000.0,1768000.0,2023-04-03,2023-04-30,2023-05-29,2024-02-10,,Ongoing,20.0,AGY-ZP-03,Zila Parishad Rural Infrastructure Cell,3,2,False,DEMO/SYNTHETIC DATA
MPL-2024-KE-000379,REC-2023-4678,MP-LS-17-55,Hon'ble Member of Parliament (Ernakulam),"Public Bus Passenger Shelter at Cherai, Block Aluva",Community Infrastructure,Public Bus Passenger Shelter,Kerala,Ernakulam,Ernakulam,Aluva,Cherai,10.0156,76.306,1350000.0,1350000.0,1350000.0,0.0,2023-07-17,2023-09-05,2023-09-26,2024-03-06,2024-02-28,Completed,100.0,AGY-XYZ-99,XYZ Infrastructure & Construction Private Ltd,5,2,True,DEMO/SYNTHETIC DATA
MPL-2024-MA-000380,REC-2023-4635,MP-LS-17-69,Hon'ble Member of Parliament (Thane),"Senior Citizen Recreation Shed at Khadavali, Block Bhiwandi",Community Infrastructure,Senior Citizen Recreation Shed,Maharashtra,Thane,Thane,Bhiwandi,Khadavali,19.2234,72.9761,1540000.0,1440000.0,1440000.0,0.0,2023-08-08,2023-10-05,2023-10-30,2024-05-23,2024-05-12,Completed,100.0,AGY-PWD-01,Public Works Department (PWD) Division I,4,4,True,DEMO/SYNTHETIC DATA
MPL-2024-RA-000381,REC-2023-7184,MP-LS-17-67,Hon'ble Member of Parliament (Jaipur Rural),"School Science Laboratory at Bassi, Block Shahpura",Education & Classrooms,School Science Laboratory,Rajasthan,Jaipur,Jaipur Rural,Shahpura,Bassi,26.9275,75.847,3020000.0,2920000.0,2920000.0,0.0,2023-05-08,2023-06-09,2023-07-08,2023-12-08,2023-12-24,Completed,100.0,AGY-XYZ-99,XYZ Infrastructure & Construction Private Ltd,4,3,True,DEMO/SYNTHETIC DATA
MPL-2024-KE-000382,REC-2023-2551,MP-LS-17-85,Hon'ble Member of Parliament (Ernakulam),"Solar Street Light Grid (50 poles) at Kothamangalam, Block Angamaly",Solar & Renewable Energy,Solar Street Light Grid (50 poles),Kerala,Ernakulam,Ernakulam,Angamaly,Kothamangalam,9.9883,76.2807,1040000.0,990000.0,378000.0,612000.0,2023-06-12,2023-07-16,2023-08-05,2024-01-05,,Ongoing,42.0,AGY-DRDA-04,District Rural Development Agency (DRDA),3,2,False,DEMO/SYNTHETIC DATA
MPL-2024-MA-000383,REC-2023-7323,MP-LS-17-30,Hon'ble Member of Parliament (Thane),"Community Public Toilet Complex at Titwala, Block Murbad",Health & Sanitation,Community Public Toilet Complex,Maharashtra,Thane,Thane,Murbad,Titwala,19.1862,73.0015,950000.0,900000.0,900000.0,0.0,2023-02-28,2023-04-27,2023-05-09,2023-10-08,2023-10-04,Completed,100.0,AGY-DRDA-04,District Rural Development Agency (DRDA),5,3,True,DEMO/SYNTHETIC DATA
MPL-2024-MA-000384,REC-2023-3238,MP-LS-17-85,Hon'ble Member of Parliament (Thane),"Rooftop Solar for Govt Hospital at Padgha, Block Ambernath",Solar & Renewable Energy,Rooftop Solar for Govt Hospital,Maharashtra,Thane,Thane,Ambernath,Padgha,19.1547,73.0392,560000.0,560000.0,560000.0,0.0,2023-07-07,2023-09-04,2023-09-28,2024-02-24,2024-04-03,Completed,100.0,AGY-DRDA-04,District Rural Development Agency (DRDA),5,2,True,DEMO/SYNTHETIC DATA
MPL-2024-KE-000385,REC-2023-9705,MP-LS-17-96,Hon'ble Member of Parliament (Ernakulam),"CC Road Construction at Cherai, Block Paravur",Rural Roads & Bridges,CC Road Construction,Kerala,Ernakulam,Ernakulam,Paravur,Cherai,10.0606,76.2886,3380000.0,3280000.0,3280000.0,0.0,2023-10-09,2023-11-29,2023-12-21,2024-08-06,2024-09-04,Completed,100.0,AGY-WSS-05,Public Health Engineering & Water Supply Dept,5,3,True,DEMO/SYNTHETIC DATA
MPL-2024-BI-000386,REC-2023-2400,MP-LS-17-81,Hon'ble Member of Parliament (Patna Sahib),"Deep Borewell & Solar Pump System at Gauri Chak, Block Fatuha",Drinking Water,Deep Borewell & Solar Pump System,Bihar,Patna,Patna Sahib,Fatuha,Gauri Chak,25.6317,85.21,770000.0,770000.0,307000.0,463000.0,2023-03-09,2023-04-15,2023-05-14,2023-12-28,,Ongoing,39.0,AGY-ZP-03,Zila Parishad Rural Infrastructure Cell,4,2,False,DEMO/SYNTHETIC DATA
MPL-2024-KE-000387,REC-2023-5512,MP-LS-17-42,Hon'ble Member of Parliament (Ernakulam),"Community Public Toilet Complex at Kothamangalam, Block Vyttila",Health & Sanitation,Community Public Toilet Complex,Kerala,Ernakulam,Ernakulam,Vyttila,Kothamangalam,10.0108,76.3582,1640000.0,1640000.0,1640000.0,0.0,2023-01-22,2023-03-01,2023-03-21,2023-12-05,2023-11-28,Completed,100.0,AGY-ZP-03,Zila Parishad Rural Infrastructure Cell,4,2,True,DEMO/SYNTHETIC DATA
MPL-2024-WE-000388,REC-2023-3057,MP-LS-17-42,Hon'ble Member of Parliament (Krishnanagar),"Hand Pump Installation Cluster at Bethuadahari, Block Krishnanagar-I",Drinking Water,Hand Pump Installation Cluster,West Bengal,Nadia,Krishnanagar,Krishnanagar-I,Bethuadahari,23.4125,88.5555,1740000.0,1590000.0,1590000.0,0.0,2023-08-21,2023-09-11,2023-09-26,2024-05-05,2024-05-10,Completed,100.0,AGY-RWD-02,Rural Works Department (RWD) Engineering Wing,5,4,True,DEMO/SYNTHETIC DATA
MPL-2024-BI-000389,REC-2023-8074,MP-LS-17-20,Hon'ble Member of Parliament (Patna Sahib),"Community Public Toilet Complex at Jethuli, Block Phulwari Sharif",Health & Sanitation,Community Public Toilet Complex,Bihar,Patna,Patna Sahib,Phulwari Sharif,Jethuli,25.5566,85.1134,2410000.0,2260000.0,2260000.0,0.0,2023-12-14,2024-01-24,2024-02-12,2024-09-07,2024-09-30,Completed,100.0,AGY-XYZ-99,XYZ Infrastructure & Construction Private Ltd,4,2,True,DEMO/SYNTHETIC DATA
MPL-2024-KE-000390,REC-2023-7582,MP-LS-17-52,Hon'ble Member of Parliament (Ernakulam),"Culvert & Drainage Bridge at Kothamangalam, Block Vyttila",Rural Roads & Bridges,Culvert & Drainage Bridge,Kerala,Ernakulam,Ernakulam,Vyttila,Kothamangalam,10.0598,76.3564,2100000.0,2100000.0,2100000.0,0.0,2023-04-04,2023-05-04,2023-05-31,2023-10-27,2023-10-23,Completed,100.0,AGY-ZP-03,Zila Parishad Rural Infrastructure Cell,5,3,True,DEMO/SYNTHETIC DATA
MPL-2024-RA-000391,REC-2023-2561,MP-LS-17-41,Hon'ble Member of Parliament (Jaipur Rural),"Crematorium Shed with Amenities at Kukas, Block Chaksu",Community Infrastructure,Crematorium Shed with Amenities,Rajasthan,Jaipur,Jaipur Rural,Chaksu,Kukas,26.9229,75.8166,3200000.0,3150000.0,1966000.0,1184000.0,2023-03-15,2023-05-04,2023-05-28,2023-12-09,,Ongoing,62.0,AGY-DRDA-04,District Rural Development Agency (DRDA),4,3,False,DEMO/SYNTHETIC DATA
MPL-2024-MA-000392,REC-2023-7372,MP-LS-17-64,Hon'ble Member of Parliament (Thane),"School Boundary Wall & Sanitation at Vashind, Block Murbad",Education & Classrooms,School Boundary Wall & Sanitation,Maharashtra,Thane,Thane,Murbad,Vashind,19.1564,73.0399,2590000.0,2440000.0,1775000.0,665000.0,2023-04-20,2023-05-23,2023-06-08,2023-11-30,,Ongoing,74.0,AGY-ZP-03,Zila Parishad Rural Infrastructure Cell,2,1,False,DEMO/SYNTHETIC DATA
MPL-2024-MA-000393,REC-2023-4805,MP-LS-17-10,Hon'ble Member of Parliament (Thane),"Paver Block Road at Vashind, Block Kalyan",Rural Roads & Bridges,Paver Block Road,Maharashtra,Thane,Thane,Kalyan,Vashind,19.2169,73.0481,1720000.0,1720000.0,745000.0,975000.0,2023-12-16,2024-02-06,2024-02-27,2024-10-18,,Ongoing,40.0,AGY-RWD-02,Rural Works Department (RWD) Engineering Wing,3,1,False,DEMO/SYNTHETIC DATA
MPL-2024-UT-000394,REC-2023-8654,MP-LS-17-30,Hon'ble Member of Parliament (Varanasi),"Primary Health Sub-Centre Building at Chhatar, Block Kashi Vidyapeeth",Health & Sanitation,Primary Health Sub-Centre Building,Uttar Pradesh,Varanasi,Varanasi,Kashi Vidyapeeth,Chhatar,25.3364,82.9209,2200000.0,2050000.0,1264000.0,786000.0,2023-10-23,2023-11-24,2023-12-14,2024-08-28,,Ongoing,58.0,AGY-XYZ-99,XYZ Infrastructure & Construction Private Ltd,4,3,False,DEMO/SYNTHETIC DATA
MPL-2024-WE-000395,REC-2023-8720,MP-LS-17-68,Hon'ble Member of Parliament (Krishnanagar),"Additional Classroom Building at Dhubulia, Block Chapra",Education & Classrooms,Additional Classroom Building,West Bengal,Nadia,Krishnanagar,Chapra,Dhubulia,23.3943,88.5406,1410000.0,1410000.0,1410000.0,0.0,2023-03-27,2023-05-02,2023-05-16,2023-11-03,2023-10-16,Completed,100.0,AGY-XYZ-99,XYZ Infrastructure & Construction Private Ltd,4,3,True,DEMO/SYNTHETIC DATA
MPL-2024-KE-000396,REC-2023-4489,MP-LS-17-23,Hon'ble Member of Parliament (Ernakulam),"Deep Borewell & Solar Pump System at Cherai, Block Aluva",Drinking Water,Deep Borewell & Solar Pump System,Kerala,Ernakulam,Ernakulam,Aluva,Cherai,9.9351,76.3632,1890000.0,1840000.0,965000.0,875000.0,2023-11-06,2024-01-02,2024-01-12,2024-06-27,,Ongoing,49.0,AGY-RWD-02,Rural Works Department (RWD) Engineering Wing,2,3,False,DEMO/SYNTHETIC DATA
MPL-2024-RA-000397,REC-2023-5878,MP-LS-17-54,Hon'ble Member of Parliament (Jaipur Rural),"High-Mast Solar Lighting Chowk at Achrol, Block Sanganer",Solar & Renewable Energy,High-Mast Solar Lighting Chowk,Rajasthan,Jaipur,Jaipur Rural,Sanganer,Achrol,26.8706,75.7542,1680000.0,1580000.0,376000.0,1204000.0,2023-03-15,2023-05-01,2023-05-19,2024-02-22,,Ongoing,23.0,AGY-PWD-01,Public Works Department (PWD) Division I,4,3,False,DEMO/SYNTHETIC DATA
MPL-2024-WE-000398,REC-2023-4115,MP-LS-17-85,Hon'ble Member of Parliament (Krishnanagar),"School Boundary Wall & Sanitation at Mayapur, Block Nabadwip",Education & Classrooms,School Boundary Wall & Sanitation,West Bengal,Nadia,Krishnanagar,Nabadwip,Mayapur,23.38,88.5148,1880000.0,1880000.0,1880000.0,0.0,2023-12-06,2024-01-19,2024-01-31,2024-10-26,2024-12-04,Completed,100.0,AGY-ZP-03,Zila Parishad Rural Infrastructure Cell,4,3,True,DEMO/SYNTHETIC DATA
MPL-2024-BI-000399,REC-2023-9583,MP-LS-17-94,Hon'ble Member of Parliament (Patna Sahib),"Senior Citizen Recreation Shed at Ranipur, Block Sampatchak",Community Infrastructure,Senior Citizen Recreation Shed,Bihar,Patna,Patna Sahib,Sampatchak,Ranipur,25.6472,85.0634,3990000.0,3890000.0,3890000.0,0.0,2023-12-18,2024-01-11,2024-01-28,2024-08-14,2024-07-28,Completed,100.0,AGY-WSS-05,Public Health Engineering & Water Supply Dept,5,2,True,DEMO/SYNTHETIC DATA
MPL-2024-AS-000400,REC-2023-4608,MP-LS-17-96,Hon'ble Member of Parliament (Gauhati),"CC Road Construction at Sualkuchi, Block Hajo",Rural Roads & Bridges,CC Road Construction,Assam,Kamrup,Gauhati,Hajo,Sualkuchi,26.2225,91.8052,2140000.0,1990000.0,1990000.0,0.0,2023-07-07,2023-08-20,2023-09-13,2024-05-03,2024-05-21,Completed,100.0,AGY-ZP-03,Zila Parishad Rural Infrastructure Cell,4,3,True,DEMO/SYNTHETIC DATA
MPL-2024-MA-000401,REC-2023-8383,MP-LS-17-32,Hon'ble Member of Parliament (Thane),"CC Road Construction at Tokawade, Block Bhiwandi",Rural Roads & Bridges,CC Road Construction,Maharashtra,Thane,Thane,Bhiwandi,Tokawade,19.2532,72.9366,2570000.0,2570000.0,936000.0,1634000.0,2023-04-20,2023-06-15,2023-06-26,2024-04-03,,Ongoing,39.0,AGY-ZP-03,Zila Parishad Rural Infrastructure Cell,3,2,False,DEMO/SYNTHETIC DATA
MPL-2024-RA-000402,REC-2023-1051,MP-LS-17-96,Hon'ble Member of Parliament (Jaipur Rural),"Deep Borewell & Solar Pump System at Kukas, Block Chaksu",Drinking Water,Deep Borewell & Solar Pump System,Rajasthan,Jaipur,Jaipur Rural,Chaksu,Kukas,26.8726,75.7603,1300000.0,1300000.0,1300000.0,0.0,2023-02-10,2023-03-20,2023-04-16,2024-01-05,2024-01-03,Completed,100.0,AGY-WSS-05,Public Health Engineering & Water Supply Dept,4,3,True,DEMO/SYNTHETIC DATA
MPL-2024-UT-000403,REC-2023-4251,MP-LS-17-94,Hon'ble Member of Parliament (Varanasi),"Village Waste Segregation Shed at Rampur, Block Sewapuri",Health & Sanitation,Village Waste Segregation Shed,Uttar Pradesh,Varanasi,Varanasi,Sewapuri,Rampur,25.2522,83.0523,1000000.0,850000.0,850000.0,0.0,2023-02-20,2023-04-11,2023-04-21,2023-09-26,2023-10-21,Completed,100.0,AGY-XYZ-99,XYZ Infrastructure & Construction Private Ltd,5,2,True,DEMO/SYNTHETIC DATA
MPL-2024-AS-000404,REC-2023-7036,MP-LS-17-68,Hon'ble Member of Parliament (Gauhati),"Piped Water Overhead Tank at Boko, Block Chaygaon",Drinking Water,Piped Water Overhead Tank,Assam,Kamrup,Gauhati,Chaygaon,Boko,26.1484,91.7315,1120000.0,970000.0,605000.0,365000.0,2023-12-13,2024-01-16,2024-02-03,2024-10-22,,Ongoing,69.0,AGY-RWD-02,Rural Works Department (RWD) Engineering Wing,3,2,False,DEMO/SYNTHETIC DATA
MPL-2024-KA-000405,REC-2023-2090,MP-LS-17-19,Hon'ble Member of Parliament (Bangalore North),"School Science Laboratory at Mandur, Block Bengaluru North",Education & Classrooms,School Science Laboratory,Karnataka,Bengaluru Urban,Bangalore North,Bengaluru North,Mandur,13.0342,77.5995,1040000.0,940000.0,940000.0,0.0,2023-10-08,2023-11-09,2023-12-08,2024-07-14,2024-08-10,Completed,100.0,AGY-ZP-03,Zila Parishad Rural Infrastructure Cell,5,4,True,DEMO/SYNTHETIC DATA
MPL-2024-UT-000406,REC-2023-9725,MP-LS-17-19,Hon'ble Member of Parliament (Varanasi),"Crematorium Shed with Amenities at Rampur, Block Cholapur",Community Infrastructure,Crematorium Shed with Amenities,Uttar Pradesh,Varanasi,Varanasi,Cholapur,Rampur,25.3446,82.9519,2610000.0,2560000.0,1246000.0,1314000.0,2023-03-08,2023-05-07,2023-05-27,2024-02-11,,Ongoing,46.0,AGY-XYZ-99,XYZ Infrastructure & Construction Private Ltd,4,2,False,DEMO/SYNTHETIC DATA
MPL-2024-BI-000407,REC-2023-8785,MP-LS-17-70,Hon'ble Member of Parliament (Patna Sahib),"Smart Digital Library Block at Baikatpur, Block Danapur",Education & Classrooms,Smart Digital Library Block,Bihar,Patna,Patna Sahib,Danapur,Baikatpur,25.6732,85.1989,3100000.0,2950000.0,1566000.0,1384000.0,2023-05-22,2023-07-02,2023-07-25,2024-01-16,,Ongoing,54.0,AGY-ZP-03,Zila Parishad Rural Infrastructure Cell,3,1,False,DEMO/SYNTHETIC DATA
MPL-2024-RA-000408,REC-2023-3311,MP-LS-17-40,Hon'ble Member of Parliament (Jaipur Rural),"Paver Block Road at Bassi, Block Amer",Rural Roads & Bridges,Paver Block Road,Rajasthan,Jaipur,Jaipur Rural,Amer,Bassi,26.9826,75.7425,3120000.0,2970000.0,1704000.0,1266000.0,2023-09-05,2023-10-07,2023-10-17,2024-04-19,,Ongoing,57.0,AGY-XYZ-99,XYZ Infrastructure & Construction Private Ltd,3,2,False,DEMO/SYNTHETIC DATA
MPL-2024-MA-000409,REC-2023-7275,MP-LS-17-10,Hon'ble Member of Parliament (Thane),"Piped Water Overhead Tank at Titwala, Block Bhiwandi",Drinking Water,Piped Water Overhead Tank,Maharashtra,Thane,Thane,Bhiwandi,Titwala,19.2542,73.0126,1110000.0,1060000.0,0.0,1060000.0,2023-06-20,2023-07-21,2023-08-01,2024-05-25,,Sanctioned,0.0,AGY-PWD-01,Public Works Department (PWD) Division I,2,0,False,DEMO/SYNTHETIC DATA
MPL-2024-KA-000410,REC-2023-8546,MP-LS-17-34,Hon'ble Member of Parliament (Bangalore North),"Additional Classroom Building at Attibele, Block K.R. Puram",Education & Classrooms,Additional Classroom Building,Karnataka,Bengaluru Urban,Bangalore North,K.R. Puram,Attibele,12.8958,77.6301,2520000.0,2370000.0,1023000.0,1347000.0,2023-03-06,2023-05-05,2023-05-23,2023-10-25,,Ongoing,46.0,AGY-WSS-05,Public Health Engineering & Water Supply Dept,2,2,False,DEMO/SYNTHETIC DATA
MPL-2024-UT-000411,REC-2023-1142,MP-LS-17-53,Hon'ble Member of Parliament (Varanasi),"Solar Street Light Grid (50 poles) at Babatpur, Block Pindra",Solar & Renewable Energy,Solar Street Light Grid (50 poles),Uttar Pradesh,Varanasi,Varanasi,Pindra,Babatpur,25.3294,82.9414,1720000.0,1720000.0,1720000.0,0.0,2023-02-24,2023-03-30,2023-04-10,2023-09-23,2023-10-22,Completed,100.0,AGY-XYZ-99,XYZ Infrastructure & Construction Private Ltd,4,3,True,DEMO/SYNTHETIC DATA
MPL-2024-KA-000412,REC-2023-5655,MP-LS-17-12,Hon'ble Member of Parliament (Bangalore North),"Culvert & Drainage Bridge at Doddaballapur Rd, Block Yelahanka",Rural Roads & Bridges,Culvert & Drainage Bridge,Karnataka,Bengaluru Urban,Bangalore North,Yelahanka,Doddaballapur Rd,12.9298,77.5664,3330000.0,3330000.0,3330000.0,0.0,2023-07-16,2023-09-12,2023-09-28,2024-03-14,2024-03-10,Completed,100.0,AGY-ZP-03,Zila Parishad Rural Infrastructure Cell,4,4,True,DEMO/SYNTHETIC DATA
MPL-2024-AS-000413,REC-2023-3520,MP-LS-17-48,Hon'ble Member of Parliament (Gauhati),"Hand Pump Installation Cluster at Sualkuchi, Block Kamalpur",Drinking Water,Hand Pump Installation Cluster,Assam,Kamrup,Gauhati,Kamalpur,Sualkuchi,26.0772,91.7416,2120000.0,2120000.0,1617000.0,503000.0,2023-04-06,2023-05-22,2023-06-17,2024-01-10,,Ongoing,78.0,AGY-DRDA-04,District Rural Development Agency (DRDA),3,1,False,DEMO/SYNTHETIC DATA
MPL-2024-KA-000414,REC-2023-5755,MP-LS-17-84,Hon'ble Member of Parliament (Bangalore North),"CC Road Construction at Mandur, Block Anekal",Rural Roads & Bridges,CC Road Construction,Karnataka,Bengaluru Urban,Bangalore North,Anekal,Mandur,13.0061,77.5589,1870000.0,1770000.0,1770000.0,0.0,2023-06-11,2023-07-08,2023-08-03,2024-03-02,2024-03-17,Completed,100.0,AGY-PWD-01,Public Works Department (PWD) Division I,5,4,True,DEMO/SYNTHETIC DATA
MPL-2024-AS-000415,REC-2023-2931,MP-LS-17-48,Hon'ble Member of Parliament (Gauhati),"High-Mast Solar Lighting Chowk at Puthimari, Block Rangia",Solar & Renewable Energy,High-Mast Solar Lighting Chowk,Assam,Kamrup,Gauhati,Rangia,Puthimari,26.1812,91.7165,850000.0,700000.0,0.0,700000.0,2023-03-10,2023-04-13,2023-05-06,2023-11-30,,Sanctioned,0.0,AGY-PWD-01,Public Works Department (PWD) Division I,2,0,False,DEMO/SYNTHETIC DATA
MPL-2024-MA-000416,REC-2023-1800,MP-LS-17-50,Hon'ble Member of Parliament (Thane),"Paver Block Road at Vashind, Block Murbad",Rural Roads & Bridges,Paver Block Road,Maharashtra,Thane,Thane,Murbad,Vashind,19.282,72.9057,4090000.0,4040000.0,4040000.0,0.0,2023-02-15,2023-04-03,2023-05-02,2024-02-10,2024-03-03,Completed,100.0,AGY-XYZ-99,XYZ Infrastructure & Construction Private Ltd,5,4,True,DEMO/SYNTHETIC DATA
MPL-2024-KE-000417,REC-2023-2967,MP-LS-17-75,Hon'ble Member of Parliament (Ernakulam),"CC Road Construction at Edappally, Block Aluva",Rural Roads & Bridges,CC Road Construction,Kerala,Ernakulam,Ernakulam,Aluva,Edappally,9.9102,76.3587,2460000.0,2310000.0,496000.0,1814000.0,2023-06-28,2023-07-28,2023-08-27,2024-02-23,,Ongoing,22.0,AGY-RWD-02,Rural Works Department (RWD) Engineering Wing,4,3,False,DEMO/SYNTHETIC DATA
MPL-2024-MA-000418,REC-2023-2747,MP-LS-17-95,Hon'ble Member of Parliament (Thane),"School Science Laboratory at Titwala, Block Murbad",Education & Classrooms,School Science Laboratory,Maharashtra,Thane,Thane,Murbad,Titwala,19.2432,72.9518,3000000.0,2900000.0,2900000.0,0.0,2023-06-25,2023-08-24,2023-09-14,2024-02-10,2024-03-04,Completed,100.0,AGY-DRDA-04,District Rural Development Agency (DRDA),5,4,True,DEMO/SYNTHETIC DATA
MPL-2024-AS-000419,REC-2023-4080,MP-LS-17-53,Hon'ble Member of Parliament (Gauhati),"Village Waste Segregation Shed at Puthimari, Block Hajo",Health & Sanitation,Village Waste Segregation Shed,Assam,Kamrup,Gauhati,Hajo,Puthimari,26.1814,91.753,880000.0,830000.0,256000.0,574000.0,2023-07-16,2023-08-21,2023-09-02,2024-03-30,,Ongoing,30.0,AGY-DRDA-04,District Rural Development Agency (DRDA),3,1,False,DEMO/SYNTHETIC DATA
MPL-2024-BI-000420,REC-2023-6065,MP-LS-17-47,Hon'ble Member of Parliament (Patna Sahib),"RO Water Treatment Plant at Gauri Chak, Block Phulwari Sharif",Drinking Water,RO Water Treatment Plant,Bihar,Patna,Patna Sahib,Phulwari Sharif,Gauri Chak,25.641,85.0616,1890000.0,1840000.0,1840000.0,0.0,2023-07-05,2023-07-26,2023-08-13,2024-02-21,2024-03-16,Completed,100.0,AGY-XYZ-99,XYZ Infrastructure & Construction Private Ltd,4,3,True,DEMO/SYNTHETIC DATA
MPL-2024-BI-000421,REC-2023-1357,MP-LS-17-15,Hon'ble Member of Parliament (Patna Sahib),"Primary Health Sub-Centre Building at Ranipur, Block Bakhtiarpur",Health & Sanitation,Primary Health Sub-Centre Building,Bihar,Patna,Patna Sahib,Bakhtiarpur,Ranipur,25.6484,85.0588,1530000.0,1480000.0,1480000.0,0.0,2023-05-20,2023-06-09,2023-06-26,2023-12-07,2023-12-15,Completed,100.0,AGY-ZP-03,Zila Parishad Rural Infrastructure Cell,4,3,True,DEMO/SYNTHETIC DATA
MPL-2024-KA-000422,REC-2023-2783,MP-LS-17-85,Hon'ble Member of Parliament (Bangalore North),"Culvert & Drainage Bridge at Hesaraghatta, Block Bengaluru North",Rural Roads & Bridges,Culvert & Drainage Bridge,Karnataka,Bengaluru Urban,Bangalore North,Bengaluru North,Hesaraghatta,12.9567,77.6228,3230000.0,3080000.0,0.0,3080000.0,2023-01-19,2023-03-01,2023-03-14,2023-09-09,,Sanctioned,0.0,AGY-RWD-02,Rural Works Department (RWD) Engineering Wing,2,0,False,DEMO/SYNTHETIC DATA
MPL-2024-MA-000423,REC-2023-4595,MP-LS-17-75,Hon'ble Member of Parliament (Thane),"Health Diagnostic Equipment at Padgha, Block Shahapur",Health & Sanitation,Health Diagnostic Equipment,Maharashtra,Thane,Thane,Shahapur,Padgha,19.1595,72.9824,1460000.0,1460000.0,1460000.0,0.0,2023-09-05,2023-10-07,2023-11-03,2024-04-21,2024-04-04,Completed,100.0,AGY-DRDA-04,District Rural Development Agency (DRDA),4,2,True,DEMO/SYNTHETIC DATA
MPL-2024-UT-000424,REC-2023-3138,MP-LS-17-53,Hon'ble Member of Parliament (Varanasi),"Culvert & Drainage Bridge at Rampur, Block Kashi Vidyapeeth",Rural Roads & Bridges,Culvert & Drainage Bridge,Uttar Pradesh,Varanasi,Varanasi,Kashi Vidyapeeth,Rampur,25.3247,82.9327,1960000.0,1860000.0,1860000.0,0.0,2023-10-18,2023-11-19,2023-12-13,2024-08-20,2024-08-18,Completed,100.0,AGY-XYZ-99,XYZ Infrastructure & Construction Private Ltd,5,2,True,DEMO/SYNTHETIC DATA
MPL-2024-KE-000425,REC-2023-5688,MP-LS-17-74,Hon'ble Member of Parliament (Ernakulam),"School Science Laboratory at Cherai, Block Muvattupuzha",Education & Classrooms,School Science Laboratory,Kerala,Ernakulam,Ernakulam,Muvattupuzha,Cherai,9.9547,76.2401,1860000.0,1860000.0,1446000.0,414000.0,2023-04-05,2023-04-30,2023-05-13,2024-02-18,,Ongoing,81.0,AGY-RWD-02,Rural Works Department (RWD) Engineering Wing,3,3,False,DEMO/SYNTHETIC DATA
MPL-2024-BI-000426,REC-2023-1104,MP-LS-17-94,Hon'ble Member of Parliament (Patna Sahib),"Smart Digital Library Block at Gauri Chak, Block Fatuha",Education & Classrooms,Smart Digital Library Block,Bihar,Patna,Patna Sahib,Fatuha,Gauri Chak,25.5719,85.1507,1260000.0,1110000.0,1110000.0,0.0,2023-07-18,2023-08-12,2023-09-02,2024-02-19,2024-02-04,Completed,100.0,AGY-XYZ-99,XYZ Infrastructure & Construction Private Ltd,4,4,True,DEMO/SYNTHETIC DATA
MPL-2024-KE-000427,REC-2023-9262,MP-LS-17-97,Hon'ble Member of Parliament (Ernakulam),"High-Mast Solar Lighting Chowk at Edappally, Block Angamaly",Solar & Renewable Energy,High-Mast Solar Lighting Chowk,Kerala,Ernakulam,Ernakulam,Angamaly,Edappally,10.0284,76.3061,1130000.0,1080000.0,0.0,1080000.0,2023-06-18,2023-07-08,2023-08-02,2024-05-19,,Sanctioned,0.0,AGY-PWD-01,Public Works Department (PWD) Division I,2,0,False,DEMO/SYNTHETIC DATA
MPL-2024-KA-000428,REC-2023-4119,MP-LS-17-46,Hon'ble Member of Parliament (Bangalore North),"CC Road Construction at Singanayakanahalli, Block Bengaluru North",Rural Roads & Bridges,CC Road Construction,Karnataka,Bengaluru Urban,Bangalore North,Bengaluru North,Singanayakanahalli,13.0391,77.6274,3680000.0,3580000.0,0.0,3580000.0,2023-09-20,2023-10-20,2023-11-05,2024-05-22,,Sanctioned,0.0,AGY-PWD-01,Public Works Department (PWD) Division I,2,0,False,DEMO/SYNTHETIC DATA
MPL-2024-WE-000429,REC-2023-5028,MP-LS-17-27,Hon'ble Member of Parliament (Krishnanagar),"Crematorium Shed with Amenities at Mayapur, Block Nakashipara",Community Infrastructure,Crematorium Shed with Amenities,West Bengal,Nadia,Krishnanagar,Nakashipara,Mayapur,23.4442,88.5395,2660000.0,2610000.0,2610000.0,0.0,2023-06-11,2023-08-10,2023-09-05,2024-01-24,2024-02-22,Completed,100.0,AGY-WSS-05,Public Health Engineering & Water Supply Dept,5,3,True,DEMO/SYNTHETIC DATA
MPL-2024-AS-000430,REC-2023-4736,MP-LS-17-83,Hon'ble Member of Parliament (Gauhati),"Solar Street Light Grid (50 poles) at Boko, Block Kamalpur",Solar & Renewable Energy,Solar Street Light Grid (50 poles),Assam,Kamrup,Gauhati,Kamalpur,Boko,26.1752,91.7753,1050000.0,900000.0,796000.0,104000.0,2023-02-09,2023-03-06,2023-03-18,2023-12-17,,Ongoing,82.0,AGY-ZP-03,Zila Parishad Rural Infrastructure Cell,2,1,False,DEMO/SYNTHETIC DATA
MPL-2024-UT-000431,REC-2023-3749,MP-LS-17-88,Hon'ble Member of Parliament (Varanasi),"Solar Street Light Grid (50 poles) at Babatpur, Block Kashi Vidyapeeth",Solar & Renewable Energy,Solar Street Light Grid (50 poles),Uttar Pradesh,Varanasi,Varanasi,Kashi Vidyapeeth,Babatpur,25.3657,82.9877,1300000.0,1250000.0,1250000.0,0.0,2023-06-27,2023-08-08,2023-09-01,2024-02-07,2024-02-04,Completed,100.0,AGY-RWD-02,Rural Works Department (RWD) Engineering Wing,5,4,True,DEMO/SYNTHETIC DATA
MPL-2024-KA-000432,REC-2023-2796,MP-LS-17-91,Hon'ble Member of Parliament (Bangalore North),"RO Water Treatment Plant at Mandur, Block Bengaluru North",Drinking Water,RO Water Treatment Plant,Karnataka,Bengaluru Urban,Bangalore North,Bengaluru North,Mandur,12.938,77.6629,560000.0,560000.0,560000.0,0.0,2023-12-28,2024-02-15,2024-03-13,2024-08-01,2024-08-05,Completed,100.0,AGY-ZP-03,Zila Parishad Rural Infrastructure Cell,5,2,True,DEMO/SYNTHETIC DATA
MPL-2024-KE-000433,REC-2023-4909,MP-LS-17-60,Hon'ble Member of Parliament (Ernakulam),"Paver Block Road at Perumbavoor, Block Paravur",Rural Roads & Bridges,Paver Block Road,Kerala,Ernakulam,Ernakulam,Paravur,Perumbavoor,9.9207,76.2448,4500000.0,4450000.0,4450000.0,0.0,2023-11-16,2023-12-24,2024-01-17,2024-09-08,2024-09-05,Completed,100.0,AGY-XYZ-99,XYZ Infrastructure & Construction Private Ltd,5,4,True,DEMO/SYNTHETIC DATA
MPL-2024-MA-000434,REC-2023-4928,MP-LS-17-57,Hon'ble Member of Parliament (Thane),"Additional Classroom Building at Titwala, Block Kalyan",Education & Classrooms,Additional Classroom Building,Maharashtra,Thane,Thane,Kalyan,Titwala,19.2636,72.9638,2530000.0,2480000.0,2480000.0,0.0,2023-02-27,2023-04-13,2023-05-13,2023-10-24,2023-11-23,Completed,100.0,AGY-XYZ-99,XYZ Infrastructure & Construction Private Ltd,5,2,True,DEMO/SYNTHETIC DATA
MPL-2024-BI-000435,REC-2023-9845,MP-LS-17-80,Hon'ble Member of Parliament (Patna Sahib),"Community Public Toilet Complex at Gauri Chak, Block Bakhtiarpur",Health & Sanitation,Community Public Toilet Complex,Bihar,Patna,Patna Sahib,Bakhtiarpur,Gauri Chak,25.6664,85.2076,1160000.0,1160000.0,354000.0,806000.0,2023-09-05,2023-09-26,2023-10-26,2024-03-18,,Ongoing,29.0,AGY-WSS-05,Public Health Engineering & Water Supply Dept,2,1,False,DEMO/SYNTHETIC DATA
MPL-2024-KA-000436,REC-2023-7179,MP-LS-17-86,Hon'ble Member of Parliament (Bangalore North),"Additional Classroom Building at Mandur, Block Yelahanka",Education & Classrooms,Additional Classroom Building,Karnataka,Bengaluru Urban,Bangalore North,Yelahanka,Mandur,12.9596,77.5316,2550000.0,2450000.0,1891000.0,559000.0,2023-12-28,2024-02-01,2024-02-14,2024-12-02,,Ongoing,74.0,AGY-DRDA-04,District Rural Development Agency (DRDA),4,2,False,DEMO/SYNTHETIC DATA
MPL-2024-UT-000437,REC-2023-3123,MP-LS-17-79,Hon'ble Member of Parliament (Varanasi),"Public Bus Passenger Shelter at Rampur, Block Sewapuri",Community Infrastructure,Public Bus Passenger Shelter,Uttar Pradesh,Varanasi,Varanasi,Sewapuri,Rampur,25.2504,82.9754,3650000.0,3650000.0,3650000.0,0.0,2023-04-10,2023-06-07,2023-07-04,2023-11-30,2023-12-10,Completed,100.0,AGY-XYZ-99,XYZ Infrastructure & Construction Private Ltd,4,4,True,DEMO/SYNTHETIC DATA
MPL-2024-MA-000438,REC-2023-8328,MP-LS-17-43,Hon'ble Member of Parliament (Thane),"Link Road Widening at Padgha, Block Bhiwandi",Rural Roads & Bridges,Link Road Widening,Maharashtra,Thane,Thane,Bhiwandi,Padgha,19.1645,72.9205,3990000.0,3890000.0,0.0,3890000.0,2023-03-20,2023-04-17,2023-05-07,2024-02-03,,Sanctioned,0.0,AGY-DRDA-04,District Rural Development Agency (DRDA),2,0,False,DEMO/SYNTHETIC DATA
MPL-2024-BI-000439,REC-2023-3373,MP-LS-17-89,Hon'ble Member of Parliament (Patna Sahib),"Rooftop Solar for Govt Hospital at Baikatpur, Block Phulwari Sharif",Solar & Renewable Energy,Rooftop Solar for Govt Hospital,Bihar,Patna,Patna Sahib,Phulwari Sharif,Baikatpur,25.6176,85.1411,1100000.0,1050000.0,306000.0,744000.0,2023-02-23,2023-03-24,2023-04-20,2024-01-18,,Ongoing,27.0,AGY-XYZ-99,XYZ Infrastructure & Construction Private Ltd,2,3,False,DEMO/SYNTHETIC DATA
MPL-2024-WE-000440,REC-2023-3567,MP-LS-17-99,Hon'ble Member of Parliament (Krishnanagar),"Solar Street Light Grid (50 poles) at Debagram, Block Nakashipara",Solar & Renewable Energy,Solar Street Light Grid (50 poles),West Bengal,Nadia,Krishnanagar,Nakashipara,Debagram,23.322,88.558,1410000.0,1310000.0,0.0,1310000.0,2023-11-02,2023-12-13,2024-01-04,2024-07-25,,Sanctioned,0.0,AGY-PWD-01,Public Works Department (PWD) Division I,2,0,False,DEMO/SYNTHETIC DATA
MPL-2024-WE-000441,REC-2023-9745,MP-LS-17-53,Hon'ble Member of Parliament (Krishnanagar),"Rooftop Solar for Govt Hospital at Debagram, Block Nabadwip",Solar & Renewable Energy,Rooftop Solar for Govt Hospital,West Bengal,Nadia,Krishnanagar,Nabadwip,Debagram,23.3895,88.4879,910000.0,910000.0,910000.0,0.0,2023-12-20,2024-01-25,2024-02-04,2024-10-09,2024-10-23,Completed,100.0,AGY-ZP-03,Zila Parishad Rural Infrastructure Cell,5,3,True,DEMO/SYNTHETIC DATA
MPL-2024-BI-000442,REC-2023-7952,MP-LS-17-72,Hon'ble Member of Parliament (Patna Sahib),"Culvert & Drainage Bridge at Gauri Chak, Block Fatuha",Rural Roads & Bridges,Culvert & Drainage Bridge,Bihar,Patna,Patna Sahib,Fatuha,Gauri Chak,25.6301,85.0815,1880000.0,1730000.0,1730000.0,0.0,2023-07-17,2023-08-21,2023-09-16,2024-04-05,2024-05-09,Completed,100.0,AGY-XYZ-99,XYZ Infrastructure & Construction Private Ltd,5,3,True,DEMO/SYNTHETIC DATA
MPL-2024-KE-000443,REC-2023-7451,MP-LS-17-20,Hon'ble Member of Parliament (Ernakulam),"Primary Health Sub-Centre Building at Perumbavoor, Block Aluva",Health & Sanitation,Primary Health Sub-Centre Building,Kerala,Ernakulam,Ernakulam,Aluva,Perumbavoor,9.9761,76.3486,3000000.0,2950000.0,2950000.0,0.0,2023-11-21,2024-01-12,2024-02-02,2024-11-16,2024-12-14,Completed,100.0,AGY-ZP-03,Zila Parishad Rural Infrastructure Cell,5,2,True,DEMO/SYNTHETIC DATA
MPL-2024-MA-000444,REC-2023-3862,MP-LS-17-75,Hon'ble Member of Parliament (Thane),"Paver Block Road at Padgha, Block Murbad",Rural Roads & Bridges,Paver Block Road,Maharashtra,Thane,Thane,Murbad,Padgha,19.2283,72.9433,3870000.0,3720000.0,3720000.0,0.0,2023-09-18,2023-11-05,2023-11-28,2024-04-23,2024-05-05,Completed,100.0,AGY-WSS-05,Public Health Engineering & Water Supply Dept,4,4,True,DEMO/SYNTHETIC DATA
MPL-2024-BI-000445,REC-2023-8598,MP-LS-17-35,Hon'ble Member of Parliament (Patna Sahib),"School Boundary Wall & Sanitation at Sabbalpur, Block Fatuha",Education & Classrooms,School Boundary Wall & Sanitation,Bihar,Patna,Patna Sahib,Fatuha,Sabbalpur,25.5443,85.1908,2250000.0,2250000.0,2250000.0,0.0,2023-06-03,2023-06-28,2023-07-16,2024-01-05,2024-01-09,Completed,100.0,AGY-WSS-05,Public Health Engineering & Water Supply Dept,5,4,True,DEMO/SYNTHETIC DATA
MPL-2024-KE-000446,REC-2023-8123,MP-LS-17-37,Hon'ble Member of Parliament (Ernakulam),"Smart Digital Library Block at Edappally, Block Vyttila",Education & Classrooms,Smart Digital Library Block,Kerala,Ernakulam,Ernakulam,Vyttila,Edappally,10.054,76.263,2040000.0,1940000.0,1576000.0,364000.0,2023-10-04,2023-10-26,2023-11-10,2024-04-19,,Ongoing,79.0,AGY-DRDA-04,District Rural Development Agency (DRDA),2,1,False,DEMO/SYNTHETIC DATA
MPL-2024-MA-000447,REC-2023-4185,MP-LS-17-70,Hon'ble Member of Parliament (Thane),"Paver Block Road at Tokawade, Block Bhiwandi",Rural Roads & Bridges,Paver Block Road,Maharashtra,Thane,Thane,Bhiwandi,Tokawade,19.2623,72.994,2420000.0,2320000.0,2320000.0,0.0,2023-12-23,2024-02-03,2024-02-28,2024-11-29,2024-12-28,Completed,100.0,AGY-RWD-02,Rural Works Department (RWD) Engineering Wing,4,3,True,DEMO/SYNTHETIC DATA
MPL-2024-AS-000448,REC-2023-4660,MP-LS-17-89,Hon'ble Member of Parliament (Gauhati),"Smart Digital Library Block at Dadara, Block Hajo",Education & Classrooms,Smart Digital Library Block,Assam,Kamrup,Gauhati,Hajo,Dadara,26.1512,91.7248,2340000.0,2340000.0,2340000.0,0.0,2023-12-07,2023-12-27,2024-01-23,2024-10-23,2024-11-04,Completed,100.0,AGY-PWD-01,Public Works Department (PWD) Division I,4,4,True,DEMO/SYNTHETIC DATA
MPL-2024-BI-000449,REC-2023-4691,MP-LS-17-35,Hon'ble Member of Parliament (Patna Sahib),"Rooftop Solar for Govt Hospital at Jethuli, Block Sampatchak",Solar & Renewable Energy,Rooftop Solar for Govt Hospital,Bihar,Patna,Patna Sahib,Sampatchak,Jethuli,25.5811,85.088,870000.0,870000.0,870000.0,0.0,2023-07-23,2023-09-08,2023-09-23,2024-03-15,2024-04-11,Completed,100.0,AGY-WSS-05,Public Health Engineering & Water Supply Dept,5,3,True,DEMO/SYNTHETIC DATA
MPL-2024-MA-000450,REC-2023-3211,MP-LS-17-94,Hon'ble Member of Parliament (Thane),"Public Bus Passenger Shelter at Padgha, Block Ambernath",Community Infrastructure,Public Bus Passenger Shelter,Maharashtra,Thane,Thane,Ambernath,Padgha,19.2279,72.9261,1830000.0,1780000.0,0.0,1780000.0,2023-10-26,2023-11-25,2023-12-14,2024-07-24,,Sanctioned,0.0,AGY-RWD-02,Rural Works Department (RWD) Engineering Wing,2,0,False,DEMO/SYNTHETIC DATA
MPL-2024-AS-000451,REC-2023-6493,MP-LS-17-75,Hon'ble Member of Parliament (Gauhati),"Rooftop Solar for Govt Hospital at Mirza, Block Kamalpur",Solar & Renewable Energy,Rooftop Solar for Govt Hospital,Assam,Kamrup,Gauhati,Kamalpur,Mirza,26.1941,91.7582,1300000.0,1300000.0,1300000.0,0.0,2023-07-14,2023-08-10,2023-08-25,2024-03-22,2024-04-11,Completed,100.0,AGY-WSS-05,Public Health Engineering & Water Supply Dept,4,2,True,DEMO/SYNTHETIC DATA
MPL-2024-WE-000452,REC-2023-4012,MP-LS-17-52,Hon'ble Member of Parliament (Krishnanagar),"Additional Classroom Building at Dhubulia, Block Nabadwip",Education & Classrooms,Additional Classroom Building,West Bengal,Nadia,Krishnanagar,Nabadwip,Dhubulia,23.3464,88.4273,3530000.0,3380000.0,1638000.0,1742000.0,2023-07-28,2023-08-29,2023-09-28,2024-03-04,,Ongoing,50.0,AGY-RWD-02,Rural Works Department (RWD) Engineering Wing,3,3,False,DEMO/SYNTHETIC DATA
MPL-2024-KE-000453,REC-2023-7847,MP-LS-17-46,Hon'ble Member of Parliament (Ernakulam),"Public Bus Passenger Shelter at Kalamassery, Block Aluva",Community Infrastructure,Public Bus Passenger Shelter,Kerala,Ernakulam,Ernakulam,Aluva,Kalamassery,9.9871,76.3373,3180000.0,3030000.0,863000.0,2167000.0,2023-11-07,2024-01-04,2024-01-14,2024-07-13,,Ongoing,31.0,AGY-DRDA-04,District Rural Development Agency (DRDA),3,2,False,DEMO/SYNTHETIC DATA
MPL-2024-WE-000454,REC-2023-1098,MP-LS-17-84,Hon'ble Member of Parliament (Krishnanagar),"Community Public Toilet Complex at Bethuadahari, Block Chapra",Health & Sanitation,Community Public Toilet Complex,West Bengal,Nadia,Krishnanagar,Chapra,Bethuadahari,23.4567,88.4899,2860000.0,2710000.0,2710000.0,0.0,2023-06-20,2023-08-04,2023-08-27,2024-01-15,2023-12-29,Completed,100.0,AGY-ZP-03,Zila Parishad Rural Infrastructure Cell,5,3,True,DEMO/SYNTHETIC DATA
MPL-2024-KA-000455,REC-2023-2358,MP-LS-17-11,Hon'ble Member of Parliament (Bangalore North),"Paver Block Road at Doddaballapur Rd, Block Bengaluru North",Rural Roads & Bridges,Paver Block Road,Karnataka,Bengaluru Urban,Bangalore North,Bengaluru North,Doddaballapur Rd,13.0507,77.5431,1780000.0,1730000.0,1730000.0,0.0,2023-01-10,2023-03-05,2023-03-20,2023-08-11,2023-09-14,Completed,100.0,AGY-RWD-02,Rural Works Department (RWD) Engineering Wing,4,2,True,DEMO/SYNTHETIC DATA
MPL-2024-KA-000456,REC-2023-1168,MP-LS-17-17,Hon'ble Member of Parliament (Bangalore North),"Crematorium Shed with Amenities at Mandur, Block Anekal",Community Infrastructure,Crematorium Shed with Amenities,Karnataka,Bengaluru Urban,Bangalore North,Anekal,Mandur,12.9053,77.5861,1500000.0,1500000.0,759000.0,741000.0,2023-04-18,2023-05-26,2023-06-17,2024-02-20,,Ongoing,55.0,AGY-WSS-05,Public Health Engineering & Water Supply Dept,3,2,False,DEMO/SYNTHETIC DATA
MPL-2024-RA-000457,REC-2023-6655,MP-LS-17-14,Hon'ble Member of Parliament (Jaipur Rural),"High-Mast Solar Lighting Chowk at Manoharpur, Block Kotputli",Solar & Renewable Energy,High-Mast Solar Lighting Chowk,Rajasthan,Jaipur,Jaipur Rural,Kotputli,Manoharpur,26.8762,75.7801,1430000.0,1430000.0,1430000.0,0.0,2023-07-20,2023-08-25,2023-09-04,2024-01-04,2024-02-07,Completed,100.0,AGY-WSS-05,Public Health Engineering & Water Supply Dept,4,3,True,DEMO/SYNTHETIC DATA
MPL-2024-RA-000458,REC-2023-1568,MP-LS-17-70,Hon'ble Member of Parliament (Jaipur Rural),"Panchayat Community Hall at Manoharpur, Block Sanganer",Community Infrastructure,Panchayat Community Hall,Rajasthan,Jaipur,Jaipur Rural,Sanganer,Manoharpur,26.8427,75.7674,2730000.0,2680000.0,1748000.0,932000.0,2023-08-19,2023-10-15,2023-10-31,2024-06-29,,Ongoing,69.0,AGY-WSS-05,Public Health Engineering & Water Supply Dept,4,1,False,DEMO/SYNTHETIC DATA
MPL-2024-BI-000459,REC-2023-7189,MP-LS-17-74,Hon'ble Member of Parliament (Patna Sahib),"Senior Citizen Recreation Shed at Ranipur, Block Danapur",Community Infrastructure,Senior Citizen Recreation Shed,Bihar,Patna,Patna Sahib,Danapur,Ranipur,25.6195,85.1054,2840000.0,2690000.0,0.0,2690000.0,2023-03-23,2023-04-25,2023-05-23,2024-02-14,,Sanctioned,0.0,AGY-PWD-01,Public Works Department (PWD) Division I,2,0,False,DEMO/SYNTHETIC DATA
MPL-2024-KA-000460,REC-2023-8637,MP-LS-17-10,Hon'ble Member of Parliament (Bangalore North),"Public Bus Passenger Shelter at Hesaraghatta, Block Yelahanka",Community Infrastructure,Public Bus Passenger Shelter,Karnataka,Bengaluru Urban,Bangalore North,Yelahanka,Hesaraghatta,12.9514,77.5591,2710000.0,2560000.0,2560000.0,0.0,2023-07-11,2023-08-02,2023-08-23,2024-02-25,2024-03-27,Completed,100.0,AGY-RWD-02,Rural Works Department (RWD) Engineering Wing,5,4,True,DEMO/SYNTHETIC DATA
MPL-2024-AS-000461,REC-2023-8323,MP-LS-17-97,Hon'ble Member of Parliament (Gauhati),"High-Mast Solar Lighting Chowk at Dadara, Block Chaygaon",Solar & Renewable Energy,High-Mast Solar Lighting Chowk,Assam,Kamrup,Gauhati,Chaygaon,Dadara,26.2138,91.6819,590000.0,440000.0,142000.0,298000.0,2023-07-24,2023-08-17,2023-09-06,2024-03-06,,Ongoing,30.0,AGY-DRDA-04,District Rural Development Agency (DRDA),4,1,False,DEMO/SYNTHETIC DATA
MPL-2024-WE-000462,REC-2023-7678,MP-LS-17-91,Hon'ble Member of Parliament (Krishnanagar),"Paver Block Road at Mayapur, Block Nakashipara",Rural Roads & Bridges,Paver Block Road,West Bengal,Nadia,Krishnanagar,Nakashipara,Mayapur,23.3677,88.5739,2460000.0,2310000.0,0.0,2310000.0,2023-08-13,2023-10-05,2023-10-22,2024-08-04,,Sanctioned,0.0,AGY-ZP-03,Zila Parishad Rural Infrastructure Cell,2,0,False,DEMO/SYNTHETIC DATA
MPL-2024-MA-000463,REC-2023-4596,MP-LS-17-66,Hon'ble Member of Parliament (Thane),"Deep Borewell & Solar Pump System at Tokawade, Block Bhiwandi",Drinking Water,Deep Borewell & Solar Pump System,Maharashtra,Thane,Thane,Bhiwandi,Tokawade,19.2087,73.035,1000000.0,900000.0,760000.0,140000.0,2023-04-02,2023-05-23,2023-06-20,2023-10-19,,Ongoing,82.0,AGY-RWD-02,Rural Works Department (RWD) Engineering Wing,3,1,False,DEMO/SYNTHETIC DATA
MPL-2024-UT-000464,REC-2023-3202,MP-LS-17-56,Hon'ble Member of Parliament (Varanasi),"Additional Classroom Building at Tikari, Block Pindra",Education & Classrooms,Additional Classroom Building,Uttar Pradesh,Varanasi,Varanasi,Pindra,Tikari,25.2721,83.0511,3280000.0,3280000.0,3280000.0,0.0,2023-10-06,2023-11-16,2023-11-30,2024-08-25,2024-09-21,Completed,100.0,AGY-XYZ-99,XYZ Infrastructure & Construction Private Ltd,5,4,True,DEMO/SYNTHETIC DATA
MPL-2024-KE-000465,REC-2023-9261,MP-LS-17-72,Hon'ble Member of Parliament (Ernakulam),"High-Mast Solar Lighting Chowk at Edappally, Block Paravur",Solar & Renewable Energy,High-Mast Solar Lighting Chowk,Kerala,Ernakulam,Ernakulam,Paravur,Edappally,9.9988,76.2529,1840000.0,1790000.0,1790000.0,0.0,2023-05-23,2023-06-27,2023-07-25,2024-03-03,2024-03-29,Completed,100.0,AGY-RWD-02,Rural Works Department (RWD) Engineering Wing,5,3,True,DEMO/SYNTHETIC DATA
MPL-2024-MA-000466,REC-2023-3044,MP-LS-17-67,Hon'ble Member of Parliament (Thane),"Rooftop Solar for Govt Hospital at Padgha, Block Shahapur",Solar & Renewable Energy,Rooftop Solar for Govt Hospital,Maharashtra,Thane,Thane,Shahapur,Padgha,19.2318,72.984,1630000.0,1630000.0,1630000.0,0.0,2023-11-08,2023-12-18,2024-01-13,2024-09-30,2024-10-26,Completed,100.0,AGY-XYZ-99,XYZ Infrastructure & Construction Private Ltd,4,4,True,DEMO/SYNTHETIC DATA
MPL-2024-UT-000467,REC-2023-2697,MP-LS-17-70,Hon'ble Member of Parliament (Varanasi),"CC Road Construction at Harahua, Block Sewapuri",Rural Roads & Bridges,CC Road Construction,Uttar Pradesh,Varanasi,Varanasi,Sewapuri,Harahua,25.3158,82.9388,4470000.0,4470000.0,3126000.0,1344000.0,2023-02-10,2023-04-11,2023-04-23,2023-10-17,,Ongoing,77.0,AGY-XYZ-99,XYZ Infrastructure & Construction Private Ltd,2,2,False,DEMO/SYNTHETIC DATA
MPL-2024-WE-000468,REC-2023-9636,MP-LS-17-14,Hon'ble Member of Parliament (Krishnanagar),"School Boundary Wall & Sanitation at Debagram, Block Nabadwip",Education & Classrooms,School Boundary Wall & Sanitation,West Bengal,Nadia,Krishnanagar,Nabadwip,Debagram,23.4418,88.4536,1780000.0,1630000.0,1048000.0,582000.0,2023-12-18,2024-01-30,2024-02-19,2024-06-19,,Ongoing,69.0,AGY-XYZ-99,XYZ Infrastructure & Construction Private Ltd,2,3,False,DEMO/SYNTHETIC DATA
MPL-2024-KA-000469,REC-2023-2001,MP-LS-17-23,Hon'ble Member of Parliament (Bangalore North),"Deep Borewell & Solar Pump System at Attibele, Block Yelahanka",Drinking Water,Deep Borewell & Solar Pump System,Karnataka,Bengaluru Urban,Bangalore North,Yelahanka,Attibele,12.9027,77.5496,720000.0,570000.0,570000.0,0.0,2023-04-12,2023-05-13,2023-05-29,2024-01-08,2023-12-23,Completed,100.0,AGY-DRDA-04,District Rural Development Agency (DRDA),4,3,True,DEMO/SYNTHETIC DATA
MPL-2024-AS-000470,REC-2023-9634,MP-LS-17-23,Hon'ble Member of Parliament (Gauhati),"Senior Citizen Recreation Shed at Sualkuchi, Block Rangia",Community Infrastructure,Senior Citizen Recreation Shed,Assam,Kamrup,Gauhati,Rangia,Sualkuchi,26.1256,91.7867,2060000.0,1960000.0,1475000.0,485000.0,2023-06-24,2023-08-01,2023-08-12,2024-03-11,,Ongoing,82.0,AGY-RWD-02,Rural Works Department (RWD) Engineering Wing,2,3,False,DEMO/SYNTHETIC DATA
MPL-2024-KA-000471,REC-2023-6752,MP-LS-17-35,Hon'ble Member of Parliament (Bangalore North),"Solar Street Light Grid (50 poles) at Attibele, Block Bengaluru North",Solar & Renewable Energy,Solar Street Light Grid (50 poles),Karnataka,Bengaluru Urban,Bangalore North,Bengaluru North,Attibele,12.8955,77.6318,1820000.0,1770000.0,1770000.0,0.0,2023-08-01,2023-09-30,2023-10-11,2024-03-17,2024-04-05,Completed,100.0,AGY-WSS-05,Public Health Engineering & Water Supply Dept,4,3,True,DEMO/SYNTHETIC DATA
MPL-2024-KE-000472,REC-2023-1621,MP-LS-17-47,Hon'ble Member of Parliament (Ernakulam),"Deep Borewell & Solar Pump System at Perumbavoor, Block Angamaly",Drinking Water,Deep Borewell & Solar Pump System,Kerala,Ernakulam,Ernakulam,Angamaly,Perumbavoor,10.0612,76.2248,1080000.0,1030000.0,485000.0,545000.0,2023-08-25,2023-10-04,2023-10-27,2024-03-05,,Ongoing,45.0,AGY-PWD-01,Public Works Department (PWD) Division I,4,3,False,DEMO/SYNTHETIC DATA
MPL-2024-WE-000473,REC-2023-5618,MP-LS-17-98,Hon'ble Member of Parliament (Krishnanagar),"Village Waste Segregation Shed at Mayapur, Block Nakashipara",Health & Sanitation,Village Waste Segregation Shed,West Bengal,Nadia,Krishnanagar,Nakashipara,Mayapur,23.4134,88.5595,1400000.0,1250000.0,331000.0,919000.0,2023-09-28,2023-10-22,2023-11-16,2024-03-19,,Ongoing,26.0,AGY-PWD-01,Public Works Department (PWD) Division I,2,2,False,DEMO/SYNTHETIC DATA
MPL-2024-RA-000474,REC-2023-6233,MP-LS-17-46,Hon'ble Member of Parliament (Jaipur Rural),"Additional Classroom Building at Achrol, Block Amer",Education & Classrooms,Additional Classroom Building,Rajasthan,Jaipur,Jaipur Rural,Amer,Achrol,26.9035,75.7827,1890000.0,1890000.0,558000.0,1332000.0,2023-10-09,2023-11-29,2023-12-29,2024-04-29,,Ongoing,28.0,AGY-XYZ-99,XYZ Infrastructure & Construction Private Ltd,3,1,False,DEMO/SYNTHETIC DATA
MPL-2024-MA-000475,REC-2023-4416,MP-LS-17-30,Hon'ble Member of Parliament (Thane),"Hand Pump Installation Cluster at Khadavali, Block Shahapur",Drinking Water,Hand Pump Installation Cluster,Maharashtra,Thane,Thane,Shahapur,Khadavali,19.245,73.0099,2090000.0,2090000.0,794000.0,1296000.0,2023-10-09,2023-11-10,2023-12-05,2024-09-05,,Ongoing,35.0,AGY-ZP-03,Zila Parishad Rural Infrastructure Cell,2,1,False,DEMO/SYNTHETIC DATA
MPL-2024-KA-000476,REC-2023-7357,MP-LS-17-63,Hon'ble Member of Parliament (Bangalore North),"Rooftop Solar for Govt Hospital at Mandur, Block Yelahanka",Solar & Renewable Energy,Rooftop Solar for Govt Hospital,Karnataka,Bengaluru Urban,Bangalore North,Yelahanka,Mandur,12.9454,77.6058,1750000.0,1750000.0,1750000.0,0.0,2023-06-26,2023-08-20,2023-09-13,2024-03-01,2024-02-13,Completed,100.0,AGY-DRDA-04,District Rural Development Agency (DRDA),4,3,True,DEMO/SYNTHETIC DATA
MPL-2024-AS-000477,REC-2023-8937,MP-LS-17-22,Hon'ble Member of Parliament (Gauhati),"Public Bus Passenger Shelter at Puthimari, Block Hajo",Community Infrastructure,Public Bus Passenger Shelter,Assam,Kamrup,Gauhati,Hajo,Puthimari,26.1536,91.7857,2680000.0,2530000.0,0.0,2530000.0,2023-03-02,2023-04-13,2023-04-28,2023-11-06,,Sanctioned,0.0,AGY-RWD-02,Rural Works Department (RWD) Engineering Wing,2,0,False,DEMO/SYNTHETIC DATA
MPL-2024-RA-000478,REC-2023-5842,MP-LS-17-91,Hon'ble Member of Parliament (Jaipur Rural),"Additional Classroom Building at Bassi, Block Sanganer",Education & Classrooms,Additional Classroom Building,Rajasthan,Jaipur,Jaipur Rural,Sanganer,Bassi,26.8851,75.7838,2890000.0,2840000.0,1173000.0,1667000.0,2023-09-07,2023-10-10,2023-11-04,2024-08-24,,Ongoing,39.0,AGY-RWD-02,Rural Works Department (RWD) Engineering Wing,4,1,False,DEMO/SYNTHETIC DATA
MPL-2024-RA-000479,REC-2023-2682,MP-LS-17-27,Hon'ble Member of Parliament (Jaipur Rural),"RO Water Treatment Plant at Kukas, Block Kotputli",Drinking Water,RO Water Treatment Plant,Rajasthan,Jaipur,Jaipur Rural,Kotputli,Kukas,26.8397,75.7495,2080000.0,1930000.0,1930000.0,0.0,2023-02-16,2023-03-26,2023-04-21,2023-09-13,2023-08-31,Completed,100.0,AGY-XYZ-99,XYZ Infrastructure & Construction Private Ltd,5,2,True,DEMO/SYNTHETIC DATA
MPL-2024-AS-000480,REC-2023-8606,MP-LS-17-79,Hon'ble Member of Parliament (Gauhati),"Solar Street Light Grid (50 poles) at Dadara, Block Chaygaon",Solar & Renewable Energy,Solar Street Light Grid (50 poles),Assam,Kamrup,Gauhati,Chaygaon,Dadara,26.1723,91.6604,1020000.0,1020000.0,1020000.0,0.0,2023-05-23,2023-07-20,2023-08-01,2024-01-13,2024-01-26,Completed,100.0,AGY-ZP-03,Zila Parishad Rural Infrastructure Cell,5,3,True,DEMO/SYNTHETIC DATA
MPL-2024-WE-000481,REC-2023-9209,MP-LS-17-86,Hon'ble Member of Parliament (Krishnanagar),"Village Waste Segregation Shed at Bethuadahari, Block Nabadwip",Health & Sanitation,Village Waste Segregation Shed,West Bengal,Nadia,Krishnanagar,Nabadwip,Bethuadahari,23.3437,88.5195,950000.0,800000.0,575000.0,225000.0,2023-05-24,2023-07-12,2023-08-07,2024-03-10,,Ongoing,79.0,AGY-XYZ-99,XYZ Infrastructure & Construction Private Ltd,4,3,False,DEMO/SYNTHETIC DATA
MPL-2024-AS-000482,REC-2023-3065,MP-LS-17-59,Hon'ble Member of Parliament (Gauhati),"Culvert & Drainage Bridge at Dadara, Block Bezera",Rural Roads & Bridges,Culvert & Drainage Bridge,Assam,Kamrup,Gauhati,Bezera,Dadara,26.208,91.8008,3870000.0,3820000.0,1845000.0,1975000.0,2023-08-25,2023-09-14,2023-10-12,2024-05-14,,Ongoing,44.0,AGY-WSS-05,Public Health Engineering & Water Supply Dept,3,1,False,DEMO/SYNTHETIC DATA
MPL-2024-MA-000483,REC-2023-4768,MP-LS-17-80,Hon'ble Member of Parliament (Thane),"Additional Classroom Building at Vashind, Block Murbad",Education & Classrooms,Additional Classroom Building,Maharashtra,Thane,Thane,Murbad,Vashind,19.25,73.0462,2850000.0,2800000.0,2000000.0,800000.0,2023-07-19,2023-08-15,2023-09-02,2024-06-20,,Ongoing,74.0,AGY-WSS-05,Public Health Engineering & Water Supply Dept,4,2,False,DEMO/SYNTHETIC DATA
MPL-2024-AS-000484,REC-2023-6468,MP-LS-17-31,Hon'ble Member of Parliament (Gauhati),"Health Diagnostic Equipment at Boko, Block Rangia",Health & Sanitation,Health Diagnostic Equipment,Assam,Kamrup,Gauhati,Rangia,Boko,26.1565,91.7568,1490000.0,1440000.0,281000.0,1159000.0,2023-11-09,2023-12-13,2023-12-26,2024-07-04,,Ongoing,20.0,AGY-XYZ-99,XYZ Infrastructure & Construction Private Ltd,4,1,False,DEMO/SYNTHETIC DATA
MPL-2024-BI-000485,REC-2023-4506,MP-LS-17-46,Hon'ble Member of Parliament (Patna Sahib),"Piped Water Overhead Tank at Baikatpur, Block Bakhtiarpur",Drinking Water,Piped Water Overhead Tank,Bihar,Patna,Patna Sahib,Bakhtiarpur,Baikatpur,25.5265,85.2111,1410000.0,1260000.0,460000.0,800000.0,2023-11-06,2023-12-22,2024-01-21,2024-11-01,,Ongoing,36.0,AGY-XYZ-99,XYZ Infrastructure & Construction Private Ltd,3,2,False,DEMO/SYNTHETIC DATA
MPL-2024-AS-000486,REC-2023-4301,MP-LS-17-43,Hon'ble Member of Parliament (Gauhati),"Senior Citizen Recreation Shed at Dadara, Block Hajo",Community Infrastructure,Senior Citizen Recreation Shed,Assam,Kamrup,Gauhati,Hajo,Dadara,26.1098,91.6669,2100000.0,2100000.0,1483000.0,617000.0,2023-06-23,2023-07-31,2023-08-28,2024-01-21,,Ongoing,66.0,AGY-RWD-02,Rural Works Department (RWD) Engineering Wing,3,2,False,DEMO/SYNTHETIC DATA
MPL-2024-BI-000487,REC-2023-5303,MP-LS-17-62,Hon'ble Member of Parliament (Patna Sahib),"Hand Pump Installation Cluster at Gauri Chak, Block Sampatchak",Drinking Water,Hand Pump Installation Cluster,Bihar,Patna,Patna Sahib,Sampatchak,Gauri Chak,25.5621,85.1381,1890000.0,1890000.0,0.0,1890000.0,2023-08-07,2023-09-29,2023-10-17,2024-03-10,,Sanctioned,0.0,AGY-DRDA-04,District Rural Development Agency (DRDA),2,0,False,DEMO/SYNTHETIC DATA
MPL-2024-RA-000488,REC-2023-8112,MP-LS-17-45,Hon'ble Member of Parliament (Jaipur Rural),"Solar Street Light Grid (50 poles) at Manoharpur, Block Kotputli",Solar & Renewable Energy,Solar Street Light Grid (50 poles),Rajasthan,Jaipur,Jaipur Rural,Kotputli,Manoharpur,26.8565,75.8252,1080000.0,930000.0,930000.0,0.0,2023-10-24,2023-12-20,2024-01-12,2024-06-05,2024-07-03,Completed,100.0,AGY-RWD-02,Rural Works Department (RWD) Engineering Wing,4,3,True,DEMO/SYNTHETIC DATA
MPL-2024-KE-000489,REC-2023-5556,MP-LS-17-61,Hon'ble Member of Parliament (Ernakulam),"CC Road Construction at Kothamangalam, Block Vyttila",Rural Roads & Bridges,CC Road Construction,Kerala,Ernakulam,Ernakulam,Vyttila,Kothamangalam,10.0018,76.2956,2020000.0,1970000.0,1970000.0,0.0,2023-01-19,2023-03-04,2023-03-26,2023-11-09,2023-11-09,Completed,100.0,AGY-RWD-02,Rural Works Department (RWD) Engineering Wing,5,3,True,DEMO/SYNTHETIC DATA
MPL-2024-UT-000490,REC-2023-2056,MP-LS-17-49,Hon'ble Member of Parliament (Varanasi),"Community Public Toilet Complex at Rampur, Block Kashi Vidyapeeth",Health & Sanitation,Community Public Toilet Complex,Uttar Pradesh,Varanasi,Varanasi,Kashi Vidyapeeth,Rampur,25.3278,83.0087,780000.0,730000.0,730000.0,0.0,2023-03-04,2023-04-25,2023-05-11,2023-09-13,2023-10-15,Completed,100.0,AGY-XYZ-99,XYZ Infrastructure & Construction Private Ltd,4,2,True,DEMO/SYNTHETIC DATA
MPL-2024-KE-000491,REC-2023-2644,MP-LS-17-57,Hon'ble Member of Parliament (Ernakulam),"Panchayat Community Hall at Kothamangalam, Block Paravur",Community Infrastructure,Panchayat Community Hall,Kerala,Ernakulam,Ernakulam,Paravur,Kothamangalam,9.9132,76.3681,3990000.0,3990000.0,2118000.0,1872000.0,2023-01-15,2023-02-19,2023-03-01,2023-07-02,,Ongoing,55.0,AGY-RWD-02,Rural Works Department (RWD) Engineering Wing,2,2,False,DEMO/SYNTHETIC DATA
MPL-2024-KA-000492,REC-2023-7670,MP-LS-17-59,Hon'ble Member of Parliament (Bangalore North),"Community Public Toilet Complex at Mandur, Block Bengaluru North",Health & Sanitation,Community Public Toilet Complex,Karnataka,Bengaluru Urban,Bangalore North,Bengaluru North,Mandur,13.0335,77.6608,740000.0,740000.0,740000.0,0.0,2023-01-26,2023-02-27,2023-03-13,2023-11-22,2023-12-07,Completed,100.0,AGY-RWD-02,Rural Works Department (RWD) Engineering Wing,5,3,True,DEMO/SYNTHETIC DATA
MPL-2024-KE-000493,REC-2023-6878,MP-LS-17-56,Hon'ble Member of Parliament (Ernakulam),"Rooftop Solar for Govt Hospital at Edappally, Block Aluva",Solar & Renewable Energy,Rooftop Solar for Govt Hospital,Kerala,Ernakulam,Ernakulam,Aluva,Edappally,10.0452,76.3088,710000.0,710000.0,710000.0,0.0,2023-05-12,2023-06-23,2023-07-04,2023-11-04,2023-11-29,Completed,100.0,AGY-DRDA-04,District Rural Development Agency (DRDA),5,2,True,DEMO/SYNTHETIC DATA
MPL-2024-KE-000494,REC-2023-3907,MP-LS-17-83,Hon'ble Member of Parliament (Ernakulam),"Link Road Widening at Kothamangalam, Block Vyttila",Rural Roads & Bridges,Link Road Widening,Kerala,Ernakulam,Ernakulam,Vyttila,Kothamangalam,9.9134,76.2202,3260000.0,3110000.0,981000.0,2129000.0,2023-06-07,2023-07-04,2023-07-31,2024-02-28,,Ongoing,29.0,AGY-XYZ-99,XYZ Infrastructure & Construction Private Ltd,2,3,False,DEMO/SYNTHETIC DATA
MPL-2024-MA-000495,REC-2023-6179,MP-LS-17-19,Hon'ble Member of Parliament (Thane),"Rooftop Solar for Govt Hospital at Tokawade, Block Kalyan",Solar & Renewable Energy,Rooftop Solar for Govt Hospital,Maharashtra,Thane,Thane,Kalyan,Tokawade,19.2179,73.058,1410000.0,1310000.0,409000.0,901000.0,2023-01-20,2023-03-12,2023-04-10,2023-08-24,,Ongoing,32.0,AGY-XYZ-99,XYZ Infrastructure & Construction Private Ltd,2,2,False,DEMO/SYNTHETIC DATA
MPL-2024-MA-000496,REC-2023-5093,MP-LS-17-20,Hon'ble Member of Parliament (Thane),"Village Waste Segregation Shed at Vashind, Block Ambernath",Health & Sanitation,Village Waste Segregation Shed,Maharashtra,Thane,Thane,Ambernath,Vashind,19.2489,73.0038,2620000.0,2570000.0,2045000.0,525000.0,2023-03-19,2023-04-17,2023-05-08,2023-11-04,,Ongoing,73.0,AGY-ZP-03,Zila Parishad Rural Infrastructure Cell,2,1,False,DEMO/SYNTHETIC DATA
MPL-2024-AS-000497,REC-2023-7707,MP-LS-17-81,Hon'ble Member of Parliament (Gauhati),"Primary Health Sub-Centre Building at Dadara, Block Bezera",Health & Sanitation,Primary Health Sub-Centre Building,Assam,Kamrup,Gauhati,Bezera,Dadara,26.1695,91.7897,2550000.0,2450000.0,2450000.0,0.0,2023-07-08,2023-08-10,2023-09-01,2024-04-05,2024-05-15,Completed,100.0,AGY-XYZ-99,XYZ Infrastructure & Construction Private Ltd,4,4,True,DEMO/SYNTHETIC DATA
MPL-2024-BI-000498,REC-2023-9726,MP-LS-17-39,Hon'ble Member of Parliament (Patna Sahib),"Senior Citizen Recreation Shed at Sabbalpur, Block Danapur",Community Infrastructure,Senior Citizen Recreation Shed,Bihar,Patna,Patna Sahib,Danapur,Sabbalpur,25.66,85.2122,2960000.0,2960000.0,774000.0,2186000.0,2023-02-11,2023-04-04,2023-05-01,2023-12-01,,Ongoing,27.0,AGY-XYZ-99,XYZ Infrastructure & Construction Private Ltd,3,1,False,DEMO/SYNTHETIC DATA
MPL-2024-AS-000499,REC-2023-6617,MP-LS-17-15,Hon'ble Member of Parliament (Gauhati),"High-Mast Solar Lighting Chowk at Mirza, Block Kamalpur",Solar & Renewable Energy,High-Mast Solar Lighting Chowk,Assam,Kamrup,Gauhati,Kamalpur,Mirza,26.216,91.7308,960000.0,810000.0,810000.0,0.0,2023-05-19,2023-06-13,2023-06-28,2023-11-01,2023-11-05,Completed,100.0,AGY-WSS-05,Public Health Engineering & Water Supply Dept,5,2,True,DEMO/SYNTHETIC DATA
MPL-2024-RA-000500,REC-2023-8638,MP-LS-17-73,Hon'ble Member of Parliament (Jaipur Rural),"CC Road Construction at Manoharpur, Block Kotputli",Rural Roads & Bridges,CC Road Construction,Rajasthan,Jaipur,Jaipur Rural,Kotputli,Manoharpur,26.9035,75.7629,3960000.0,3810000.0,3810000.0,0.0,2023-04-04,2023-05-29,2023-06-14,2023-12-07,2023-11-17,Completed,100.0,AGY-XYZ-99,XYZ Infrastructure & Construction Private Ltd,5,4,True,DEMO/SYNTHETIC DATA
MPL-2024-MA-000501,REC-2023-5070,MP-LS-17-60,Hon'ble Member of Parliament (Thane),"Panchayat Community Hall at Saralgaon, Block Kalyan",Community Infrastructure,Panchayat Community Hall,Maharashtra,Thane,Thane,Kalyan,Saralgaon,19.2883,72.9685,1600000.0,1550000.0,1157000.0,393000.0,2023-06-24,2023-07-15,2023-07-27,2024-01-06,,Ongoing,80.0,AGY-RWD-02,Rural Works Department (RWD) Engineering Wing,4,2,False,DEMO/SYNTHETIC DATA
MPL-2024-KE-000502,REC-2023-3703,MP-LS-17-22,Hon'ble Member of Parliament (Ernakulam),"Health Diagnostic Equipment at Edappally, Block Aluva",Health & Sanitation,Health Diagnostic Equipment,Kerala,Ernakulam,Ernakulam,Aluva,Edappally,9.9753,76.2265,2400000.0,2400000.0,1745000.0,655000.0,2023-03-20,2023-04-29,2023-05-23,2023-11-21,,Ongoing,67.0,AGY-ZP-03,Zila Parishad Rural Infrastructure Cell,4,3,False,DEMO/SYNTHETIC DATA
MPL-2024-AS-000503,REC-2023-4877,MP-LS-17-10,Hon'ble Member of Parliament (Gauhati),"Public Bus Passenger Shelter at Mirza, Block Bezera",Community Infrastructure,Public Bus Passenger Shelter,Assam,Kamrup,Gauhati,Bezera,Mirza,26.1577,91.792,3150000.0,3050000.0,2155000.0,895000.0,2023-06-14,2023-07-26,2023-08-20,2024-03-06,,Ongoing,68.0,AGY-ZP-03,Zila Parishad Rural Infrastructure Cell,3,3,False,DEMO/SYNTHETIC DATA
MPL-2024-AS-000504,REC-2023-6353,MP-LS-17-14,Hon'ble Member of Parliament (Gauhati),"Rooftop Solar for Govt Hospital at Mirza, Block Chaygaon",Solar & Renewable Energy,Rooftop Solar for Govt Hospital,Assam,Kamrup,Gauhati,Chaygaon,Mirza,26.1734,91.7775,690000.0,690000.0,471000.0,219000.0,2023-04-10,2023-05-22,2023-06-01,2024-03-11,,Ongoing,64.0,AGY-XYZ-99,XYZ Infrastructure & Construction Private Ltd,2,3,False,DEMO/SYNTHETIC DATA
MPL-2024-AS-000505,REC-2023-3011,MP-LS-17-98,Hon'ble Member of Parliament (Gauhati),"Link Road Widening at Boko, Block Bezera",Rural Roads & Bridges,Link Road Widening,Assam,Kamrup,Gauhati,Bezera,Boko,26.1408,91.6925,4200000.0,4150000.0,0.0,4150000.0,2023-05-27,2023-07-03,2023-07-28,2024-03-23,,Sanctioned,0.0,AGY-XYZ-99,XYZ Infrastructure & Construction Private Ltd,2,0,False,DEMO/SYNTHETIC DATA
MPL-2024-UT-000506,REC-2023-5908,MP-LS-17-29,Hon'ble Member of Parliament (Varanasi),"Deep Borewell & Solar Pump System at Tikari, Block Arajiline",Drinking Water,Deep Borewell & Solar Pump System,Uttar Pradesh,Varanasi,Varanasi,Arajiline,Tikari,25.2386,83.0099,680000.0,630000.0,221000.0,409000.0,2023-11-01,2023-12-25,2024-01-24,2024-08-17,,Ongoing,32.0,AGY-RWD-02,Rural Works Department (RWD) Engineering Wing,2,1,False,DEMO/SYNTHETIC DATA
MPL-2024-RA-000507,REC-2023-8820,MP-LS-17-23,Hon'ble Member of Parliament (Jaipur Rural),"Paver Block Road at Bassi, Block Chaksu",Rural Roads & Bridges,Paver Block Road,Rajasthan,Jaipur,Jaipur Rural,Chaksu,Bassi,26.9388,75.7763,2250000.0,2200000.0,2200000.0,0.0,2023-04-17,2023-05-15,2023-06-01,2024-02-04,2024-02-24,Completed,100.0,AGY-PWD-01,Public Works Department (PWD) Division I,5,2,True,DEMO/SYNTHETIC DATA
MPL-2024-BI-000508,REC-2023-3945,MP-LS-17-37,Hon'ble Member of Parliament (Patna Sahib),"School Boundary Wall & Sanitation at Gauri Chak, Block Danapur",Education & Classrooms,School Boundary Wall & Sanitation,Bihar,Patna,Patna Sahib,Danapur,Gauri Chak,25.5782,85.1228,3090000.0,3090000.0,3090000.0,0.0,2023-10-21,2023-11-29,2023-12-21,2024-08-26,2024-08-27,Completed,100.0,AGY-WSS-05,Public Health Engineering & Water Supply Dept,4,2,True,DEMO/SYNTHETIC DATA
MPL-2024-KE-000509,REC-2023-5442,MP-LS-17-46,Hon'ble Member of Parliament (Ernakulam),"Deep Borewell & Solar Pump System at Kothamangalam, Block Muvattupuzha",Drinking Water,Deep Borewell & Solar Pump System,Kerala,Ernakulam,Ernakulam,Muvattupuzha,Kothamangalam,9.9344,76.3758,1130000.0,980000.0,980000.0,0.0,2023-07-01,2023-08-10,2023-09-05,2024-01-30,2024-02-08,Completed,100.0,AGY-PWD-01,Public Works Department (PWD) Division I,5,2,True,DEMO/SYNTHETIC DATA
MPL-2024-MA-000510,REC-2023-5933,MP-LS-17-15,Hon'ble Member of Parliament (Thane),"Solar Street Light Grid (50 poles) at Saralgaon, Block Kalyan",Solar & Renewable Energy,Solar Street Light Grid (50 poles),Maharashtra,Thane,Thane,Kalyan,Saralgaon,19.2134,73.0463,400000.0,400000.0,0.0,400000.0,2023-12-22,2024-01-20,2024-02-14,2024-08-15,,Sanctioned,0.0,AGY-RWD-02,Rural Works Department (RWD) Engineering Wing,2,0,False,DEMO/SYNTHETIC DATA
MPL-2024-RA-000511,REC-2023-9995,MP-LS-17-77,Hon'ble Member of Parliament (Jaipur Rural),"Community Public Toilet Complex at Bagru, Block Shahpura",Health & Sanitation,Community Public Toilet Complex,Rajasthan,Jaipur,Jaipur Rural,Shahpura,Bagru,26.9545,75.7603,2770000.0,2720000.0,2000000.0,720000.0,2023-01-13,2023-03-02,2023-03-15,2023-08-17,,Ongoing,78.0,AGY-XYZ-99,XYZ Infrastructure & Construction Private Ltd,3,2,False,DEMO/SYNTHETIC DATA
MPL-2024-RA-000512,REC-2023-3160,MP-LS-17-49,Hon'ble Member of Parliament (Jaipur Rural),"CC Road Construction at Achrol, Block Sanganer",Rural Roads & Bridges,CC Road Construction,Rajasthan,Jaipur,Jaipur Rural,Sanganer,Achrol,26.9767,75.7561,2770000.0,2770000.0,1984000.0,786000.0,2023-09-27,2023-11-25,2023-12-10,2024-04-13,,Ongoing,72.0,AGY-WSS-05,Public Health Engineering & Water Supply Dept,2,2,False,DEMO/SYNTHETIC DATA
MPL-2024-BI-000513,REC-2023-3325,MP-LS-17-65,Hon'ble Member of Parliament (Patna Sahib),"Link Road Widening at Sabbalpur, Block Bakhtiarpur",Rural Roads & Bridges,Link Road Widening,Bihar,Patna,Patna Sahib,Bakhtiarpur,Sabbalpur,25.5305,85.122,1970000.0,1920000.0,1558000.0,362000.0,2023-08-24,2023-10-19,2023-11-11,2024-05-16,,Ongoing,77.0,AGY-PWD-01,Public Works Department (PWD) Division I,4,1,False,DEMO/SYNTHETIC DATA
MPL-2024-WE-000514,REC-2023-1066,MP-LS-17-38,Hon'ble Member of Parliament (Krishnanagar),"Additional Classroom Building at Bethuadahari, Block Nabadwip",Education & Classrooms,Additional Classroom Building,West Bengal,Nadia,Krishnanagar,Nabadwip,Bethuadahari,23.4407,88.5802,2080000.0,2030000.0,1085000.0,945000.0,2023-04-17,2023-06-11,2023-07-08,2023-12-31,,Ongoing,52.0,AGY-WSS-05,Public Health Engineering & Water Supply Dept,2,3,False,DEMO/SYNTHETIC DATA
MPL-2024-AS-000515,REC-2023-1088,MP-LS-17-32,Hon'ble Member of Parliament (Gauhati),"Village Waste Segregation Shed at Puthimari, Block Kamalpur",Health & Sanitation,Village Waste Segregation Shed,Assam,Kamrup,Gauhati,Kamalpur,Puthimari,26.1253,91.8092,3040000.0,2990000.0,2990000.0,0.0,2023-01-20,2023-03-07,2023-03-31,2023-09-03,2023-09-12,Completed,100.0,AGY-PWD-01,Public Works Department (PWD) Division I,5,3,True,DEMO/SYNTHETIC DATA
MPL-2024-WE-000516,REC-2023-9530,MP-LS-17-76,Hon'ble Member of Parliament (Krishnanagar),"Rooftop Solar for Govt Hospital at Debagram, Block Nabadwip",Solar & Renewable Energy,Rooftop Solar for Govt Hospital,West Bengal,Nadia,Krishnanagar,Nabadwip,Debagram,23.4364,88.5005,1420000.0,1320000.0,724000.0,596000.0,2023-12-25,2024-01-26,2024-02-05,2024-09-12,,Ongoing,57.0,AGY-ZP-03,Zila Parishad Rural Infrastructure Cell,2,1,False,DEMO/SYNTHETIC DATA
MPL-2024-BI-000517,REC-2023-1905,MP-LS-17-49,Hon'ble Member of Parliament (Patna Sahib),"Smart Digital Library Block at Baikatpur, Block Bakhtiarpur",Education & Classrooms,Smart Digital Library Block,Bihar,Patna,Patna Sahib,Bakhtiarpur,Baikatpur,25.6365,85.1304,2130000.0,1980000.0,1980000.0,0.0,2023-04-03,2023-04-24,2023-05-14,2023-12-16,2023-12-02,Completed,100.0,AGY-RWD-02,Rural Works Department (RWD) Engineering Wing,4,4,True,DEMO/SYNTHETIC DATA
MPL-2024-AS-000518,REC-2023-5380,MP-LS-17-54,Hon'ble Member of Parliament (Gauhati),"High-Mast Solar Lighting Chowk at Puthimari, Block Kamalpur",Solar & Renewable Energy,High-Mast Solar Lighting Chowk,Assam,Kamrup,Gauhati,Kamalpur,Puthimari,26.2165,91.7898,820000.0,770000.0,683000.0,87000.0,2023-08-11,2023-09-04,2023-09-30,2024-04-22,,Ongoing,83.0,AGY-PWD-01,Public Works Department (PWD) Division I,4,3,False,DEMO/SYNTHETIC DATA
MPL-2024-KE-000519,REC-2023-8780,MP-LS-17-10,Hon'ble Member of Parliament (Ernakulam),"Paver Block Road at Kothamangalam, Block Paravur",Rural Roads & Bridges,Paver Block Road,Kerala,Ernakulam,Ernakulam,Paravur,Kothamangalam,9.9689,76.3736,1560000.0,1510000.0,1510000.0,0.0,2023-03-04,2023-03-27,2023-04-24,2023-11-22,2023-12-15,Completed,100.0,AGY-ZP-03,Zila Parishad Rural Infrastructure Cell,5,2,True,DEMO/SYNTHETIC DATA
MPL-2024-KE-000520,REC-2023-5810,MP-LS-17-10,Hon'ble Member of Parliament (Ernakulam),"Paver Block Road at Kalamassery, Block Muvattupuzha",Rural Roads & Bridges,Paver Block Road,Kerala,Ernakulam,Ernakulam,Muvattupuzha,Kalamassery,10.0371,76.2566,2880000.0,2730000.0,1092000.0,1638000.0,2023-04-10,2023-05-05,2023-05-15,2024-03-04,,Ongoing,37.0,AGY-XYZ-99,XYZ Infrastructure & Construction Private Ltd,4,3,False,DEMO/SYNTHETIC DATA
MPL-2024-WE-000521,REC-2023-6466,MP-LS-17-26,Hon'ble Member of Parliament (Krishnanagar),"Deep Borewell & Solar Pump System at Mayapur, Block Nabadwip",Drinking Water,Deep Borewell & Solar Pump System,West Bengal,Nadia,Krishnanagar,Nabadwip,Mayapur,23.3687,88.4812,1370000.0,1270000.0,774000.0,496000.0,2023-03-15,2023-05-12,2023-05-29,2023-12-14,,Ongoing,60.0,AGY-DRDA-04,District Rural Development Agency (DRDA),2,1,False,DEMO/SYNTHETIC DATA
MPL-2024-AS-000522,REC-2023-9020,MP-LS-17-48,Hon'ble Member of Parliament (Gauhati),"Additional Classroom Building at Sualkuchi, Block Kamalpur",Education & Classrooms,Additional Classroom Building,Assam,Kamrup,Gauhati,Kamalpur,Sualkuchi,26.1181,91.672,1230000.0,1080000.0,0.0,1080000.0,2023-11-14,2024-01-02,2024-02-01,2024-07-23,,Sanctioned,0.0,AGY-DRDA-04,District Rural Development Agency (DRDA),2,0,False,DEMO/SYNTHETIC DATA
MPL-2024-WE-000523,REC-2023-7677,MP-LS-17-14,Hon'ble Member of Parliament (Krishnanagar),"Community Public Toilet Complex at Mayapur, Block Chapra",Health & Sanitation,Community Public Toilet Complex,West Bengal,Nadia,Krishnanagar,Chapra,Mayapur,23.4617,88.494,1950000.0,1800000.0,1800000.0,0.0,2023-07-06,2023-08-11,2023-09-06,2024-04-20,2024-04-16,Completed,100.0,AGY-PWD-01,Public Works Department (PWD) Division I,5,2,True,DEMO/SYNTHETIC DATA
MPL-2024-KA-000524,REC-2023-1769,MP-LS-17-89,Hon'ble Member of Parliament (Bangalore North),"Link Road Widening at Doddaballapur Rd, Block Anekal",Rural Roads & Bridges,Link Road Widening,Karnataka,Bengaluru Urban,Bangalore North,Anekal,Doddaballapur Rd,12.9058,77.5307,2290000.0,2290000.0,1444000.0,846000.0,2023-04-13,2023-05-19,2023-06-07,2023-10-28,,Ongoing,68.0,AGY-XYZ-99,XYZ Infrastructure & Construction Private Ltd,4,3,False,DEMO/SYNTHETIC DATA
MPL-2024-KE-000525,REC-2023-2155,MP-LS-17-51,Hon'ble Member of Parliament (Ernakulam),"Culvert & Drainage Bridge at Edappally, Block Aluva",Rural Roads & Bridges,Culvert & Drainage Bridge,Kerala,Ernakulam,Ernakulam,Aluva,Edappally,10.0129,76.2493,1800000.0,1700000.0,1700000.0,0.0,2023-07-07,2023-08-03,2023-08-23,2024-04-28,2024-05-22,Completed,100.0,AGY-WSS-05,Public Health Engineering & Water Supply Dept,4,3,True,DEMO/SYNTHETIC DATA
MPL-2024-UT-000526,REC-2023-4424,MP-LS-17-13,Hon'ble Member of Parliament (Varanasi),"Health Diagnostic Equipment at Badagaon, Block Sewapuri",Health & Sanitation,Health Diagnostic Equipment,Uttar Pradesh,Varanasi,Varanasi,Sewapuri,Badagaon,25.3097,82.9449,1170000.0,1020000.0,1020000.0,0.0,2023-12-24,2024-02-22,2024-03-08,2024-07-08,2024-08-12,Completed,100.0,AGY-XYZ-99,XYZ Infrastructure & Construction Private Ltd,5,3,True,DEMO/SYNTHETIC DATA
MPL-2024-BI-000527,REC-2023-5984,MP-LS-17-99,Hon'ble Member of Parliament (Patna Sahib),"High-Mast Solar Lighting Chowk at Sabbalpur, Block Sampatchak",Solar & Renewable Energy,High-Mast Solar Lighting Chowk,Bihar,Patna,Patna Sahib,Sampatchak,Sabbalpur,25.6637,85.1662,1780000.0,1730000.0,1730000.0,0.0,2023-01-14,2023-03-13,2023-03-31,2023-09-02,2023-08-18,Completed,100.0,AGY-ZP-03,Zila Parishad Rural Infrastructure Cell,5,4,True,DEMO/SYNTHETIC DATA
MPL-2024-MA-000528,REC-2023-4372,MP-LS-17-76,Hon'ble Member of Parliament (Thane),"School Science Laboratory at Saralgaon, Block Ambernath",Education & Classrooms,School Science Laboratory,Maharashtra,Thane,Thane,Ambernath,Saralgaon,19.1587,73.0524,1130000.0,1080000.0,1080000.0,0.0,2023-01-25,2023-03-25,2023-04-19,2024-02-05,2024-02-28,Completed,100.0,AGY-DRDA-04,District Rural Development Agency (DRDA),5,3,True,DEMO/SYNTHETIC DATA
MPL-2024-AS-000529,REC-2023-9740,MP-LS-17-25,Hon'ble Member of Parliament (Gauhati),"High-Mast Solar Lighting Chowk at Mirza, Block Bezera",Solar & Renewable Energy,High-Mast Solar Lighting Chowk,Assam,Kamrup,Gauhati,Bezera,Mirza,26.1214,91.6792,580000.0,480000.0,126000.0,354000.0,2023-08-09,2023-10-08,2023-10-31,2024-08-14,,Ongoing,24.0,AGY-ZP-03,Zila Parishad Rural Infrastructure Cell,2,2,False,DEMO/SYNTHETIC DATA
MPL-2024-BI-000530,REC-2023-5151,MP-LS-17-24,Hon'ble Member of Parliament (Patna Sahib),"Link Road Widening at Jethuli, Block Bakhtiarpur",Rural Roads & Bridges,Link Road Widening,Bihar,Patna,Patna Sahib,Bakhtiarpur,Jethuli,25.5269,85.2142,3930000.0,3830000.0,3830000.0,0.0,2023-08-17,2023-10-14,2023-11-12,2024-06-26,2024-07-02,Completed,100.0,AGY-DRDA-04,District Rural Development Agency (DRDA),4,3,True,DEMO/SYNTHETIC DATA
MPL-2024-MA-000531,REC-2023-1747,MP-LS-17-28,Hon'ble Member of Parliament (Thane),"Health Diagnostic Equipment at Saralgaon, Block Bhiwandi",Health & Sanitation,Health Diagnostic Equipment,Maharashtra,Thane,Thane,Bhiwandi,Saralgaon,19.2728,72.9713,2710000.0,2710000.0,713000.0,1997000.0,2023-07-15,2023-09-04,2023-09-21,2024-04-13,,Ongoing,27.0,AGY-XYZ-99,XYZ Infrastructure & Construction Private Ltd,2,1,False,DEMO/SYNTHETIC DATA
MPL-2024-KE-000532,REC-2023-9150,MP-LS-17-52,Hon'ble Member of Parliament (Ernakulam),"Hand Pump Installation Cluster at Cherai, Block Aluva",Drinking Water,Hand Pump Installation Cluster,Kerala,Ernakulam,Ernakulam,Aluva,Cherai,9.9639,76.2652,1090000.0,940000.0,432000.0,508000.0,2023-05-06,2023-06-16,2023-07-06,2024-03-15,,Ongoing,48.0,AGY-PWD-01,Public Works Department (PWD) Division I,2,1,False,DEMO/SYNTHETIC DATA
MPL-2024-WE-000533,REC-2023-6179,MP-LS-17-19,Hon'ble Member of Parliament (Krishnanagar),"Additional Classroom Building at Bethuadahari, Block Nabadwip",Education & Classrooms,Additional Classroom Building,West Bengal,Nadia,Krishnanagar,Nabadwip,Bethuadahari,23.4337,88.5672,3350000.0,3350000.0,915000.0,2435000.0,2023-09-15,2023-11-09,2023-11-20,2024-06-04,,Ongoing,30.0,AGY-XYZ-99,XYZ Infrastructure & Construction Private Ltd,3,2,False,DEMO/SYNTHETIC DATA
MPL-2024-BI-000534,REC-2023-8716,MP-LS-17-58,Hon'ble Member of Parliament (Patna Sahib),"Piped Water Overhead Tank at Jethuli, Block Danapur",Drinking Water,Piped Water Overhead Tank,Bihar,Patna,Patna Sahib,Danapur,Jethuli,25.578,85.0967,1460000.0,1310000.0,1310000.0,0.0,2023-03-26,2023-05-16,2023-06-01,2024-02-12,2024-02-03,Completed,100.0,AGY-WSS-05,Public Health Engineering & Water Supply Dept,5,3,True,DEMO/SYNTHETIC DATA
MPL-2024-WE-000535,REC-2023-6078,MP-LS-17-94,Hon'ble Member of Parliament (Krishnanagar),"Crematorium Shed with Amenities at Dhubulia, Block Nakashipara",Community Infrastructure,Crematorium Shed with Amenities,West Bengal,Nadia,Krishnanagar,Nakashipara,Dhubulia,23.4625,88.4604,2420000.0,2320000.0,2320000.0,0.0,2023-03-04,2023-04-11,2023-05-02,2024-02-15,2024-03-24,Completed,100.0,AGY-XYZ-99,XYZ Infrastructure & Construction Private Ltd,4,3,True,DEMO/SYNTHETIC DATA
MPL-2024-UT-000536,REC-2023-3067,MP-LS-17-70,Hon'ble Member of Parliament (Varanasi),"Rooftop Solar for Govt Hospital at Badagaon, Block Pindra",Solar & Renewable Energy,Rooftop Solar for Govt Hospital,Uttar Pradesh,Varanasi,Varanasi,Pindra,Badagaon,25.2534,82.9141,1210000.0,1060000.0,794000.0,266000.0,2023-06-19,2023-07-26,2023-08-13,2024-04-26,,Ongoing,69.0,AGY-PWD-01,Public Works Department (PWD) Division I,2,3,False,DEMO/SYNTHETIC DATA
MPL-2024-WE-000537,REC-2023-9406,MP-LS-17-93,Hon'ble Member of Parliament (Krishnanagar),"Health Diagnostic Equipment at Tehatta, Block Nakashipara",Health & Sanitation,Health Diagnostic Equipment,West Bengal,Nadia,Krishnanagar,Nakashipara,Tehatta,23.3782,88.5689,970000.0,920000.0,920000.0,0.0,2023-08-02,2023-09-18,2023-10-09,2024-06-23,2024-07-07,Completed,100.0,AGY-XYZ-99,XYZ Infrastructure & Construction Private Ltd,5,3,True,DEMO/SYNTHETIC DATA
MPL-2024-MA-000538,REC-2023-2187,MP-LS-17-89,Hon'ble Member of Parliament (Thane),"Hand Pump Installation Cluster at Padgha, Block Ambernath",Drinking Water,Hand Pump Installation Cluster,Maharashtra,Thane,Thane,Ambernath,Padgha,19.2753,72.9228,1900000.0,1850000.0,1850000.0,0.0,2023-06-27,2023-08-09,2023-08-26,2024-05-24,2024-06-30,Completed,100.0,AGY-WSS-05,Public Health Engineering & Water Supply Dept,4,4,True,DEMO/SYNTHETIC DATA
MPL-2024-BI-000539,REC-2023-9523,MP-LS-17-45,Hon'ble Member of Parliament (Patna Sahib),"Panchayat Community Hall at Ranipur, Block Fatuha",Community Infrastructure,Panchayat Community Hall,Bihar,Patna,Patna Sahib,Fatuha,Ranipur,25.5387,85.1534,2190000.0,2090000.0,1928000.0,162000.0,2023-09-23,2023-11-10,2023-11-20,2024-08-27,,Ongoing,85.0,AGY-PWD-01,Public Works Department (PWD) Division I,2,2,False,DEMO/SYNTHETIC DATA
MPL-2024-AS-000540,REC-2023-6890,MP-LS-17-79,Hon'ble Member of Parliament (Gauhati),"Rooftop Solar for Govt Hospital at Mirza, Block Hajo",Solar & Renewable Energy,Rooftop Solar for Govt Hospital,Assam,Kamrup,Gauhati,Hajo,Mirza,26.1893,91.6788,510000.0,410000.0,410000.0,0.0,2023-09-02,2023-10-23,2023-11-15,2024-05-05,2024-04-16,Completed,100.0,AGY-PWD-01,Public Works Department (PWD) Division I,4,3,True,DEMO/SYNTHETIC DATA
MPL-2024-BI-000541,REC-2023-5078,MP-LS-17-48,Hon'ble Member of Parliament (Patna Sahib),"Senior Citizen Recreation Shed at Ranipur, Block Sampatchak",Community Infrastructure,Senior Citizen Recreation Shed,Bihar,Patna,Patna Sahib,Sampatchak,Ranipur,25.6201,85.1606,3840000.0,3740000.0,3740000.0,0.0,2023-11-12,2024-01-04,2024-01-30,2024-07-26,2024-07-14,Completed,100.0,AGY-XYZ-99,XYZ Infrastructure & Construction Private Ltd,4,3,True,DEMO/SYNTHETIC DATA
MPL-2024-KA-000542,REC-2023-9672,MP-LS-17-98,Hon'ble Member of Parliament (Bangalore North),"School Boundary Wall & Sanitation at Attibele, Block Yelahanka",Education & Classrooms,School Boundary Wall & Sanitation,Karnataka,Bengaluru Urban,Bangalore North,Yelahanka,Attibele,12.9652,77.5298,2900000.0,2750000.0,2750000.0,0.0,2023-03-27,2023-05-26,2023-06-08,2023-12-05,2023-11-26,Completed,100.0,AGY-PWD-01,Public Works Department (PWD) Division I,4,2,True,DEMO/SYNTHETIC DATA
MPL-2024-UT-000543,REC-2023-9177,MP-LS-17-75,Hon'ble Member of Parliament (Varanasi),"Crematorium Shed with Amenities at Chhatar, Block Arajiline",Community Infrastructure,Crematorium Shed with Amenities,Uttar Pradesh,Varanasi,Varanasi,Arajiline,Chhatar,25.3132,82.9303,1140000.0,1040000.0,1040000.0,0.0,2023-08-03,2023-09-29,2023-10-17,2024-07-02,2024-07-22,Completed,100.0,AGY-XYZ-99,XYZ Infrastructure & Construction Private Ltd,4,4,True,DEMO/SYNTHETIC DATA
MPL-2024-MA-000544,REC-2023-2550,MP-LS-17-95,Hon'ble Member of Parliament (Thane),"Senior Citizen Recreation Shed at Padgha, Block Ambernath",Community Infrastructure,Senior Citizen Recreation Shed,Maharashtra,Thane,Thane,Ambernath,Padgha,19.1954,72.9189,1920000.0,1870000.0,1870000.0,0.0,2023-01-02,2023-02-09,2023-02-27,2023-09-19,2023-10-28,Completed,100.0,AGY-PWD-01,Public Works Department (PWD) Division I,5,2,True,DEMO/SYNTHETIC DATA
MPL-2024-WE-000545,REC-2023-6874,MP-LS-17-29,Hon'ble Member of Parliament (Krishnanagar),"Solar Street Light Grid (50 poles) at Tehatta, Block Nabadwip",Solar & Renewable Energy,Solar Street Light Grid (50 poles),West Bengal,Nadia,Krishnanagar,Nabadwip,Tehatta,23.3929,88.4784,890000.0,890000.0,325000.0,565000.0,2023-04-03,2023-05-28,2023-06-25,2024-03-08,,Ongoing,35.0,AGY-XYZ-99,XYZ Infrastructure & Construction Private Ltd,3,3,False,DEMO/SYNTHETIC DATA
MPL-2024-KE-000546,REC-2023-7822,MP-LS-17-20,Hon'ble Member of Parliament (Ernakulam),"Piped Water Overhead Tank at Kothamangalam, Block Angamaly",Drinking Water,Piped Water Overhead Tank,Kerala,Ernakulam,Ernakulam,Angamaly,Kothamangalam,10.0355,76.3751,1420000.0,1320000.0,899000.0,421000.0,2023-10-03,2023-11-03,2023-11-27,2024-07-15,,Ongoing,63.0,AGY-XYZ-99,XYZ Infrastructure & Construction Private Ltd,3,2,False,DEMO/SYNTHETIC DATA
MPL-2024-KE-000547,REC-2023-9405,MP-LS-17-96,Hon'ble Member of Parliament (Ernakulam),"Village Waste Segregation Shed at Perumbavoor, Block Angamaly",Health & Sanitation,Village Waste Segregation Shed,Kerala,Ernakulam,Ernakulam,Angamaly,Perumbavoor,10.0032,76.2371,1090000.0,940000.0,750000.0,190000.0,2023-05-25,2023-07-07,2023-07-30,2024-05-24,,Ongoing,84.0,AGY-XYZ-99,XYZ Infrastructure & Construction Private Ltd,4,3,False,DEMO/SYNTHETIC DATA
MPL-2024-AS-000548,REC-2023-5833,MP-LS-17-26,Hon'ble Member of Parliament (Gauhati),"Panchayat Community Hall at Dadara, Block Kamalpur",Community Infrastructure,Panchayat Community Hall,Assam,Kamrup,Gauhati,Kamalpur,Dadara,26.0696,91.7865,4100000.0,3950000.0,3950000.0,0.0,2023-03-24,2023-04-17,2023-05-05,2023-10-27,2023-12-06,Completed,100.0,AGY-XYZ-99,XYZ Infrastructure & Construction Private Ltd,5,4,True,DEMO/SYNTHETIC DATA
MPL-2024-BI-000549,REC-2023-8082,MP-LS-17-32,Hon'ble Member of Parliament (Patna Sahib),"Panchayat Community Hall at Gauri Chak, Block Danapur",Community Infrastructure,Panchayat Community Hall,Bihar,Patna,Patna Sahib,Danapur,Gauri Chak,25.618,85.1787,3500000.0,3500000.0,878000.0,2622000.0,2023-11-06,2023-11-26,2023-12-24,2024-08-18,,Ongoing,26.0,AGY-DRDA-04,District Rural Development Agency (DRDA),2,3,False,DEMO/SYNTHETIC DATA
MPL-2024-AS-000550,REC-2023-7747,MP-LS-17-18,Hon'ble Member of Parliament (Gauhati),"CC Road Construction at Sualkuchi, Block Rangia",Rural Roads & Bridges,CC Road Construction,Assam,Kamrup,Gauhati,Rangia,Sualkuchi,26.1225,91.7395,4260000.0,4210000.0,1465000.0,2745000.0,2023-12-17,2024-01-20,2024-02-17,2024-07-25,,Ongoing,36.0,AGY-ZP-03,Zila Parishad Rural Infrastructure Cell,3,3,False,DEMO/SYNTHETIC DATA
MPL-2024-KA-000551,REC-2023-8429,MP-LS-17-30,Hon'ble Member of Parliament (Bangalore North),"Public Bus Passenger Shelter at Singanayakanahalli, Block Yelahanka",Community Infrastructure,Public Bus Passenger Shelter,Karnataka,Bengaluru Urban,Bangalore North,Yelahanka,Singanayakanahalli,13.0287,77.6617,1590000.0,1440000.0,1440000.0,0.0,2023-09-08,2023-10-26,2023-11-20,2024-04-02,2024-03-28,Completed,100.0,AGY-DRDA-04,District Rural Development Agency (DRDA),4,2,True,DEMO/SYNTHETIC DATA
MPL-2024-RA-000552,REC-2023-5102,MP-LS-17-98,Hon'ble Member of Parliament (Jaipur Rural),"Additional Classroom Building at Manoharpur, Block Kotputli",Education & Classrooms,Additional Classroom Building,Rajasthan,Jaipur,Jaipur Rural,Kotputli,Manoharpur,26.8884,75.841,2120000.0,1970000.0,1328000.0,642000.0,2023-08-04,2023-09-03,2023-09-14,2024-05-15,,Ongoing,73.0,AGY-ZP-03,Zila Parishad Rural Infrastructure Cell,3,2,False,DEMO/SYNTHETIC DATA
MPL-2024-BI-000553,REC-2023-1759,MP-LS-17-84,Hon'ble Member of Parliament (Patna Sahib),"Rooftop Solar for Govt Hospital at Ranipur, Block Danapur",Solar & Renewable Energy,Rooftop Solar for Govt Hospital,Bihar,Patna,Patna Sahib,Danapur,Ranipur,25.6447,85.0998,1570000.0,1470000.0,0.0,1470000.0,2023-02-16,2023-03-13,2023-03-24,2023-12-31,,Sanctioned,0.0,AGY-WSS-05,Public Health Engineering & Water Supply Dept,2,0,False,DEMO/SYNTHETIC DATA
MPL-2024-MA-000554,REC-2023-9140,MP-LS-17-27,Hon'ble Member of Parliament (Thane),"Hand Pump Installation Cluster at Titwala, Block Kalyan",Drinking Water,Hand Pump Installation Cluster,Maharashtra,Thane,Thane,Kalyan,Titwala,19.2092,72.9542,2490000.0,2340000.0,2340000.0,0.0,2023-07-21,2023-09-05,2023-09-16,2024-01-19,2024-01-09,Completed,100.0,AGY-DRDA-04,District Rural Development Agency (DRDA),5,2,True,DEMO/SYNTHETIC DATA
MPL-2024-WE-000555,REC-2023-7649,MP-LS-17-23,Hon'ble Member of Parliament (Krishnanagar),"School Boundary Wall & Sanitation at Mayapur, Block Nabadwip",Education & Classrooms,School Boundary Wall & Sanitation,West Bengal,Nadia,Krishnanagar,Nabadwip,Mayapur,23.4548,88.4588,1530000.0,1530000.0,1530000.0,0.0,2023-02-23,2023-04-12,2023-05-12,2023-11-04,2023-10-18,Completed,100.0,AGY-XYZ-99,XYZ Infrastructure & Construction Private Ltd,4,3,True,DEMO/SYNTHETIC DATA
MPL-2024-UT-000556,REC-2023-6073,MP-LS-17-44,Hon'ble Member of Parliament (Varanasi),"School Science Laboratory at Badagaon, Block Cholapur",Education & Classrooms,School Science Laboratory,Uttar Pradesh,Varanasi,Varanasi,Cholapur,Badagaon,25.3481,82.9336,2880000.0,2780000.0,972000.0,1808000.0,2023-12-03,2023-12-26,2024-01-08,2024-08-30,,Ongoing,38.0,AGY-XYZ-99,XYZ Infrastructure & Construction Private Ltd,2,1,False,DEMO/SYNTHETIC DATA
MPL-2024-UT-000557,REC-2023-1976,MP-LS-17-50,Hon'ble Member of Parliament (Varanasi),"Senior Citizen Recreation Shed at Badagaon, Block Sewapuri",Community Infrastructure,Senior Citizen Recreation Shed,Uttar Pradesh,Varanasi,Varanasi,Sewapuri,Badagaon,25.3325,82.9766,1060000.0,1010000.0,578000.0,432000.0,2023-02-23,2023-04-19,2023-04-29,2023-12-22,,Ongoing,53.0,AGY-PWD-01,Public Works Department (PWD) Division I,2,1,False,DEMO/SYNTHETIC DATA
MPL-2024-BI-000558,REC-2023-8331,MP-LS-17-61,Hon'ble Member of Parliament (Patna Sahib),"Deep Borewell & Solar Pump System at Jethuli, Block Fatuha",Drinking Water,Deep Borewell & Solar Pump System,Bihar,Patna,Patna Sahib,Fatuha,Jethuli,25.5764,85.1921,1590000.0,1540000.0,0.0,1540000.0,2023-01-15,2023-02-26,2023-03-14,2023-07-29,,Sanctioned,0.0,AGY-XYZ-99,XYZ Infrastructure & Construction Private Ltd,2,0,False,DEMO/SYNTHETIC DATA
MPL-2024-KE-000559,REC-2023-7875,MP-LS-17-62,Hon'ble Member of Parliament (Ernakulam),"Smart Digital Library Block at Perumbavoor, Block Angamaly",Education & Classrooms,Smart Digital Library Block,Kerala,Ernakulam,Ernakulam,Angamaly,Perumbavoor,9.9644,76.2841,1810000.0,1760000.0,1760000.0,0.0,2023-07-09,2023-08-04,2023-08-26,2024-03-18,2024-04-07,Completed,100.0,AGY-RWD-02,Rural Works Department (RWD) Engineering Wing,5,4,True,DEMO/SYNTHETIC DATA
MPL-2024-MA-000560,REC-2023-7161,MP-LS-17-33,Hon'ble Member of Parliament (Thane),"School Science Laboratory at Vashind, Block Kalyan",Education & Classrooms,School Science Laboratory,Maharashtra,Thane,Thane,Kalyan,Vashind,19.2129,72.9497,2210000.0,2160000.0,0.0,2160000.0,2023-10-08,2023-10-29,2023-11-23,2024-05-17,,Sanctioned,0.0,AGY-WSS-05,Public Health Engineering & Water Supply Dept,2,0,False,DEMO/SYNTHETIC DATA
MPL-2024-BI-000561,REC-2023-3214,MP-LS-17-83,Hon'ble Member of Parliament (Patna Sahib),"School Boundary Wall & Sanitation at Ranipur, Block Bakhtiarpur",Education & Classrooms,School Boundary Wall & Sanitation,Bihar,Patna,Patna Sahib,Bakhtiarpur,Ranipur,25.5502,85.181,3400000.0,3400000.0,3400000.0,0.0,2023-05-17,2023-06-28,2023-07-15,2024-01-20,2024-01-27,Completed,100.0,AGY-XYZ-99,XYZ Infrastructure & Construction Private Ltd,5,3,True,DEMO/SYNTHETIC DATA
MPL-2024-KA-000562,REC-2023-7972,MP-LS-17-14,Hon'ble Member of Parliament (Bangalore North),"Smart Digital Library Block at Hesaraghatta, Block K.R. Puram",Education & Classrooms,Smart Digital Library Block,Karnataka,Bengaluru Urban,Bangalore North,K.R. Puram,Hesaraghatta,12.9597,77.5363,2900000.0,2750000.0,0.0,2750000.0,2023-10-03,2023-11-06,2023-12-04,2024-08-03,,Sanctioned,0.0,AGY-RWD-02,Rural Works Department (RWD) Engineering Wing,2,0,False,DEMO/SYNTHETIC DATA
MPL-2024-BI-000563,REC-2023-6623,MP-LS-17-84,Hon'ble Member of Parliament (Patna Sahib),"Hand Pump Installation Cluster at Sabbalpur, Block Sampatchak",Drinking Water,Hand Pump Installation Cluster,Bihar,Patna,Patna Sahib,Sampatchak,Sabbalpur,25.5405,85.1426,920000.0,920000.0,920000.0,0.0,2023-09-14,2023-11-01,2023-11-15,2024-09-07,2024-10-16,Completed,100.0,AGY-XYZ-99,XYZ Infrastructure & Construction Private Ltd,4,3,True,DEMO/SYNTHETIC DATA
MPL-2024-KE-000564,REC-2023-6975,MP-LS-17-88,Hon'ble Member of Parliament (Ernakulam),"Culvert & Drainage Bridge at Perumbavoor, Block Angamaly",Rural Roads & Bridges,Culvert & Drainage Bridge,Kerala,Ernakulam,Ernakulam,Angamaly,Perumbavoor,10.0278,76.2433,2280000.0,2280000.0,610000.0,1670000.0,2023-04-01,2023-04-30,2023-05-26,2024-01-21,,Ongoing,28.0,AGY-PWD-01,Public Works Department (PWD) Division I,3,1,False,DEMO/SYNTHETIC DATA
MPL-2024-AS-000565,REC-2023-7154,MP-LS-17-27,Hon'ble Member of Parliament (Gauhati),"High-Mast Solar Lighting Chowk at Sualkuchi, Block Chaygaon",Solar & Renewable Energy,High-Mast Solar Lighting Chowk,Assam,Kamrup,Gauhati,Chaygaon,Sualkuchi,26.2152,91.804,1090000.0,940000.0,640000.0,300000.0,2023-08-05,2023-08-25,2023-09-13,2024-01-16,,Ongoing,65.0,AGY-WSS-05,Public Health Engineering & Water Supply Dept,4,3,False,DEMO/SYNTHETIC DATA
MPL-2024-WE-000566,REC-2023-7677,MP-LS-17-71,Hon'ble Member of Parliament (Krishnanagar),"Culvert & Drainage Bridge at Bethuadahari, Block Chapra",Rural Roads & Bridges,Culvert & Drainage Bridge,West Bengal,Nadia,Krishnanagar,Chapra,Bethuadahari,23.3671,88.5755,3480000.0,3330000.0,3330000.0,0.0,2023-12-15,2024-01-14,2024-02-07,2024-08-22,2024-09-23,Completed,100.0,AGY-RWD-02,Rural Works Department (RWD) Engineering Wing,4,3,True,DEMO/SYNTHETIC DATA
MPL-2024-MA-000567,REC-2023-9572,MP-LS-17-85,Hon'ble Member of Parliament (Thane),"Panchayat Community Hall at Saralgaon, Block Kalyan",Community Infrastructure,Panchayat Community Hall,Maharashtra,Thane,Thane,Kalyan,Saralgaon,19.2818,72.9599,3660000.0,3660000.0,2575000.0,1085000.0,2023-03-05,2023-03-30,2023-04-19,2023-12-31,,Ongoing,67.0,AGY-RWD-02,Rural Works Department (RWD) Engineering Wing,2,2,False,DEMO/SYNTHETIC DATA
MPL-2024-WE-000568,REC-2023-7677,MP-LS-17-75,Hon'ble Member of Parliament (Krishnanagar),"Community Public Toilet Complex at Mayapur, Block Nabadwip",Health & Sanitation,Community Public Toilet Complex,West Bengal,Nadia,Krishnanagar,Nabadwip,Mayapur,23.4233,88.4371,940000.0,940000.0,498000.0,442000.0,2023-09-28,2023-10-23,2023-11-12,2024-07-30,,Ongoing,49.0,AGY-WSS-05,Public Health Engineering & Water Supply Dept,3,3,False,DEMO/SYNTHETIC DATA
MPL-2024-UT-000569,REC-2023-7971,MP-LS-17-54,Hon'ble Member of Parliament (Varanasi),"Primary Health Sub-Centre Building at Tikari, Block Pindra",Health & Sanitation,Primary Health Sub-Centre Building,Uttar Pradesh,Varanasi,Varanasi,Pindra,Tikari,25.3975,82.942,2020000.0,1970000.0,1346000.0,624000.0,2023-02-19,2023-04-02,2023-04-15,2023-09-28,,Ongoing,67.0,AGY-DRDA-04,District Rural Development Agency (DRDA),3,2,False,DEMO/SYNTHETIC DATA
MPL-2024-KE-000570,REC-2023-3326,MP-LS-17-37,Hon'ble Member of Parliament (Ernakulam),"Culvert & Drainage Bridge at Edappally, Block Paravur",Rural Roads & Bridges,Culvert & Drainage Bridge,Kerala,Ernakulam,Ernakulam,Paravur,Edappally,10.0179,76.2893,3360000.0,3210000.0,0.0,3210000.0,2023-05-11,2023-06-04,2023-06-29,2024-03-17,,Sanctioned,0.0,AGY-PWD-01,Public Works Department (PWD) Division I,2,0,False,DEMO/SYNTHETIC DATA
MPL-2024-UT-000571,REC-2023-2571,MP-LS-17-80,Hon'ble Member of Parliament (Varanasi),"Paver Block Road at Chhatar, Block Cholapur",Rural Roads & Bridges,Paver Block Road,Uttar Pradesh,Varanasi,Varanasi,Cholapur,Chhatar,25.3932,82.9486,3660000.0,3510000.0,3510000.0,0.0,2023-04-13,2023-05-16,2023-05-27,2024-03-17,2024-04-14,Completed,100.0,AGY-XYZ-99,XYZ Infrastructure & Construction Private Ltd,4,4,True,DEMO/SYNTHETIC DATA
MPL-2024-KE-000572,REC-2023-2869,MP-LS-17-59,Hon'ble Member of Parliament (Ernakulam),"Smart Digital Library Block at Perumbavoor, Block Paravur",Education & Classrooms,Smart Digital Library Block,Kerala,Ernakulam,Ernakulam,Paravur,Perumbavoor,9.9166,76.2329,1510000.0,1360000.0,1360000.0,0.0,2023-03-22,2023-04-15,2023-05-06,2024-01-22,2024-01-05,Completed,100.0,AGY-PWD-01,Public Works Department (PWD) Division I,5,2,True,DEMO/SYNTHETIC DATA
MPL-2024-KE-000573,REC-2023-4563,MP-LS-17-32,Hon'ble Member of Parliament (Ernakulam),"Health Diagnostic Equipment at Kalamassery, Block Muvattupuzha",Health & Sanitation,Health Diagnostic Equipment,Kerala,Ernakulam,Ernakulam,Muvattupuzha,Kalamassery,9.9395,76.3253,1870000.0,1870000.0,1870000.0,0.0,2023-09-06,2023-09-27,2023-10-19,2024-04-02,2024-03-23,Completed,100.0,AGY-XYZ-99,XYZ Infrastructure & Construction Private Ltd,5,4,True,DEMO/SYNTHETIC DATA
MPL-2024-BI-000574,REC-2023-3074,MP-LS-17-44,Hon'ble Member of Parliament (Patna Sahib),"High-Mast Solar Lighting Chowk at Jethuli, Block Bakhtiarpur",Solar & Renewable Energy,High-Mast Solar Lighting Chowk,Bihar,Patna,Patna Sahib,Bakhtiarpur,Jethuli,25.5206,85.0672,1400000.0,1250000.0,0.0,1250000.0,2023-02-03,2023-03-13,2023-03-23,2023-08-03,,Sanctioned,0.0,AGY-ZP-03,Zila Parishad Rural Infrastructure Cell,2,0,False,DEMO/SYNTHETIC DATA
MPL-2024-BI-000575,REC-2023-6456,MP-LS-17-10,Hon'ble Member of Parliament (Patna Sahib),"Deep Borewell & Solar Pump System at Ranipur, Block Phulwari Sharif",Drinking Water,Deep Borewell & Solar Pump System,Bihar,Patna,Patna Sahib,Phulwari Sharif,Ranipur,25.6693,85.1828,2300000.0,2150000.0,520000.0,1630000.0,2023-08-27,2023-09-22,2023-10-17,2024-07-09,,Ongoing,26.0,AGY-PWD-01,Public Works Department (PWD) Division I,4,1,False,DEMO/SYNTHETIC DATA
MPL-2024-UT-000576,REC-2023-8506,MP-LS-17-89,Hon'ble Member of Parliament (Varanasi),"School Science Laboratory at Shivpur, Block Pindra",Education & Classrooms,School Science Laboratory,Uttar Pradesh,Varanasi,Varanasi,Pindra,Shivpur,25.3093,82.9202,3470000.0,3370000.0,3370000.0,0.0,2023-09-28,2023-11-11,2023-12-08,2024-04-19,2024-04-11,Completed,100.0,AGY-XYZ-99,XYZ Infrastructure & Construction Private Ltd,5,3,True,DEMO/SYNTHETIC DATA
MPL-2024-MA-000577,REC-2023-6139,MP-LS-17-41,Hon'ble Member of Parliament (Thane),"Link Road Widening at Saralgaon, Block Ambernath",Rural Roads & Bridges,Link Road Widening,Maharashtra,Thane,Thane,Ambernath,Saralgaon,19.2872,73.0388,2210000.0,2160000.0,2160000.0,0.0,2023-03-18,2023-04-08,2023-04-20,2024-01-24,2024-02-08,Completed,100.0,AGY-XYZ-99,XYZ Infrastructure & Construction Private Ltd,4,3,True,DEMO/SYNTHETIC DATA
MPL-2024-RA-000578,REC-2023-6086,MP-LS-17-96,Hon'ble Member of Parliament (Jaipur Rural),"Paver Block Road at Achrol, Block Amer",Rural Roads & Bridges,Paver Block Road,Rajasthan,Jaipur,Jaipur Rural,Amer,Achrol,26.9396,75.7723,4450000.0,4350000.0,3296000.0,1054000.0,2023-06-16,2023-07-24,2023-08-23,2024-03-10,,Ongoing,79.0,AGY-DRDA-04,District Rural Development Agency (DRDA),2,2,False,DEMO/SYNTHETIC DATA
MPL-2024-AS-000579,REC-2023-9538,MP-LS-17-81,Hon'ble Member of Parliament (Gauhati),"Smart Digital Library Block at Mirza, Block Hajo",Education & Classrooms,Smart Digital Library Block,Assam,Kamrup,Gauhati,Hajo,Mirza,26.0706,91.7493,1470000.0,1420000.0,1420000.0,0.0,2023-01-26,2023-03-14,2023-04-01,2023-09-02,2023-09-25,Completed,100.0,AGY-ZP-03,Zila Parishad Rural Infrastructure Cell,5,3,True,DEMO/SYNTHETIC DATA
MPL-2024-RA-000580,REC-2023-3392,MP-LS-17-77,Hon'ble Member of Parliament (Jaipur Rural),"CC Road Construction at Bassi, Block Chaksu",Rural Roads & Bridges,CC Road Construction,Rajasthan,Jaipur,Jaipur Rural,Chaksu,Bassi,26.8485,75.801,2880000.0,2830000.0,0.0,2830000.0,2023-10-08,2023-10-30,2023-11-09,2024-03-24,,Sanctioned,0.0,AGY-RWD-02,Rural Works Department (RWD) Engineering Wing,2,0,False,DEMO/SYNTHETIC DATA
MPL-2024-WE-000581,REC-2023-5738,MP-LS-17-72,Hon'ble Member of Parliament (Krishnanagar),"RO Water Treatment Plant at Tehatta, Block Nabadwip",Drinking Water,RO Water Treatment Plant,West Bengal,Nadia,Krishnanagar,Nabadwip,Tehatta,23.3259,88.4326,2040000.0,1990000.0,1417000.0,573000.0,2023-12-12,2024-01-16,2024-02-14,2024-10-09,,Ongoing,67.0,AGY-PWD-01,Public Works Department (PWD) Division I,4,3,False,DEMO/SYNTHETIC DATA
MPL-2024-KA-000582,REC-2023-2151,MP-LS-17-71,Hon'ble Member of Parliament (Bangalore North),"Culvert & Drainage Bridge at Attibele, Block K.R. Puram",Rural Roads & Bridges,Culvert & Drainage Bridge,Karnataka,Bengaluru Urban,Bangalore North,K.R. Puram,Attibele,12.9903,77.6735,1730000.0,1580000.0,0.0,1580000.0,2023-12-13,2024-02-06,2024-02-27,2024-09-16,,Sanctioned,0.0,AGY-RWD-02,Rural Works Department (RWD) Engineering Wing,2,0,False,DEMO/SYNTHETIC DATA
MPL-2024-KE-000583,REC-2023-7800,MP-LS-17-22,Hon'ble Member of Parliament (Ernakulam),"Additional Classroom Building at Kalamassery, Block Angamaly",Education & Classrooms,Additional Classroom Building,Kerala,Ernakulam,Ernakulam,Angamaly,Kalamassery,10.0146,76.3036,3000000.0,2900000.0,2900000.0,0.0,2023-10-05,2023-11-11,2023-11-23,2024-09-11,2024-08-27,Completed,100.0,AGY-WSS-05,Public Health Engineering & Water Supply Dept,4,4,True,DEMO/SYNTHETIC DATA
MPL-2024-AS-000584,REC-2023-6897,MP-LS-17-18,Hon'ble Member of Parliament (Gauhati),"Community Public Toilet Complex at Dadara, Block Rangia",Health & Sanitation,Community Public Toilet Complex,Assam,Kamrup,Gauhati,Rangia,Dadara,26.0747,91.7586,970000.0,920000.0,434000.0,486000.0,2023-01-02,2023-01-31,2023-02-25,2023-09-07,,Ongoing,50.0,AGY-RWD-02,Rural Works Department (RWD) Engineering Wing,3,2,False,DEMO/SYNTHETIC DATA
MPL-2024-KE-000585,REC-2023-6389,MP-LS-17-82,Hon'ble Member of Parliament (Ernakulam),"Smart Digital Library Block at Edappally, Block Angamaly",Education & Classrooms,Smart Digital Library Block,Kerala,Ernakulam,Ernakulam,Angamaly,Edappally,10.0524,76.3699,1700000.0,1700000.0,1700000.0,0.0,2023-06-06,2023-07-28,2023-08-15,2024-04-24,2024-04-29,Completed,100.0,AGY-WSS-05,Public Health Engineering & Water Supply Dept,5,4,True,DEMO/SYNTHETIC DATA
MPL-2024-BI-000586,REC-2023-3110,MP-LS-17-60,Hon'ble Member of Parliament (Patna Sahib),"Village Waste Segregation Shed at Sabbalpur, Block Sampatchak",Health & Sanitation,Village Waste Segregation Shed,Bihar,Patna,Patna Sahib,Sampatchak,Sabbalpur,25.6322,85.1026,2010000.0,2010000.0,0.0,2010000.0,2023-05-27,2023-07-06,2023-07-26,2024-01-01,,Sanctioned,0.0,AGY-WSS-05,Public Health Engineering & Water Supply Dept,2,0,False,DEMO/SYNTHETIC DATA
MPL-2024-BI-000587,REC-2023-2405,MP-LS-17-45,Hon'ble Member of Parliament (Patna Sahib),"CC Road Construction at Ranipur, Block Danapur",Rural Roads & Bridges,CC Road Construction,Bihar,Patna,Patna Sahib,Danapur,Ranipur,25.5761,85.0835,3970000.0,3820000.0,2226000.0,1594000.0,2023-06-24,2023-08-23,2023-09-08,2024-01-06,,Ongoing,62.0,AGY-XYZ-99,XYZ Infrastructure & Construction Private Ltd,4,2,False,DEMO/SYNTHETIC DATA
MPL-2024-UT-000588,REC-2023-8102,MP-LS-17-37,Hon'ble Member of Parliament (Varanasi),"School Boundary Wall & Sanitation at Babatpur, Block Cholapur",Education & Classrooms,School Boundary Wall & Sanitation,Uttar Pradesh,Varanasi,Varanasi,Cholapur,Babatpur,25.3211,82.9598,1010000.0,1010000.0,1010000.0,0.0,2023-05-08,2023-06-13,2023-06-24,2023-11-26,2023-11-07,Completed,100.0,AGY-XYZ-99,XYZ Infrastructure & Construction Private Ltd,4,2,True,DEMO/SYNTHETIC DATA
MPL-2024-UT-000589,REC-2023-2304,MP-LS-17-90,Hon'ble Member of Parliament (Varanasi),"Piped Water Overhead Tank at Shivpur, Block Cholapur",Drinking Water,Piped Water Overhead Tank,Uttar Pradesh,Varanasi,Varanasi,Cholapur,Shivpur,25.2687,83.0244,2410000.0,2310000.0,2310000.0,0.0,2023-10-12,2023-11-15,2023-12-09,2024-08-15,2024-08-26,Completed,100.0,AGY-PWD-01,Public Works Department (PWD) Division I,4,4,True,DEMO/SYNTHETIC DATA
MPL-2024-MA-000590,REC-2023-7764,MP-LS-17-39,Hon'ble Member of Parliament (Thane),"Crematorium Shed with Amenities at Vashind, Block Ambernath",Community Infrastructure,Crematorium Shed with Amenities,Maharashtra,Thane,Thane,Ambernath,Vashind,19.2758,73.0129,3970000.0,3870000.0,1220000.0,2650000.0,2023-08-12,2023-10-04,2023-10-15,2024-06-02,,Ongoing,35.0,AGY-XYZ-99,XYZ Infrastructure & Construction Private Ltd,4,1,False,DEMO/SYNTHETIC DATA
MPL-2024-KA-000591,REC-2023-6541,MP-LS-17-29,Hon'ble Member of Parliament (Bangalore North),"Village Waste Segregation Shed at Hesaraghatta, Block Yelahanka",Health & Sanitation,Village Waste Segregation Shed,Karnataka,Bengaluru Urban,Bangalore North,Yelahanka,Hesaraghatta,13.0194,77.646,1370000.0,1320000.0,1320000.0,0.0,2023-09-01,2023-10-20,2023-11-15,2024-06-16,2024-06-07,Completed,100.0,AGY-PWD-01,Public Works Department (PWD) Division I,5,3,True,DEMO/SYNTHETIC DATA
MPL-2024-MA-000592,REC-2023-2202,MP-LS-17-67,Hon'ble Member of Parliament (Thane),"Community Public Toilet Complex at Titwala, Block Murbad",Health & Sanitation,Community Public Toilet Complex,Maharashtra,Thane,Thane,Murbad,Titwala,19.2386,73.0102,980000.0,830000.0,580000.0,250000.0,2023-02-12,2023-04-08,2023-05-04,2023-10-09,,Ongoing,76.0,AGY-PWD-01,Public Works Department (PWD) Division I,2,3,False,DEMO/SYNTHETIC DATA
MPL-2024-RA-000593,REC-2023-7533,MP-LS-17-91,Hon'ble Member of Parliament (Jaipur Rural),"High-Mast Solar Lighting Chowk at Bagru, Block Shahpura",Solar & Renewable Energy,High-Mast Solar Lighting Chowk,Rajasthan,Jaipur,Jaipur Rural,Shahpura,Bagru,26.8999,75.7085,1230000.0,1130000.0,0.0,1130000.0,2023-05-07,2023-06-30,2023-07-16,2024-05-04,,Sanctioned,0.0,AGY-DRDA-04,District Rural Development Agency (DRDA),2,0,False,DEMO/SYNTHETIC DATA
MPL-2024-KA-000594,REC-2023-3933,MP-LS-17-48,Hon'ble Member of Parliament (Bangalore North),"Health Diagnostic Equipment at Mandur, Block Yelahanka",Health & Sanitation,Health Diagnostic Equipment,Karnataka,Bengaluru Urban,Bangalore North,Yelahanka,Mandur,12.9212,77.6039,2870000.0,2870000.0,2870000.0,0.0,2023-11-08,2023-12-04,2023-12-28,2024-07-30,2024-07-11,Completed,100.0,AGY-ZP-03,Zila Parishad Rural Infrastructure Cell,4,2,True,DEMO/SYNTHETIC DATA
MPL-2024-BI-000595,REC-2023-4002,MP-LS-17-92,Hon'ble Member of Parliament (Patna Sahib),"Public Bus Passenger Shelter at Ranipur, Block Sampatchak",Community Infrastructure,Public Bus Passenger Shelter,Bihar,Patna,Patna Sahib,Sampatchak,Ranipur,25.6607,85.2018,2400000.0,2300000.0,921000.0,1379000.0,2023-06-15,2023-07-17,2023-08-05,2024-01-22,,Ongoing,39.0,AGY-XYZ-99,XYZ Infrastructure & Construction Private Ltd,4,3,False,DEMO/SYNTHETIC DATA
MPL-2024-MA-000596,REC-2023-5842,MP-LS-17-84,Hon'ble Member of Parliament (Thane),"RO Water Treatment Plant at Tokawade, Block Bhiwandi",Drinking Water,RO Water Treatment Plant,Maharashtra,Thane,Thane,Bhiwandi,Tokawade,19.2155,73.0539,1150000.0,1000000.0,1000000.0,0.0,2023-05-03,2023-05-25,2023-06-19,2023-11-30,2023-11-23,Completed,100.0,AGY-ZP-03,Zila Parishad Rural Infrastructure Cell,5,2,True,DEMO/SYNTHETIC DATA
MPL-2024-KA-000597,REC-2023-2425,MP-LS-17-37,Hon'ble Member of Parliament (Bangalore North),"Health Diagnostic Equipment at Hesaraghatta, Block K.R. Puram",Health & Sanitation,Health Diagnostic Equipment,Karnataka,Bengaluru Urban,Bangalore North,K.R. Puram,Hesaraghatta,13.0375,77.6041,800000.0,750000.0,750000.0,0.0,2023-08-07,2023-10-02,2023-10-19,2024-04-29,2024-05-20,Completed,100.0,AGY-PWD-01,Public Works Department (PWD) Division I,5,3,True,DEMO/SYNTHETIC DATA
MPL-2024-UT-000598,REC-2023-8892,MP-LS-17-89,Hon'ble Member of Parliament (Varanasi),"High-Mast Solar Lighting Chowk at Rampur, Block Arajiline",Solar & Renewable Energy,High-Mast Solar Lighting Chowk,Uttar Pradesh,Varanasi,Varanasi,Arajiline,Rampur,25.2601,83.0139,1270000.0,1220000.0,1220000.0,0.0,2023-08-17,2023-09-21,2023-10-09,2024-04-27,2024-04-13,Completed,100.0,AGY-XYZ-99,XYZ Infrastructure & Construction Private Ltd,4,3,True,DEMO/SYNTHETIC DATA
MPL-2024-AS-000599,REC-2023-7255,MP-LS-17-29,Hon'ble Member of Parliament (Gauhati),"School Boundary Wall & Sanitation at Boko, Block Chaygaon",Education & Classrooms,School Boundary Wall & Sanitation,Assam,Kamrup,Gauhati,Chaygaon,Boko,26.0671,91.6734,3130000.0,3030000.0,0.0,3030000.0,2023-07-15,2023-08-28,2023-09-07,2024-05-06,,Sanctioned,0.0,AGY-XYZ-99,XYZ Infrastructure & Construction Private Ltd,2,0,False,DEMO/SYNTHETIC DATA
MPL-2024-RA-000600,REC-2023-7442,MP-LS-17-77,Hon'ble Member of Parliament (Jaipur Rural),"Panchayat Community Hall at Bagru, Block Shahpura",Community Infrastructure,Panchayat Community Hall,Rajasthan,Jaipur,Jaipur Rural,Shahpura,Bagru,26.9485,75.7539,2590000.0,2440000.0,832000.0,1608000.0,2023-01-12,2023-02-20,2023-03-12,2023-11-15,,Ongoing,31.0,AGY-PWD-01,Public Works Department (PWD) Division I,3,2,False,DEMO/SYNTHETIC DATA
MPL-2024-BI-000601,REC-2023-3018,MP-LS-17-46,Hon'ble Member of Parliament (Patna Sahib),"RO Water Treatment Plant at Sabbalpur, Block Phulwari Sharif",Drinking Water,RO Water Treatment Plant,Bihar,Patna,Patna Sahib,Phulwari Sharif,Sabbalpur,25.5371,85.0772,1990000.0,1940000.0,1940000.0,0.0,2023-11-02,2023-12-22,2024-01-20,2024-08-01,2024-08-16,Completed,100.0,AGY-XYZ-99,XYZ Infrastructure & Construction Private Ltd,5,2,True,DEMO/SYNTHETIC DATA
MPL-2024-BI-000602,REC-2023-9606,MP-LS-17-15,Hon'ble Member of Parliament (Patna Sahib),"RO Water Treatment Plant at Ranipur, Block Bakhtiarpur",Drinking Water,RO Water Treatment Plant,Bihar,Patna,Patna Sahib,Bakhtiarpur,Ranipur,25.6547,85.1494,850000.0,800000.0,545000.0,255000.0,2023-10-02,2023-10-29,2023-11-26,2024-08-15,,Ongoing,70.0,AGY-DRDA-04,District Rural Development Agency (DRDA),2,2,False,DEMO/SYNTHETIC DATA
MPL-2024-KE-000603,REC-2023-6610,MP-LS-17-54,Hon'ble Member of Parliament (Ernakulam),"High-Mast Solar Lighting Chowk at Kothamangalam, Block Angamaly",Solar & Renewable Energy,High-Mast Solar Lighting Chowk,Kerala,Ernakulam,Ernakulam,Angamaly,Kothamangalam,10.0318,76.3788,1220000.0,1170000.0,808000.0,362000.0,2023-11-02,2023-12-13,2023-12-28,2024-07-21,,Ongoing,74.0,AGY-WSS-05,Public Health Engineering & Water Supply Dept,2,2,False,DEMO/SYNTHETIC DATA
MPL-2024-KA-000604,REC-2023-3689,MP-LS-17-37,Hon'ble Member of Parliament (Bangalore North),"Hand Pump Installation Cluster at Singanayakanahalli, Block Yelahanka",Drinking Water,Hand Pump Installation Cluster,Karnataka,Bengaluru Urban,Bangalore North,Yelahanka,Singanayakanahalli,13.0186,77.5864,790000.0,640000.0,357000.0,283000.0,2023-01-05,2023-02-11,2023-03-10,2023-11-07,,Ongoing,52.0,AGY-ZP-03,Zila Parishad Rural Infrastructure Cell,3,3,False,DEMO/SYNTHETIC DATA
MPL-2024-BI-000605,REC-2023-1669,MP-LS-17-40,Hon'ble Member of Parliament (Patna Sahib),"Culvert & Drainage Bridge at Gauri Chak, Block Danapur",Rural Roads & Bridges,Culvert & Drainage Bridge,Bihar,Patna,Patna Sahib,Danapur,Gauri Chak,25.526,85.2113,4560000.0,4460000.0,4460000.0,0.0,2023-07-13,2023-08-25,2023-09-11,2024-03-10,2024-04-07,Completed,100.0,AGY-XYZ-99,XYZ Infrastructure & Construction Private Ltd,5,2,True,DEMO/SYNTHETIC DATA
MPL-2024-KE-000606,REC-2023-6926,MP-LS-17-37,Hon'ble Member of Parliament (Ernakulam),"Health Diagnostic Equipment at Kothamangalam, Block Muvattupuzha",Health & Sanitation,Health Diagnostic Equipment,Kerala,Ernakulam,Ernakulam,Muvattupuzha,Kothamangalam,9.9507,76.3029,1280000.0,1230000.0,1230000.0,0.0,2023-05-04,2023-06-26,2023-07-25,2024-04-09,2024-03-28,Completed,100.0,AGY-RWD-02,Rural Works Department (RWD) Engineering Wing,5,2,True,DEMO/SYNTHETIC DATA
MPL-2024-UT-000607,REC-2023-5792,MP-LS-17-81,Hon'ble Member of Parliament (Varanasi),"Culvert & Drainage Bridge at Badagaon, Block Arajiline",Rural Roads & Bridges,Culvert & Drainage Bridge,Uttar Pradesh,Varanasi,Varanasi,Arajiline,Badagaon,25.2767,83.0043,4450000.0,4450000.0,2136000.0,2314000.0,2023-04-25,2023-06-19,2023-07-15,2023-12-06,,Ongoing,53.0,AGY-XYZ-99,XYZ Infrastructure & Construction Private Ltd,2,3,False,DEMO/SYNTHETIC DATA
MPL-2024-KA-000608,REC-2023-3844,MP-LS-17-79,Hon'ble Member of Parliament (Bangalore North),"Smart Digital Library Block at Hesaraghatta, Block Bengaluru North",Education & Classrooms,Smart Digital Library Block,Karnataka,Bengaluru Urban,Bangalore North,Bengaluru North,Hesaraghatta,12.9103,77.6715,2010000.0,1960000.0,1405000.0,555000.0,2023-06-27,2023-08-19,2023-09-12,2024-05-31,,Ongoing,71.0,AGY-RWD-02,Rural Works Department (RWD) Engineering Wing,2,1,False,DEMO/SYNTHETIC DATA
MPL-2024-MA-000609,REC-2023-1881,MP-LS-17-15,Hon'ble Member of Parliament (Thane),"Public Bus Passenger Shelter at Vashind, Block Ambernath",Community Infrastructure,Public Bus Passenger Shelter,Maharashtra,Thane,Thane,Ambernath,Vashind,19.275,72.9135,3520000.0,3370000.0,3370000.0,0.0,2023-09-24,2023-11-13,2023-11-24,2024-04-26,2024-04-29,Completed,100.0,AGY-PWD-01,Public Works Department (PWD) Division I,4,3,True,DEMO/SYNTHETIC DATA
MPL-2024-UT-000610,REC-2023-7680,MP-LS-17-15,Hon'ble Member of Parliament (Varanasi),"Rooftop Solar for Govt Hospital at Babatpur, Block Cholapur",Solar & Renewable Energy,Rooftop Solar for Govt Hospital,Uttar Pradesh,Varanasi,Varanasi,Cholapur,Babatpur,25.3652,82.9165,1260000.0,1110000.0,1110000.0,0.0,2023-06-27,2023-08-06,2023-08-23,2024-05-31,2024-07-07,Completed,100.0,AGY-WSS-05,Public Health Engineering & Water Supply Dept,5,2,True,DEMO/SYNTHETIC DATA
MPL-2024-MA-000611,REC-2023-3699,MP-LS-17-53,Hon'ble Member of Parliament (Thane),"High-Mast Solar Lighting Chowk at Padgha, Block Kalyan",Solar & Renewable Energy,High-Mast Solar Lighting Chowk,Maharashtra,Thane,Thane,Kalyan,Padgha,19.1544,72.9201,560000.0,410000.0,301000.0,109000.0,2023-01-16,2023-02-18,2023-03-17,2023-08-06,,Ongoing,81.0,AGY-WSS-05,Public Health Engineering & Water Supply Dept,2,2,False,DEMO/SYNTHETIC DATA
MPL-2024-UT-000612,REC-2023-7688,MP-LS-17-99,Hon'ble Member of Parliament (Varanasi),"Hand Pump Installation Cluster at Babatpur, Block Pindra",Drinking Water,Hand Pump Installation Cluster,Uttar Pradesh,Varanasi,Varanasi,Pindra,Babatpur,25.388,82.9673,1550000.0,1500000.0,1012000.0,488000.0,2023-02-20,2023-03-23,2023-04-03,2023-09-28,,Ongoing,63.0,AGY-XYZ-99,XYZ Infrastructure & Construction Private Ltd,2,1,False,DEMO/SYNTHETIC DATA
MPL-2024-KE-000613,REC-2023-3979,MP-LS-17-53,Hon'ble Member of Parliament (Ernakulam),"Primary Health Sub-Centre Building at Cherai, Block Muvattupuzha",Health & Sanitation,Primary Health Sub-Centre Building,Kerala,Ernakulam,Ernakulam,Muvattupuzha,Cherai,9.9192,76.2741,1560000.0,1560000.0,1004000.0,556000.0,2023-02-15,2023-03-17,2023-03-30,2023-08-31,,Ongoing,62.0,AGY-XYZ-99,XYZ Infrastructure & Construction Private Ltd,3,1,False,DEMO/SYNTHETIC DATA
MPL-2024-WE-000614,REC-2023-4106,MP-LS-17-27,Hon'ble Member of Parliament (Krishnanagar),"Village Waste Segregation Shed at Bethuadahari, Block Krishnanagar-I",Health & Sanitation,Village Waste Segregation Shed,West Bengal,Nadia,Krishnanagar,Krishnanagar-I,Bethuadahari,23.4737,88.5113,1770000.0,1770000.0,1770000.0,0.0,2023-10-26,2023-11-28,2023-12-13,2024-04-28,2024-04-10,Completed,100.0,AGY-PWD-01,Public Works Department (PWD) Division I,5,4,True,DEMO/SYNTHETIC DATA
MPL-2024-UT-000615,REC-2023-4487,MP-LS-17-12,Hon'ble Member of Parliament (Varanasi),"Paver Block Road at Babatpur, Block Pindra",Rural Roads & Bridges,Paver Block Road,Uttar Pradesh,Varanasi,Varanasi,Pindra,Babatpur,25.3054,82.9251,3290000.0,3240000.0,3240000.0,0.0,2023-07-07,2023-08-16,2023-09-11,2024-05-29,2024-06-15,Completed,100.0,AGY-XYZ-99,XYZ Infrastructure & Construction Private Ltd,4,4,True,DEMO/SYNTHETIC DATA
MPL-2024-BI-000616,REC-2023-1387,MP-LS-17-32,Hon'ble Member of Parliament (Patna Sahib),"Panchayat Community Hall at Ranipur, Block Fatuha",Community Infrastructure,Panchayat Community Hall,Bihar,Patna,Patna Sahib,Fatuha,Ranipur,25.5219,85.0729,1080000.0,1030000.0,1030000.0,0.0,2023-08-20,2023-10-08,2023-10-31,2024-05-04,2024-06-09,Completed,100.0,AGY-XYZ-99,XYZ Infrastructure & Construction Private Ltd,5,3,True,DEMO/SYNTHETIC DATA
MPL-2024-AS-000617,REC-2023-8613,MP-LS-17-61,Hon'ble Member of Parliament (Gauhati),"Deep Borewell & Solar Pump System at Puthimari, Block Bezera",Drinking Water,Deep Borewell & Solar Pump System,Assam,Kamrup,Gauhati,Bezera,Puthimari,26.1711,91.8002,1720000.0,1620000.0,1620000.0,0.0,2023-06-27,2023-08-21,2023-09-18,2024-04-17,2024-04-09,Completed,100.0,AGY-RWD-02,Rural Works Department (RWD) Engineering Wing,4,4,True,DEMO/SYNTHETIC DATA
MPL-2024-MA-000618,REC-2023-1552,MP-LS-17-81,Hon'ble Member of Parliament (Thane),"CC Road Construction at Khadavali, Block Kalyan",Rural Roads & Bridges,CC Road Construction,Maharashtra,Thane,Thane,Kalyan,Khadavali,19.2937,73.0206,2590000.0,2490000.0,1596000.0,894000.0,2023-07-12,2023-08-29,2023-09-28,2024-06-29,,Ongoing,69.0,AGY-DRDA-04,District Rural Development Agency (DRDA),3,1,False,DEMO/SYNTHETIC DATA
MPL-2024-UT-000619,REC-2023-8005,MP-LS-17-48,Hon'ble Member of Parliament (Varanasi),"School Science Laboratory at Tikari, Block Sewapuri",Education & Classrooms,School Science Laboratory,Uttar Pradesh,Varanasi,Varanasi,Sewapuri,Tikari,25.2983,83.0354,2030000.0,1880000.0,496000.0,1384000.0,2023-06-02,2023-06-25,2023-07-23,2024-04-23,,Ongoing,27.0,AGY-XYZ-99,XYZ Infrastructure & Construction Private Ltd,3,2,False,DEMO/SYNTHETIC DATA
MPL-2024-RA-000620,REC-2023-4419,MP-LS-17-34,Hon'ble Member of Parliament (Jaipur Rural),"Additional Classroom Building at Bagru, Block Chaksu",Education & Classrooms,Additional Classroom Building,Rajasthan,Jaipur,Jaipur Rural,Chaksu,Bagru,26.917,75.7646,1970000.0,1870000.0,1870000.0,0.0,2023-02-16,2023-03-15,2023-03-28,2023-11-25,2023-12-03,Completed,100.0,AGY-RWD-02,Rural Works Department (RWD) Engineering Wing,5,2,True,DEMO/SYNTHETIC DATA
MPL-2024-UT-000621,REC-2023-1984,MP-LS-17-34,Hon'ble Member of Parliament (Varanasi),"High-Mast Solar Lighting Chowk at Harahua, Block Arajiline",Solar & Renewable Energy,High-Mast Solar Lighting Chowk,Uttar Pradesh,Varanasi,Varanasi,Arajiline,Harahua,25.2881,82.8958,1050000.0,950000.0,414000.0,536000.0,2023-12-12,2024-01-10,2024-01-22,2024-08-28,,Ongoing,45.0,AGY-XYZ-99,XYZ Infrastructure & Construction Private Ltd,3,2,False,DEMO/SYNTHETIC DATA
MPL-2024-UT-000622,REC-2023-2841,MP-LS-17-61,Hon'ble Member of Parliament (Varanasi),"Paver Block Road at Shivpur, Block Kashi Vidyapeeth",Rural Roads & Bridges,Paver Block Road,Uttar Pradesh,Varanasi,Varanasi,Kashi Vidyapeeth,Shivpur,25.3614,83.0308,3700000.0,3700000.0,3700000.0,0.0,2023-01-21,2023-03-14,2023-04-04,2023-09-11,2023-09-15,Completed,100.0,AGY-XYZ-99,XYZ Infrastructure & Construction Private Ltd,4,4,True,DEMO/SYNTHETIC DATA
MPL-2024-WE-000623,REC-2023-3841,MP-LS-17-95,Hon'ble Member of Parliament (Krishnanagar),"Paver Block Road at Dhubulia, Block Nakashipara",Rural Roads & Bridges,Paver Block Road,West Bengal,Nadia,Krishnanagar,Nakashipara,Dhubulia,23.4381,88.4819,4040000.0,3890000.0,3890000.0,0.0,2023-11-07,2023-12-26,2024-01-23,2024-06-23,2024-06-20,Completed,100.0,AGY-XYZ-99,XYZ Infrastructure & Construction Private Ltd,5,4,True,DEMO/SYNTHETIC DATA
MPL-2024-RA-000624,REC-2023-8385,MP-LS-17-20,Hon'ble Member of Parliament (Jaipur Rural),"Culvert & Drainage Bridge at Achrol, Block Chaksu",Rural Roads & Bridges,Culvert & Drainage Bridge,Rajasthan,Jaipur,Jaipur Rural,Chaksu,Achrol,26.9473,75.7546,2510000.0,2460000.0,2460000.0,0.0,2023-09-25,2023-10-24,2023-11-22,2024-09-10,2024-10-14,Completed,100.0,AGY-XYZ-99,XYZ Infrastructure & Construction Private Ltd,4,3,True,DEMO/SYNTHETIC DATA
MPL-2024-RA-000625,REC-2023-5713,MP-LS-17-96,Hon'ble Member of Parliament (Jaipur Rural),"Public Bus Passenger Shelter at Achrol, Block Chaksu",Community Infrastructure,Public Bus Passenger Shelter,Rajasthan,Jaipur,Jaipur Rural,Chaksu,Achrol,26.8419,75.8004,2390000.0,2240000.0,1153000.0,1087000.0,2023-05-12,2023-06-26,2023-07-09,2023-12-28,,Ongoing,51.0,AGY-XYZ-99,XYZ Infrastructure & Construction Private Ltd,4,2,False,DEMO/SYNTHETIC DATA
MPL-2024-AS-000626,REC-2023-7139,MP-LS-17-92,Hon'ble Member of Parliament (Gauhati),"Health Diagnostic Equipment at Sualkuchi, Block Bezera",Health & Sanitation,Health Diagnostic Equipment,Assam,Kamrup,Gauhati,Bezera,Sualkuchi,26.1904,91.7553,2570000.0,2570000.0,1984000.0,586000.0,2023-07-12,2023-08-20,2023-08-30,2024-04-13,,Ongoing,71.0,AGY-XYZ-99,XYZ Infrastructure & Construction Private Ltd,2,1,False,DEMO/SYNTHETIC DATA
MPL-2024-AS-000627,REC-2023-2568,MP-LS-17-18,Hon'ble Member of Parliament (Gauhati),"RO Water Treatment Plant at Boko, Block Bezera",Drinking Water,RO Water Treatment Plant,Assam,Kamrup,Gauhati,Bezera,Boko,26.1034,91.6832,800000.0,750000.0,257000.0,493000.0,2023-12-26,2024-02-12,2024-02-25,2024-10-28,,Ongoing,34.0,AGY-RWD-02,Rural Works Department (RWD) Engineering Wing,2,3,False,DEMO/SYNTHETIC DATA
MPL-2024-BI-000628,REC-2023-7016,MP-LS-17-13,Hon'ble Member of Parliament (Patna Sahib),"School Boundary Wall & Sanitation at Gauri Chak, Block Phulwari Sharif",Education & Classrooms,School Boundary Wall & Sanitation,Bihar,Patna,Patna Sahib,Phulwari Sharif,Gauri Chak,25.5754,85.0851,2490000.0,2390000.0,2390000.0,0.0,2023-12-23,2024-01-13,2024-01-29,2024-06-04,2024-05-18,Completed,100.0,AGY-XYZ-99,XYZ Infrastructure & Construction Private Ltd,4,3,True,DEMO/SYNTHETIC DATA
MPL-2024-MA-000629,REC-2023-5565,MP-LS-17-46,Hon'ble Member of Parliament (Thane),"Hand Pump Installation Cluster at Saralgaon, Block Ambernath",Drinking Water,Hand Pump Installation Cluster,Maharashtra,Thane,Thane,Ambernath,Saralgaon,19.1764,73.0282,1620000.0,1520000.0,1203000.0,317000.0,2023-06-16,2023-08-12,2023-09-04,2024-06-19,,Ongoing,83.0,AGY-DRDA-04,District Rural Development Agency (DRDA),2,2,False,DEMO/SYNTHETIC DATA
MPL-2024-AS-000630,REC-2023-9891,MP-LS-17-48,Hon'ble Member of Parliament (Gauhati),"Panchayat Community Hall at Mirza, Block Kamalpur",Community Infrastructure,Panchayat Community Hall,Assam,Kamrup,Gauhati,Kamalpur,Mirza,26.0875,91.7496,1210000.0,1160000.0,1160000.0,0.0,2023-08-01,2023-08-24,2023-09-11,2024-03-11,2024-03-22,Completed,100.0,AGY-XYZ-99,XYZ Infrastructure & Construction Private Ltd,4,2,True,DEMO/SYNTHETIC DATA
MPL-2024-WE-000631,REC-2023-8088,MP-LS-17-72,Hon'ble Member of Parliament (Krishnanagar),"Senior Citizen Recreation Shed at Bethuadahari, Block Krishnanagar-I",Community Infrastructure,Senior Citizen Recreation Shed,West Bengal,Nadia,Krishnanagar,Krishnanagar-I,Bethuadahari,23.3334,88.4303,3690000.0,3640000.0,3640000.0,0.0,2023-10-04,2023-11-19,2023-11-30,2024-05-19,2024-06-11,Completed,100.0,AGY-DRDA-04,District Rural Development Agency (DRDA),4,4,True,DEMO/SYNTHETIC DATA
MPL-2024-RA-000632,REC-2023-1004,MP-LS-17-64,Hon'ble Member of Parliament (Jaipur Rural),"Senior Citizen Recreation Shed at Achrol, Block Sanganer",Community Infrastructure,Senior Citizen Recreation Shed,Rajasthan,Jaipur,Jaipur Rural,Sanganer,Achrol,26.9812,75.7745,2780000.0,2780000.0,2780000.0,0.0,2023-11-07,2023-12-10,2023-12-27,2024-10-16,2024-11-12,Completed,100.0,AGY-DRDA-04,District Rural Development Agency (DRDA),4,4,True,DEMO/SYNTHETIC DATA
MPL-2024-AS-000633,REC-2023-4121,MP-LS-17-75,Hon'ble Member of Parliament (Gauhati),"School Science Laboratory at Dadara, Block Rangia",Education & Classrooms,School Science Laboratory,Assam,Kamrup,Gauhati,Rangia,Dadara,26.0894,91.7032,2090000.0,2090000.0,2090000.0,0.0,2023-05-10,2023-07-09,2023-07-28,2024-03-14,2024-03-15,Completed,100.0,AGY-XYZ-99,XYZ Infrastructure & Construction Private Ltd,5,2,True,DEMO/SYNTHETIC DATA
MPL-2024-WE-000634,REC-2023-6126,MP-LS-17-87,Hon'ble Member of Parliament (Krishnanagar),"Link Road Widening at Debagram, Block Krishnanagar-I",Rural Roads & Bridges,Link Road Widening,West Bengal,Nadia,Krishnanagar,Krishnanagar-I,Debagram,23.4171,88.5352,4280000.0,4280000.0,1877000.0,2403000.0,2023-12-17,2024-02-05,2024-03-03,2024-07-09,,Ongoing,40.0,AGY-RWD-02,Rural Works Department (RWD) Engineering Wing,2,3,False,DEMO/SYNTHETIC DATA
MPL-2024-KE-000635,REC-2023-2125,MP-LS-17-39,Hon'ble Member of Parliament (Ernakulam),"Link Road Widening at Cherai, Block Paravur",Rural Roads & Bridges,Link Road Widening,Kerala,Ernakulam,Ernakulam,Paravur,Cherai,9.9307,76.2362,3240000.0,3190000.0,1467000.0,1723000.0,2023-11-26,2024-01-17,2024-01-31,2024-06-28,,Ongoing,46.0,AGY-XYZ-99,XYZ Infrastructure & Construction Private Ltd,2,3,False,DEMO/SYNTHETIC DATA
MPL-2024-BI-000636,REC-2023-9828,MP-LS-17-13,Hon'ble Member of Parliament (Patna Sahib),"Senior Citizen Recreation Shed at Baikatpur, Block Fatuha",Community Infrastructure,Senior Citizen Recreation Shed,Bihar,Patna,Patna Sahib,Fatuha,Baikatpur,25.5894,85.179,3950000.0,3800000.0,2359000.0,1441000.0,2023-12-09,2024-01-06,2024-01-27,2024-09-27,,Ongoing,66.0,AGY-PWD-01,Public Works Department (PWD) Division I,4,3,False,DEMO/SYNTHETIC DATA
MPL-2024-WE-000637,REC-2023-3824,MP-LS-17-85,Hon'ble Member of Parliament (Krishnanagar),"School Boundary Wall & Sanitation at Tehatta, Block Chapra",Education & Classrooms,School Boundary Wall & Sanitation,West Bengal,Nadia,Krishnanagar,Chapra,Tehatta,23.344,88.4521,1140000.0,1140000.0,1140000.0,0.0,2023-11-21,2024-01-07,2024-02-03,2024-10-13,2024-11-05,Completed,100.0,AGY-ZP-03,Zila Parishad Rural Infrastructure Cell,4,2,True,DEMO/SYNTHETIC DATA
MPL-2024-MA-000638,REC-2023-8896,MP-LS-17-44,Hon'ble Member of Parliament (Thane),"RO Water Treatment Plant at Vashind, Block Bhiwandi",Drinking Water,RO Water Treatment Plant,Maharashtra,Thane,Thane,Bhiwandi,Vashind,19.2666,72.9919,1090000.0,940000.0,733000.0,207000.0,2023-02-02,2023-03-28,2023-04-16,2023-10-13,,Ongoing,76.0,AGY-ZP-03,Zila Parishad Rural Infrastructure Cell,4,2,False,DEMO/SYNTHETIC DATA
MPL-2024-AS-000639,REC-2023-5851,MP-LS-17-74,Hon'ble Member of Parliament (Gauhati),"Health Diagnostic Equipment at Puthimari, Block Hajo",Health & Sanitation,Health Diagnostic Equipment,Assam,Kamrup,Gauhati,Hajo,Puthimari,26.2159,91.7234,1660000.0,1610000.0,1610000.0,0.0,2023-08-14,2023-10-03,2023-10-31,2024-04-29,2024-05-22,Completed,100.0,AGY-WSS-05,Public Health Engineering & Water Supply Dept,4,3,True,DEMO/SYNTHETIC DATA
MPL-2024-KE-000640,REC-2023-2864,MP-LS-17-85,Hon'ble Member of Parliament (Ernakulam),"Link Road Widening at Perumbavoor, Block Vyttila",Rural Roads & Bridges,Link Road Widening,Kerala,Ernakulam,Ernakulam,Vyttila,Perumbavoor,9.9641,76.3059,4370000.0,4270000.0,886000.0,3384000.0,2023-03-15,2023-04-19,2023-05-19,2024-02-16,,Ongoing,20.0,AGY-ZP-03,Zila Parishad Rural Infrastructure Cell,2,2,False,DEMO/SYNTHETIC DATA
MPL-2024-WE-000641,REC-2023-4038,MP-LS-17-89,Hon'ble Member of Parliament (Krishnanagar),"Solar Street Light Grid (50 poles) at Debagram, Block Nabadwip",Solar & Renewable Energy,Solar Street Light Grid (50 poles),West Bengal,Nadia,Krishnanagar,Nabadwip,Debagram,23.463,88.5604,1510000.0,1410000.0,991000.0,419000.0,2023-06-26,2023-07-28,2023-08-12,2024-04-08,,Ongoing,74.0,AGY-ZP-03,Zila Parishad Rural Infrastructure Cell,2,2,False,DEMO/SYNTHETIC DATA
MPL-2024-RA-000642,REC-2023-3491,MP-LS-17-51,Hon'ble Member of Parliament (Jaipur Rural),"Health Diagnostic Equipment at Nayla, Block Chaksu",Health & Sanitation,Health Diagnostic Equipment,Rajasthan,Jaipur,Jaipur Rural,Chaksu,Nayla,26.9091,75.8571,2460000.0,2410000.0,1140000.0,1270000.0,2023-06-25,2023-07-29,2023-08-22,2024-02-07,,Ongoing,47.0,AGY-WSS-05,Public Health Engineering & Water Supply Dept,4,2,False,DEMO/SYNTHETIC DATA
MPL-2024-UT-000643,REC-2023-7255,MP-LS-17-96,Hon'ble Member of Parliament (Varanasi),"Primary Health Sub-Centre Building at Badagaon, Block Arajiline",Health & Sanitation,Primary Health Sub-Centre Building,Uttar Pradesh,Varanasi,Varanasi,Arajiline,Badagaon,25.2548,82.9139,2440000.0,2390000.0,1512000.0,878000.0,2023-03-25,2023-05-19,2023-06-06,2023-10-16,,Ongoing,68.0,AGY-PWD-01,Public Works Department (PWD) Division I,2,2,False,DEMO/SYNTHETIC DATA
MPL-2024-AS-000644,REC-2023-6199,MP-LS-17-27,Hon'ble Member of Parliament (Gauhati),"Public Bus Passenger Shelter at Puthimari, Block Kamalpur",Community Infrastructure,Public Bus Passenger Shelter,Assam,Kamrup,Gauhati,Kamalpur,Puthimari,26.1076,91.694,3370000.0,3370000.0,701000.0,2669000.0,2023-04-25,2023-06-02,2023-06-23,2024-03-19,,Ongoing,22.0,AGY-ZP-03,Zila Parishad Rural Infrastructure Cell,4,1,False,DEMO/SYNTHETIC DATA
MPL-2024-RA-000645,REC-2023-7849,MP-LS-17-71,Hon'ble Member of Parliament (Jaipur Rural),"Rooftop Solar for Govt Hospital at Nayla, Block Amer",Solar & Renewable Energy,Rooftop Solar for Govt Hospital,Rajasthan,Jaipur,Jaipur Rural,Amer,Nayla,26.865,75.8506,760000.0,610000.0,610000.0,0.0,2023-09-14,2023-10-15,2023-11-07,2024-04-29,2024-06-05,Completed,100.0,AGY-ZP-03,Zila Parishad Rural Infrastructure Cell,4,3,True,DEMO/SYNTHETIC DATA
MPL-2024-AS-000646,REC-2023-3656,MP-LS-17-76,Hon'ble Member of Parliament (Gauhati),"School Boundary Wall & Sanitation at Mirza, Block Hajo",Education & Classrooms,School Boundary Wall & Sanitation,Assam,Kamrup,Gauhati,Hajo,Mirza,26.1982,91.7444,1030000.0,1030000.0,407000.0,623000.0,2023-08-06,2023-10-04,2023-10-21,2024-05-05,,Ongoing,39.0,AGY-WSS-05,Public Health Engineering & Water Supply Dept,4,3,False,DEMO/SYNTHETIC DATA
MPL-2024-UT-000647,REC-2023-7377,MP-LS-17-40,Hon'ble Member of Parliament (Varanasi),"Culvert & Drainage Bridge at Tikari, Block Arajiline",Rural Roads & Bridges,Culvert & Drainage Bridge,Uttar Pradesh,Varanasi,Varanasi,Arajiline,Tikari,25.3303,82.9319,3660000.0,3610000.0,3610000.0,0.0,2023-08-13,2023-09-03,2023-09-23,2024-07-15,2024-08-15,Completed,100.0,AGY-RWD-02,Rural Works Department (RWD) Engineering Wing,4,4,True,DEMO/SYNTHETIC DATA
MPL-2024-MA-000648,REC-2023-4966,MP-LS-17-18,Hon'ble Member of Parliament (Thane),"Link Road Widening at Titwala, Block Ambernath",Rural Roads & Bridges,Link Road Widening,Maharashtra,Thane,Thane,Ambernath,Titwala,19.2643,72.9338,2470000.0,2420000.0,1088000.0,1332000.0,2023-09-20,2023-10-21,2023-10-31,2024-08-06,,Ongoing,43.0,AGY-XYZ-99,XYZ Infrastructure & Construction Private Ltd,4,2,False,DEMO/SYNTHETIC DATA
MPL-2024-UT-000649,REC-2023-4218,MP-LS-17-53,Hon'ble Member of Parliament (Varanasi),"Public Bus Passenger Shelter at Rampur, Block Kashi Vidyapeeth",Community Infrastructure,Public Bus Passenger Shelter,Uttar Pradesh,Varanasi,Varanasi,Kashi Vidyapeeth,Rampur,25.3139,83.0262,3650000.0,3650000.0,3650000.0,0.0,2023-03-08,2023-03-29,2023-04-26,2023-09-17,2023-09-06,Completed,100.0,AGY-RWD-02,Rural Works Department (RWD) Engineering Wing,5,4,True,DEMO/SYNTHETIC DATA
MPL-2024-KA-000650,REC-2023-8490,MP-LS-17-79,Hon'ble Member of Parliament (Bangalore North),"Primary Health Sub-Centre Building at Attibele, Block Anekal",Health & Sanitation,Primary Health Sub-Centre Building,Karnataka,Bengaluru Urban,Bangalore North,Anekal,Attibele,12.9196,77.6233,790000.0,740000.0,185000.0,555000.0,2023-11-19,2023-12-17,2024-01-14,2024-06-29,,Ongoing,24.0,AGY-WSS-05,Public Health Engineering & Water Supply Dept,2,2,False,DEMO/SYNTHETIC DATA
MPL-2024-MA-000651,REC-2023-2234,MP-LS-17-11,Hon'ble Member of Parliament (Thane),"Senior Citizen Recreation Shed at Tokawade, Block Shahapur",Community Infrastructure,Senior Citizen Recreation Shed,Maharashtra,Thane,Thane,Shahapur,Tokawade,19.193,73.004,2760000.0,2610000.0,0.0,2610000.0,2023-02-11,2023-03-10,2023-03-22,2023-11-03,,Sanctioned,0.0,AGY-DRDA-04,District Rural Development Agency (DRDA),2,0,False,DEMO/SYNTHETIC DATA
MPL-2024-UT-000652,REC-2023-7452,MP-LS-17-68,Hon'ble Member of Parliament (Varanasi),"Primary Health Sub-Centre Building at Shivpur, Block Sewapuri",Health & Sanitation,Primary Health Sub-Centre Building,Uttar Pradesh,Varanasi,Varanasi,Sewapuri,Shivpur,25.3788,83.0527,2070000.0,1970000.0,1970000.0,0.0,2023-04-04,2023-05-06,2023-05-18,2024-01-30,2024-02-03,Completed,100.0,AGY-XYZ-99,XYZ Infrastructure & Construction Private Ltd,5,3,True,DEMO/SYNTHETIC DATA
MPL-2024-KA-000653,REC-2023-6930,MP-LS-17-31,Hon'ble Member of Parliament (Bangalore North),"Rooftop Solar for Govt Hospital at Attibele, Block Bengaluru North",Solar & Renewable Energy,Rooftop Solar for Govt Hospital,Karnataka,Bengaluru Urban,Bangalore North,Bengaluru North,Attibele,13.0273,77.5771,1070000.0,970000.0,269000.0,701000.0,2023-09-27,2023-11-03,2023-11-17,2024-09-05,,Ongoing,26.0,AGY-WSS-05,Public Health Engineering & Water Supply Dept,3,3,False,DEMO/SYNTHETIC DATA
MPL-2024-RA-000654,REC-2023-3717,MP-LS-17-70,Hon'ble Member of Parliament (Jaipur Rural),"CC Road Construction at Achrol, Block Chaksu",Rural Roads & Bridges,CC Road Construction,Rajasthan,Jaipur,Jaipur Rural,Chaksu,Achrol,26.8883,75.8434,2560000.0,2560000.0,2560000.0,0.0,2023-08-03,2023-09-06,2023-09-22,2024-02-01,2024-02-27,Completed,100.0,AGY-DRDA-04,District Rural Development Agency (DRDA),5,4,True,DEMO/SYNTHETIC DATA
MPL-2024-WE-000655,REC-2023-4396,MP-LS-17-68,Hon'ble Member of Parliament (Krishnanagar),"Deep Borewell & Solar Pump System at Bethuadahari, Block Nakashipara",Drinking Water,Deep Borewell & Solar Pump System,West Bengal,Nadia,Krishnanagar,Nakashipara,Bethuadahari,23.3581,88.462,2290000.0,2140000.0,0.0,2140000.0,2023-03-26,2023-05-06,2023-06-01,2023-11-01,,Sanctioned,0.0,AGY-PWD-01,Public Works Department (PWD) Division I,2,0,False,DEMO/SYNTHETIC DATA
MPL-2024-RA-000656,REC-2023-1948,MP-LS-17-84,Hon'ble Member of Parliament (Jaipur Rural),"Paver Block Road at Kukas, Block Kotputli",Rural Roads & Bridges,Paver Block Road,Rajasthan,Jaipur,Jaipur Rural,Kotputli,Kukas,26.8326,75.8071,2840000.0,2840000.0,2840000.0,0.0,2023-01-10,2023-02-05,2023-02-25,2023-07-12,2023-07-24,Completed,100.0,AGY-XYZ-99,XYZ Infrastructure & Construction Private Ltd,4,2,True,DEMO/SYNTHETIC DATA
MPL-2024-MA-000657,REC-2023-6660,MP-LS-17-77,Hon'ble Member of Parliament (Thane),"Public Bus Passenger Shelter at Titwala, Block Bhiwandi",Community Infrastructure,Public Bus Passenger Shelter,Maharashtra,Thane,Thane,Bhiwandi,Titwala,19.2379,72.9214,3930000.0,3880000.0,916000.0,2964000.0,2023-08-15,2023-09-06,2023-09-28,2024-04-26,,Ongoing,26.0,AGY-RWD-02,Rural Works Department (RWD) Engineering Wing,3,2,False,DEMO/SYNTHETIC DATA
MPL-2024-AS-000658,REC-2023-8513,MP-LS-17-82,Hon'ble Member of Parliament (Gauhati),"Culvert & Drainage Bridge at Puthimari, Block Bezera",Rural Roads & Bridges,Culvert & Drainage Bridge,Assam,Kamrup,Gauhati,Bezera,Puthimari,26.2219,91.8052,1930000.0,1930000.0,1930000.0,0.0,2023-05-12,2023-06-10,2023-07-10,2023-12-07,2023-11-29,Completed,100.0,AGY-WSS-05,Public Health Engineering & Water Supply Dept,4,4,True,DEMO/SYNTHETIC DATA
MPL-2024-WE-000659,REC-2023-3826,MP-LS-17-63,Hon'ble Member of Parliament (Krishnanagar),"Health Diagnostic Equipment at Tehatta, Block Nabadwip",Health & Sanitation,Health Diagnostic Equipment,West Bengal,Nadia,Krishnanagar,Nabadwip,Tehatta,23.3531,88.4292,2590000.0,2590000.0,2590000.0,0.0,2023-12-27,2024-02-06,2024-02-26,2024-10-06,2024-09-25,Completed,100.0,AGY-DRDA-04,District Rural Development Agency (DRDA),4,3,True,DEMO/SYNTHETIC DATA
MPL-2024-MA-000660,REC-2023-8610,MP-LS-17-93,Hon'ble Member of Parliament (Thane),"Panchayat Community Hall at Saralgaon, Block Kalyan",Community Infrastructure,Panchayat Community Hall,Maharashtra,Thane,Thane,Kalyan,Saralgaon,19.2303,73.0015,1220000.0,1220000.0,410000.0,810000.0,2023-08-11,2023-09-18,2023-10-18,2024-06-08,,Ongoing,34.0,AGY-WSS-05,Public Health Engineering & Water Supply Dept,4,2,False,DEMO/SYNTHETIC DATA
MPL-2024-AS-000661,REC-2023-9885,MP-LS-17-87,Hon'ble Member of Parliament (Gauhati),"Paver Block Road at Puthimari, Block Kamalpur",Rural Roads & Bridges,Paver Block Road,Assam,Kamrup,Gauhati,Kamalpur,Puthimari,26.1613,91.6785,2860000.0,2860000.0,1545000.0,1315000.0,2023-11-02,2023-12-13,2024-01-07,2024-05-08,,Ongoing,54.0,AGY-ZP-03,Zila Parishad Rural Infrastructure Cell,4,2,False,DEMO/SYNTHETIC DATA
MPL-2024-AS-000662,REC-2023-4413,MP-LS-17-40,Hon'ble Member of Parliament (Gauhati),"Community Public Toilet Complex at Dadara, Block Kamalpur",Health & Sanitation,Community Public Toilet Complex,Assam,Kamrup,Gauhati,Kamalpur,Dadara,26.1192,91.7326,810000.0,710000.0,710000.0,0.0,2023-06-25,2023-08-18,2023-09-17,2024-07-13,2024-08-22,Completed,100.0,AGY-RWD-02,Rural Works Department (RWD) Engineering Wing,5,3,True,DEMO/SYNTHETIC DATA
MPL-2024-RA-000663,REC-2023-4998,MP-LS-17-38,Hon'ble Member of Parliament (Jaipur Rural),"Solar Street Light Grid (50 poles) at Kukas, Block Kotputli",Solar & Renewable Energy,Solar Street Light Grid (50 poles),Rajasthan,Jaipur,Jaipur Rural,Kotputli,Kukas,26.8654,75.7208,610000.0,560000.0,0.0,560000.0,2023-01-13,2023-03-10,2023-03-23,2024-01-13,,Sanctioned,0.0,AGY-RWD-02,Rural Works Department (RWD) Engineering Wing,2,0,False,DEMO/SYNTHETIC DATA
MPL-2024-KE-000664,REC-2023-3408,MP-LS-17-77,Hon'ble Member of Parliament (Ernakulam),"RO Water Treatment Plant at Edappally, Block Paravur",Drinking Water,RO Water Treatment Plant,Kerala,Ernakulam,Ernakulam,Paravur,Edappally,9.9177,76.2497,1870000.0,1720000.0,1211000.0,509000.0,2023-02-24,2023-04-17,2023-05-07,2023-12-08,,Ongoing,67.0,AGY-ZP-03,Zila Parishad Rural Infrastructure Cell,2,1,False,DEMO/SYNTHETIC DATA
MPL-2024-RA-000665,REC-2023-3863,MP-LS-17-15,Hon'ble Member of Parliament (Jaipur Rural),"Community Public Toilet Complex at Manoharpur, Block Kotputli",Health & Sanitation,Community Public Toilet Complex,Rajasthan,Jaipur,Jaipur Rural,Kotputli,Manoharpur,26.9275,75.7258,960000.0,810000.0,810000.0,0.0,2023-11-16,2023-12-27,2024-01-09,2024-07-21,2024-07-17,Completed,100.0,AGY-WSS-05,Public Health Engineering & Water Supply Dept,5,3,True,DEMO/SYNTHETIC DATA
MPL-2024-MA-000666,REC-2023-4220,MP-LS-17-47,Hon'ble Member of Parliament (Thane),"CC Road Construction at Saralgaon, Block Shahapur",Rural Roads & Bridges,CC Road Construction,Maharashtra,Thane,Thane,Shahapur,Saralgaon,19.2311,73.0059,2250000.0,2100000.0,1701000.0,399000.0,2023-02-18,2023-03-19,2023-04-16,2023-12-09,,Ongoing,76.0,AGY-DRDA-04,District Rural Development Agency (DRDA),3,2,False,DEMO/SYNTHETIC DATA
MPL-2024-MA-000667,REC-2023-8315,MP-LS-17-44,Hon'ble Member of Parliament (Thane),"Hand Pump Installation Cluster at Tokawade, Block Murbad",Drinking Water,Hand Pump Installation Cluster,Maharashtra,Thane,Thane,Murbad,Tokawade,19.2916,73.043,1770000.0,1620000.0,1620000.0,0.0,2023-06-03,2023-07-16,2023-08-14,2024-04-10,2024-04-30,Completed,100.0,AGY-PWD-01,Public Works Department (PWD) Division I,4,4,True,DEMO/SYNTHETIC DATA
MPL-2024-AS-000668,REC-2023-5225,MP-LS-17-89,Hon'ble Member of Parliament (Gauhati),"Deep Borewell & Solar Pump System at Mirza, Block Kamalpur",Drinking Water,Deep Borewell & Solar Pump System,Assam,Kamrup,Gauhati,Kamalpur,Mirza,26.109,91.801,1810000.0,1760000.0,0.0,1760000.0,2023-03-27,2023-04-16,2023-04-27,2023-09-19,,Sanctioned,0.0,AGY-PWD-01,Public Works Department (PWD) Division I,2,0,False,DEMO/SYNTHETIC DATA
MPL-2024-UT-000669,REC-2023-9454,MP-LS-17-75,Hon'ble Member of Parliament (Varanasi),"High-Mast Solar Lighting Chowk at Rampur, Block Sewapuri",Solar & Renewable Energy,High-Mast Solar Lighting Chowk,Uttar Pradesh,Varanasi,Varanasi,Sewapuri,Rampur,25.2815,82.901,410000.0,410000.0,294000.0,116000.0,2023-04-12,2023-05-11,2023-05-31,2023-12-24,,Ongoing,76.0,AGY-WSS-05,Public Health Engineering & Water Supply Dept,4,2,False,DEMO/SYNTHETIC DATA
MPL-2024-KA-000670,REC-2023-6368,MP-LS-17-47,Hon'ble Member of Parliament (Bangalore North),"Piped Water Overhead Tank at Singanayakanahalli, Block Yelahanka",Drinking Water,Piped Water Overhead Tank,Karnataka,Bengaluru Urban,Bangalore North,Yelahanka,Singanayakanahalli,12.9278,77.545,1280000.0,1280000.0,478000.0,802000.0,2023-12-09,2024-01-09,2024-02-06,2024-07-08,,Ongoing,40.0,AGY-WSS-05,Public Health Engineering & Water Supply Dept,3,1,False,DEMO/SYNTHETIC DATA
MPL-2024-RA-000671,REC-2023-1431,MP-LS-17-49,Hon'ble Member of Parliament (Jaipur Rural),"School Science Laboratory at Bassi, Block Kotputli",Education & Classrooms,School Science Laboratory,Rajasthan,Jaipur,Jaipur Rural,Kotputli,Bassi,26.9479,75.834,1530000.0,1480000.0,1480000.0,0.0,2023-09-15,2023-10-10,2023-11-08,2024-04-25,2024-05-25,Completed,100.0,AGY-ZP-03,Zila Parishad Rural Infrastructure Cell,5,3,True,DEMO/SYNTHETIC DATA
MPL-2024-MA-000672,REC-2023-4285,MP-LS-17-99,Hon'ble Member of Parliament (Thane),"RO Water Treatment Plant at Tokawade, Block Bhiwandi",Drinking Water,RO Water Treatment Plant,Maharashtra,Thane,Thane,Bhiwandi,Tokawade,19.2343,73.0128,1500000.0,1450000.0,952000.0,498000.0,2023-05-07,2023-07-06,2023-07-18,2023-12-22,,Ongoing,65.0,AGY-PWD-01,Public Works Department (PWD) Division I,4,2,False,DEMO/SYNTHETIC DATA
MPL-2024-RA-000673,REC-2023-1430,MP-LS-17-24,Hon'ble Member of Parliament (Jaipur Rural),"Deep Borewell & Solar Pump System at Manoharpur, Block Kotputli",Drinking Water,Deep Borewell & Solar Pump System,Rajasthan,Jaipur,Jaipur Rural,Kotputli,Manoharpur,26.9294,75.8203,1680000.0,1580000.0,1014000.0,566000.0,2023-01-16,2023-02-22,2023-03-08,2023-08-16,,Ongoing,66.0,AGY-WSS-05,Public Health Engineering & Water Supply Dept,2,2,False,DEMO/SYNTHETIC DATA
MPL-2024-KA-000674,REC-2023-4131,MP-LS-17-39,Hon'ble Member of Parliament (Bangalore North),"Piped Water Overhead Tank at Mandur, Block K.R. Puram",Drinking Water,Piped Water Overhead Tank,Karnataka,Bengaluru Urban,Bangalore North,K.R. Puram,Mandur,13.0449,77.6368,890000.0,740000.0,740000.0,0.0,2023-12-13,2024-01-05,2024-01-23,2024-09-27,2024-10-14,Completed,100.0,AGY-RWD-02,Rural Works Department (RWD) Engineering Wing,5,3,True,DEMO/SYNTHETIC DATA
MPL-2024-RA-000675,REC-2023-3028,MP-LS-17-39,Hon'ble Member of Parliament (Jaipur Rural),"Deep Borewell & Solar Pump System at Manoharpur, Block Sanganer",Drinking Water,Deep Borewell & Solar Pump System,Rajasthan,Jaipur,Jaipur Rural,Sanganer,Manoharpur,26.9129,75.7752,1440000.0,1440000.0,967000.0,473000.0,2023-06-25,2023-07-19,2023-07-30,2024-04-01,,Ongoing,73.0,AGY-DRDA-04,District Rural Development Agency (DRDA),2,3,False,DEMO/SYNTHETIC DATA
MPL-2024-KE-000676,REC-2023-9495,MP-LS-17-29,Hon'ble Member of Parliament (Ernakulam),"CC Road Construction at Kothamangalam, Block Aluva",Rural Roads & Bridges,CC Road Construction,Kerala,Ernakulam,Ernakulam,Aluva,Kothamangalam,9.9794,76.3648,1950000.0,1800000.0,1043000.0,757000.0,2023-07-28,2023-09-22,2023-10-07,2024-05-01,,Ongoing,54.0,AGY-RWD-02,Rural Works Department (RWD) Engineering Wing,2,3,False,DEMO/SYNTHETIC DATA
MPL-2024-MA-000677,REC-2023-7008,MP-LS-17-27,Hon'ble Member of Parliament (Thane),"Panchayat Community Hall at Khadavali, Block Ambernath",Community Infrastructure,Panchayat Community Hall,Maharashtra,Thane,Thane,Ambernath,Khadavali,19.2789,73.0362,2890000.0,2790000.0,1721000.0,1069000.0,2023-11-12,2024-01-08,2024-02-02,2024-11-03,,Ongoing,62.0,AGY-RWD-02,Rural Works Department (RWD) Engineering Wing,4,3,False,DEMO/SYNTHETIC DATA
MPL-2024-WE-000678,REC-2023-3577,MP-LS-17-52,Hon'ble Member of Parliament (Krishnanagar),"Culvert & Drainage Bridge at Mayapur, Block Chapra",Rural Roads & Bridges,Culvert & Drainage Bridge,West Bengal,Nadia,Krishnanagar,Chapra,Mayapur,23.3726,88.5022,2820000.0,2670000.0,1343000.0,1327000.0,2023-07-23,2023-08-17,2023-08-31,2024-02-08,,Ongoing,47.0,AGY-DRDA-04,District Rural Development Agency (DRDA),4,3,False,DEMO/SYNTHETIC DATA
MPL-2024-KE-000679,REC-2023-3028,MP-LS-17-21,Hon'ble Member of Parliament (Ernakulam),"Village Waste Segregation Shed at Kothamangalam, Block Vyttila",Health & Sanitation,Village Waste Segregation Shed,Kerala,Ernakulam,Ernakulam,Vyttila,Kothamangalam,10.0324,76.2823,1400000.0,1250000.0,977000.0,273000.0,2023-02-03,2023-03-18,2023-04-13,2024-01-27,,Ongoing,84.0,AGY-RWD-02,Rural Works Department (RWD) Engineering Wing,3,3,False,DEMO/SYNTHETIC DATA
MPL-2024-AS-000680,REC-2023-1307,MP-LS-17-20,Hon'ble Member of Parliament (Gauhati),"Panchayat Community Hall at Mirza, Block Bezera",Community Infrastructure,Panchayat Community Hall,Assam,Kamrup,Gauhati,Bezera,Mirza,26.172,91.7515,4020000.0,3970000.0,3287000.0,683000.0,2023-02-08,2023-03-21,2023-04-11,2023-09-18,,Ongoing,82.0,AGY-RWD-02,Rural Works Department (RWD) Engineering Wing,2,3,False,DEMO/SYNTHETIC DATA
MPL-2024-BI-000681,REC-2023-8165,MP-LS-17-83,Hon'ble Member of Parliament (Patna Sahib),"Paver Block Road at Ranipur, Block Fatuha",Rural Roads & Bridges,Paver Block Road,Bihar,Patna,Patna Sahib,Fatuha,Ranipur,25.6644,85.058,3750000.0,3700000.0,2279000.0,1421000.0,2023-02-05,2023-04-01,2023-04-28,2024-01-01,,Ongoing,62.0,AGY-XYZ-99,XYZ Infrastructure & Construction Private Ltd,4,1,False,DEMO/SYNTHETIC DATA
MPL-2024-MA-000682,REC-2023-4021,MP-LS-17-31,Hon'ble Member of Parliament (Thane),"Hand Pump Installation Cluster at Padgha, Block Kalyan",Drinking Water,Hand Pump Installation Cluster,Maharashtra,Thane,Thane,Kalyan,Padgha,19.2197,72.922,1860000.0,1860000.0,1860000.0,0.0,2023-05-03,2023-06-06,2023-07-02,2024-01-13,2024-01-01,Completed,100.0,AGY-WSS-05,Public Health Engineering & Water Supply Dept,5,4,True,DEMO/SYNTHETIC DATA
MPL-2024-KA-000683,REC-2023-8202,MP-LS-17-40,Hon'ble Member of Parliament (Bangalore North),"Panchayat Community Hall at Singanayakanahalli, Block K.R. Puram",Community Infrastructure,Panchayat Community Hall,Karnataka,Bengaluru Urban,Bangalore North,K.R. Puram,Singanayakanahalli,12.9003,77.6405,2730000.0,2580000.0,2580000.0,0.0,2023-02-07,2023-03-05,2023-03-18,2023-10-08,2023-10-25,Completed,100.0,AGY-XYZ-99,XYZ Infrastructure & Construction Private Ltd,5,4,True,DEMO/SYNTHETIC DATA
MPL-2024-WE-000684,REC-2023-6635,MP-LS-17-97,Hon'ble Member of Parliament (Krishnanagar),"Paver Block Road at Bethuadahari, Block Krishnanagar-I",Rural Roads & Bridges,Paver Block Road,West Bengal,Nadia,Krishnanagar,Krishnanagar-I,Bethuadahari,23.3445,88.464,3720000.0,3620000.0,2571000.0,1049000.0,2023-04-05,2023-05-30,2023-06-20,2023-12-05,,Ongoing,71.0,AGY-PWD-01,Public Works Department (PWD) Division I,3,1,False,DEMO/SYNTHETIC DATA
MPL-2024-BI-000685,REC-2023-6252,MP-LS-17-41,Hon'ble Member of Parliament (Patna Sahib),"Additional Classroom Building at Baikatpur, Block Bakhtiarpur",Education & Classrooms,Additional Classroom Building,Bihar,Patna,Patna Sahib,Bakhtiarpur,Baikatpur,25.6352,85.2014,3320000.0,3270000.0,0.0,3270000.0,2023-10-02,2023-11-14,2023-11-28,2024-06-06,,Sanctioned,0.0,AGY-DRDA-04,District Rural Development Agency (DRDA),2,0,False,DEMO/SYNTHETIC DATA
MPL-2024-MA-000686,REC-2023-4487,MP-LS-17-12,Hon'ble Member of Parliament (Thane),"Senior Citizen Recreation Shed at Tokawade, Block Murbad",Community Infrastructure,Senior Citizen Recreation Shed,Maharashtra,Thane,Thane,Murbad,Tokawade,19.1525,72.9394,1760000.0,1610000.0,0.0,1610000.0,2023-12-12,2024-01-07,2024-01-20,2024-06-14,,Sanctioned,0.0,AGY-ZP-03,Zila Parishad Rural Infrastructure Cell,2,0,False,DEMO/SYNTHETIC DATA
MPL-2024-RA-000687,REC-2023-1877,MP-LS-17-43,Hon'ble Member of Parliament (Jaipur Rural),"Additional Classroom Building at Bassi, Block Chaksu",Education & Classrooms,Additional Classroom Building,Rajasthan,Jaipur,Jaipur Rural,Chaksu,Bassi,26.8949,75.7568,2080000.0,2080000.0,0.0,2080000.0,2023-05-05,2023-05-29,2023-06-19,2024-02-06,,Sanctioned,0.0,AGY-WSS-05,Public Health Engineering & Water Supply Dept,2,0,False,DEMO/SYNTHETIC DATA
MPL-2024-KA-000688,REC-2023-1810,MP-LS-17-73,Hon'ble Member of Parliament (Bangalore North),"Link Road Widening at Singanayakanahalli, Block Anekal",Rural Roads & Bridges,Link Road Widening,Karnataka,Bengaluru Urban,Bangalore North,Anekal,Singanayakanahalli,13.0308,77.6209,2460000.0,2310000.0,2310000.0,0.0,2023-10-26,2023-11-17,2023-12-09,2024-07-24,2024-08-31,Completed,100.0,AGY-ZP-03,Zila Parishad Rural Infrastructure Cell,4,2,True,DEMO/SYNTHETIC DATA
MPL-2024-UT-000689,REC-2023-2030,MP-LS-17-65,Hon'ble Member of Parliament (Varanasi),"Health Diagnostic Equipment at Chhatar, Block Sewapuri",Health & Sanitation,Health Diagnostic Equipment,Uttar Pradesh,Varanasi,Varanasi,Sewapuri,Chhatar,25.3591,82.9557,1450000.0,1300000.0,0.0,1300000.0,2023-08-20,2023-10-07,2023-10-28,2024-08-19,,Sanctioned,0.0,AGY-PWD-01,Public Works Department (PWD) Division I,2,0,False,DEMO/SYNTHETIC DATA
MPL-2024-MA-000690,REC-2023-7531,MP-LS-17-65,Hon'ble Member of Parliament (Thane),"Rooftop Solar for Govt Hospital at Titwala, Block Ambernath",Solar & Renewable Energy,Rooftop Solar for Govt Hospital,Maharashtra,Thane,Thane,Ambernath,Titwala,19.2099,73.0304,790000.0,740000.0,740000.0,0.0,2023-07-14,2023-08-18,2023-09-05,2024-02-07,2024-01-23,Completed,100.0,AGY-DRDA-04,District Rural Development Agency (DRDA),4,2,True,DEMO/SYNTHETIC DATA
MPL-2024-BI-000691,REC-2023-2694,MP-LS-17-45,Hon'ble Member of Parliament (Patna Sahib),"Piped Water Overhead Tank at Gauri Chak, Block Danapur",Drinking Water,Piped Water Overhead Tank,Bihar,Patna,Patna Sahib,Danapur,Gauri Chak,25.5901,85.1223,1670000.0,1670000.0,910000.0,760000.0,2023-10-25,2023-11-24,2023-12-18,2024-05-20,,Ongoing,59.0,AGY-XYZ-99,XYZ Infrastructure & Construction Private Ltd,4,2,False,DEMO/SYNTHETIC DATA
MPL-2024-KA-000692,REC-2023-7203,MP-LS-17-27,Hon'ble Member of Parliament (Bangalore North),"Panchayat Community Hall at Hesaraghatta, Block Yelahanka",Community Infrastructure,Panchayat Community Hall,Karnataka,Bengaluru Urban,Bangalore North,Yelahanka,Hesaraghatta,13.0481,77.6558,2790000.0,2640000.0,2640000.0,0.0,2023-08-15,2023-09-05,2023-09-22,2024-02-01,2024-02-08,Completed,100.0,AGY-WSS-05,Public Health Engineering & Water Supply Dept,4,3,True,DEMO/SYNTHETIC DATA
MPL-2024-AS-000693,REC-2023-5383,MP-LS-17-20,Hon'ble Member of Parliament (Gauhati),"Paver Block Road at Sualkuchi, Block Hajo",Rural Roads & Bridges,Paver Block Road,Assam,Kamrup,Gauhati,Hajo,Sualkuchi,26.2167,91.7923,3390000.0,3240000.0,3240000.0,0.0,2023-01-17,2023-02-25,2023-03-23,2023-08-09,2023-08-02,Completed,100.0,AGY-RWD-02,Rural Works Department (RWD) Engineering Wing,4,3,True,DEMO/SYNTHETIC DATA
MPL-2024-KA-000694,REC-2023-6015,MP-LS-17-66,Hon'ble Member of Parliament (Bangalore North),"High-Mast Solar Lighting Chowk at Hesaraghatta, Block Anekal",Solar & Renewable Energy,High-Mast Solar Lighting Chowk,Karnataka,Bengaluru Urban,Bangalore North,Anekal,Hesaraghatta,13.049,77.5777,770000.0,670000.0,670000.0,0.0,2023-12-13,2024-01-23,2024-02-02,2024-06-16,2024-07-08,Completed,100.0,AGY-XYZ-99,XYZ Infrastructure & Construction Private Ltd,5,4,True,DEMO/SYNTHETIC DATA
MPL-2024-AS-000695,REC-2023-6508,MP-LS-17-17,Hon'ble Member of Parliament (Gauhati),"Piped Water Overhead Tank at Boko, Block Bezera",Drinking Water,Piped Water Overhead Tank,Assam,Kamrup,Gauhati,Bezera,Boko,26.1579,91.7153,1410000.0,1410000.0,447000.0,963000.0,2023-02-08,2023-04-06,2023-04-27,2023-09-15,,Ongoing,34.0,AGY-RWD-02,Rural Works Department (RWD) Engineering Wing,4,3,False,DEMO/SYNTHETIC DATA
MPL-2024-UT-000696,REC-2023-4309,MP-LS-17-65,Hon'ble Member of Parliament (Varanasi),"Additional Classroom Building at Rampur, Block Cholapur",Education & Classrooms,Additional Classroom Building,Uttar Pradesh,Varanasi,Varanasi,Cholapur,Rampur,25.2383,82.9723,1400000.0,1350000.0,706000.0,644000.0,2023-07-11,2023-08-23,2023-09-18,2024-01-29,,Ongoing,48.0,AGY-XYZ-99,XYZ Infrastructure & Construction Private Ltd,2,1,False,DEMO/SYNTHETIC DATA
MPL-2024-AS-000697,REC-2023-9441,MP-LS-17-29,Hon'ble Member of Parliament (Gauhati),"High-Mast Solar Lighting Chowk at Dadara, Block Rangia",Solar & Renewable Energy,High-Mast Solar Lighting Chowk,Assam,Kamrup,Gauhati,Rangia,Dadara,26.0823,91.7403,1560000.0,1460000.0,1460000.0,0.0,2023-09-20,2023-10-23,2023-11-22,2024-07-13,2024-08-16,Completed,100.0,AGY-XYZ-99,XYZ Infrastructure & Construction Private Ltd,4,4,True,DEMO/SYNTHETIC DATA
MPL-2024-RA-000698,REC-2023-9439,MP-LS-17-68,Hon'ble Member of Parliament (Jaipur Rural),"Paver Block Road at Bagru, Block Sanganer",Rural Roads & Bridges,Paver Block Road,Rajasthan,Jaipur,Jaipur Rural,Sanganer,Bagru,26.9645,75.8097,3560000.0,3560000.0,3560000.0,0.0,2023-08-18,2023-09-20,2023-10-01,2024-06-18,2024-06-06,Completed,100.0,AGY-RWD-02,Rural Works Department (RWD) Engineering Wing,5,4,True,DEMO/SYNTHETIC DATA
MPL-2024-BI-000699,REC-2023-6610,MP-LS-17-42,Hon'ble Member of Parliament (Patna Sahib),"Panchayat Community Hall at Jethuli, Block Sampatchak",Community Infrastructure,Panchayat Community Hall,Bihar,Patna,Patna Sahib,Sampatchak,Jethuli,25.6018,85.1726,3580000.0,3430000.0,1634000.0,1796000.0,2023-03-25,2023-05-07,2023-05-25,2023-12-10,,Ongoing,46.0,AGY-RWD-02,Rural Works Department (RWD) Engineering Wing,4,2,False,DEMO/SYNTHETIC DATA
MPL-2024-UT-000700,REC-2023-7763,MP-LS-17-97,Hon'ble Member of Parliament (Varanasi),"School Science Laboratory at Badagaon, Block Kashi Vidyapeeth",Education & Classrooms,School Science Laboratory,Uttar Pradesh,Varanasi,Varanasi,Kashi Vidyapeeth,Badagaon,25.3302,83.0259,2290000.0,2140000.0,2140000.0,0.0,2023-08-27,2023-10-15,2023-10-25,2024-06-10,2024-05-21,Completed,100.0,AGY-XYZ-99,XYZ Infrastructure & Construction Private Ltd,4,4,True,DEMO/SYNTHETIC DATA
MPL-2024-AS-000701,REC-2023-2813,MP-LS-17-30,Hon'ble Member of Parliament (Gauhati),"Hand Pump Installation Cluster at Boko, Block Hajo",Drinking Water,Hand Pump Installation Cluster,Assam,Kamrup,Gauhati,Hajo,Boko,26.218,91.6875,1080000.0,980000.0,528000.0,452000.0,2023-03-12,2023-04-06,2023-04-22,2023-11-30,,Ongoing,55.0,AGY-XYZ-99,XYZ Infrastructure & Construction Private Ltd,2,3,False,DEMO/SYNTHETIC DATA
MPL-2024-AS-000702,REC-2023-2438,MP-LS-17-72,Hon'ble Member of Parliament (Gauhati),"Primary Health Sub-Centre Building at Boko, Block Chaygaon",Health & Sanitation,Primary Health Sub-Centre Building,Assam,Kamrup,Gauhati,Chaygaon,Boko,26.2244,91.7141,2890000.0,2840000.0,2135000.0,705000.0,2023-08-22,2023-10-11,2023-11-08,2024-03-17,,Ongoing,83.0,AGY-ZP-03,Zila Parishad Rural Infrastructure Cell,2,1,False,DEMO/SYNTHETIC DATA
MPL-2024-AS-000703,REC-2023-1881,MP-LS-17-37,Hon'ble Member of Parliament (Gauhati),"Primary Health Sub-Centre Building at Sualkuchi, Block Bezera",Health & Sanitation,Primary Health Sub-Centre Building,Assam,Kamrup,Gauhati,Bezera,Sualkuchi,26.1165,91.7326,2770000.0,2720000.0,2720000.0,0.0,2023-04-09,2023-05-05,2023-05-18,2024-02-19,2024-02-04,Completed,100.0,AGY-RWD-02,Rural Works Department (RWD) Engineering Wing,5,2,True,DEMO/SYNTHETIC DATA
MPL-2024-KE-000704,REC-2023-6608,MP-LS-17-17,Hon'ble Member of Parliament (Ernakulam),"School Boundary Wall & Sanitation at Perumbavoor, Block Paravur",Education & Classrooms,School Boundary Wall & Sanitation,Kerala,Ernakulam,Ernakulam,Paravur,Perumbavoor,9.987,76.2381,2540000.0,2440000.0,0.0,2440000.0,2023-12-17,2024-02-10,2024-03-01,2024-12-05,,Sanctioned,0.0,AGY-RWD-02,Rural Works Department (RWD) Engineering Wing,2,0,False,DEMO/SYNTHETIC DATA
MPL-2024-KA-000705,REC-2023-4231,MP-LS-17-37,Hon'ble Member of Parliament (Bangalore North),"RO Water Treatment Plant at Mandur, Block K.R. Puram",Drinking Water,RO Water Treatment Plant,Karnataka,Bengaluru Urban,Bangalore North,K.R. Puram,Mandur,13.0407,77.5653,2010000.0,1910000.0,1910000.0,0.0,2023-08-28,2023-10-03,2023-10-26,2024-03-29,2024-04-10,Completed,100.0,AGY-DRDA-04,District Rural Development Agency (DRDA),5,4,True,DEMO/SYNTHETIC DATA
MPL-2024-KE-000706,REC-2023-5554,MP-LS-17-21,Hon'ble Member of Parliament (Ernakulam),"Link Road Widening at Kothamangalam, Block Vyttila",Rural Roads & Bridges,Link Road Widening,Kerala,Ernakulam,Ernakulam,Vyttila,Kothamangalam,9.9355,76.2478,1700000.0,1550000.0,840000.0,710000.0,2023-01-02,2023-02-02,2023-02-28,2023-08-10,,Ongoing,58.0,AGY-WSS-05,Public Health Engineering & Water Supply Dept,3,1,False,DEMO/SYNTHETIC DATA
MPL-2024-KA-000707,REC-2023-6964,MP-LS-17-22,Hon'ble Member of Parliament (Bangalore North),"Culvert & Drainage Bridge at Attibele, Block Bengaluru North",Rural Roads & Bridges,Culvert & Drainage Bridge,Karnataka,Bengaluru Urban,Bangalore North,Bengaluru North,Attibele,13.0418,77.5965,2150000.0,2000000.0,2000000.0,0.0,2023-08-13,2023-09-08,2023-09-27,2024-01-25,2024-02-29,Completed,100.0,AGY-XYZ-99,XYZ Infrastructure & Construction Private Ltd,4,2,True,DEMO/SYNTHETIC DATA
MPL-2024-RA-000708,REC-2023-2647,MP-LS-17-83,Hon'ble Member of Parliament (Jaipur Rural),"Piped Water Overhead Tank at Nayla, Block Sanganer",Drinking Water,Piped Water Overhead Tank,Rajasthan,Jaipur,Jaipur Rural,Sanganer,Nayla,26.8534,75.7932,940000.0,840000.0,840000.0,0.0,2023-11-23,2023-12-14,2024-01-08,2024-09-05,2024-10-04,Completed,100.0,AGY-RWD-02,Rural Works Department (RWD) Engineering Wing,5,4,True,DEMO/SYNTHETIC DATA
MPL-2024-UT-000709,REC-2023-2211,MP-LS-17-13,Hon'ble Member of Parliament (Varanasi),"Smart Digital Library Block at Tikari, Block Kashi Vidyapeeth",Education & Classrooms,Smart Digital Library Block,Uttar Pradesh,Varanasi,Varanasi,Kashi Vidyapeeth,Tikari,25.2655,82.9336,2540000.0,2440000.0,1187000.0,1253000.0,2023-04-03,2023-04-25,2023-05-08,2023-12-04,,Ongoing,54.0,AGY-RWD-02,Rural Works Department (RWD) Engineering Wing,2,2,False,DEMO/SYNTHETIC DATA
MPL-2024-UT-000710,REC-2023-2045,MP-LS-17-25,Hon'ble Member of Parliament (Varanasi),"High-Mast Solar Lighting Chowk at Rampur, Block Kashi Vidyapeeth",Solar & Renewable Energy,High-Mast Solar Lighting Chowk,Uttar Pradesh,Varanasi,Varanasi,Kashi Vidyapeeth,Rampur,25.2667,83.0276,760000.0,610000.0,342000.0,268000.0,2023-06-09,2023-08-03,2023-08-28,2024-05-23,,Ongoing,59.0,AGY-PWD-01,Public Works Department (PWD) Division I,3,2,False,DEMO/SYNTHETIC DATA
MPL-2024-AS-000711,REC-2023-7347,MP-LS-17-86,Hon'ble Member of Parliament (Gauhati),"Crematorium Shed with Amenities at Boko, Block Rangia",Community Infrastructure,Crematorium Shed with Amenities,Assam,Kamrup,Gauhati,Rangia,Boko,26.1333,91.7453,2100000.0,2000000.0,797000.0,1203000.0,2023-01-27,2023-02-16,2023-03-12,2023-08-16,,Ongoing,41.0,AGY-ZP-03,Zila Parishad Rural Infrastructure Cell,2,1,False,DEMO/SYNTHETIC DATA
MPL-2024-KA-000712,REC-2023-5754,MP-LS-17-40,Hon'ble Member of Parliament (Bangalore North),"Paver Block Road at Doddaballapur Rd, Block Yelahanka",Rural Roads & Bridges,Paver Block Road,Karnataka,Bengaluru Urban,Bangalore North,Yelahanka,Doddaballapur Rd,12.9127,77.6691,2050000.0,1900000.0,1900000.0,0.0,2023-07-13,2023-08-28,2023-09-15,2024-06-14,2024-07-10,Completed,100.0,AGY-DRDA-04,District Rural Development Agency (DRDA),4,4,True,DEMO/SYNTHETIC DATA
MPL-2024-BI-000713,REC-2023-2588,MP-LS-17-49,Hon'ble Member of Parliament (Patna Sahib),"CC Road Construction at Baikatpur, Block Bakhtiarpur",Rural Roads & Bridges,CC Road Construction,Bihar,Patna,Patna Sahib,Bakhtiarpur,Baikatpur,25.539,85.206,4290000.0,4190000.0,4190000.0,0.0,2023-04-18,2023-05-13,2023-06-08,2024-01-31,2024-02-29,Completed,100.0,AGY-XYZ-99,XYZ Infrastructure & Construction Private Ltd,4,4,True,DEMO/SYNTHETIC DATA
MPL-2024-BI-000714,REC-2023-4201,MP-LS-17-62,Hon'ble Member of Parliament (Patna Sahib),"High-Mast Solar Lighting Chowk at Ranipur, Block Bakhtiarpur",Solar & Renewable Energy,High-Mast Solar Lighting Chowk,Bihar,Patna,Patna Sahib,Bakhtiarpur,Ranipur,25.5789,85.19,1780000.0,1780000.0,1780000.0,0.0,2023-03-27,2023-05-23,2023-06-05,2024-03-21,2024-03-02,Completed,100.0,AGY-PWD-01,Public Works Department (PWD) Division I,4,2,True,DEMO/SYNTHETIC DATA
MPL-2024-RA-000715,REC-2023-5179,MP-LS-17-62,Hon'ble Member of Parliament (Jaipur Rural),"Senior Citizen Recreation Shed at Bassi, Block Kotputli",Community Infrastructure,Senior Citizen Recreation Shed,Rajasthan,Jaipur,Jaipur Rural,Kotputli,Bassi,26.9735,75.8148,2330000.0,2280000.0,2280000.0,0.0,2023-08-12,2023-09-03,2023-09-13,2024-05-08,2024-06-13,Completed,100.0,AGY-ZP-03,Zila Parishad Rural Infrastructure Cell,4,3,True,DEMO/SYNTHETIC DATA
MPL-2024-AS-000716,REC-2023-3563,MP-LS-17-10,Hon'ble Member of Parliament (Gauhati),"Piped Water Overhead Tank at Dadara, Block Chaygaon",Drinking Water,Piped Water Overhead Tank,Assam,Kamrup,Gauhati,Chaygaon,Dadara,26.1235,91.8014,2510000.0,2460000.0,1990000.0,470000.0,2023-10-15,2023-12-03,2023-12-13,2024-04-11,,Ongoing,75.0,AGY-DRDA-04,District Rural Development Agency (DRDA),3,3,False,DEMO/SYNTHETIC DATA
MPL-2024-UT-000717,REC-2023-8330,MP-LS-17-93,Hon'ble Member of Parliament (Varanasi),"Panchayat Community Hall at Tikari, Block Kashi Vidyapeeth",Community Infrastructure,Panchayat Community Hall,Uttar Pradesh,Varanasi,Varanasi,Kashi Vidyapeeth,Tikari,25.2616,83.0418,2480000.0,2380000.0,670000.0,1710000.0,2023-10-25,2023-11-30,2023-12-24,2024-07-09,,Ongoing,30.0,AGY-ZP-03,Zila Parishad Rural Infrastructure Cell,2,3,False,DEMO/SYNTHETIC DATA
MPL-2024-KA-000718,REC-2023-6513,MP-LS-17-69,Hon'ble Member of Parliament (Bangalore North),"Solar Street Light Grid (50 poles) at Doddaballapur Rd, Block Anekal",Solar & Renewable Energy,Solar Street Light Grid (50 poles),Karnataka,Bengaluru Urban,Bangalore North,Anekal,Doddaballapur Rd,12.9746,77.5959,1500000.0,1450000.0,1450000.0,0.0,2023-12-27,2024-01-22,2024-02-07,2024-11-04,2024-11-10,Completed,100.0,AGY-RWD-02,Rural Works Department (RWD) Engineering Wing,4,3,True,DEMO/SYNTHETIC DATA
MPL-2024-RA-000719,REC-2023-5611,MP-LS-17-55,Hon'ble Member of Parliament (Jaipur Rural),"Public Bus Passenger Shelter at Nayla, Block Shahpura",Community Infrastructure,Public Bus Passenger Shelter,Rajasthan,Jaipur,Jaipur Rural,Shahpura,Nayla,26.8507,75.7638,1690000.0,1690000.0,1144000.0,546000.0,2023-03-05,2023-04-13,2023-04-29,2024-01-02,,Ongoing,70.0,AGY-ZP-03,Zila Parishad Rural Infrastructure Cell,3,1,False,DEMO/SYNTHETIC DATA
MPL-2024-BI-000720,REC-2023-6611,MP-LS-17-44,Hon'ble Member of Parliament (Patna Sahib),"Village Waste Segregation Shed at Ranipur, Block Sampatchak",Health & Sanitation,Village Waste Segregation Shed,Bihar,Patna,Patna Sahib,Sampatchak,Ranipur,25.6145,85.0992,940000.0,790000.0,286000.0,504000.0,2023-11-18,2024-01-06,2024-01-29,2024-06-18,,Ongoing,39.0,AGY-XYZ-99,XYZ Infrastructure & Construction Private Ltd,4,2,False,DEMO/SYNTHETIC DATA
MPL-2024-AS-000721,REC-2023-3383,MP-LS-17-54,Hon'ble Member of Parliament (Gauhati),"School Boundary Wall & Sanitation at Boko, Block Rangia",Education & Classrooms,School Boundary Wall & Sanitation,Assam,Kamrup,Gauhati,Rangia,Boko,26.0767,91.7073,2770000.0,2620000.0,2620000.0,0.0,2023-01-13,2023-02-05,2023-03-07,2023-10-02,2023-11-05,Completed,100.0,AGY-XYZ-99,XYZ Infrastructure & Construction Private Ltd,4,3,True,DEMO/SYNTHETIC DATA
MPL-2024-UT-000722,REC-2023-1659,MP-LS-17-30,Hon'ble Member of Parliament (Varanasi),"Smart Digital Library Block at Tikari, Block Pindra",Education & Classrooms,Smart Digital Library Block,Uttar Pradesh,Varanasi,Varanasi,Pindra,Tikari,25.3387,82.9147,2980000.0,2830000.0,1966000.0,864000.0,2023-06-01,2023-07-28,2023-08-17,2024-02-20,,Ongoing,70.0,AGY-WSS-05,Public Health Engineering & Water Supply Dept,4,1,False,DEMO/SYNTHETIC DATA
MPL-2024-BI-000723,REC-2023-4871,MP-LS-17-42,Hon'ble Member of Parliament (Patna Sahib),"Rooftop Solar for Govt Hospital at Baikatpur, Block Bakhtiarpur",Solar & Renewable Energy,Rooftop Solar for Govt Hospital,Bihar,Patna,Patna Sahib,Bakhtiarpur,Baikatpur,25.5462,85.1741,910000.0,760000.0,760000.0,0.0,2023-03-05,2023-04-15,2023-05-04,2023-10-20,2023-11-04,Completed,100.0,AGY-DRDA-04,District Rural Development Agency (DRDA),5,3,True,DEMO/SYNTHETIC DATA
MPL-2024-UT-000724,REC-2023-2834,MP-LS-17-89,Hon'ble Member of Parliament (Varanasi),"Deep Borewell & Solar Pump System at Chhatar, Block Pindra",Drinking Water,Deep Borewell & Solar Pump System,Uttar Pradesh,Varanasi,Varanasi,Pindra,Chhatar,25.3469,82.9729,1920000.0,1820000.0,1245000.0,575000.0,2023-01-01,2023-01-30,2023-02-11,2023-10-03,,Ongoing,70.0,AGY-RWD-02,Rural Works Department (RWD) Engineering Wing,4,3,False,DEMO/SYNTHETIC DATA
MPL-2024-BI-000725,REC-2023-3515,MP-LS-17-83,Hon'ble Member of Parliament (Patna Sahib),"CC Road Construction at Jethuli, Block Phulwari Sharif",Rural Roads & Bridges,CC Road Construction,Bihar,Patna,Patna Sahib,Phulwari Sharif,Jethuli,25.5173,85.1669,3570000.0,3420000.0,2528000.0,892000.0,2023-09-23,2023-11-18,2023-12-10,2024-08-23,,Ongoing,75.0,AGY-WSS-05,Public Health Engineering & Water Supply Dept,4,3,False,DEMO/SYNTHETIC DATA
MPL-2024-WE-000726,REC-2023-1187,MP-LS-17-27,Hon'ble Member of Parliament (Krishnanagar),"Public Bus Passenger Shelter at Tehatta, Block Chapra",Community Infrastructure,Public Bus Passenger Shelter,West Bengal,Nadia,Krishnanagar,Chapra,Tehatta,23.4222,88.4747,2620000.0,2620000.0,2620000.0,0.0,2023-10-24,2023-11-20,2023-12-12,2024-10-05,2024-09-18,Completed,100.0,AGY-PWD-01,Public Works Department (PWD) Division I,5,2,True,DEMO/SYNTHETIC DATA
MPL-2024-UT-000727,REC-2023-4162,MP-LS-17-61,Hon'ble Member of Parliament (Varanasi),"School Science Laboratory at Rampur, Block Kashi Vidyapeeth",Education & Classrooms,School Science Laboratory,Uttar Pradesh,Varanasi,Varanasi,Kashi Vidyapeeth,Rampur,25.3851,82.905,1580000.0,1530000.0,1530000.0,0.0,2023-07-10,2023-08-09,2023-09-03,2024-06-28,2024-07-17,Completed,100.0,AGY-ZP-03,Zila Parishad Rural Infrastructure Cell,4,4,True,DEMO/SYNTHETIC DATA
MPL-2024-AS-000728,REC-2023-7756,MP-LS-17-84,Hon'ble Member of Parliament (Gauhati),"Piped Water Overhead Tank at Mirza, Block Hajo",Drinking Water,Piped Water Overhead Tank,Assam,Kamrup,Gauhati,Hajo,Mirza,26.2065,91.6999,990000.0,890000.0,0.0,890000.0,2023-02-26,2023-03-20,2023-03-30,2023-09-06,,Sanctioned,0.0,AGY-XYZ-99,XYZ Infrastructure & Construction Private Ltd,2,0,False,DEMO/SYNTHETIC DATA
MPL-2024-KA-000729,REC-2023-4915,MP-LS-17-44,Hon'ble Member of Parliament (Bangalore North),"CC Road Construction at Doddaballapur Rd, Block Yelahanka",Rural Roads & Bridges,CC Road Construction,Karnataka,Bengaluru Urban,Bangalore North,Yelahanka,Doddaballapur Rd,12.9187,77.5382,3580000.0,3530000.0,1333000.0,2197000.0,2023-02-22,2023-04-13,2023-04-23,2023-10-20,,Ongoing,37.0,AGY-XYZ-99,XYZ Infrastructure & Construction Private Ltd,4,1,False,DEMO/SYNTHETIC DATA
MPL-2024-WE-000730,REC-2023-7452,MP-LS-17-84,Hon'ble Member of Parliament (Krishnanagar),"High-Mast Solar Lighting Chowk at Debagram, Block Nabadwip",Solar & Renewable Energy,High-Mast Solar Lighting Chowk,West Bengal,Nadia,Krishnanagar,Nabadwip,Debagram,23.423,88.5559,1860000.0,1710000.0,1036000.0,674000.0,2023-03-28,2023-05-26,2023-06-05,2023-12-24,,Ongoing,67.0,AGY-WSS-05,Public Health Engineering & Water Supply Dept,4,3,False,DEMO/SYNTHETIC DATA
MPL-2024-BI-000731,REC-2023-2125,MP-LS-17-57,Hon'ble Member of Parliament (Patna Sahib),"Panchayat Community Hall at Jethuli, Block Bakhtiarpur",Community Infrastructure,Panchayat Community Hall,Bihar,Patna,Patna Sahib,Bakhtiarpur,Jethuli,25.6596,85.1496,1460000.0,1410000.0,1410000.0,0.0,2023-02-13,2023-03-14,2023-03-29,2023-12-18,2023-12-25,Completed,100.0,AGY-XYZ-99,XYZ Infrastructure & Construction Private Ltd,4,2,True,DEMO/SYNTHETIC DATA
MPL-2024-MA-000732,REC-2023-6652,MP-LS-17-42,Hon'ble Member of Parliament (Thane),"Solar Street Light Grid (50 poles) at Saralgaon, Block Ambernath",Solar & Renewable Energy,Solar Street Light Grid (50 poles),Maharashtra,Thane,Thane,Ambernath,Saralgaon,19.2948,72.9808,1180000.0,1180000.0,1180000.0,0.0,2023-04-10,2023-05-27,2023-06-21,2024-02-29,2024-03-30,Completed,100.0,AGY-PWD-01,Public Works Department (PWD) Division I,5,2,True,DEMO/SYNTHETIC DATA
MPL-2024-AS-000733,REC-2023-4685,MP-LS-17-41,Hon'ble Member of Parliament (Gauhati),"Hand Pump Installation Cluster at Boko, Block Bezera",Drinking Water,Hand Pump Installation Cluster,Assam,Kamrup,Gauhati,Bezera,Boko,26.1501,91.7274,1130000.0,1030000.0,657000.0,373000.0,2023-06-04,2023-07-21,2023-08-18,2024-03-13,,Ongoing,67.0,AGY-PWD-01,Public Works Department (PWD) Division I,3,1,False,DEMO/SYNTHETIC DATA
MPL-2024-BI-000734,REC-2023-4525,MP-LS-17-82,Hon'ble Member of Parliament (Patna Sahib),"CC Road Construction at Baikatpur, Block Bakhtiarpur",Rural Roads & Bridges,CC Road Construction,Bihar,Patna,Patna Sahib,Bakhtiarpur,Baikatpur,25.6696,85.0604,2780000.0,2730000.0,808000.0,1922000.0,2023-12-06,2024-02-03,2024-03-03,2024-11-28,,Ongoing,27.0,AGY-XYZ-99,XYZ Infrastructure & Construction Private Ltd,3,1,False,DEMO/SYNTHETIC DATA
MPL-2024-BI-000735,REC-2023-2406,MP-LS-17-49,Hon'ble Member of Parliament (Patna Sahib),"RO Water Treatment Plant at Gauri Chak, Block Phulwari Sharif",Drinking Water,RO Water Treatment Plant,Bihar,Patna,Patna Sahib,Phulwari Sharif,Gauri Chak,25.5623,85.084,1460000.0,1460000.0,1067000.0,393000.0,2023-03-12,2023-04-04,2023-05-03,2024-01-05,,Ongoing,68.0,AGY-PWD-01,Public Works Department (PWD) Division I,3,3,False,DEMO/SYNTHETIC DATA
MPL-2024-WE-000736,REC-2023-6284,MP-LS-17-57,Hon'ble Member of Parliament (Krishnanagar),"High-Mast Solar Lighting Chowk at Tehatta, Block Krishnanagar-I",Solar & Renewable Energy,High-Mast Solar Lighting Chowk,West Bengal,Nadia,Krishnanagar,Krishnanagar-I,Tehatta,23.3781,88.5624,1020000.0,1020000.0,1020000.0,0.0,2023-06-18,2023-07-15,2023-08-12,2024-04-09,2024-04-28,Completed,100.0,AGY-PWD-01,Public Works Department (PWD) Division I,4,4,True,DEMO/SYNTHETIC DATA
MPL-2024-UT-000737,REC-2023-6782,MP-LS-17-31,Hon'ble Member of Parliament (Varanasi),"Crematorium Shed with Amenities at Shivpur, Block Kashi Vidyapeeth",Community Infrastructure,Crematorium Shed with Amenities,Uttar Pradesh,Varanasi,Varanasi,Kashi Vidyapeeth,Shivpur,25.3174,82.9529,3520000.0,3370000.0,0.0,3370000.0,2023-09-20,2023-11-08,2023-12-07,2024-06-23,,Sanctioned,0.0,AGY-DRDA-04,District Rural Development Agency (DRDA),2,0,False,DEMO/SYNTHETIC DATA
MPL-2024-KE-000738,REC-2023-4061,MP-LS-17-87,Hon'ble Member of Parliament (Ernakulam),"Rooftop Solar for Govt Hospital at Cherai, Block Paravur",Solar & Renewable Energy,Rooftop Solar for Govt Hospital,Kerala,Ernakulam,Ernakulam,Paravur,Cherai,9.9036,76.3339,770000.0,720000.0,583000.0,137000.0,2023-08-13,2023-09-10,2023-09-21,2024-06-18,,Ongoing,78.0,AGY-PWD-01,Public Works Department (PWD) Division I,3,3,False,DEMO/SYNTHETIC DATA
MPL-2024-KA-000739,REC-2023-4072,MP-LS-17-89,Hon'ble Member of Parliament (Bangalore North),"Culvert & Drainage Bridge at Doddaballapur Rd, Block Anekal",Rural Roads & Bridges,Culvert & Drainage Bridge,Karnataka,Bengaluru Urban,Bangalore North,Anekal,Doddaballapur Rd,12.9577,77.6507,3900000.0,3750000.0,3750000.0,0.0,2023-08-02,2023-09-15,2023-09-28,2024-05-10,2024-05-30,Completed,100.0,AGY-ZP-03,Zila Parishad Rural Infrastructure Cell,4,2,True,DEMO/SYNTHETIC DATA
MPL-2024-UT-000740,REC-2023-1941,MP-LS-17-50,Hon'ble Member of Parliament (Varanasi),"Culvert & Drainage Bridge at Babatpur, Block Kashi Vidyapeeth",Rural Roads & Bridges,Culvert & Drainage Bridge,Uttar Pradesh,Varanasi,Varanasi,Kashi Vidyapeeth,Babatpur,25.2589,82.9521,1710000.0,1560000.0,1236000.0,324000.0,2023-09-10,2023-11-03,2023-11-23,2024-05-26,,Ongoing,77.0,AGY-DRDA-04,District Rural Development Agency (DRDA),2,2,False,DEMO/SYNTHETIC DATA
MPL-2024-KA-000741,REC-2023-7435,MP-LS-17-12,Hon'ble Member of Parliament (Bangalore North),"Smart Digital Library Block at Hesaraghatta, Block K.R. Puram",Education & Classrooms,Smart Digital Library Block,Karnataka,Bengaluru Urban,Bangalore North,K.R. Puram,Hesaraghatta,12.9674,77.5806,1590000.0,1440000.0,1156000.0,284000.0,2023-11-27,2023-12-29,2024-01-23,2024-06-02,,Ongoing,83.0,AGY-DRDA-04,District Rural Development Agency (DRDA),4,3,False,DEMO/SYNTHETIC DATA
MPL-2024-MA-000742,REC-2023-4101,MP-LS-17-65,Hon'ble Member of Parliament (Thane),"Piped Water Overhead Tank at Saralgaon, Block Kalyan",Drinking Water,Piped Water Overhead Tank,Maharashtra,Thane,Thane,Kalyan,Saralgaon,19.2121,72.9607,2090000.0,2090000.0,2090000.0,0.0,2023-01-04,2023-02-27,2023-03-15,2023-11-23,2023-11-27,Completed,100.0,AGY-XYZ-99,XYZ Infrastructure & Construction Private Ltd,4,4,True,DEMO/SYNTHETIC DATA
MPL-2024-UT-000743,REC-2023-4242,MP-LS-17-21,Hon'ble Member of Parliament (Varanasi),"School Boundary Wall & Sanitation at Tikari, Block Sewapuri",Education & Classrooms,School Boundary Wall & Sanitation,Uttar Pradesh,Varanasi,Varanasi,Sewapuri,Tikari,25.3973,82.9107,1580000.0,1580000.0,0.0,1580000.0,2023-02-19,2023-03-13,2023-04-10,2023-10-08,,Sanctioned,0.0,AGY-XYZ-99,XYZ Infrastructure & Construction Private Ltd,2,0,False,DEMO/SYNTHETIC DATA
MPL-2024-UT-000744,REC-2023-5354,MP-LS-17-41,Hon'ble Member of Parliament (Varanasi),"Piped Water Overhead Tank at Shivpur, Block Sewapuri",Drinking Water,Piped Water Overhead Tank,Uttar Pradesh,Varanasi,Varanasi,Sewapuri,Shivpur,25.2921,82.988,580000.0,530000.0,0.0,530000.0,2023-02-13,2023-03-16,2023-03-28,2023-10-04,,Sanctioned,0.0,AGY-ZP-03,Zila Parishad Rural Infrastructure Cell,2,0,False,DEMO/SYNTHETIC DATA
MPL-2024-UT-000745,REC-2023-9099,MP-LS-17-43,Hon'ble Member of Parliament (Varanasi),"Health Diagnostic Equipment at Babatpur, Block Arajiline",Health & Sanitation,Health Diagnostic Equipment,Uttar Pradesh,Varanasi,Varanasi,Arajiline,Babatpur,25.3655,82.9309,2530000.0,2480000.0,549000.0,1931000.0,2023-07-23,2023-09-04,2023-09-24,2024-05-25,,Ongoing,23.0,AGY-RWD-02,Rural Works Department (RWD) Engineering Wing,4,3,False,DEMO/SYNTHETIC DATA
MPL-2024-BI-000746,REC-2023-4359,MP-LS-17-42,Hon'ble Member of Parliament (Patna Sahib),"Additional Classroom Building at Jethuli, Block Bakhtiarpur",Education & Classrooms,Additional Classroom Building,Bihar,Patna,Patna Sahib,Bakhtiarpur,Jethuli,25.5445,85.065,2070000.0,1920000.0,0.0,1920000.0,2023-07-21,2023-08-11,2023-08-21,2024-03-23,,Sanctioned,0.0,AGY-XYZ-99,XYZ Infrastructure & Construction Private Ltd,2,0,False,DEMO/SYNTHETIC DATA
MPL-2024-WE-000747,REC-2023-9949,MP-LS-17-67,Hon'ble Member of Parliament (Krishnanagar),"Health Diagnostic Equipment at Debagram, Block Nabadwip",Health & Sanitation,Health Diagnostic Equipment,West Bengal,Nadia,Krishnanagar,Nabadwip,Debagram,23.4662,88.5253,2170000.0,2020000.0,1354000.0,666000.0,2023-04-22,2023-06-19,2023-07-11,2023-11-26,,Ongoing,67.0,AGY-PWD-01,Public Works Department (PWD) Division I,3,2,False,DEMO/SYNTHETIC DATA
MPL-2024-AS-000748,REC-2023-8470,MP-LS-17-54,Hon'ble Member of Parliament (Gauhati),"Health Diagnostic Equipment at Boko, Block Kamalpur",Health & Sanitation,Health Diagnostic Equipment,Assam,Kamrup,Gauhati,Kamalpur,Boko,26.1116,91.6636,2960000.0,2810000.0,0.0,2810000.0,2023-11-05,2023-12-04,2024-01-01,2024-06-04,,Sanctioned,0.0,AGY-XYZ-99,XYZ Infrastructure & Construction Private Ltd,2,0,False,DEMO/SYNTHETIC DATA
MPL-2024-MA-000749,REC-2023-1610,MP-LS-17-40,Hon'ble Member of Parliament (Thane),"Additional Classroom Building at Saralgaon, Block Shahapur",Education & Classrooms,Additional Classroom Building,Maharashtra,Thane,Thane,Shahapur,Saralgaon,19.1692,72.9929,3110000.0,3110000.0,0.0,3110000.0,2023-02-22,2023-03-16,2023-03-26,2023-09-23,,Sanctioned,0.0,AGY-RWD-02,Rural Works Department (RWD) Engineering Wing,2,0,False,DEMO/SYNTHETIC DATA
MPL-2024-UT-000750,REC-2023-9205,MP-LS-17-86,Hon'ble Member of Parliament (Varanasi),"Additional Classroom Building at Rampur, Block Pindra",Education & Classrooms,Additional Classroom Building,Uttar Pradesh,Varanasi,Varanasi,Pindra,Rampur,25.3187,82.9358,1520000.0,1370000.0,539000.0,831000.0,2023-01-04,2023-02-21,2023-03-20,2023-10-04,,Ongoing,36.0,AGY-XYZ-99,XYZ Infrastructure & Construction Private Ltd,4,1,False,DEMO/SYNTHETIC DATA
MPL-2024-AS-000751,REC-2023-9105,MP-LS-17-95,Hon'ble Member of Parliament (Gauhati),"School Science Laboratory at Mirza, Block Kamalpur",Education & Classrooms,School Science Laboratory,Assam,Kamrup,Gauhati,Kamalpur,Mirza,26.1219,91.6746,1000000.0,850000.0,244000.0,606000.0,2023-08-23,2023-09-21,2023-10-04,2024-05-09,,Ongoing,30.0,AGY-PWD-01,Public Works Department (PWD) Division I,2,3,False,DEMO/SYNTHETIC DATA
MPL-2024-KA-000752,REC-2023-3487,MP-LS-17-72,Hon'ble Member of Parliament (Bangalore North),"Village Waste Segregation Shed at Singanayakanahalli, Block Anekal",Health & Sanitation,Village Waste Segregation Shed,Karnataka,Bengaluru Urban,Bangalore North,Anekal,Singanayakanahalli,12.9806,77.6021,1920000.0,1820000.0,868000.0,952000.0,2023-10-09,2023-11-15,2023-12-11,2024-09-14,,Ongoing,50.0,AGY-DRDA-04,District Rural Development Agency (DRDA),2,1,False,DEMO/SYNTHETIC DATA
MPL-2024-MA-000753,REC-2023-4218,MP-LS-17-97,Hon'ble Member of Parliament (Thane),"Additional Classroom Building at Khadavali, Block Murbad",Education & Classrooms,Additional Classroom Building,Maharashtra,Thane,Thane,Murbad,Khadavali,19.2301,72.9712,2590000.0,2440000.0,2440000.0,0.0,2023-07-07,2023-08-31,2023-09-17,2024-03-18,2024-03-20,Completed,100.0,AGY-WSS-05,Public Health Engineering & Water Supply Dept,4,4,True,DEMO/SYNTHETIC DATA
MPL-2024-WE-000754,REC-2023-2215,MP-LS-17-10,Hon'ble Member of Parliament (Krishnanagar),"Deep Borewell & Solar Pump System at Tehatta, Block Chapra",Drinking Water,Deep Borewell & Solar Pump System,West Bengal,Nadia,Krishnanagar,Chapra,Tehatta,23.4632,88.5777,1050000.0,950000.0,950000.0,0.0,2023-05-12,2023-06-04,2023-06-17,2024-01-10,2024-02-10,Completed,100.0,AGY-DRDA-04,District Rural Development Agency (DRDA),4,2,True,DEMO/SYNTHETIC DATA
MPL-2024-BI-000755,REC-2023-4735,MP-LS-17-50,Hon'ble Member of Parliament (Patna Sahib),"Village Waste Segregation Shed at Jethuli, Block Bakhtiarpur",Health & Sanitation,Village Waste Segregation Shed,Bihar,Patna,Patna Sahib,Bakhtiarpur,Jethuli,25.5162,85.1079,2780000.0,2630000.0,2630000.0,0.0,2023-12-19,2024-01-11,2024-02-01,2024-07-08,2024-06-19,Completed,100.0,AGY-RWD-02,Rural Works Department (RWD) Engineering Wing,5,3,True,DEMO/SYNTHETIC DATA
MPL-2024-MA-000756,REC-2023-4151,MP-LS-17-60,Hon'ble Member of Parliament (Thane),"Panchayat Community Hall at Padgha, Block Kalyan",Community Infrastructure,Panchayat Community Hall,Maharashtra,Thane,Thane,Kalyan,Padgha,19.1708,72.9556,2490000.0,2490000.0,0.0,2490000.0,2023-03-02,2023-04-06,2023-04-18,2023-11-24,,Sanctioned,0.0,AGY-RWD-02,Rural Works Department (RWD) Engineering Wing,2,0,False,DEMO/SYNTHETIC DATA
MPL-2024-UT-000757,REC-2023-3016,MP-LS-17-29,Hon'ble Member of Parliament (Varanasi),"Link Road Widening at Tikari, Block Pindra",Rural Roads & Bridges,Link Road Widening,Uttar Pradesh,Varanasi,Varanasi,Pindra,Tikari,25.3361,82.9987,2430000.0,2280000.0,956000.0,1324000.0,2023-05-17,2023-06-17,2023-07-15,2024-03-16,,Ongoing,45.0,AGY-XYZ-99,XYZ Infrastructure & Construction Private Ltd,4,1,False,DEMO/SYNTHETIC DATA
MPL-2024-RA-000758,REC-2023-5939,MP-LS-17-38,Hon'ble Member of Parliament (Jaipur Rural),"High-Mast Solar Lighting Chowk at Manoharpur, Block Sanganer",Solar & Renewable Energy,High-Mast Solar Lighting Chowk,Rajasthan,Jaipur,Jaipur Rural,Sanganer,Manoharpur,26.9901,75.8568,1370000.0,1320000.0,1320000.0,0.0,2023-05-15,2023-06-10,2023-06-30,2023-12-07,2024-01-01,Completed,100.0,AGY-RWD-02,Rural Works Department (RWD) Engineering Wing,5,2,True,DEMO/SYNTHETIC DATA
MPL-2024-MA-000759,REC-2023-1329,MP-LS-17-90,Hon'ble Member of Parliament (Thane),"Solar Street Light Grid (50 poles) at Tokawade, Block Kalyan",Solar & Renewable Energy,Solar Street Light Grid (50 poles),Maharashtra,Thane,Thane,Kalyan,Tokawade,19.2801,73.0276,1560000.0,1510000.0,517000.0,993000.0,2023-03-19,2023-05-10,2023-05-29,2024-01-20,,Ongoing,32.0,AGY-XYZ-99,XYZ Infrastructure & Construction Private Ltd,3,1,False,DEMO/SYNTHETIC DATA
MPL-2024-KA-000760,REC-2023-2857,MP-LS-17-93,Hon'ble Member of Parliament (Bangalore North),"Smart Digital Library Block at Mandur, Block Bengaluru North",Education & Classrooms,Smart Digital Library Block,Karnataka,Bengaluru Urban,Bangalore North,Bengaluru North,Mandur,13.04,77.6193,3200000.0,3100000.0,3100000.0,0.0,2023-10-10,2023-12-01,2023-12-18,2024-06-19,2024-06-25,Completed,100.0,AGY-ZP-03,Zila Parishad Rural Infrastructure Cell,4,4,True,DEMO/SYNTHETIC DATA
MPL-2024-KE-000761,REC-2023-3341,MP-LS-17-90,Hon'ble Member of Parliament (Ernakulam),"Crematorium Shed with Amenities at Cherai, Block Vyttila",Community Infrastructure,Crematorium Shed with Amenities,Kerala,Ernakulam,Ernakulam,Vyttila,Cherai,10.0272,76.2519,3080000.0,2980000.0,675000.0,2305000.0,2023-01-25,2023-03-07,2023-03-29,2024-01-06,,Ongoing,24.0,AGY-DRDA-04,District Rural Development Agency (DRDA),3,3,False,DEMO/SYNTHETIC DATA
MPL-2024-MA-000762,REC-2023-5726,MP-LS-17-59,Hon'ble Member of Parliament (Thane),"Health Diagnostic Equipment at Padgha, Block Murbad",Health & Sanitation,Health Diagnostic Equipment,Maharashtra,Thane,Thane,Murbad,Padgha,19.2436,73.053,1360000.0,1360000.0,0.0,1360000.0,2023-07-25,2023-09-14,2023-10-02,2024-02-11,,Sanctioned,0.0,AGY-ZP-03,Zila Parishad Rural Infrastructure Cell,2,0,False,DEMO/SYNTHETIC DATA
MPL-2024-WE-000763,REC-2023-3598,MP-LS-17-14,Hon'ble Member of Parliament (Krishnanagar),"Culvert & Drainage Bridge at Bethuadahari, Block Nakashipara",Rural Roads & Bridges,Culvert & Drainage Bridge,West Bengal,Nadia,Krishnanagar,Nakashipara,Bethuadahari,23.3319,88.5241,1710000.0,1610000.0,1170000.0,440000.0,2023-08-27,2023-10-08,2023-10-29,2024-07-30,,Ongoing,70.0,AGY-ZP-03,Zila Parishad Rural Infrastructure Cell,3,2,False,DEMO/SYNTHETIC DATA
MPL-2024-KE-000764,REC-2023-6758,MP-LS-17-44,Hon'ble Member of Parliament (Ernakulam),"Rooftop Solar for Govt Hospital at Edappally, Block Vyttila",Solar & Renewable Energy,Rooftop Solar for Govt Hospital,Kerala,Ernakulam,Ernakulam,Vyttila,Edappally,9.9114,76.3394,1540000.0,1440000.0,843000.0,597000.0,2023-01-11,2023-02-09,2023-03-05,2023-11-21,,Ongoing,56.0,AGY-XYZ-99,XYZ Infrastructure & Construction Private Ltd,2,3,False,DEMO/SYNTHETIC DATA
MPL-2024-AS-000765,REC-2023-7295,MP-LS-17-23,Hon'ble Member of Parliament (Gauhati),"Deep Borewell & Solar Pump System at Mirza, Block Rangia",Drinking Water,Deep Borewell & Solar Pump System,Assam,Kamrup,Gauhati,Rangia,Mirza,26.0837,91.7883,730000.0,630000.0,0.0,630000.0,2023-11-18,2024-01-06,2024-01-19,2024-10-13,,Sanctioned,0.0,AGY-RWD-02,Rural Works Department (RWD) Engineering Wing,2,0,False,DEMO/SYNTHETIC DATA
MPL-2024-RA-000766,REC-2023-7871,MP-LS-17-94,Hon'ble Member of Parliament (Jaipur Rural),"Hand Pump Installation Cluster at Achrol, Block Kotputli",Drinking Water,Hand Pump Installation Cluster,Rajasthan,Jaipur,Jaipur Rural,Kotputli,Achrol,26.971,75.7877,770000.0,670000.0,155000.0,515000.0,2023-11-28,2024-01-17,2024-02-16,2024-07-14,,Ongoing,23.0,AGY-PWD-01,Public Works Department (PWD) Division I,4,2,False,DEMO/SYNTHETIC DATA
MPL-2024-UT-000767,REC-2023-9253,MP-LS-17-87,Hon'ble Member of Parliament (Varanasi),"School Science Laboratory at Babatpur, Block Kashi Vidyapeeth",Education & Classrooms,School Science Laboratory,Uttar Pradesh,Varanasi,Varanasi,Kashi Vidyapeeth,Babatpur,25.3877,83.0537,2080000.0,1980000.0,650000.0,1330000.0,2023-08-01,2023-08-27,2023-09-23,2024-05-13,,Ongoing,31.0,AGY-XYZ-99,XYZ Infrastructure & Construction Private Ltd,3,2,False,DEMO/SYNTHETIC DATA
MPL-2024-RA-000768,REC-2023-3109,MP-LS-17-62,Hon'ble Member of Parliament (Jaipur Rural),"Crematorium Shed with Amenities at Achrol, Block Sanganer",Community Infrastructure,Crematorium Shed with Amenities,Rajasthan,Jaipur,Jaipur Rural,Sanganer,Achrol,26.9657,75.7496,1400000.0,1300000.0,1300000.0,0.0,2023-08-05,2023-09-10,2023-09-29,2024-06-10,2024-05-25,Completed,100.0,AGY-XYZ-99,XYZ Infrastructure & Construction Private Ltd,4,4,True,DEMO/SYNTHETIC DATA
MPL-2024-AS-000769,REC-2023-8611,MP-LS-17-23,Hon'ble Member of Parliament (Gauhati),"Public Bus Passenger Shelter at Dadara, Block Bezera",Community Infrastructure,Public Bus Passenger Shelter,Assam,Kamrup,Gauhati,Bezera,Dadara,26.0681,91.6702,2930000.0,2880000.0,1086000.0,1794000.0,2023-07-24,2023-09-11,2023-09-21,2024-04-13,,Ongoing,35.0,AGY-PWD-01,Public Works Department (PWD) Division I,2,2,False,DEMO/SYNTHETIC DATA
MPL-2024-RA-000770,REC-2023-5682,MP-LS-17-93,Hon'ble Member of Parliament (Jaipur Rural),"Community Public Toilet Complex at Manoharpur, Block Sanganer",Health & Sanitation,Community Public Toilet Complex,Rajasthan,Jaipur,Jaipur Rural,Sanganer,Manoharpur,26.9054,75.7095,1560000.0,1560000.0,1560000.0,0.0,2023-05-21,2023-07-09,2023-08-07,2024-04-19,2024-04-02,Completed,100.0,AGY-DRDA-04,District Rural Development Agency (DRDA),5,2,True,DEMO/SYNTHETIC DATA
MPL-2024-RA-000771,REC-2023-8757,MP-LS-17-45,Hon'ble Member of Parliament (Jaipur Rural),"Senior Citizen Recreation Shed at Manoharpur, Block Chaksu",Community Infrastructure,Senior Citizen Recreation Shed,Rajasthan,Jaipur,Jaipur Rural,Chaksu,Manoharpur,26.9624,75.7077,2830000.0,2780000.0,2167000.0,613000.0,2023-10-06,2023-12-05,2023-12-21,2024-05-08,,Ongoing,71.0,AGY-RWD-02,Rural Works Department (RWD) Engineering Wing,2,3,False,DEMO/SYNTHETIC DATA
MPL-2024-RA-000772,REC-2023-6113,MP-LS-17-90,Hon'ble Member of Parliament (Jaipur Rural),"Smart Digital Library Block at Bassi, Block Chaksu",Education & Classrooms,Smart Digital Library Block,Rajasthan,Jaipur,Jaipur Rural,Chaksu,Bassi,26.972,75.7132,1440000.0,1290000.0,673000.0,617000.0,2023-06-20,2023-08-09,2023-08-28,2024-05-18,,Ongoing,48.0,AGY-XYZ-99,XYZ Infrastructure & Construction Private Ltd,2,2,False,DEMO/SYNTHETIC DATA
MPL-2024-MA-000773,REC-2023-3379,MP-LS-17-59,Hon'ble Member of Parliament (Thane),"Primary Health Sub-Centre Building at Vashind, Block Ambernath",Health & Sanitation,Primary Health Sub-Centre Building,Maharashtra,Thane,Thane,Ambernath,Vashind,19.1804,72.9577,2150000.0,2050000.0,691000.0,1359000.0,2023-05-16,2023-06-27,2023-07-23,2024-03-22,,Ongoing,36.0,AGY-PWD-01,Public Works Department (PWD) Division I,3,3,False,DEMO/SYNTHETIC DATA
MPL-2024-KA-000774,REC-2023-7546,MP-LS-17-31,Hon'ble Member of Parliament (Bangalore North),"School Science Laboratory at Singanayakanahalli, Block K.R. Puram",Education & Classrooms,School Science Laboratory,Karnataka,Bengaluru Urban,Bangalore North,K.R. Puram,Singanayakanahalli,12.9776,77.6192,1300000.0,1150000.0,781000.0,369000.0,2023-05-09,2023-06-06,2023-06-30,2023-12-26,,Ongoing,70.0,AGY-RWD-02,Rural Works Department (RWD) Engineering Wing,2,1,False,DEMO/SYNTHETIC DATA
MPL-2024-KA-000775,REC-2023-3755,MP-LS-17-77,Hon'ble Member of Parliament (Bangalore North),"Culvert & Drainage Bridge at Hesaraghatta, Block Bengaluru North",Rural Roads & Bridges,Culvert & Drainage Bridge,Karnataka,Bengaluru Urban,Bangalore North,Bengaluru North,Hesaraghatta,12.8987,77.6564,1610000.0,1560000.0,741000.0,819000.0,2023-08-26,2023-10-01,2023-10-24,2024-05-24,,Ongoing,47.0,AGY-RWD-02,Rural Works Department (RWD) Engineering Wing,3,3,False,DEMO/SYNTHETIC DATA
MPL-2024-KA-000776,REC-2023-4609,MP-LS-17-54,Hon'ble Member of Parliament (Bangalore North),"Community Public Toilet Complex at Mandur, Block Anekal",Health & Sanitation,Community Public Toilet Complex,Karnataka,Bengaluru Urban,Bangalore North,Anekal,Mandur,13.0292,77.572,1330000.0,1180000.0,1180000.0,0.0,2023-06-15,2023-08-01,2023-08-16,2024-02-11,2024-02-10,Completed,100.0,AGY-WSS-05,Public Health Engineering & Water Supply Dept,5,4,True,DEMO/SYNTHETIC DATA
MPL-2024-KE-000777,REC-2023-7894,MP-LS-17-20,Hon'ble Member of Parliament (Ernakulam),"High-Mast Solar Lighting Chowk at Cherai, Block Vyttila",Solar & Renewable Energy,High-Mast Solar Lighting Chowk,Kerala,Ernakulam,Ernakulam,Vyttila,Cherai,9.9662,76.3139,1080000.0,930000.0,207000.0,723000.0,2023-01-14,2023-02-09,2023-02-27,2023-10-04,,Ongoing,22.0,AGY-PWD-01,Public Works Department (PWD) Division I,4,2,False,DEMO/SYNTHETIC DATA
MPL-2024-KA-000778,REC-2023-7163,MP-LS-17-54,Hon'ble Member of Parliament (Bangalore North),"Community Public Toilet Complex at Attibele, Block Bengaluru North",Health & Sanitation,Community Public Toilet Complex,Karnataka,Bengaluru Urban,Bangalore North,Bengaluru North,Attibele,12.9695,77.6204,1060000.0,910000.0,910000.0,0.0,2023-09-11,2023-10-28,2023-11-18,2024-08-30,2024-10-04,Completed,100.0,AGY-XYZ-99,XYZ Infrastructure & Construction Private Ltd,5,2,True,DEMO/SYNTHETIC DATA
MPL-2024-MA-000779,REC-2023-3949,MP-LS-17-36,Hon'ble Member of Parliament (Thane),"High-Mast Solar Lighting Chowk at Padgha, Block Murbad",Solar & Renewable Energy,High-Mast Solar Lighting Chowk,Maharashtra,Thane,Thane,Murbad,Padgha,19.2291,73.0243,670000.0,670000.0,247000.0,423000.0,2023-08-27,2023-10-24,2023-11-13,2024-08-14,,Ongoing,39.0,AGY-RWD-02,Rural Works Department (RWD) Engineering Wing,2,3,False,DEMO/SYNTHETIC DATA
MPL-2024-RA-000780,REC-2023-6421,MP-LS-17-13,Hon'ble Member of Parliament (Jaipur Rural),"Rooftop Solar for Govt Hospital at Bassi, Block Kotputli",Solar & Renewable Energy,Rooftop Solar for Govt Hospital,Rajasthan,Jaipur,Jaipur Rural,Kotputli,Bassi,26.8834,75.7521,1180000.0,1130000.0,1130000.0,0.0,2023-08-19,2023-10-05,2023-10-30,2024-02-28,2024-02-13,Completed,100.0,AGY-WSS-05,Public Health Engineering & Water Supply Dept,4,3,True,DEMO/SYNTHETIC DATA
MPL-2024-MA-000781,REC-2023-8323,MP-LS-17-18,Hon'ble Member of Parliament (Thane),"Village Waste Segregation Shed at Khadavali, Block Ambernath",Health & Sanitation,Village Waste Segregation Shed,Maharashtra,Thane,Thane,Ambernath,Khadavali,19.1716,72.9947,1560000.0,1410000.0,358000.0,1052000.0,2023-10-28,2023-11-20,2023-12-08,2024-08-28,,Ongoing,27.0,AGY-WSS-05,Public Health Engineering & Water Supply Dept,4,3,False,DEMO/SYNTHETIC DATA
MPL-2024-UT-000782,REC-2023-4040,MP-LS-17-28,Hon'ble Member of Parliament (Varanasi),"Paver Block Road at Chhatar, Block Arajiline",Rural Roads & Bridges,Paver Block Road,Uttar Pradesh,Varanasi,Varanasi,Arajiline,Chhatar,25.3054,82.9533,3850000.0,3750000.0,3750000.0,0.0,2023-06-05,2023-07-19,2023-08-02,2023-12-10,2023-12-23,Completed,100.0,AGY-RWD-02,Rural Works Department (RWD) Engineering Wing,4,3,True,DEMO/SYNTHETIC DATA
MPL-2024-BI-000783,REC-2023-9738,MP-LS-17-52,Hon'ble Member of Parliament (Patna Sahib),"Community Public Toilet Complex at Jethuli, Block Bakhtiarpur",Health & Sanitation,Community Public Toilet Complex,Bihar,Patna,Patna Sahib,Bakhtiarpur,Jethuli,25.5702,85.1676,1790000.0,1740000.0,1740000.0,0.0,2023-07-07,2023-08-07,2023-09-04,2024-04-20,2024-05-07,Completed,100.0,AGY-XYZ-99,XYZ Infrastructure & Construction Private Ltd,4,3,True,DEMO/SYNTHETIC DATA
MPL-2024-KE-000784,REC-2023-7717,MP-LS-17-50,Hon'ble Member of Parliament (Ernakulam),"Piped Water Overhead Tank at Kalamassery, Block Paravur",Drinking Water,Piped Water Overhead Tank,Kerala,Ernakulam,Ernakulam,Paravur,Kalamassery,10.0392,76.3593,1580000.0,1480000.0,0.0,1480000.0,2023-08-02,2023-08-31,2023-09-16,2024-04-03,,Sanctioned,0.0,AGY-RWD-02,Rural Works Department (RWD) Engineering Wing,2,0,False,DEMO/SYNTHETIC DATA
MPL-2024-BI-000785,REC-2023-3213,MP-LS-17-44,Hon'ble Member of Parliament (Patna Sahib),"High-Mast Solar Lighting Chowk at Sabbalpur, Block Bakhtiarpur",Solar & Renewable Energy,High-Mast Solar Lighting Chowk,Bihar,Patna,Patna Sahib,Bakhtiarpur,Sabbalpur,25.5403,85.1624,1830000.0,1680000.0,1680000.0,0.0,2023-11-11,2023-12-06,2024-01-04,2024-05-06,2024-04-22,Completed,100.0,AGY-XYZ-99,XYZ Infrastructure & Construction Private Ltd,5,3,True,DEMO/SYNTHETIC DATA
MPL-2024-RA-000786,REC-2023-6249,MP-LS-17-60,Hon'ble Member of Parliament (Jaipur Rural),"Health Diagnostic Equipment at Nayla, Block Sanganer",Health & Sanitation,Health Diagnostic Equipment,Rajasthan,Jaipur,Jaipur Rural,Sanganer,Nayla,26.9294,75.7135,2430000.0,2330000.0,866000.0,1464000.0,2023-07-14,2023-08-19,2023-09-10,2024-02-11,,Ongoing,35.0,AGY-DRDA-04,District Rural Development Agency (DRDA),3,3,False,DEMO/SYNTHETIC DATA
MPL-2024-MA-000787,REC-2023-2980,MP-LS-17-27,Hon'ble Member of Parliament (Thane),"Community Public Toilet Complex at Vashind, Block Kalyan",Health & Sanitation,Community Public Toilet Complex,Maharashtra,Thane,Thane,Kalyan,Vashind,19.2145,73.0368,1970000.0,1820000.0,1820000.0,0.0,2023-05-21,2023-07-18,2023-08-13,2023-12-23,2023-12-27,Completed,100.0,AGY-RWD-02,Rural Works Department (RWD) Engineering Wing,5,3,True,DEMO/SYNTHETIC DATA
MPL-2024-WE-000788,REC-2023-5042,MP-LS-17-81,Hon'ble Member of Parliament (Krishnanagar),"Deep Borewell & Solar Pump System at Mayapur, Block Nabadwip",Drinking Water,Deep Borewell & Solar Pump System,West Bengal,Nadia,Krishnanagar,Nabadwip,Mayapur,23.3281,88.4473,1540000.0,1440000.0,1440000.0,0.0,2023-02-08,2023-04-05,2023-04-20,2023-09-01,2023-09-09,Completed,100.0,AGY-RWD-02,Rural Works Department (RWD) Engineering Wing,5,4,True,DEMO/SYNTHETIC DATA
MPL-2024-RA-000789,REC-2023-6089,MP-LS-17-74,Hon'ble Member of Parliament (Jaipur Rural),"School Boundary Wall & Sanitation at Nayla, Block Kotputli",Education & Classrooms,School Boundary Wall & Sanitation,Rajasthan,Jaipur,Jaipur Rural,Kotputli,Nayla,26.9882,75.8442,2390000.0,2390000.0,2390000.0,0.0,2023-07-05,2023-08-30,2023-09-21,2024-03-03,2024-03-02,Completed,100.0,AGY-XYZ-99,XYZ Infrastructure & Construction Private Ltd,5,3,True,DEMO/SYNTHETIC DATA
MPL-2024-KE-000790,REC-2023-7312,MP-LS-17-67,Hon'ble Member of Parliament (Ernakulam),"RO Water Treatment Plant at Kothamangalam, Block Paravur",Drinking Water,RO Water Treatment Plant,Kerala,Ernakulam,Ernakulam,Paravur,Kothamangalam,9.9909,76.2703,1850000.0,1750000.0,1750000.0,0.0,2023-11-22,2023-12-26,2024-01-17,2024-06-08,2024-05-19,Completed,100.0,AGY-XYZ-99,XYZ Infrastructure & Construction Private Ltd,5,2,True,DEMO/SYNTHETIC DATA
MPL-2024-UT-000791,REC-2023-2343,MP-LS-17-45,Hon'ble Member of Parliament (Varanasi),"Deep Borewell & Solar Pump System at Harahua, Block Kashi Vidyapeeth",Drinking Water,Deep Borewell & Solar Pump System,Uttar Pradesh,Varanasi,Varanasi,Kashi Vidyapeeth,Harahua,25.2916,83.0386,2220000.0,2120000.0,0.0,2120000.0,2023-05-12,2023-06-25,2023-07-16,2023-11-18,,Sanctioned,0.0,AGY-XYZ-99,XYZ Infrastructure & Construction Private Ltd,2,0,False,DEMO/SYNTHETIC DATA
MPL-2024-WE-000792,REC-2023-9214,MP-LS-17-25,Hon'ble Member of Parliament (Krishnanagar),"Piped Water Overhead Tank at Dhubulia, Block Chapra",Drinking Water,Piped Water Overhead Tank,West Bengal,Nadia,Krishnanagar,Chapra,Dhubulia,23.3766,88.4716,1910000.0,1760000.0,641000.0,1119000.0,2023-07-03,2023-08-23,2023-09-06,2024-03-12,,Ongoing,38.0,AGY-XYZ-99,XYZ Infrastructure & Construction Private Ltd,3,1,False,DEMO/SYNTHETIC DATA
MPL-2024-RA-000793,REC-2023-5706,MP-LS-17-35,Hon'ble Member of Parliament (Jaipur Rural),"Solar Street Light Grid (50 poles) at Bassi, Block Kotputli",Solar & Renewable Energy,Solar Street Light Grid (50 poles),Rajasthan,Jaipur,Jaipur Rural,Kotputli,Bassi,26.9709,75.7275,1540000.0,1390000.0,606000.0,784000.0,2023-05-04,2023-06-07,2023-06-23,2023-11-14,,Ongoing,46.0,AGY-DRDA-04,District Rural Development Agency (DRDA),2,2,False,DEMO/SYNTHETIC DATA
MPL-2024-BI-000794,REC-2023-5172,MP-LS-17-67,Hon'ble Member of Parliament (Patna Sahib),"Primary Health Sub-Centre Building at Baikatpur, Block Fatuha",Health & Sanitation,Primary Health Sub-Centre Building,Bihar,Patna,Patna Sahib,Fatuha,Baikatpur,25.668,85.2033,1750000.0,1700000.0,724000.0,976000.0,2023-01-18,2023-02-09,2023-02-22,2023-10-05,,Ongoing,41.0,AGY-DRDA-04,District Rural Development Agency (DRDA),2,1,False,DEMO/SYNTHETIC DATA
MPL-2024-RA-000795,REC-2023-4525,MP-LS-17-24,Hon'ble Member of Parliament (Jaipur Rural),"Link Road Widening at Bagru, Block Shahpura",Rural Roads & Bridges,Link Road Widening,Rajasthan,Jaipur,Jaipur Rural,Shahpura,Bagru,26.9086,75.8201,3510000.0,3510000.0,933000.0,2577000.0,2023-10-20,2023-12-16,2024-01-05,2024-05-13,,Ongoing,28.0,AGY-RWD-02,Rural Works Department (RWD) Engineering Wing,3,1,False,DEMO/SYNTHETIC DATA
MPL-2024-AS-000796,REC-2023-8120,MP-LS-17-75,Hon'ble Member of Parliament (Gauhati),"Health Diagnostic Equipment at Puthimari, Block Bezera",Health & Sanitation,Health Diagnostic Equipment,Assam,Kamrup,Gauhati,Bezera,Puthimari,26.1594,91.8026,1570000.0,1570000.0,1570000.0,0.0,2023-08-23,2023-09-23,2023-10-10,2024-03-04,2024-03-12,Completed,100.0,AGY-RWD-02,Rural Works Department (RWD) Engineering Wing,5,2,True,DEMO/SYNTHETIC DATA
MPL-2024-RA-000797,REC-2023-2846,MP-LS-17-90,Hon'ble Member of Parliament (Jaipur Rural),"Piped Water Overhead Tank at Manoharpur, Block Amer",Drinking Water,Piped Water Overhead Tank,Rajasthan,Jaipur,Jaipur Rural,Amer,Manoharpur,26.8586,75.712,2400000.0,2400000.0,2400000.0,0.0,2023-01-10,2023-02-16,2023-03-04,2023-11-24,2023-12-04,Completed,100.0,AGY-PWD-01,Public Works Department (PWD) Division I,4,3,True,DEMO/SYNTHETIC DATA
MPL-2024-WE-000798,REC-2023-2916,MP-LS-17-43,Hon'ble Member of Parliament (Krishnanagar),"Paver Block Road at Tehatta, Block Krishnanagar-I",Rural Roads & Bridges,Paver Block Road,West Bengal,Nadia,Krishnanagar,Krishnanagar-I,Tehatta,23.3501,88.5076,3890000.0,3790000.0,3790000.0,0.0,2023-09-20,2023-10-26,2023-11-17,2024-04-13,2024-05-04,Completed,100.0,AGY-XYZ-99,XYZ Infrastructure & Construction Private Ltd,4,3,True,DEMO/SYNTHETIC DATA
MPL-2024-RA-000799,REC-2023-7999,MP-LS-17-55,Hon'ble Member of Parliament (Jaipur Rural),"RO Water Treatment Plant at Manoharpur, Block Shahpura",Drinking Water,RO Water Treatment Plant,Rajasthan,Jaipur,Jaipur Rural,Shahpura,Manoharpur,26.962,75.767,1820000.0,1770000.0,1770000.0,0.0,2023-09-23,2023-11-15,2023-11-30,2024-04-26,2024-05-08,Completed,100.0,AGY-PWD-01,Public Works Department (PWD) Division I,5,4,True,DEMO/SYNTHETIC DATA
MPL-2024-KA-000800,REC-2023-4251,MP-LS-17-81,Hon'ble Member of Parliament (Bangalore North),"Panchayat Community Hall at Mandur, Block Anekal",Community Infrastructure,Panchayat Community Hall,Karnataka,Bengaluru Urban,Bangalore North,Anekal,Mandur,13.0212,77.6671,3040000.0,3040000.0,1543000.0,1497000.0,2023-02-21,2023-04-12,2023-04-28,2023-10-14,,Ongoing,55.0,AGY-RWD-02,Rural Works Department (RWD) Engineering Wing,3,3,False,DEMO/SYNTHETIC DATA
MPL-2024-AS-000801,REC-2023-2617,MP-LS-17-34,Hon'ble Member of Parliament (Gauhati),"Public Bus Passenger Shelter at Mirza, Block Rangia",Community Infrastructure,Public Bus Passenger Shelter,Assam,Kamrup,Gauhati,Rangia,Mirza,26.1585,91.7412,3770000.0,3770000.0,3770000.0,0.0,2023-02-17,2023-04-06,2023-04-26,2023-11-01,2023-11-19,Completed,100.0,AGY-DRDA-04,District Rural Development Agency (DRDA),4,2,True,DEMO/SYNTHETIC DATA
MPL-2024-KA-000802,REC-2023-7722,MP-LS-17-12,Hon'ble Member of Parliament (Bangalore North),"Senior Citizen Recreation Shed at Singanayakanahalli, Block Yelahanka",Community Infrastructure,Senior Citizen Recreation Shed,Karnataka,Bengaluru Urban,Bangalore North,Yelahanka,Singanayakanahalli,12.9353,77.5731,2570000.0,2420000.0,2420000.0,0.0,2023-11-27,2024-01-19,2024-02-12,2024-11-26,2024-11-09,Completed,100.0,AGY-RWD-02,Rural Works Department (RWD) Engineering Wing,4,3,True,DEMO/SYNTHETIC DATA
MPL-2024-WE-000803,REC-2023-6415,MP-LS-17-13,Hon'ble Member of Parliament (Krishnanagar),"Solar Street Light Grid (50 poles) at Mayapur, Block Nakashipara",Solar & Renewable Energy,Solar Street Light Grid (50 poles),West Bengal,Nadia,Krishnanagar,Nakashipara,Mayapur,23.3809,88.5328,570000.0,570000.0,313000.0,257000.0,2023-08-01,2023-09-04,2023-10-04,2024-02-07,,Ongoing,55.0,AGY-XYZ-99,XYZ Infrastructure & Construction Private Ltd,2,2,False,DEMO/SYNTHETIC DATA
MPL-2024-WE-000804,REC-2023-8235,MP-LS-17-70,Hon'ble Member of Parliament (Krishnanagar),"Primary Health Sub-Centre Building at Dhubulia, Block Krishnanagar-I",Health & Sanitation,Primary Health Sub-Centre Building,West Bengal,Nadia,Krishnanagar,Krishnanagar-I,Dhubulia,23.4268,88.5441,2760000.0,2710000.0,1920000.0,790000.0,2023-11-15,2023-12-09,2024-01-05,2024-08-06,,Ongoing,69.0,AGY-RWD-02,Rural Works Department (RWD) Engineering Wing,4,2,False,DEMO/SYNTHETIC DATA
MPL-2024-UT-000805,REC-2023-4564,MP-LS-17-34,Hon'ble Member of Parliament (Varanasi),"High-Mast Solar Lighting Chowk at Rampur, Block Cholapur",Solar & Renewable Energy,High-Mast Solar Lighting Chowk,Uttar Pradesh,Varanasi,Varanasi,Cholapur,Rampur,25.2953,83.0346,910000.0,910000.0,435000.0,475000.0,2023-06-25,2023-07-30,2023-08-20,2024-04-23,,Ongoing,46.0,AGY-RWD-02,Rural Works Department (RWD) Engineering Wing,3,2,False,DEMO/SYNTHETIC DATA
MPL-2024-UT-000806,REC-2023-7235,MP-LS-17-49,Hon'ble Member of Parliament (Varanasi),"Solar Street Light Grid (50 poles) at Chhatar, Block Pindra",Solar & Renewable Energy,Solar Street Light Grid (50 poles),Uttar Pradesh,Varanasi,Varanasi,Pindra,Chhatar,25.2412,82.9294,1800000.0,1700000.0,1700000.0,0.0,2023-02-14,2023-03-06,2023-04-05,2023-10-08,2023-10-09,Completed,100.0,AGY-DRDA-04,District Rural Development Agency (DRDA),5,3,True,DEMO/SYNTHETIC DATA
MPL-2024-KA-000807,REC-2023-6038,MP-LS-17-80,Hon'ble Member of Parliament (Bangalore North),"School Boundary Wall & Sanitation at Singanayakanahalli, Block Yelahanka",Education & Classrooms,School Boundary Wall & Sanitation,Karnataka,Bengaluru Urban,Bangalore North,Yelahanka,Singanayakanahalli,13.0129,77.5411,3070000.0,2920000.0,2920000.0,0.0,2023-05-22,2023-06-20,2023-07-19,2024-05-13,2024-06-01,Completed,100.0,AGY-WSS-05,Public Health Engineering & Water Supply Dept,5,2,True,DEMO/SYNTHETIC DATA
MPL-2024-RA-000808,REC-2023-9958,MP-LS-17-56,Hon'ble Member of Parliament (Jaipur Rural),"Additional Classroom Building at Kukas, Block Chaksu",Education & Classrooms,Additional Classroom Building,Rajasthan,Jaipur,Jaipur Rural,Chaksu,Kukas,26.9178,75.795,1230000.0,1180000.0,246000.0,934000.0,2023-05-10,2023-06-14,2023-07-03,2024-01-24,,Ongoing,20.0,AGY-WSS-05,Public Health Engineering & Water Supply Dept,4,3,False,DEMO/SYNTHETIC DATA
MPL-2024-BI-000809,REC-2023-5240,MP-LS-17-56,Hon'ble Member of Parliament (Patna Sahib),"RO Water Treatment Plant at Gauri Chak, Block Fatuha",Drinking Water,RO Water Treatment Plant,Bihar,Patna,Patna Sahib,Fatuha,Gauri Chak,25.6235,85.1992,770000.0,620000.0,620000.0,0.0,2023-01-19,2023-02-16,2023-03-09,2023-10-21,2023-10-01,Completed,100.0,AGY-XYZ-99,XYZ Infrastructure & Construction Private Ltd,4,4,True,DEMO/SYNTHETIC DATA
MPL-2024-WE-000810,REC-2023-9673,MP-LS-17-25,Hon'ble Member of Parliament (Krishnanagar),"Link Road Widening at Mayapur, Block Krishnanagar-I",Rural Roads & Bridges,Link Road Widening,West Bengal,Nadia,Krishnanagar,Krishnanagar-I,Mayapur,23.4222,88.5593,1910000.0,1910000.0,1910000.0,0.0,2023-04-05,2023-04-27,2023-05-25,2023-12-05,2023-11-19,Completed,100.0,AGY-RWD-02,Rural Works Department (RWD) Engineering Wing,4,4,True,DEMO/SYNTHETIC DATA
MPL-2024-KA-000811,REC-2023-7501,MP-LS-17-85,Hon'ble Member of Parliament (Bangalore North),"Solar Street Light Grid (50 poles) at Mandur, Block Anekal",Solar & Renewable Energy,Solar Street Light Grid (50 poles),Karnataka,Bengaluru Urban,Bangalore North,Anekal,Mandur,12.9095,77.6369,1480000.0,1480000.0,1480000.0,0.0,2023-06-23,2023-08-16,2023-09-13,2024-05-13,2024-06-16,Completed,100.0,AGY-PWD-01,Public Works Department (PWD) Division I,4,3,True,DEMO/SYNTHETIC DATA
MPL-2024-MA-000812,REC-2023-3577,MP-LS-17-18,Hon'ble Member of Parliament (Thane),"CC Road Construction at Padgha, Block Shahapur",Rural Roads & Bridges,CC Road Construction,Maharashtra,Thane,Thane,Shahapur,Padgha,19.2429,72.9664,2760000.0,2660000.0,1827000.0,833000.0,2023-05-20,2023-07-07,2023-08-02,2024-04-01,,Ongoing,64.0,AGY-RWD-02,Rural Works Department (RWD) Engineering Wing,3,1,False,DEMO/SYNTHETIC DATA
MPL-2024-KA-000813,REC-2023-1562,MP-LS-17-12,Hon'ble Member of Parliament (Bangalore North),"Health Diagnostic Equipment at Attibele, Block Anekal",Health & Sanitation,Health Diagnostic Equipment,Karnataka,Bengaluru Urban,Bangalore North,Anekal,Attibele,12.9246,77.6284,2360000.0,2310000.0,1336000.0,974000.0,2023-12-02,2023-12-26,2024-01-21,2024-10-13,,Ongoing,58.0,AGY-RWD-02,Rural Works Department (RWD) Engineering Wing,3,1,False,DEMO/SYNTHETIC DATA
MPL-2024-KE-000814,REC-2023-3325,MP-LS-17-54,Hon'ble Member of Parliament (Ernakulam),"Piped Water Overhead Tank at Edappally, Block Angamaly",Drinking Water,Piped Water Overhead Tank,Kerala,Ernakulam,Ernakulam,Angamaly,Edappally,9.9528,76.2718,1990000.0,1890000.0,0.0,1890000.0,2023-03-13,2023-04-03,2023-04-26,2023-12-07,,Sanctioned,0.0,AGY-RWD-02,Rural Works Department (RWD) Engineering Wing,2,0,False,DEMO/SYNTHETIC DATA
MPL-2024-KE-000815,REC-2023-6519,MP-LS-17-21,Hon'ble Member of Parliament (Ernakulam),"Deep Borewell & Solar Pump System at Kalamassery, Block Muvattupuzha",Drinking Water,Deep Borewell & Solar Pump System,Kerala,Ernakulam,Ernakulam,Muvattupuzha,Kalamassery,10.03,76.3093,780000.0,780000.0,780000.0,0.0,2023-11-09,2023-12-06,2023-12-22,2024-05-22,2024-05-08,Completed,100.0,AGY-DRDA-04,District Rural Development Agency (DRDA),4,3,True,DEMO/SYNTHETIC DATA
MPL-2024-BI-000816,REC-2023-7922,MP-LS-17-94,Hon'ble Member of Parliament (Patna Sahib),"RO Water Treatment Plant at Jethuli, Block Fatuha",Drinking Water,RO Water Treatment Plant,Bihar,Patna,Patna Sahib,Fatuha,Jethuli,25.5806,85.1678,1430000.0,1330000.0,318000.0,1012000.0,2023-10-17,2023-11-25,2023-12-13,2024-05-03,,Ongoing,22.0,AGY-XYZ-99,XYZ Infrastructure & Construction Private Ltd,2,3,False,DEMO/SYNTHETIC DATA
MPL-2024-WE-000817,REC-2023-2230,MP-LS-17-99,Hon'ble Member of Parliament (Krishnanagar),"School Science Laboratory at Tehatta, Block Nabadwip",Education & Classrooms,School Science Laboratory,West Bengal,Nadia,Krishnanagar,Nabadwip,Tehatta,23.45,88.5439,3050000.0,3000000.0,0.0,3000000.0,2023-10-27,2023-12-21,2024-01-07,2024-08-23,,Sanctioned,0.0,AGY-XYZ-99,XYZ Infrastructure & Construction Private Ltd,2,0,False,DEMO/SYNTHETIC DATA
MPL-2024-KE-000818,REC-2023-9912,MP-LS-17-56,Hon'ble Member of Parliament (Ernakulam),"Piped Water Overhead Tank at Kothamangalam, Block Vyttila",Drinking Water,Piped Water Overhead Tank,Kerala,Ernakulam,Ernakulam,Vyttila,Kothamangalam,9.925,76.3491,680000.0,680000.0,176000.0,504000.0,2023-07-28,2023-09-14,2023-09-30,2024-07-23,,Ongoing,24.0,AGY-DRDA-04,District Rural Development Agency (DRDA),2,2,False,DEMO/SYNTHETIC DATA
MPL-2024-RA-000819,REC-2023-5498,MP-LS-17-26,Hon'ble Member of Parliament (Jaipur Rural),"Smart Digital Library Block at Bassi, Block Kotputli",Education & Classrooms,Smart Digital Library Block,Rajasthan,Jaipur,Jaipur Rural,Kotputli,Bassi,26.9781,75.7521,2190000.0,2190000.0,2190000.0,0.0,2023-03-04,2023-04-29,2023-05-22,2023-12-28,2023-12-18,Completed,100.0,AGY-WSS-05,Public Health Engineering & Water Supply Dept,4,2,True,DEMO/SYNTHETIC DATA
MPL-2024-KE-000820,REC-2023-8466,MP-LS-17-45,Hon'ble Member of Parliament (Ernakulam),"Village Waste Segregation Shed at Perumbavoor, Block Angamaly",Health & Sanitation,Village Waste Segregation Shed,Kerala,Ernakulam,Ernakulam,Angamaly,Perumbavoor,9.9707,76.2778,1600000.0,1500000.0,1500000.0,0.0,2023-02-04,2023-03-13,2023-04-05,2023-12-22,2024-01-29,Completed,100.0,AGY-WSS-05,Public Health Engineering & Water Supply Dept,4,2,True,DEMO/SYNTHETIC DATA
MPL-2024-UT-000821,REC-2023-2612,MP-LS-17-63,Hon'ble Member of Parliament (Varanasi),"Link Road Widening at Badagaon, Block Sewapuri",Rural Roads & Bridges,Link Road Widening,Uttar Pradesh,Varanasi,Varanasi,Sewapuri,Badagaon,25.3118,82.9084,1660000.0,1610000.0,466000.0,1144000.0,2023-08-01,2023-08-24,2023-09-22,2024-06-23,,Ongoing,29.0,AGY-DRDA-04,District Rural Development Agency (DRDA),3,2,False,DEMO/SYNTHETIC DATA
MPL-2024-AS-000822,REC-2023-6575,MP-LS-17-68,Hon'ble Member of Parliament (Gauhati),"Solar Street Light Grid (50 poles) at Boko, Block Kamalpur",Solar & Renewable Energy,Solar Street Light Grid (50 poles),Assam,Kamrup,Gauhati,Kamalpur,Boko,26.1504,91.7842,1340000.0,1290000.0,1290000.0,0.0,2023-08-03,2023-08-23,2023-09-10,2024-02-25,2024-03-02,Completed,100.0,AGY-WSS-05,Public Health Engineering & Water Supply Dept,5,2,True,DEMO/SYNTHETIC DATA
MPL-2024-UT-000823,REC-2023-1764,MP-LS-17-92,Hon'ble Member of Parliament (Varanasi),"Additional Classroom Building at Shivpur, Block Arajiline",Education & Classrooms,Additional Classroom Building,Uttar Pradesh,Varanasi,Varanasi,Arajiline,Shivpur,25.333,82.9639,1660000.0,1610000.0,783000.0,827000.0,2023-01-14,2023-02-11,2023-02-23,2023-11-02,,Ongoing,54.0,AGY-ZP-03,Zila Parishad Rural Infrastructure Cell,2,3,False,DEMO/SYNTHETIC DATA
MPL-2024-WE-000824,REC-2023-8926,MP-LS-17-21,Hon'ble Member of Parliament (Krishnanagar),"School Science Laboratory at Dhubulia, Block Chapra",Education & Classrooms,School Science Laboratory,West Bengal,Nadia,Krishnanagar,Chapra,Dhubulia,23.3344,88.4355,2150000.0,2150000.0,2150000.0,0.0,2023-05-28,2023-07-25,2023-08-10,2024-04-08,2024-04-20,Completed,100.0,AGY-RWD-02,Rural Works Department (RWD) Engineering Wing,4,2,True,DEMO/SYNTHETIC DATA
MPL-2024-KA-000825,REC-2023-8271,MP-LS-17-70,Hon'ble Member of Parliament (Bangalore North),"Link Road Widening at Singanayakanahalli, Block Bengaluru North",Rural Roads & Bridges,Link Road Widening,Karnataka,Bengaluru Urban,Bangalore North,Bengaluru North,Singanayakanahalli,12.9883,77.6092,4150000.0,4000000.0,1887000.0,2113000.0,2023-03-19,2023-04-19,2023-05-17,2024-02-27,,Ongoing,49.0,AGY-DRDA-04,District Rural Development Agency (DRDA),2,2,False,DEMO/SYNTHETIC DATA
MPL-2024-AS-000826,REC-2023-5659,MP-LS-17-13,Hon'ble Member of Parliament (Gauhati),"Health Diagnostic Equipment at Dadara, Block Bezera",Health & Sanitation,Health Diagnostic Equipment,Assam,Kamrup,Gauhati,Bezera,Dadara,26.1771,91.736,2250000.0,2250000.0,409000.0,1841000.0,2023-09-09,2023-10-15,2023-11-02,2024-06-17,,Ongoing,20.0,AGY-DRDA-04,District Rural Development Agency (DRDA),3,2,False,DEMO/SYNTHETIC DATA
MPL-2024-KA-000827,REC-2023-9868,MP-LS-17-57,Hon'ble Member of Parliament (Bangalore North),"Rooftop Solar for Govt Hospital at Hesaraghatta, Block Anekal",Solar & Renewable Energy,Rooftop Solar for Govt Hospital,Karnataka,Bengaluru Urban,Bangalore North,Anekal,Hesaraghatta,12.9978,77.5867,1850000.0,1750000.0,1750000.0,0.0,2023-12-15,2024-02-06,2024-03-06,2024-07-19,2024-08-11,Completed,100.0,AGY-RWD-02,Rural Works Department (RWD) Engineering Wing,4,3,True,DEMO/SYNTHETIC DATA
MPL-2024-KE-000828,REC-2023-7440,MP-LS-17-38,Hon'ble Member of Parliament (Ernakulam),"School Boundary Wall & Sanitation at Cherai, Block Angamaly",Education & Classrooms,School Boundary Wall & Sanitation,Kerala,Ernakulam,Ernakulam,Angamaly,Cherai,9.9418,76.3683,1790000.0,1690000.0,1126000.0,564000.0,2023-06-17,2023-07-26,2023-08-06,2024-02-28,,Ongoing,63.0,AGY-PWD-01,Public Works Department (PWD) Division I,2,2,False,DEMO/SYNTHETIC DATA
MPL-2024-RA-000829,REC-2023-6503,MP-LS-17-19,Hon'ble Member of Parliament (Jaipur Rural),"Paver Block Road at Achrol, Block Kotputli",Rural Roads & Bridges,Paver Block Road,Rajasthan,Jaipur,Jaipur Rural,Kotputli,Achrol,26.9237,75.7806,2100000.0,2050000.0,1482000.0,568000.0,2023-02-12,2023-03-28,2023-04-14,2023-08-31,,Ongoing,74.0,AGY-PWD-01,Public Works Department (PWD) Division I,3,1,False,DEMO/SYNTHETIC DATA
MPL-2024-WE-000830,REC-2023-1326,MP-LS-17-78,Hon'ble Member of Parliament (Krishnanagar),"RO Water Treatment Plant at Debagram, Block Chapra",Drinking Water,RO Water Treatment Plant,West Bengal,Nadia,Krishnanagar,Chapra,Debagram,23.37,88.4897,1120000.0,1070000.0,1070000.0,0.0,2023-06-10,2023-07-13,2023-07-23,2024-02-20,2024-02-08,Completed,100.0,AGY-RWD-02,Rural Works Department (RWD) Engineering Wing,5,3,True,DEMO/SYNTHETIC DATA
MPL-2024-BI-000831,REC-2023-1555,MP-LS-17-57,Hon'ble Member of Parliament (Patna Sahib),"School Boundary Wall & Sanitation at Ranipur, Block Danapur",Education & Classrooms,School Boundary Wall & Sanitation,Bihar,Patna,Patna Sahib,Danapur,Ranipur,25.5657,85.1677,1590000.0,1590000.0,1590000.0,0.0,2023-02-25,2023-03-18,2023-03-29,2023-08-21,2023-08-28,Completed,100.0,AGY-ZP-03,Zila Parishad Rural Infrastructure Cell,5,3,True,DEMO/SYNTHETIC DATA
MPL-2024-KE-000832,REC-2023-4202,MP-LS-17-53,Hon'ble Member of Parliament (Ernakulam),"Paver Block Road at Perumbavoor, Block Angamaly",Rural Roads & Bridges,Paver Block Road,Kerala,Ernakulam,Ernakulam,Angamaly,Perumbavoor,9.9414,76.3103,3550000.0,3400000.0,3400000.0,0.0,2023-12-06,2024-01-24,2024-02-11,2024-12-05,2024-12-14,Completed,100.0,AGY-DRDA-04,District Rural Development Agency (DRDA),5,2,True,DEMO/SYNTHETIC DATA
MPL-2024-KE-000833,REC-2023-5727,MP-LS-17-35,Hon'ble Member of Parliament (Ernakulam),"Crematorium Shed with Amenities at Cherai, Block Muvattupuzha",Community Infrastructure,Crematorium Shed with Amenities,Kerala,Ernakulam,Ernakulam,Muvattupuzha,Cherai,10.0095,76.3376,2710000.0,2710000.0,2710000.0,0.0,2023-08-12,2023-09-01,2023-09-20,2024-04-26,2024-05-20,Completed,100.0,AGY-XYZ-99,XYZ Infrastructure & Construction Private Ltd,5,3,True,DEMO/SYNTHETIC DATA
MPL-2024-KA-000834,REC-2023-8143,MP-LS-17-76,Hon'ble Member of Parliament (Bangalore North),"Deep Borewell & Solar Pump System at Doddaballapur Rd, Block Anekal",Drinking Water,Deep Borewell & Solar Pump System,Karnataka,Bengaluru Urban,Bangalore North,Anekal,Doddaballapur Rd,12.9694,77.6139,990000.0,840000.0,840000.0,0.0,2023-07-24,2023-09-19,2023-10-19,2024-02-17,2024-01-30,Completed,100.0,AGY-PWD-01,Public Works Department (PWD) Division I,5,4,True,DEMO/SYNTHETIC DATA
MPL-2024-KA-000835,REC-2023-9222,MP-LS-17-94,Hon'ble Member of Parliament (Bangalore North),"Health Diagnostic Equipment at Singanayakanahalli, Block Yelahanka",Health & Sanitation,Health Diagnostic Equipment,Karnataka,Bengaluru Urban,Bangalore North,Yelahanka,Singanayakanahalli,12.959,77.5308,2880000.0,2730000.0,2027000.0,703000.0,2023-08-27,2023-10-18,2023-11-08,2024-03-13,,Ongoing,77.0,AGY-RWD-02,Rural Works Department (RWD) Engineering Wing,2,1,False,DEMO/SYNTHETIC DATA
MPL-2024-BI-000836,REC-2023-7801,MP-LS-17-37,Hon'ble Member of Parliament (Patna Sahib),"Public Bus Passenger Shelter at Gauri Chak, Block Bakhtiarpur",Community Infrastructure,Public Bus Passenger Shelter,Bihar,Patna,Patna Sahib,Bakhtiarpur,Gauri Chak,25.569,85.1174,2970000.0,2820000.0,2820000.0,0.0,2023-03-13,2023-04-09,2023-05-09,2023-09-21,2023-10-07,Completed,100.0,AGY-XYZ-99,XYZ Infrastructure & Construction Private Ltd,4,2,True,DEMO/SYNTHETIC DATA
MPL-2024-RA-000837,REC-2023-6850,MP-LS-17-44,Hon'ble Member of Parliament (Jaipur Rural),"Primary Health Sub-Centre Building at Manoharpur, Block Shahpura",Health & Sanitation,Primary Health Sub-Centre Building,Rajasthan,Jaipur,Jaipur Rural,Shahpura,Manoharpur,26.97,75.7889,2830000.0,2730000.0,644000.0,2086000.0,2023-12-12,2024-01-05,2024-01-22,2024-10-20,,Ongoing,22.0,AGY-PWD-01,Public Works Department (PWD) Division I,4,3,False,DEMO/SYNTHETIC DATA
MPL-2024-RA-000838,REC-2023-8475,MP-LS-17-84,Hon'ble Member of Parliament (Jaipur Rural),"High-Mast Solar Lighting Chowk at Achrol, Block Chaksu",Solar & Renewable Energy,High-Mast Solar Lighting Chowk,Rajasthan,Jaipur,Jaipur Rural,Chaksu,Achrol,26.9384,75.7904,450000.0,450000.0,0.0,450000.0,2023-04-24,2023-06-06,2023-06-20,2024-01-10,,Sanctioned,0.0,AGY-XYZ-99,XYZ Infrastructure & Construction Private Ltd,2,0,False,DEMO/SYNTHETIC DATA
MPL-2024-KA-000839,REC-2023-9508,MP-LS-17-88,Hon'ble Member of Parliament (Bangalore North),"Additional Classroom Building at Doddaballapur Rd, Block Anekal",Education & Classrooms,Additional Classroom Building,Karnataka,Bengaluru Urban,Bangalore North,Anekal,Doddaballapur Rd,13.0295,77.6065,1100000.0,950000.0,493000.0,457000.0,2023-08-15,2023-09-09,2023-09-24,2024-04-08,,Ongoing,56.0,AGY-WSS-05,Public Health Engineering & Water Supply Dept,2,3,False,DEMO/SYNTHETIC DATA
MPL-2024-BI-000840,REC-2023-7280,MP-LS-17-61,Hon'ble Member of Parliament (Patna Sahib),"Additional Classroom Building at Gauri Chak, Block Bakhtiarpur",Education & Classrooms,Additional Classroom Building,Bihar,Patna,Patna Sahib,Bakhtiarpur,Gauri Chak,25.5996,85.2114,3530000.0,3480000.0,2752000.0,728000.0,2023-08-07,2023-08-28,2023-09-21,2024-04-19,,Ongoing,85.0,AGY-XYZ-99,XYZ Infrastructure & Construction Private Ltd,3,3,False,DEMO/SYNTHETIC DATA
MPL-2024-UT-000841,REC-2023-5382,MP-LS-17-57,Hon'ble Member of Parliament (Varanasi),"Piped Water Overhead Tank at Badagaon, Block Pindra",Drinking Water,Piped Water Overhead Tank,Uttar Pradesh,Varanasi,Varanasi,Pindra,Badagaon,25.3653,82.9926,2150000.0,2000000.0,883000.0,1117000.0,2023-01-12,2023-02-10,2023-03-05,2023-10-31,,Ongoing,41.0,AGY-ZP-03,Zila Parishad Rural Infrastructure Cell,3,2,False,DEMO/SYNTHETIC DATA
MPL-2024-KE-000842,REC-2023-5711,MP-LS-17-46,Hon'ble Member of Parliament (Ernakulam),"School Boundary Wall & Sanitation at Perumbavoor, Block Aluva",Education & Classrooms,School Boundary Wall & Sanitation,Kerala,Ernakulam,Ernakulam,Aluva,Perumbavoor,10.0612,76.349,2820000.0,2770000.0,869000.0,1901000.0,2023-01-23,2023-03-01,2023-03-27,2023-09-13,,Ongoing,31.0,AGY-WSS-05,Public Health Engineering & Water Supply Dept,3,1,False,DEMO/SYNTHETIC DATA
MPL-2024-AS-000843,REC-2023-3161,MP-LS-17-66,Hon'ble Member of Parliament (Gauhati),"Piped Water Overhead Tank at Dadara, Block Kamalpur",Drinking Water,Piped Water Overhead Tank,Assam,Kamrup,Gauhati,Kamalpur,Dadara,26.2139,91.791,1180000.0,1180000.0,453000.0,727000.0,2023-01-19,2023-02-13,2023-03-05,2023-07-10,,Ongoing,36.0,AGY-DRDA-04,District Rural Development Agency (DRDA),4,3,False,DEMO/SYNTHETIC DATA
MPL-2024-KE-000844,REC-2023-8917,MP-LS-17-24,Hon'ble Member of Parliament (Ernakulam),"High-Mast Solar Lighting Chowk at Cherai, Block Vyttila",Solar & Renewable Energy,High-Mast Solar Lighting Chowk,Kerala,Ernakulam,Ernakulam,Vyttila,Cherai,9.9627,76.3587,940000.0,940000.0,686000.0,254000.0,2023-03-24,2023-04-29,2023-05-25,2023-12-06,,Ongoing,68.0,AGY-ZP-03,Zila Parishad Rural Infrastructure Cell,3,1,False,DEMO/SYNTHETIC DATA
MPL-2024-KA-000845,REC-2023-9247,MP-LS-17-65,Hon'ble Member of Parliament (Bangalore North),"Culvert & Drainage Bridge at Singanayakanahalli, Block Bengaluru North",Rural Roads & Bridges,Culvert & Drainage Bridge,Karnataka,Bengaluru Urban,Bangalore North,Bengaluru North,Singanayakanahalli,12.9923,77.569,2160000.0,2160000.0,2160000.0,0.0,2023-09-21,2023-10-17,2023-11-14,2024-07-06,2024-07-12,Completed,100.0,AGY-XYZ-99,XYZ Infrastructure & Construction Private Ltd,5,4,True,DEMO/SYNTHETIC DATA
MPL-2024-MA-000846,REC-2023-5994,MP-LS-17-10,Hon'ble Member of Parliament (Thane),"Paver Block Road at Titwala, Block Bhiwandi",Rural Roads & Bridges,Paver Block Road,Maharashtra,Thane,Thane,Bhiwandi,Titwala,19.2725,73.039,4020000.0,3870000.0,2563000.0,1307000.0,2023-02-01,2023-02-22,2023-03-13,2023-12-05,,Ongoing,64.0,AGY-WSS-05,Public Health Engineering & Water Supply Dept,3,1,False,DEMO/SYNTHETIC DATA
MPL-2024-BI-000847,REC-2023-6403,MP-LS-17-54,Hon'ble Member of Parliament (Patna Sahib),"Senior Citizen Recreation Shed at Jethuli, Block Fatuha",Community Infrastructure,Senior Citizen Recreation Shed,Bihar,Patna,Patna Sahib,Fatuha,Jethuli,25.6274,85.1391,1460000.0,1360000.0,414000.0,946000.0,2023-03-16,2023-05-09,2023-06-04,2024-02-03,,Ongoing,28.0,AGY-ZP-03,Zila Parishad Rural Infrastructure Cell,2,2,False,DEMO/SYNTHETIC DATA
MPL-2024-MA-000848,REC-2023-9507,MP-LS-17-88,Hon'ble Member of Parliament (Thane),"Primary Health Sub-Centre Building at Khadavali, Block Shahapur",Health & Sanitation,Primary Health Sub-Centre Building,Maharashtra,Thane,Thane,Shahapur,Khadavali,19.2829,73.0094,2760000.0,2610000.0,2610000.0,0.0,2023-01-02,2023-02-24,2023-03-21,2023-12-01,2023-12-04,Completed,100.0,AGY-WSS-05,Public Health Engineering & Water Supply Dept,4,2,True,DEMO/SYNTHETIC DATA
MPL-2024-WE-000849,REC-2023-2887,MP-LS-17-38,Hon'ble Member of Parliament (Krishnanagar),"Deep Borewell & Solar Pump System at Bethuadahari, Block Nabadwip",Drinking Water,Deep Borewell & Solar Pump System,West Bengal,Nadia,Krishnanagar,Nabadwip,Bethuadahari,23.419,88.4896,2460000.0,2360000.0,2360000.0,0.0,2023-05-01,2023-05-26,2023-06-16,2023-11-15,2023-12-16,Completed,100.0,AGY-RWD-02,Rural Works Department (RWD) Engineering Wing,5,4,True,DEMO/SYNTHETIC DATA
MPL-2024-UT-000850,REC-2023-5573,MP-LS-17-28,Hon'ble Member of Parliament (Varanasi),"Health Diagnostic Equipment at Harahua, Block Kashi Vidyapeeth",Health & Sanitation,Health Diagnostic Equipment,Uttar Pradesh,Varanasi,Varanasi,Kashi Vidyapeeth,Harahua,25.334,82.9449,2540000.0,2390000.0,2390000.0,0.0,2023-03-04,2023-04-24,2023-05-05,2023-12-12,2024-01-13,Completed,100.0,AGY-XYZ-99,XYZ Infrastructure & Construction Private Ltd,5,2,True,DEMO/SYNTHETIC DATA
MPL-2024-MA-000851,REC-2023-7062,MP-LS-17-79,Hon'ble Member of Parliament (Thane),"Panchayat Community Hall at Saralgaon, Block Bhiwandi",Community Infrastructure,Panchayat Community Hall,Maharashtra,Thane,Thane,Bhiwandi,Saralgaon,19.2893,72.9504,3260000.0,3260000.0,1992000.0,1268000.0,2023-06-28,2023-07-26,2023-08-11,2024-03-15,,Ongoing,58.0,AGY-ZP-03,Zila Parishad Rural Infrastructure Cell,3,3,False,DEMO/SYNTHETIC DATA
MPL-2024-KE-000852,REC-2023-9176,MP-LS-17-45,Hon'ble Member of Parliament (Ernakulam),"Panchayat Community Hall at Cherai, Block Muvattupuzha",Community Infrastructure,Panchayat Community Hall,Kerala,Ernakulam,Ernakulam,Muvattupuzha,Cherai,9.9919,76.2563,1290000.0,1190000.0,1190000.0,0.0,2023-03-05,2023-04-07,2023-05-01,2024-02-19,2024-02-29,Completed,100.0,AGY-PWD-01,Public Works Department (PWD) Division I,4,3,True,DEMO/SYNTHETIC DATA
MPL-2024-WE-000853,REC-2023-6888,MP-LS-17-92,Hon'ble Member of Parliament (Krishnanagar),"Community Public Toilet Complex at Bethuadahari, Block Nakashipara",Health & Sanitation,Community Public Toilet Complex,West Bengal,Nadia,Krishnanagar,Nakashipara,Bethuadahari,23.4323,88.5413,2330000.0,2230000.0,2230000.0,0.0,2023-11-18,2023-12-24,2024-01-07,2024-09-15,2024-09-13,Completed,100.0,AGY-XYZ-99,XYZ Infrastructure & Construction Private Ltd,5,3,True,DEMO/SYNTHETIC DATA
MPL-2024-BI-000854,REC-2023-9456,MP-LS-17-80,Hon'ble Member of Parliament (Patna Sahib),"School Science Laboratory at Gauri Chak, Block Fatuha",Education & Classrooms,School Science Laboratory,Bihar,Patna,Patna Sahib,Fatuha,Gauri Chak,25.5842,85.1275,3620000.0,3470000.0,1179000.0,2291000.0,2023-05-15,2023-07-03,2023-07-15,2023-11-22,,Ongoing,33.0,AGY-DRDA-04,District Rural Development Agency (DRDA),2,2,False,DEMO/SYNTHETIC DATA
MPL-2024-UT-000855,REC-2023-4900,MP-LS-17-41,Hon'ble Member of Parliament (Varanasi),"Hand Pump Installation Cluster at Tikari, Block Arajiline",Drinking Water,Hand Pump Installation Cluster,Uttar Pradesh,Varanasi,Varanasi,Arajiline,Tikari,25.2568,82.9136,1100000.0,1100000.0,411000.0,689000.0,2023-08-08,2023-09-14,2023-10-07,2024-02-13,,Ongoing,40.0,AGY-XYZ-99,XYZ Infrastructure & Construction Private Ltd,3,3,False,DEMO/SYNTHETIC DATA
MPL-2024-WE-000856,REC-2023-4119,MP-LS-17-54,Hon'ble Member of Parliament (Krishnanagar),"Rooftop Solar for Govt Hospital at Dhubulia, Block Chapra",Solar & Renewable Energy,Rooftop Solar for Govt Hospital,West Bengal,Nadia,Krishnanagar,Chapra,Dhubulia,23.4715,88.4284,1520000.0,1470000.0,1470000.0,0.0,2023-12-12,2024-02-06,2024-03-01,2024-07-14,2024-08-12,Completed,100.0,AGY-ZP-03,Zila Parishad Rural Infrastructure Cell,5,2,True,DEMO/SYNTHETIC DATA
MPL-2024-BI-000857,REC-2023-5106,MP-LS-17-25,Hon'ble Member of Parliament (Patna Sahib),"Piped Water Overhead Tank at Jethuli, Block Danapur",Drinking Water,Piped Water Overhead Tank,Bihar,Patna,Patna Sahib,Danapur,Jethuli,25.6477,85.0752,1580000.0,1580000.0,633000.0,947000.0,2023-07-01,2023-08-08,2023-08-22,2024-01-20,,Ongoing,42.0,AGY-XYZ-99,XYZ Infrastructure & Construction Private Ltd,2,1,False,DEMO/SYNTHETIC DATA
MPL-2024-UT-000858,REC-2023-4247,MP-LS-17-15,Hon'ble Member of Parliament (Varanasi),"Primary Health Sub-Centre Building at Shivpur, Block Arajiline",Health & Sanitation,Primary Health Sub-Centre Building,Uttar Pradesh,Varanasi,Varanasi,Arajiline,Shivpur,25.3125,82.9174,2550000.0,2400000.0,2400000.0,0.0,2023-06-12,2023-07-15,2023-08-09,2023-12-11,2024-01-13,Completed,100.0,AGY-XYZ-99,XYZ Infrastructure & Construction Private Ltd,4,2,True,DEMO/SYNTHETIC DATA
MPL-2024-MA-000859,REC-2023-6518,MP-LS-17-96,Hon'ble Member of Parliament (Thane),"Public Bus Passenger Shelter at Vashind, Block Ambernath",Community Infrastructure,Public Bus Passenger Shelter,Maharashtra,Thane,Thane,Ambernath,Vashind,19.2487,72.9341,1910000.0,1910000.0,1910000.0,0.0,2023-12-11,2024-01-14,2024-02-10,2024-10-22,2024-10-05,Completed,100.0,AGY-DRDA-04,District Rural Development Agency (DRDA),4,3,True,DEMO/SYNTHETIC DATA
MPL-2024-WE-000860,REC-2023-7020,MP-LS-17-49,Hon'ble Member of Parliament (Krishnanagar),"Primary Health Sub-Centre Building at Mayapur, Block Nakashipara",Health & Sanitation,Primary Health Sub-Centre Building,West Bengal,Nadia,Krishnanagar,Nakashipara,Mayapur,23.4676,88.4314,1230000.0,1180000.0,1180000.0,0.0,2023-07-22,2023-09-01,2023-09-24,2024-05-14,2024-04-28,Completed,100.0,AGY-PWD-01,Public Works Department (PWD) Division I,4,3,True,DEMO/SYNTHETIC DATA
MPL-2024-RA-000861,REC-2023-3858,MP-LS-17-88,Hon'ble Member of Parliament (Jaipur Rural),"High-Mast Solar Lighting Chowk at Kukas, Block Shahpura",Solar & Renewable Energy,High-Mast Solar Lighting Chowk,Rajasthan,Jaipur,Jaipur Rural,Shahpura,Kukas,26.9217,75.8121,1360000.0,1310000.0,578000.0,732000.0,2023-11-26,2023-12-25,2024-01-20,2024-07-19,,Ongoing,47.0,AGY-DRDA-04,District Rural Development Agency (DRDA),2,2,False,DEMO/SYNTHETIC DATA
MPL-2024-MA-000862,REC-2023-9188,MP-LS-17-44,Hon'ble Member of Parliament (Thane),"Piped Water Overhead Tank at Titwala, Block Kalyan",Drinking Water,Piped Water Overhead Tank,Maharashtra,Thane,Thane,Kalyan,Titwala,19.149,72.9366,790000.0,640000.0,360000.0,280000.0,2023-08-18,2023-09-12,2023-09-26,2024-07-04,,Ongoing,53.0,AGY-XYZ-99,XYZ Infrastructure & Construction Private Ltd,3,2,False,DEMO/SYNTHETIC DATA
MPL-2024-KE-000863,REC-2023-2277,MP-LS-17-34,Hon'ble Member of Parliament (Ernakulam),"Solar Street Light Grid (50 poles) at Perumbavoor, Block Paravur",Solar & Renewable Energy,Solar Street Light Grid (50 poles),Kerala,Ernakulam,Ernakulam,Paravur,Perumbavoor,9.9722,76.2703,1380000.0,1230000.0,1230000.0,0.0,2023-03-01,2023-03-27,2023-04-09,2024-01-29,2024-02-16,Completed,100.0,AGY-DRDA-04,District Rural Development Agency (DRDA),5,3,True,DEMO/SYNTHETIC DATA
MPL-2024-BI-000864,REC-2023-3757,MP-LS-17-32,Hon'ble Member of Parliament (Patna Sahib),"Solar Street Light Grid (50 poles) at Sabbalpur, Block Danapur",Solar & Renewable Energy,Solar Street Light Grid (50 poles),Bihar,Patna,Patna Sahib,Danapur,Sabbalpur,25.5406,85.1131,1210000.0,1210000.0,1210000.0,0.0,2023-04-06,2023-05-04,2023-05-25,2024-02-26,2024-03-27,Completed,100.0,AGY-XYZ-99,XYZ Infrastructure & Construction Private Ltd,4,2,True,DEMO/SYNTHETIC DATA
MPL-2024-KE-000865,REC-2023-1496,MP-LS-17-91,Hon'ble Member of Parliament (Ernakulam),"High-Mast Solar Lighting Chowk at Cherai, Block Aluva",Solar & Renewable Energy,High-Mast Solar Lighting Chowk,Kerala,Ernakulam,Ernakulam,Aluva,Cherai,10.0426,76.3032,1770000.0,1670000.0,1670000.0,0.0,2023-11-19,2024-01-11,2024-01-30,2024-09-24,2024-09-08,Completed,100.0,AGY-ZP-03,Zila Parishad Rural Infrastructure Cell,4,4,True,DEMO/SYNTHETIC DATA
MPL-2024-BI-000866,REC-2023-3143,MP-LS-17-54,Hon'ble Member of Parliament (Patna Sahib),"Piped Water Overhead Tank at Gauri Chak, Block Phulwari Sharif",Drinking Water,Piped Water Overhead Tank,Bihar,Patna,Patna Sahib,Phulwari Sharif,Gauri Chak,25.5347,85.0958,1720000.0,1620000.0,1620000.0,0.0,2023-09-08,2023-10-19,2023-11-10,2024-09-01,2024-09-18,Completed,100.0,AGY-WSS-05,Public Health Engineering & Water Supply Dept,5,3,True,DEMO/SYNTHETIC DATA
MPL-2024-KA-000867,REC-2023-6782,MP-LS-17-98,Hon'ble Member of Parliament (Bangalore North),"Village Waste Segregation Shed at Attibele, Block K.R. Puram",Health & Sanitation,Village Waste Segregation Shed,Karnataka,Bengaluru Urban,Bangalore North,K.R. Puram,Attibele,12.9494,77.5705,2790000.0,2740000.0,1448000.0,1292000.0,2023-06-23,2023-07-29,2023-08-16,2024-03-25,,Ongoing,58.0,AGY-RWD-02,Rural Works Department (RWD) Engineering Wing,2,3,False,DEMO/SYNTHETIC DATA
MPL-2024-RA-000868,REC-2023-6776,MP-LS-17-71,Hon'ble Member of Parliament (Jaipur Rural),"Panchayat Community Hall at Achrol, Block Shahpura",Community Infrastructure,Panchayat Community Hall,Rajasthan,Jaipur,Jaipur Rural,Shahpura,Achrol,26.8936,75.8211,3740000.0,3690000.0,2810000.0,880000.0,2023-09-26,2023-11-12,2023-12-11,2024-07-18,,Ongoing,81.0,AGY-PWD-01,Public Works Department (PWD) Division I,2,1,False,DEMO/SYNTHETIC DATA
MPL-2024-MA-000869,REC-2023-8399,MP-LS-17-18,Hon'ble Member of Parliament (Thane),"Rooftop Solar for Govt Hospital at Tokawade, Block Shahapur",Solar & Renewable Energy,Rooftop Solar for Govt Hospital,Maharashtra,Thane,Thane,Shahapur,Tokawade,19.1928,72.9216,1690000.0,1690000.0,449000.0,1241000.0,2023-06-05,2023-06-27,2023-07-26,2024-04-01,,Ongoing,29.0,AGY-DRDA-04,District Rural Development Agency (DRDA),3,2,False,DEMO/SYNTHETIC DATA
MPL-2024-AS-000870,REC-2023-8865,MP-LS-17-74,Hon'ble Member of Parliament (Gauhati),"Hand Pump Installation Cluster at Boko, Block Kamalpur",Drinking Water,Hand Pump Installation Cluster,Assam,Kamrup,Gauhati,Kamalpur,Boko,26.135,91.7171,1920000.0,1820000.0,1820000.0,0.0,2023-08-18,2023-10-01,2023-10-18,2024-08-11,2024-08-21,Completed,100.0,AGY-RWD-02,Rural Works Department (RWD) Engineering Wing,4,3,True,DEMO/SYNTHETIC DATA
MPL-2024-RA-000871,REC-2023-4563,MP-LS-17-27,Hon'ble Member of Parliament (Jaipur Rural),"Deep Borewell & Solar Pump System at Achrol, Block Sanganer",Drinking Water,Deep Borewell & Solar Pump System,Rajasthan,Jaipur,Jaipur Rural,Sanganer,Achrol,26.9861,75.715,2230000.0,2130000.0,2130000.0,0.0,2023-02-12,2023-03-21,2023-04-05,2023-12-30,2024-01-06,Completed,100.0,AGY-RWD-02,Rural Works Department (RWD) Engineering Wing,4,4,True,DEMO/SYNTHETIC DATA
MPL-2024-KE-000872,REC-2023-1813,MP-LS-17-79,Hon'ble Member of Parliament (Ernakulam),"Solar Street Light Grid (50 poles) at Cherai, Block Paravur",Solar & Renewable Energy,Solar Street Light Grid (50 poles),Kerala,Ernakulam,Ernakulam,Paravur,Cherai,9.9939,76.3696,1580000.0,1480000.0,1480000.0,0.0,2023-10-22,2023-12-17,2024-01-15,2024-07-20,2024-07-23,Completed,100.0,AGY-DRDA-04,District Rural Development Agency (DRDA),4,4,True,DEMO/SYNTHETIC DATA
MPL-2024-AS-000873,REC-2023-7328,MP-LS-17-26,Hon'ble Member of Parliament (Gauhati),"CC Road Construction at Boko, Block Hajo",Rural Roads & Bridges,CC Road Construction,Assam,Kamrup,Gauhati,Hajo,Boko,26.1284,91.7583,3330000.0,3330000.0,730000.0,2600000.0,2023-06-16,2023-07-13,2023-08-03,2024-02-04,,Ongoing,22.0,AGY-ZP-03,Zila Parishad Rural Infrastructure Cell,4,2,False,DEMO/SYNTHETIC DATA
MPL-2024-AS-000874,REC-2023-6988,MP-LS-17-60,Hon'ble Member of Parliament (Gauhati),"Link Road Widening at Sualkuchi, Block Chaygaon",Rural Roads & Bridges,Link Road Widening,Assam,Kamrup,Gauhati,Chaygaon,Sualkuchi,26.1524,91.801,3150000.0,3050000.0,3050000.0,0.0,2023-09-11,2023-10-24,2023-11-13,2024-07-07,2024-07-17,Completed,100.0,AGY-ZP-03,Zila Parishad Rural Infrastructure Cell,4,4,True,DEMO/SYNTHETIC DATA
MPL-2024-UT-000875,REC-2023-4257,MP-LS-17-61,Hon'ble Member of Parliament (Varanasi),"Paver Block Road at Harahua, Block Sewapuri",Rural Roads & Bridges,Paver Block Road,Uttar Pradesh,Varanasi,Varanasi,Sewapuri,Harahua,25.2857,82.9201,1770000.0,1670000.0,1670000.0,0.0,2023-01-11,2023-02-12,2023-03-08,2023-12-01,2023-11-19,Completed,100.0,AGY-DRDA-04,District Rural Development Agency (DRDA),4,4,True,DEMO/SYNTHETIC DATA
MPL-2024-KA-000876,REC-2023-5127,MP-LS-17-41,Hon'ble Member of Parliament (Bangalore North),"High-Mast Solar Lighting Chowk at Mandur, Block Bengaluru North",Solar & Renewable Energy,High-Mast Solar Lighting Chowk,Karnataka,Bengaluru Urban,Bangalore North,Bengaluru North,Mandur,13.0152,77.5629,1120000.0,1070000.0,1070000.0,0.0,2023-02-01,2023-03-02,2023-03-23,2023-09-30,2023-09-11,Completed,100.0,AGY-RWD-02,Rural Works Department (RWD) Engineering Wing,5,4,True,DEMO/SYNTHETIC DATA
MPL-2024-WE-000877,REC-2023-9494,MP-LS-17-34,Hon'ble Member of Parliament (Krishnanagar),"Public Bus Passenger Shelter at Bethuadahari, Block Krishnanagar-I",Community Infrastructure,Public Bus Passenger Shelter,West Bengal,Nadia,Krishnanagar,Krishnanagar-I,Bethuadahari,23.3751,88.4605,3550000.0,3500000.0,3500000.0,0.0,2023-04-10,2023-05-17,2023-06-10,2024-03-14,2024-04-11,Completed,100.0,AGY-WSS-05,Public Health Engineering & Water Supply Dept,4,2,True,DEMO/SYNTHETIC DATA
MPL-2024-WE-000878,REC-2023-6350,MP-LS-17-82,Hon'ble Member of Parliament (Krishnanagar),"Village Waste Segregation Shed at Bethuadahari, Block Chapra",Health & Sanitation,Village Waste Segregation Shed,West Bengal,Nadia,Krishnanagar,Chapra,Bethuadahari,23.3903,88.5372,2970000.0,2820000.0,0.0,2820000.0,2023-11-20,2024-01-02,2024-01-28,2024-07-28,,Sanctioned,0.0,AGY-RWD-02,Rural Works Department (RWD) Engineering Wing,2,0,False,DEMO/SYNTHETIC DATA
MPL-2024-WE-000879,REC-2023-7971,MP-LS-17-12,Hon'ble Member of Parliament (Krishnanagar),"Senior Citizen Recreation Shed at Mayapur, Block Nakashipara",Community Infrastructure,Senior Citizen Recreation Shed,West Bengal,Nadia,Krishnanagar,Nakashipara,Mayapur,23.3704,88.4623,2730000.0,2730000.0,2730000.0,0.0,2023-03-08,2023-05-04,2023-06-02,2024-01-28,2024-01-13,Completed,100.0,AGY-WSS-05,Public Health Engineering & Water Supply Dept,5,2,True,DEMO/SYNTHETIC DATA
MPL-2024-BI-000880,REC-2023-6443,MP-LS-17-54,Hon'ble Member of Parliament (Patna Sahib),"Community Public Toilet Complex at Jethuli, Block Fatuha",Health & Sanitation,Community Public Toilet Complex,Bihar,Patna,Patna Sahib,Fatuha,Jethuli,25.6232,85.1078,2680000.0,2680000.0,2680000.0,0.0,2023-03-18,2023-04-28,2023-05-26,2023-11-10,2023-11-27,Completed,100.0,AGY-XYZ-99,XYZ Infrastructure & Construction Private Ltd,5,3,True,DEMO/SYNTHETIC DATA
MPL-2024-KA-000881,REC-2023-7539,MP-LS-17-58,Hon'ble Member of Parliament (Bangalore North),"Link Road Widening at Singanayakanahalli, Block Anekal",Rural Roads & Bridges,Link Road Widening,Karnataka,Bengaluru Urban,Bangalore North,Anekal,Singanayakanahalli,13.0087,77.6285,1750000.0,1750000.0,1750000.0,0.0,2023-03-21,2023-05-11,2023-06-03,2023-11-18,2023-11-08,Completed,100.0,AGY-RWD-02,Rural Works Department (RWD) Engineering Wing,5,3,True,DEMO/SYNTHETIC DATA
MPL-2024-RA-000882,REC-2023-4001,MP-LS-17-16,Hon'ble Member of Parliament (Jaipur Rural),"Rooftop Solar for Govt Hospital at Bagru, Block Sanganer",Solar & Renewable Energy,Rooftop Solar for Govt Hospital,Rajasthan,Jaipur,Jaipur Rural,Sanganer,Bagru,26.9218,75.7416,1580000.0,1430000.0,0.0,1430000.0,2023-02-09,2023-03-09,2023-04-05,2023-12-07,,Sanctioned,0.0,AGY-DRDA-04,District Rural Development Agency (DRDA),2,0,False,DEMO/SYNTHETIC DATA
MPL-2024-RA-000883,REC-2023-9169,MP-LS-17-54,Hon'ble Member of Parliament (Jaipur Rural),"Primary Health Sub-Centre Building at Achrol, Block Sanganer",Health & Sanitation,Primary Health Sub-Centre Building,Rajasthan,Jaipur,Jaipur Rural,Sanganer,Achrol,26.9348,75.7397,2340000.0,2190000.0,2190000.0,0.0,2023-09-13,2023-11-02,2023-11-16,2024-08-26,2024-09-26,Completed,100.0,AGY-ZP-03,Zila Parishad Rural Infrastructure Cell,4,3,True,DEMO/SYNTHETIC DATA
MPL-2024-AS-000884,REC-2023-4649,MP-LS-17-58,Hon'ble Member of Parliament (Gauhati),"Culvert & Drainage Bridge at Puthimari, Block Bezera",Rural Roads & Bridges,Culvert & Drainage Bridge,Assam,Kamrup,Gauhati,Bezera,Puthimari,26.0789,91.7812,1870000.0,1720000.0,1003000.0,717000.0,2023-10-26,2023-12-03,2023-12-20,2024-08-09,,Ongoing,64.0,AGY-RWD-02,Rural Works Department (RWD) Engineering Wing,3,1,False,DEMO/SYNTHETIC DATA
MPL-2024-RA-000885,REC-2023-8261,MP-LS-17-88,Hon'ble Member of Parliament (Jaipur Rural),"Smart Digital Library Block at Bassi, Block Amer",Education & Classrooms,Smart Digital Library Block,Rajasthan,Jaipur,Jaipur Rural,Amer,Bassi,26.9143,75.752,3240000.0,3190000.0,3190000.0,0.0,2023-05-14,2023-07-10,2023-07-25,2024-03-02,2024-03-09,Completed,100.0,AGY-PWD-01,Public Works Department (PWD) Division I,5,2,True,DEMO/SYNTHETIC DATA
MPL-2024-WE-000886,REC-2023-7642,MP-LS-17-33,Hon'ble Member of Parliament (Krishnanagar),"Senior Citizen Recreation Shed at Tehatta, Block Chapra",Community Infrastructure,Senior Citizen Recreation Shed,West Bengal,Nadia,Krishnanagar,Chapra,Tehatta,23.3539,88.5328,2980000.0,2980000.0,597000.0,2383000.0,2023-01-17,2023-02-21,2023-03-19,2023-07-29,,Ongoing,20.0,AGY-ZP-03,Zila Parishad Rural Infrastructure Cell,2,3,False,DEMO/SYNTHETIC DATA
MPL-2024-KE-000887,REC-2023-3279,MP-LS-17-40,Hon'ble Member of Parliament (Ernakulam),"Solar Street Light Grid (50 poles) at Kothamangalam, Block Vyttila",Solar & Renewable Energy,Solar Street Light Grid (50 poles),Kerala,Ernakulam,Ernakulam,Vyttila,Kothamangalam,10.0355,76.298,590000.0,490000.0,287000.0,203000.0,2023-04-04,2023-04-25,2023-05-05,2023-09-21,,Ongoing,54.0,AGY-XYZ-99,XYZ Infrastructure & Construction Private Ltd,4,3,False,DEMO/SYNTHETIC DATA
MPL-2024-MA-000888,REC-2023-6157,MP-LS-17-99,Hon'ble Member of Parliament (Thane),"Health Diagnostic Equipment at Titwala, Block Murbad",Health & Sanitation,Health Diagnostic Equipment,Maharashtra,Thane,Thane,Murbad,Titwala,19.2277,72.9298,2010000.0,1910000.0,527000.0,1383000.0,2023-02-10,2023-03-14,2023-03-25,2023-08-27,,Ongoing,30.0,AGY-PWD-01,Public Works Department (PWD) Division I,4,1,False,DEMO/SYNTHETIC DATA
MPL-2024-KE-000889,REC-2023-4678,MP-LS-17-63,Hon'ble Member of Parliament (Ernakulam),"Health Diagnostic Equipment at Edappally, Block Angamaly",Health & Sanitation,Health Diagnostic Equipment,Kerala,Ernakulam,Ernakulam,Angamaly,Edappally,9.9126,76.2523,2320000.0,2170000.0,2170000.0,0.0,2023-05-09,2023-06-05,2023-07-03,2024-01-05,2024-02-10,Completed,100.0,AGY-PWD-01,Public Works Department (PWD) Division I,4,3,True,DEMO/SYNTHETIC DATA
MPL-2024-KE-000890,REC-2023-7908,MP-LS-17-41,Hon'ble Member of Parliament (Ernakulam),"Hand Pump Installation Cluster at Kalamassery, Block Aluva",Drinking Water,Hand Pump Installation Cluster,Kerala,Ernakulam,Ernakulam,Aluva,Kalamassery,10.0103,76.3527,1690000.0,1590000.0,0.0,1590000.0,2023-08-20,2023-09-22,2023-10-08,2024-06-25,,Sanctioned,0.0,AGY-ZP-03,Zila Parishad Rural Infrastructure Cell,2,0,False,DEMO/SYNTHETIC DATA
MPL-2024-RA-000891,REC-2023-3853,MP-LS-17-95,Hon'ble Member of Parliament (Jaipur Rural),"Deep Borewell & Solar Pump System at Bassi, Block Amer",Drinking Water,Deep Borewell & Solar Pump System,Rajasthan,Jaipur,Jaipur Rural,Amer,Bassi,26.9824,75.8646,1080000.0,930000.0,930000.0,0.0,2023-01-12,2023-03-05,2023-03-23,2024-01-08,2023-12-23,Completed,100.0,AGY-XYZ-99,XYZ Infrastructure & Construction Private Ltd,5,2,True,DEMO/SYNTHETIC DATA
MPL-2024-MA-000892,REC-2023-1267,MP-LS-17-50,Hon'ble Member of Parliament (Thane),"Smart Digital Library Block at Padgha, Block Murbad",Education & Classrooms,Smart Digital Library Block,Maharashtra,Thane,Thane,Murbad,Padgha,19.2266,72.9644,2060000.0,2060000.0,2060000.0,0.0,2023-01-21,2023-02-21,2023-03-06,2023-11-20,2023-11-05,Completed,100.0,AGY-ZP-03,Zila Parishad Rural Infrastructure Cell,5,3,True,DEMO/SYNTHETIC DATA
MPL-2024-KA-000893,REC-2023-1528,MP-LS-17-49,Hon'ble Member of Parliament (Bangalore North),"Additional Classroom Building at Attibele, Block Yelahanka",Education & Classrooms,Additional Classroom Building,Karnataka,Bengaluru Urban,Bangalore North,Yelahanka,Attibele,12.9844,77.5934,1810000.0,1810000.0,1810000.0,0.0,2023-05-17,2023-06-07,2023-06-21,2024-02-12,2024-02-12,Completed,100.0,AGY-XYZ-99,XYZ Infrastructure & Construction Private Ltd,5,3,True,DEMO/SYNTHETIC DATA
MPL-2024-RA-000894,REC-2023-6867,MP-LS-17-89,Hon'ble Member of Parliament (Jaipur Rural),"Additional Classroom Building at Kukas, Block Chaksu",Education & Classrooms,Additional Classroom Building,Rajasthan,Jaipur,Jaipur Rural,Chaksu,Kukas,26.9139,75.7364,2310000.0,2310000.0,2310000.0,0.0,2023-07-22,2023-08-11,2023-09-01,2024-01-18,2024-01-26,Completed,100.0,AGY-XYZ-99,XYZ Infrastructure & Construction Private Ltd,5,3,True,DEMO/SYNTHETIC DATA
MPL-2024-WE-000895,REC-2023-6232,MP-LS-17-16,Hon'ble Member of Parliament (Krishnanagar),"Rooftop Solar for Govt Hospital at Mayapur, Block Nakashipara",Solar & Renewable Energy,Rooftop Solar for Govt Hospital,West Bengal,Nadia,Krishnanagar,Nakashipara,Mayapur,23.3471,88.53,530000.0,530000.0,530000.0,0.0,2023-05-01,2023-05-22,2023-06-01,2024-01-22,2024-01-11,Completed,100.0,AGY-WSS-05,Public Health Engineering & Water Supply Dept,5,4,True,DEMO/SYNTHETIC DATA
MPL-2024-KE-000896,REC-2023-6443,MP-LS-17-11,Hon'ble Member of Parliament (Ernakulam),"Additional Classroom Building at Kothamangalam, Block Angamaly",Education & Classrooms,Additional Classroom Building,Kerala,Ernakulam,Ernakulam,Angamaly,Kothamangalam,10.0163,76.3784,2840000.0,2690000.0,0.0,2690000.0,2023-05-24,2023-06-25,2023-07-14,2024-04-18,,Sanctioned,0.0,AGY-PWD-01,Public Works Department (PWD) Division I,2,0,False,DEMO/SYNTHETIC DATA
MPL-2024-AS-000897,REC-2023-1500,MP-LS-17-64,Hon'ble Member of Parliament (Gauhati),"School Boundary Wall & Sanitation at Puthimari, Block Kamalpur",Education & Classrooms,School Boundary Wall & Sanitation,Assam,Kamrup,Gauhati,Kamalpur,Puthimari,26.0874,91.7575,1290000.0,1240000.0,1240000.0,0.0,2023-02-06,2023-02-28,2023-03-23,2023-12-29,2024-01-15,Completed,100.0,AGY-RWD-02,Rural Works Department (RWD) Engineering Wing,4,3,True,DEMO/SYNTHETIC DATA
MPL-2024-KE-000898,REC-2023-9227,MP-LS-17-16,Hon'ble Member of Parliament (Ernakulam),"Community Public Toilet Complex at Kalamassery, Block Muvattupuzha",Health & Sanitation,Community Public Toilet Complex,Kerala,Ernakulam,Ernakulam,Muvattupuzha,Kalamassery,9.927,76.3313,1830000.0,1830000.0,1830000.0,0.0,2023-02-12,2023-03-29,2023-04-26,2023-11-28,2023-12-01,Completed,100.0,AGY-ZP-03,Zila Parishad Rural Infrastructure Cell,5,3,True,DEMO/SYNTHETIC DATA
MPL-2024-MA-000899,REC-2023-7081,MP-LS-17-95,Hon'ble Member of Parliament (Thane),"Community Public Toilet Complex at Tokawade, Block Ambernath",Health & Sanitation,Community Public Toilet Complex,Maharashtra,Thane,Thane,Ambernath,Tokawade,19.1893,72.9114,2240000.0,2190000.0,2190000.0,0.0,2023-08-03,2023-09-30,2023-10-12,2024-04-26,2024-06-02,Completed,100.0,AGY-WSS-05,Public Health Engineering & Water Supply Dept,4,3,True,DEMO/SYNTHETIC DATA
MPL-2024-MA-000900,REC-2023-6305,MP-LS-17-31,Hon'ble Member of Parliament (Thane),"Primary Health Sub-Centre Building at Tokawade, Block Murbad",Health & Sanitation,Primary Health Sub-Centre Building,Maharashtra,Thane,Thane,Murbad,Tokawade,19.2347,72.9813,2820000.0,2770000.0,2770000.0,0.0,2023-11-11,2023-12-12,2024-01-09,2024-07-29,2024-08-16,Completed,100.0,AGY-XYZ-99,XYZ Infrastructure & Construction Private Ltd,5,2,True,DEMO/SYNTHETIC DATA
MPL-2024-MA-000901,REC-2023-5516,MP-LS-17-41,Hon'ble Member of Parliament (Thane),"Rooftop Solar for Govt Hospital at Vashind, Block Kalyan",Solar & Renewable Energy,Rooftop Solar for Govt Hospital,Maharashtra,Thane,Thane,Kalyan,Vashind,19.1565,72.9078,1070000.0,1070000.0,1070000.0,0.0,2023-09-06,2023-09-27,2023-10-11,2024-03-20,2024-03-29,Completed,100.0,AGY-DRDA-04,District Rural Development Agency (DRDA),4,3,True,DEMO/SYNTHETIC DATA
MPL-2024-KA-000902,REC-2023-3036,MP-LS-17-58,Hon'ble Member of Parliament (Bangalore North),"Village Waste Segregation Shed at Mandur, Block Bengaluru North",Health & Sanitation,Village Waste Segregation Shed,Karnataka,Bengaluru Urban,Bangalore North,Bengaluru North,Mandur,13.0234,77.6493,1400000.0,1400000.0,1400000.0,0.0,2023-01-01,2023-01-26,2023-02-05,2023-10-29,2023-10-24,Completed,100.0,AGY-RWD-02,Rural Works Department (RWD) Engineering Wing,5,2,True,DEMO/SYNTHETIC DATA
MPL-2024-BI-000903,REC-2023-6898,MP-LS-17-16,Hon'ble Member of Parliament (Patna Sahib),"Culvert & Drainage Bridge at Gauri Chak, Block Danapur",Rural Roads & Bridges,Culvert & Drainage Bridge,Bihar,Patna,Patna Sahib,Danapur,Gauri Chak,25.5198,85.0578,2690000.0,2540000.0,619000.0,1921000.0,2023-04-24,2023-05-15,2023-06-12,2024-02-21,,Ongoing,25.0,AGY-XYZ-99,XYZ Infrastructure & Construction Private Ltd,4,2,False,DEMO/SYNTHETIC DATA
MPL-2024-RA-000904,REC-2023-2333,MP-LS-17-70,Hon'ble Member of Parliament (Jaipur Rural),"Health Diagnostic Equipment at Manoharpur, Block Kotputli",Health & Sanitation,Health Diagnostic Equipment,Rajasthan,Jaipur,Jaipur Rural,Kotputli,Manoharpur,26.8828,75.7647,1700000.0,1600000.0,1600000.0,0.0,2023-03-11,2023-04-17,2023-04-30,2023-10-18,2023-10-19,Completed,100.0,AGY-WSS-05,Public Health Engineering & Water Supply Dept,5,4,True,DEMO/SYNTHETIC DATA
MPL-2024-KE-000905,REC-2023-7234,MP-LS-17-79,Hon'ble Member of Parliament (Ernakulam),"RO Water Treatment Plant at Perumbavoor, Block Muvattupuzha",Drinking Water,RO Water Treatment Plant,Kerala,Ernakulam,Ernakulam,Muvattupuzha,Perumbavoor,10.0038,76.2561,1670000.0,1570000.0,0.0,1570000.0,2023-05-05,2023-06-11,2023-06-24,2023-11-20,,Sanctioned,0.0,AGY-XYZ-99,XYZ Infrastructure & Construction Private Ltd,2,0,False,DEMO/SYNTHETIC DATA
MPL-2024-KE-000906,REC-2023-1471,MP-LS-17-93,Hon'ble Member of Parliament (Ernakulam),"Primary Health Sub-Centre Building at Kalamassery, Block Aluva",Health & Sanitation,Primary Health Sub-Centre Building,Kerala,Ernakulam,Ernakulam,Aluva,Kalamassery,9.9986,76.2902,3090000.0,2940000.0,2940000.0,0.0,2023-07-14,2023-08-25,2023-09-09,2024-01-23,2024-01-04,Completed,100.0,AGY-RWD-02,Rural Works Department (RWD) Engineering Wing,4,4,True,DEMO/SYNTHETIC DATA
MPL-2024-UT-000907,REC-2023-3381,MP-LS-17-40,Hon'ble Member of Parliament (Varanasi),"Crematorium Shed with Amenities at Badagaon, Block Sewapuri",Community Infrastructure,Crematorium Shed with Amenities,Uttar Pradesh,Varanasi,Varanasi,Sewapuri,Badagaon,25.3792,82.9502,1860000.0,1860000.0,648000.0,1212000.0,2023-07-22,2023-09-17,2023-10-07,2024-03-19,,Ongoing,35.0,AGY-RWD-02,Rural Works Department (RWD) Engineering Wing,4,3,False,DEMO/SYNTHETIC DATA
MPL-2024-RA-000908,REC-2023-7217,MP-LS-17-16,Hon'ble Member of Parliament (Jaipur Rural),"Crematorium Shed with Amenities at Achrol, Block Kotputli",Community Infrastructure,Crematorium Shed with Amenities,Rajasthan,Jaipur,Jaipur Rural,Kotputli,Achrol,26.9077,75.717,3940000.0,3890000.0,3890000.0,0.0,2023-07-07,2023-09-05,2023-09-16,2024-05-08,2024-05-12,Completed,100.0,AGY-ZP-03,Zila Parishad Rural Infrastructure Cell,4,3,True,DEMO/SYNTHETIC DATA
MPL-2024-UT-000909,REC-2023-7095,MP-LS-17-96,Hon'ble Member of Parliament (Varanasi),"Panchayat Community Hall at Rampur, Block Cholapur",Community Infrastructure,Panchayat Community Hall,Uttar Pradesh,Varanasi,Varanasi,Cholapur,Rampur,25.3604,82.9119,2770000.0,2620000.0,2620000.0,0.0,2023-07-21,2023-09-15,2023-10-11,2024-07-31,2024-07-20,Completed,100.0,AGY-XYZ-99,XYZ Infrastructure & Construction Private Ltd,5,4,True,DEMO/SYNTHETIC DATA
MPL-2024-KE-000910,REC-2023-8399,MP-LS-17-71,Hon'ble Member of Parliament (Ernakulam),"Village Waste Segregation Shed at Edappally, Block Paravur",Health & Sanitation,Village Waste Segregation Shed,Kerala,Ernakulam,Ernakulam,Paravur,Edappally,10.0016,76.3318,2950000.0,2900000.0,2065000.0,835000.0,2023-04-15,2023-05-24,2023-06-21,2024-01-14,,Ongoing,65.0,AGY-RWD-02,Rural Works Department (RWD) Engineering Wing,4,2,False,DEMO/SYNTHETIC DATA
MPL-2024-RA-000911,REC-2023-1853,MP-LS-17-75,Hon'ble Member of Parliament (Jaipur Rural),"Public Bus Passenger Shelter at Nayla, Block Kotputli",Community Infrastructure,Public Bus Passenger Shelter,Rajasthan,Jaipur,Jaipur Rural,Kotputli,Nayla,26.8431,75.7108,2540000.0,2540000.0,2540000.0,0.0,2023-02-25,2023-04-20,2023-05-06,2024-02-01,2024-01-22,Completed,100.0,AGY-DRDA-04,District Rural Development Agency (DRDA),5,4,True,DEMO/SYNTHETIC DATA
MPL-2024-MA-000912,REC-2023-5648,MP-LS-17-25,Hon'ble Member of Parliament (Thane),"Solar Street Light Grid (50 poles) at Saralgaon, Block Ambernath",Solar & Renewable Energy,Solar Street Light Grid (50 poles),Maharashtra,Thane,Thane,Ambernath,Saralgaon,19.2707,73.0455,800000.0,750000.0,750000.0,0.0,2023-11-01,2023-12-20,2024-01-03,2024-08-10,2024-07-27,Completed,100.0,AGY-PWD-01,Public Works Department (PWD) Division I,5,3,True,DEMO/SYNTHETIC DATA
MPL-2024-RA-000913,REC-2023-8534,MP-LS-17-44,Hon'ble Member of Parliament (Jaipur Rural),"School Boundary Wall & Sanitation at Bassi, Block Chaksu",Education & Classrooms,School Boundary Wall & Sanitation,Rajasthan,Jaipur,Jaipur Rural,Chaksu,Bassi,26.8533,75.8077,1200000.0,1100000.0,406000.0,694000.0,2023-04-14,2023-05-22,2023-06-18,2024-02-07,,Ongoing,36.0,AGY-RWD-02,Rural Works Department (RWD) Engineering Wing,3,1,False,DEMO/SYNTHETIC DATA
MPL-2024-KA-000914,REC-2023-4402,MP-LS-17-44,Hon'ble Member of Parliament (Bangalore North),"Primary Health Sub-Centre Building at Doddaballapur Rd, Block K.R. Puram",Health & Sanitation,Primary Health Sub-Centre Building,Karnataka,Bengaluru Urban,Bangalore North,K.R. Puram,Doddaballapur Rd,12.9334,77.6301,1100000.0,1000000.0,708000.0,292000.0,2023-03-18,2023-05-04,2023-05-14,2024-03-06,,Ongoing,74.0,AGY-WSS-05,Public Health Engineering & Water Supply Dept,2,1,False,DEMO/SYNTHETIC DATA
MPL-2024-UT-000915,REC-2023-6444,MP-LS-17-54,Hon'ble Member of Parliament (Varanasi),"Piped Water Overhead Tank at Chhatar, Block Cholapur",Drinking Water,Piped Water Overhead Tank,Uttar Pradesh,Varanasi,Varanasi,Cholapur,Chhatar,25.2515,82.9006,1380000.0,1280000.0,0.0,1280000.0,2023-12-22,2024-02-10,2024-03-01,2024-08-16,,Sanctioned,0.0,AGY-PWD-01,Public Works Department (PWD) Division I,2,0,False,DEMO/SYNTHETIC DATA
MPL-2024-MA-000916,REC-2023-3206,MP-LS-17-36,Hon'ble Member of Parliament (Thane),"Paver Block Road at Vashind, Block Ambernath",Rural Roads & Bridges,Paver Block Road,Maharashtra,Thane,Thane,Ambernath,Vashind,19.1949,72.9511,4000000.0,3950000.0,0.0,3950000.0,2023-05-01,2023-05-21,2023-06-02,2023-12-26,,Sanctioned,0.0,AGY-WSS-05,Public Health Engineering & Water Supply Dept,2,0,False,DEMO/SYNTHETIC DATA
MPL-2024-RA-000917,REC-2023-3055,MP-LS-17-46,Hon'ble Member of Parliament (Jaipur Rural),"Public Bus Passenger Shelter at Manoharpur, Block Kotputli",Community Infrastructure,Public Bus Passenger Shelter,Rajasthan,Jaipur,Jaipur Rural,Kotputli,Manoharpur,26.8672,75.815,3390000.0,3290000.0,2700000.0,590000.0,2023-02-22,2023-04-10,2023-05-01,2023-12-07,,Ongoing,78.0,AGY-XYZ-99,XYZ Infrastructure & Construction Private Ltd,3,2,False,DEMO/SYNTHETIC DATA
MPL-2024-KA-000918,REC-2023-5260,MP-LS-17-33,Hon'ble Member of Parliament (Bangalore North),"Village Waste Segregation Shed at Doddaballapur Rd, Block Yelahanka",Health & Sanitation,Village Waste Segregation Shed,Karnataka,Bengaluru Urban,Bangalore North,Yelahanka,Doddaballapur Rd,12.919,77.613,2390000.0,2240000.0,626000.0,1614000.0,2023-09-09,2023-10-04,2023-10-29,2024-05-15,,Ongoing,29.0,AGY-ZP-03,Zila Parishad Rural Infrastructure Cell,3,1,False,DEMO/SYNTHETIC DATA
MPL-2024-AS-000919,REC-2023-4795,MP-LS-17-77,Hon'ble Member of Parliament (Gauhati),"RO Water Treatment Plant at Boko, Block Kamalpur",Drinking Water,RO Water Treatment Plant,Assam,Kamrup,Gauhati,Kamalpur,Boko,26.1446,91.7354,2210000.0,2160000.0,2160000.0,0.0,2023-05-23,2023-07-10,2023-07-22,2024-04-01,2024-04-20,Completed,100.0,AGY-PWD-01,Public Works Department (PWD) Division I,5,2,True,DEMO/SYNTHETIC DATA
MPL-2024-RA-000920,REC-2023-8588,MP-LS-17-34,Hon'ble Member of Parliament (Jaipur Rural),"School Boundary Wall & Sanitation at Nayla, Block Chaksu",Education & Classrooms,School Boundary Wall & Sanitation,Rajasthan,Jaipur,Jaipur Rural,Chaksu,Nayla,26.8381,75.726,1260000.0,1160000.0,1160000.0,0.0,2023-03-24,2023-04-19,2023-04-29,2023-12-15,2023-12-20,Completed,100.0,AGY-XYZ-99,XYZ Infrastructure & Construction Private Ltd,4,3,True,DEMO/SYNTHETIC DATA
MPL-2024-UT-000921,REC-2023-1999,MP-LS-17-33,Hon'ble Member of Parliament (Varanasi),"Public Bus Passenger Shelter at Rampur, Block Sewapuri",Community Infrastructure,Public Bus Passenger Shelter,Uttar Pradesh,Varanasi,Varanasi,Sewapuri,Rampur,25.2856,82.9092,1960000.0,1910000.0,1910000.0,0.0,2023-11-09,2023-12-09,2024-01-03,2024-05-14,2024-05-31,Completed,100.0,AGY-XYZ-99,XYZ Infrastructure & Construction Private Ltd,5,2,True,DEMO/SYNTHETIC DATA
MPL-2024-MA-000922,REC-2023-9098,MP-LS-17-45,Hon'ble Member of Parliament (Thane),"Public Bus Passenger Shelter at Titwala, Block Ambernath",Community Infrastructure,Public Bus Passenger Shelter,Maharashtra,Thane,Thane,Ambernath,Titwala,19.2307,72.9824,1350000.0,1300000.0,0.0,1300000.0,2023-08-25,2023-09-28,2023-10-26,2024-05-06,,Sanctioned,0.0,AGY-WSS-05,Public Health Engineering & Water Supply Dept,2,0,False,DEMO/SYNTHETIC DATA
MPL-2024-AS-000923,REC-2023-7991,MP-LS-17-44,Hon'ble Member of Parliament (Gauhati),"Smart Digital Library Block at Puthimari, Block Chaygaon",Education & Classrooms,Smart Digital Library Block,Assam,Kamrup,Gauhati,Chaygaon,Puthimari,26.2026,91.6775,2500000.0,2500000.0,2500000.0,0.0,2023-01-21,2023-03-18,2023-03-30,2024-01-21,2024-02-22,Completed,100.0,AGY-WSS-05,Public Health Engineering & Water Supply Dept,5,2,True,DEMO/SYNTHETIC DATA
MPL-2024-RA-000924,REC-2023-1309,MP-LS-17-22,Hon'ble Member of Parliament (Jaipur Rural),"Community Public Toilet Complex at Bagru, Block Sanganer",Health & Sanitation,Community Public Toilet Complex,Rajasthan,Jaipur,Jaipur Rural,Sanganer,Bagru,26.8624,75.8565,1600000.0,1600000.0,1600000.0,0.0,2023-04-25,2023-06-11,2023-06-24,2024-02-26,2024-02-06,Completed,100.0,AGY-WSS-05,Public Health Engineering & Water Supply Dept,4,4,True,DEMO/SYNTHETIC DATA
MPL-2024-AS-000925,REC-2023-2098,MP-LS-17-79,Hon'ble Member of Parliament (Gauhati),"Health Diagnostic Equipment at Mirza, Block Kamalpur",Health & Sanitation,Health Diagnostic Equipment,Assam,Kamrup,Gauhati,Kamalpur,Mirza,26.2042,91.7952,1680000.0,1680000.0,1680000.0,0.0,2023-06-20,2023-07-31,2023-08-23,2024-05-24,2024-05-13,Completed,100.0,AGY-DRDA-04,District Rural Development Agency (DRDA),5,4,True,DEMO/SYNTHETIC DATA
MPL-2024-MA-000926,REC-2023-2946,MP-LS-17-37,Hon'ble Member of Parliament (Thane),"Smart Digital Library Block at Tokawade, Block Shahapur",Education & Classrooms,Smart Digital Library Block,Maharashtra,Thane,Thane,Shahapur,Tokawade,19.2845,73.0545,3230000.0,3180000.0,1014000.0,2166000.0,2023-09-23,2023-11-11,2023-12-09,2024-07-24,,Ongoing,34.0,AGY-PWD-01,Public Works Department (PWD) Division I,4,2,False,DEMO/SYNTHETIC DATA
MPL-2024-KE-000927,REC-2023-5085,MP-LS-17-49,Hon'ble Member of Parliament (Ernakulam),"School Boundary Wall & Sanitation at Perumbavoor, Block Paravur",Education & Classrooms,School Boundary Wall & Sanitation,Kerala,Ernakulam,Ernakulam,Paravur,Perumbavoor,10.0235,76.2266,1520000.0,1520000.0,1520000.0,0.0,2023-08-19,2023-09-28,2023-10-10,2024-03-17,2024-03-07,Completed,100.0,AGY-WSS-05,Public Health Engineering & Water Supply Dept,5,3,True,DEMO/SYNTHETIC DATA
MPL-2024-AS-000928,REC-2023-2937,MP-LS-17-24,Hon'ble Member of Parliament (Gauhati),"Additional Classroom Building at Boko, Block Bezera",Education & Classrooms,Additional Classroom Building,Assam,Kamrup,Gauhati,Bezera,Boko,26.2176,91.8065,1930000.0,1830000.0,1830000.0,0.0,2023-09-02,2023-10-21,2023-11-12,2024-08-30,2024-08-24,Completed,100.0,AGY-ZP-03,Zila Parishad Rural Infrastructure Cell,5,2,True,DEMO/SYNTHETIC DATA
MPL-2024-MA-000929,REC-2023-5683,MP-LS-17-23,Hon'ble Member of Parliament (Thane),"Public Bus Passenger Shelter at Padgha, Block Ambernath",Community Infrastructure,Public Bus Passenger Shelter,Maharashtra,Thane,Thane,Ambernath,Padgha,19.221,73.0404,1520000.0,1420000.0,927000.0,493000.0,2023-02-11,2023-03-20,2023-04-14,2024-01-11,,Ongoing,68.0,AGY-XYZ-99,XYZ Infrastructure & Construction Private Ltd,4,1,False,DEMO/SYNTHETIC DATA
MPL-2024-KE-000930,REC-2023-4541,MP-LS-17-78,Hon'ble Member of Parliament (Ernakulam),"School Science Laboratory at Cherai, Block Angamaly",Education & Classrooms,School Science Laboratory,Kerala,Ernakulam,Ernakulam,Angamaly,Cherai,10.0009,76.3152,1700000.0,1550000.0,1550000.0,0.0,2023-07-08,2023-07-31,2023-08-15,2024-03-23,2024-03-09,Completed,100.0,AGY-ZP-03,Zila Parishad Rural Infrastructure Cell,4,3,True,DEMO/SYNTHETIC DATA
MPL-2024-WE-000931,REC-2023-6319,MP-LS-17-79,Hon'ble Member of Parliament (Krishnanagar),"Additional Classroom Building at Dhubulia, Block Krishnanagar-I",Education & Classrooms,Additional Classroom Building,West Bengal,Nadia,Krishnanagar,Krishnanagar-I,Dhubulia,23.3223,88.4914,2690000.0,2590000.0,2590000.0,0.0,2023-10-28,2023-11-27,2023-12-20,2024-05-20,2024-05-11,Completed,100.0,AGY-RWD-02,Rural Works Department (RWD) Engineering Wing,5,3,True,DEMO/SYNTHETIC DATA
MPL-2024-MA-000932,REC-2023-7252,MP-LS-17-43,Hon'ble Member of Parliament (Thane),"Culvert & Drainage Bridge at Tokawade, Block Murbad",Rural Roads & Bridges,Culvert & Drainage Bridge,Maharashtra,Thane,Thane,Murbad,Tokawade,19.2102,73.0254,3940000.0,3940000.0,2911000.0,1029000.0,2023-07-04,2023-08-19,2023-09-07,2024-03-04,,Ongoing,70.0,AGY-PWD-01,Public Works Department (PWD) Division I,2,1,False,DEMO/SYNTHETIC DATA
MPL-2024-MA-000933,REC-2023-6528,MP-LS-17-89,Hon'ble Member of Parliament (Thane),"Panchayat Community Hall at Khadavali, Block Kalyan",Community Infrastructure,Panchayat Community Hall,Maharashtra,Thane,Thane,Kalyan,Khadavali,19.2687,72.9347,3160000.0,3110000.0,961000.0,2149000.0,2023-06-06,2023-07-25,2023-08-20,2024-05-17,,Ongoing,32.0,AGY-PWD-01,Public Works Department (PWD) Division I,3,3,False,DEMO/SYNTHETIC DATA
MPL-2024-AS-000934,REC-2023-1731,MP-LS-17-56,Hon'ble Member of Parliament (Gauhati),"Panchayat Community Hall at Boko, Block Bezera",Community Infrastructure,Panchayat Community Hall,Assam,Kamrup,Gauhati,Bezera,Boko,26.1866,91.7693,3360000.0,3260000.0,2210000.0,1050000.0,2023-05-14,2023-07-04,2023-07-29,2024-05-18,,Ongoing,67.0,AGY-ZP-03,Zila Parishad Rural Infrastructure Cell,4,2,False,DEMO/SYNTHETIC DATA
MPL-2024-RA-000935,REC-2023-9721,MP-LS-17-89,Hon'ble Member of Parliament (Jaipur Rural),"Rooftop Solar for Govt Hospital at Bagru, Block Amer",Solar & Renewable Energy,Rooftop Solar for Govt Hospital,Rajasthan,Jaipur,Jaipur Rural,Amer,Bagru,26.8816,75.8344,520000.0,520000.0,429000.0,91000.0,2023-02-26,2023-03-26,2023-04-25,2023-11-06,,Ongoing,80.0,AGY-ZP-03,Zila Parishad Rural Infrastructure Cell,3,1,False,DEMO/SYNTHETIC DATA
MPL-2024-WE-000936,REC-2023-1419,MP-LS-17-59,Hon'ble Member of Parliament (Krishnanagar),"Primary Health Sub-Centre Building at Mayapur, Block Krishnanagar-I",Health & Sanitation,Primary Health Sub-Centre Building,West Bengal,Nadia,Krishnanagar,Krishnanagar-I,Mayapur,23.4808,88.4724,1420000.0,1420000.0,1420000.0,0.0,2023-02-17,2023-03-27,2023-04-21,2023-11-15,2023-11-01,Completed,100.0,AGY-XYZ-99,XYZ Infrastructure & Construction Private Ltd,5,3,True,DEMO/SYNTHETIC DATA
MPL-2024-RA-000937,REC-2023-6355,MP-LS-17-73,Hon'ble Member of Parliament (Jaipur Rural),"Deep Borewell & Solar Pump System at Bagru, Block Shahpura",Drinking Water,Deep Borewell & Solar Pump System,Rajasthan,Jaipur,Jaipur Rural,Shahpura,Bagru,26.9071,75.8548,1640000.0,1490000.0,342000.0,1148000.0,2023-11-19,2024-01-09,2024-02-03,2024-06-02,,Ongoing,25.0,AGY-ZP-03,Zila Parishad Rural Infrastructure Cell,3,2,False,DEMO/SYNTHETIC DATA
MPL-2024-WE-000938,REC-2023-1582,MP-LS-17-73,Hon'ble Member of Parliament (Krishnanagar),"Solar Street Light Grid (50 poles) at Dhubulia, Block Chapra",Solar & Renewable Energy,Solar Street Light Grid (50 poles),West Bengal,Nadia,Krishnanagar,Chapra,Dhubulia,23.4431,88.5062,1490000.0,1440000.0,515000.0,925000.0,2023-09-19,2023-10-16,2023-10-27,2024-08-21,,Ongoing,38.0,AGY-WSS-05,Public Health Engineering & Water Supply Dept,3,3,False,DEMO/SYNTHETIC DATA
MPL-2024-AS-000939,REC-2023-4163,MP-LS-17-94,Hon'ble Member of Parliament (Gauhati),"Paver Block Road at Puthimari, Block Bezera",Rural Roads & Bridges,Paver Block Road,Assam,Kamrup,Gauhati,Bezera,Puthimari,26.1667,91.6649,3690000.0,3540000.0,3540000.0,0.0,2023-10-21,2023-12-09,2023-12-25,2024-05-31,2024-07-07,Completed,100.0,AGY-ZP-03,Zila Parishad Rural Infrastructure Cell,4,4,True,DEMO/SYNTHETIC DATA
MPL-2024-KA-000940,REC-2023-3127,MP-LS-17-82,Hon'ble Member of Parliament (Bangalore North),"Culvert & Drainage Bridge at Hesaraghatta, Block Yelahanka",Rural Roads & Bridges,Culvert & Drainage Bridge,Karnataka,Bengaluru Urban,Bangalore North,Yelahanka,Hesaraghatta,12.951,77.6393,1980000.0,1830000.0,1279000.0,551000.0,2023-02-15,2023-03-07,2023-04-05,2023-10-23,,Ongoing,71.0,AGY-DRDA-04,District Rural Development Agency (DRDA),2,1,False,DEMO/SYNTHETIC DATA
MPL-2024-KE-000941,REC-2023-5654,MP-LS-17-52,Hon'ble Member of Parliament (Ernakulam),"Additional Classroom Building at Edappally, Block Aluva",Education & Classrooms,Additional Classroom Building,Kerala,Ernakulam,Ernakulam,Aluva,Edappally,9.9111,76.3199,2910000.0,2810000.0,0.0,2810000.0,2023-10-22,2023-11-27,2023-12-15,2024-07-06,,Sanctioned,0.0,AGY-ZP-03,Zila Parishad Rural Infrastructure Cell,2,0,False,DEMO/SYNTHETIC DATA
MPL-2024-UT-000942,REC-2023-8519,MP-LS-17-27,Hon'ble Member of Parliament (Varanasi),"Smart Digital Library Block at Babatpur, Block Arajiline",Education & Classrooms,Smart Digital Library Block,Uttar Pradesh,Varanasi,Varanasi,Arajiline,Babatpur,25.3672,82.9119,1970000.0,1970000.0,389000.0,1581000.0,2023-01-20,2023-02-28,2023-03-25,2023-11-28,,Ongoing,20.0,AGY-DRDA-04,District Rural Development Agency (DRDA),2,3,False,DEMO/SYNTHETIC DATA
MPL-2024-KA-000943,REC-2023-6153,MP-LS-17-23,Hon'ble Member of Parliament (Bangalore North),"Community Public Toilet Complex at Attibele, Block K.R. Puram",Health & Sanitation,Community Public Toilet Complex,Karnataka,Bengaluru Urban,Bangalore North,K.R. Puram,Attibele,13.0184,77.5468,2140000.0,2090000.0,2090000.0,0.0,2023-06-02,2023-07-08,2023-07-30,2023-12-17,2023-12-21,Completed,100.0,AGY-WSS-05,Public Health Engineering & Water Supply Dept,5,4,True,DEMO/SYNTHETIC DATA
MPL-2024-UT-000944,REC-2023-6335,MP-LS-17-12,Hon'ble Member of Parliament (Varanasi),"Culvert & Drainage Bridge at Harahua, Block Cholapur",Rural Roads & Bridges,Culvert & Drainage Bridge,Uttar Pradesh,Varanasi,Varanasi,Cholapur,Harahua,25.3222,83.0197,2990000.0,2840000.0,2840000.0,0.0,2023-04-25,2023-06-21,2023-07-20,2024-03-09,2024-04-04,Completed,100.0,AGY-XYZ-99,XYZ Infrastructure & Construction Private Ltd,5,3,True,DEMO/SYNTHETIC DATA
MPL-2024-KE-000945,REC-2023-9078,MP-LS-17-99,Hon'ble Member of Parliament (Ernakulam),"Smart Digital Library Block at Edappally, Block Vyttila",Education & Classrooms,Smart Digital Library Block,Kerala,Ernakulam,Ernakulam,Vyttila,Edappally,9.9284,76.228,2550000.0,2400000.0,2400000.0,0.0,2023-02-06,2023-03-09,2023-03-28,2023-11-08,2023-11-16,Completed,100.0,AGY-PWD-01,Public Works Department (PWD) Division I,4,2,True,DEMO/SYNTHETIC DATA
MPL-2024-RA-000946,REC-2023-4936,MP-LS-17-99,Hon'ble Member of Parliament (Jaipur Rural),"Senior Citizen Recreation Shed at Nayla, Block Amer",Community Infrastructure,Senior Citizen Recreation Shed,Rajasthan,Jaipur,Jaipur Rural,Amer,Nayla,26.9025,75.7427,3550000.0,3400000.0,2493000.0,907000.0,2023-01-25,2023-03-22,2023-04-14,2024-01-31,,Ongoing,79.0,AGY-RWD-02,Rural Works Department (RWD) Engineering Wing,4,3,False,DEMO/SYNTHETIC DATA
MPL-2024-WE-000947,REC-2023-4741,MP-LS-17-63,Hon'ble Member of Parliament (Krishnanagar),"Crematorium Shed with Amenities at Dhubulia, Block Nabadwip",Community Infrastructure,Crematorium Shed with Amenities,West Bengal,Nadia,Krishnanagar,Nabadwip,Dhubulia,23.4687,88.4951,3020000.0,3020000.0,3020000.0,0.0,2023-02-05,2023-03-03,2023-03-28,2023-12-06,2023-11-21,Completed,100.0,AGY-DRDA-04,District Rural Development Agency (DRDA),5,2,True,DEMO/SYNTHETIC DATA
MPL-2024-RA-000948,REC-2023-8612,MP-LS-17-74,Hon'ble Member of Parliament (Jaipur Rural),"High-Mast Solar Lighting Chowk at Bagru, Block Shahpura",Solar & Renewable Energy,High-Mast Solar Lighting Chowk,Rajasthan,Jaipur,Jaipur Rural,Shahpura,Bagru,26.8663,75.7274,1550000.0,1450000.0,1450000.0,0.0,2023-10-01,2023-10-30,2023-11-21,2024-09-08,2024-09-23,Completed,100.0,AGY-WSS-05,Public Health Engineering & Water Supply Dept,4,2,True,DEMO/SYNTHETIC DATA
MPL-2024-KA-000949,REC-2023-7185,MP-LS-17-46,Hon'ble Member of Parliament (Bangalore North),"Community Public Toilet Complex at Mandur, Block Yelahanka",Health & Sanitation,Community Public Toilet Complex,Karnataka,Bengaluru Urban,Bangalore North,Yelahanka,Mandur,13.0416,77.5592,1740000.0,1690000.0,1690000.0,0.0,2023-04-01,2023-04-21,2023-05-18,2023-10-04,2023-09-14,Completed,100.0,AGY-ZP-03,Zila Parishad Rural Infrastructure Cell,5,4,True,DEMO/SYNTHETIC DATA
MPL-2024-RA-000950,REC-2023-9676,MP-LS-17-81,Hon'ble Member of Parliament (Jaipur Rural),"Culvert & Drainage Bridge at Bassi, Block Chaksu",Rural Roads & Bridges,Culvert & Drainage Bridge,Rajasthan,Jaipur,Jaipur Rural,Chaksu,Bassi,26.9735,75.7582,2230000.0,2180000.0,2180000.0,0.0,2023-06-18,2023-07-17,2023-08-14,2024-01-02,2023-12-15,Completed,100.0,AGY-ZP-03,Zila Parishad Rural Infrastructure Cell,5,3,True,DEMO/SYNTHETIC DATA
MPL-2024-AS-000951,REC-2023-5407,MP-LS-17-96,Hon'ble Member of Parliament (Gauhati),"Village Waste Segregation Shed at Dadara, Block Kamalpur",Health & Sanitation,Village Waste Segregation Shed,Assam,Kamrup,Gauhati,Kamalpur,Dadara,26.1265,91.7469,1830000.0,1680000.0,1680000.0,0.0,2023-05-13,2023-06-15,2023-07-06,2023-11-20,2023-12-13,Completed,100.0,AGY-WSS-05,Public Health Engineering & Water Supply Dept,5,2,True,DEMO/SYNTHETIC DATA
MPL-2024-UT-000952,REC-2023-5518,MP-LS-17-52,Hon'ble Member of Parliament (Varanasi),"School Science Laboratory at Rampur, Block Pindra",Education & Classrooms,School Science Laboratory,Uttar Pradesh,Varanasi,Varanasi,Pindra,Rampur,25.2425,83.0135,3550000.0,3450000.0,1817000.0,1633000.0,2023-03-16,2023-05-08,2023-06-03,2023-11-22,,Ongoing,49.0,AGY-DRDA-04,District Rural Development Agency (DRDA),4,3,False,DEMO/SYNTHETIC DATA
MPL-2024-KE-000953,REC-2023-4927,MP-LS-17-52,Hon'ble Member of Parliament (Ernakulam),"CC Road Construction at Edappally, Block Angamaly",Rural Roads & Bridges,CC Road Construction,Kerala,Ernakulam,Ernakulam,Angamaly,Edappally,10.0345,76.2583,3870000.0,3870000.0,3870000.0,0.0,2023-10-03,2023-10-27,2023-11-12,2024-08-05,2024-07-23,Completed,100.0,AGY-PWD-01,Public Works Department (PWD) Division I,5,2,True,DEMO/SYNTHETIC DATA
MPL-2024-KA-000954,REC-2023-1847,MP-LS-17-37,Hon'ble Member of Parliament (Bangalore North),"Health Diagnostic Equipment at Mandur, Block Yelahanka",Health & Sanitation,Health Diagnostic Equipment,Karnataka,Bengaluru Urban,Bangalore North,Yelahanka,Mandur,13.0354,77.6362,2110000.0,2060000.0,726000.0,1334000.0,2023-06-14,2023-08-11,2023-08-29,2024-05-29,,Ongoing,33.0,AGY-RWD-02,Rural Works Department (RWD) Engineering Wing,2,1,False,DEMO/SYNTHETIC DATA
MPL-2024-KE-000955,REC-2023-1917,MP-LS-17-78,Hon'ble Member of Parliament (Ernakulam),"School Boundary Wall & Sanitation at Edappally, Block Muvattupuzha",Education & Classrooms,School Boundary Wall & Sanitation,Kerala,Ernakulam,Ernakulam,Muvattupuzha,Edappally,10.0407,76.3256,1120000.0,1070000.0,1070000.0,0.0,2023-11-08,2023-12-09,2023-12-29,2024-07-08,2024-06-18,Completed,100.0,AGY-RWD-02,Rural Works Department (RWD) Engineering Wing,5,2,True,DEMO/SYNTHETIC DATA
MPL-2024-BI-000956,REC-2023-4541,MP-LS-17-13,Hon'ble Member of Parliament (Patna Sahib),"Panchayat Community Hall at Sabbalpur, Block Danapur",Community Infrastructure,Panchayat Community Hall,Bihar,Patna,Patna Sahib,Danapur,Sabbalpur,25.5477,85.1378,3140000.0,3140000.0,636000.0,2504000.0,2023-07-22,2023-08-23,2023-09-04,2024-06-14,,Ongoing,20.0,AGY-XYZ-99,XYZ Infrastructure & Construction Private Ltd,4,1,False,DEMO/SYNTHETIC DATA
MPL-2024-BI-000957,REC-2023-1337,MP-LS-17-32,Hon'ble Member of Parliament (Patna Sahib),"Smart Digital Library Block at Sabbalpur, Block Sampatchak",Education & Classrooms,Smart Digital Library Block,Bihar,Patna,Patna Sahib,Sampatchak,Sabbalpur,25.5996,85.0694,1910000.0,1910000.0,1910000.0,0.0,2023-07-19,2023-08-28,2023-09-07,2024-03-05,2024-02-17,Completed,100.0,AGY-RWD-02,Rural Works Department (RWD) Engineering Wing,4,4,True,DEMO/SYNTHETIC DATA
MPL-2024-KE-000958,REC-2023-9017,MP-LS-17-21,Hon'ble Member of Parliament (Ernakulam),"Primary Health Sub-Centre Building at Kalamassery, Block Aluva",Health & Sanitation,Primary Health Sub-Centre Building,Kerala,Ernakulam,Ernakulam,Aluva,Kalamassery,9.9352,76.34,1080000.0,1080000.0,422000.0,658000.0,2023-05-03,2023-06-07,2023-06-27,2023-12-26,,Ongoing,37.0,AGY-RWD-02,Rural Works Department (RWD) Engineering Wing,4,3,False,DEMO/SYNTHETIC DATA
MPL-2024-KE-000959,REC-2023-9638,MP-LS-17-20,Hon'ble Member of Parliament (Ernakulam),"Culvert & Drainage Bridge at Cherai, Block Aluva",Rural Roads & Bridges,Culvert & Drainage Bridge,Kerala,Ernakulam,Ernakulam,Aluva,Cherai,9.9485,76.2642,4310000.0,4210000.0,4210000.0,0.0,2023-03-15,2023-04-04,2023-04-15,2023-10-08,2023-11-17,Completed,100.0,AGY-PWD-01,Public Works Department (PWD) Division I,5,3,True,DEMO/SYNTHETIC DATA
MPL-2024-BI-000960,REC-2023-8538,MP-LS-17-94,Hon'ble Member of Parliament (Patna Sahib),"Smart Digital Library Block at Gauri Chak, Block Sampatchak",Education & Classrooms,Smart Digital Library Block,Bihar,Patna,Patna Sahib,Sampatchak,Gauri Chak,25.5153,85.1434,1820000.0,1820000.0,1820000.0,0.0,2023-01-02,2023-02-18,2023-03-19,2023-12-27,2023-12-23,Completed,100.0,AGY-ZP-03,Zila Parishad Rural Infrastructure Cell,5,2,True,DEMO/SYNTHETIC DATA
MPL-2024-UT-000961,REC-2023-3794,MP-LS-17-39,Hon'ble Member of Parliament (Varanasi),"Piped Water Overhead Tank at Harahua, Block Kashi Vidyapeeth",Drinking Water,Piped Water Overhead Tank,Uttar Pradesh,Varanasi,Varanasi,Kashi Vidyapeeth,Harahua,25.3054,83.0325,2000000.0,2000000.0,0.0,2000000.0,2023-05-28,2023-07-21,2023-08-20,2023-12-18,,Sanctioned,0.0,AGY-XYZ-99,XYZ Infrastructure & Construction Private Ltd,2,0,False,DEMO/SYNTHETIC DATA
MPL-2024-UT-000962,REC-2023-7087,MP-LS-17-40,Hon'ble Member of Parliament (Varanasi),"Hand Pump Installation Cluster at Babatpur, Block Sewapuri",Drinking Water,Hand Pump Installation Cluster,Uttar Pradesh,Varanasi,Varanasi,Sewapuri,Babatpur,25.2773,82.8951,1370000.0,1320000.0,1320000.0,0.0,2023-05-27,2023-07-23,2023-08-14,2024-06-02,2024-05-25,Completed,100.0,AGY-PWD-01,Public Works Department (PWD) Division I,4,2,True,DEMO/SYNTHETIC DATA
MPL-2024-UT-000963,REC-2023-3478,MP-LS-17-35,Hon'ble Member of Parliament (Varanasi),"Rooftop Solar for Govt Hospital at Chhatar, Block Cholapur",Solar & Renewable Energy,Rooftop Solar for Govt Hospital,Uttar Pradesh,Varanasi,Varanasi,Cholapur,Chhatar,25.396,82.9445,470000.0,420000.0,0.0,420000.0,2023-07-05,2023-08-15,2023-09-14,2024-05-04,,Sanctioned,0.0,AGY-DRDA-04,District Rural Development Agency (DRDA),2,0,False,DEMO/SYNTHETIC DATA
MPL-2024-MA-000964,REC-2023-1455,MP-LS-17-29,Hon'ble Member of Parliament (Thane),"Culvert & Drainage Bridge at Tokawade, Block Kalyan",Rural Roads & Bridges,Culvert & Drainage Bridge,Maharashtra,Thane,Thane,Kalyan,Tokawade,19.2758,72.9708,3400000.0,3350000.0,698000.0,2652000.0,2023-06-01,2023-07-07,2023-07-31,2023-12-09,,Ongoing,20.0,AGY-PWD-01,Public Works Department (PWD) Division I,4,1,False,DEMO/SYNTHETIC DATA
MPL-2024-MA-000965,REC-2023-5488,MP-LS-17-71,Hon'ble Member of Parliament (Thane),"Solar Street Light Grid (50 poles) at Vashind, Block Ambernath",Solar & Renewable Energy,Solar Street Light Grid (50 poles),Maharashtra,Thane,Thane,Ambernath,Vashind,19.227,72.9846,920000.0,920000.0,920000.0,0.0,2023-07-03,2023-08-13,2023-09-09,2024-03-09,2024-03-10,Completed,100.0,AGY-DRDA-04,District Rural Development Agency (DRDA),4,3,True,DEMO/SYNTHETIC DATA
MPL-2024-MA-000966,REC-2023-1870,MP-LS-17-31,Hon'ble Member of Parliament (Thane),"Deep Borewell & Solar Pump System at Tokawade, Block Shahapur",Drinking Water,Deep Borewell & Solar Pump System,Maharashtra,Thane,Thane,Shahapur,Tokawade,19.236,73.0178,1040000.0,940000.0,940000.0,0.0,2023-02-20,2023-04-09,2023-04-24,2023-09-26,2023-09-06,Completed,100.0,AGY-RWD-02,Rural Works Department (RWD) Engineering Wing,4,2,True,DEMO/SYNTHETIC DATA
MPL-2024-RA-000967,REC-2023-3315,MP-LS-17-69,Hon'ble Member of Parliament (Jaipur Rural),"School Science Laboratory at Manoharpur, Block Shahpura",Education & Classrooms,School Science Laboratory,Rajasthan,Jaipur,Jaipur Rural,Shahpura,Manoharpur,26.9101,75.7783,1350000.0,1350000.0,1350000.0,0.0,2023-10-10,2023-12-06,2023-12-16,2024-06-22,2024-06-05,Completed,100.0,AGY-DRDA-04,District Rural Development Agency (DRDA),4,2,True,DEMO/SYNTHETIC DATA
MPL-2024-BI-000968,REC-2023-4569,MP-LS-17-28,Hon'ble Member of Parliament (Patna Sahib),"Village Waste Segregation Shed at Baikatpur, Block Danapur",Health & Sanitation,Village Waste Segregation Shed,Bihar,Patna,Patna Sahib,Danapur,Baikatpur,25.6064,85.1982,1910000.0,1860000.0,1860000.0,0.0,2023-02-26,2023-03-22,2023-04-18,2023-11-18,2023-11-25,Completed,100.0,AGY-DRDA-04,District Rural Development Agency (DRDA),4,3,True,DEMO/SYNTHETIC DATA
MPL-2024-MA-000969,REC-2023-4547,MP-LS-17-78,Hon'ble Member of Parliament (Thane),"Piped Water Overhead Tank at Tokawade, Block Kalyan",Drinking Water,Piped Water Overhead Tank,Maharashtra,Thane,Thane,Kalyan,Tokawade,19.2348,73.0406,1740000.0,1640000.0,718000.0,922000.0,2023-12-28,2024-02-11,2024-03-06,2024-08-07,,Ongoing,45.0,AGY-WSS-05,Public Health Engineering & Water Supply Dept,3,3,False,DEMO/SYNTHETIC DATA
MPL-2024-UT-000970,REC-2023-6317,MP-LS-17-83,Hon'ble Member of Parliament (Varanasi),"Smart Digital Library Block at Badagaon, Block Kashi Vidyapeeth",Education & Classrooms,Smart Digital Library Block,Uttar Pradesh,Varanasi,Varanasi,Kashi Vidyapeeth,Badagaon,25.2799,83.026,3400000.0,3350000.0,3350000.0,0.0,2023-09-26,2023-11-24,2023-12-16,2024-08-18,2024-08-07,Completed,100.0,AGY-XYZ-99,XYZ Infrastructure & Construction Private Ltd,4,2,True,DEMO/SYNTHETIC DATA
MPL-2024-AS-000971,REC-2023-7315,MP-LS-17-87,Hon'ble Member of Parliament (Gauhati),"Additional Classroom Building at Sualkuchi, Block Hajo",Education & Classrooms,Additional Classroom Building,Assam,Kamrup,Gauhati,Hajo,Sualkuchi,26.1576,91.797,3020000.0,3020000.0,1344000.0,1676000.0,2023-06-26,2023-07-17,2023-08-02,2024-04-06,,Ongoing,44.0,AGY-ZP-03,Zila Parishad Rural Infrastructure Cell,4,2,False,DEMO/SYNTHETIC DATA
MPL-2024-RA-000972,REC-2023-6059,MP-LS-17-13,Hon'ble Member of Parliament (Jaipur Rural),"Smart Digital Library Block at Nayla, Block Amer",Education & Classrooms,Smart Digital Library Block,Rajasthan,Jaipur,Jaipur Rural,Amer,Nayla,26.9744,75.7772,2390000.0,2240000.0,465000.0,1775000.0,2023-03-01,2023-03-30,2023-04-14,2023-11-07,,Ongoing,20.0,AGY-ZP-03,Zila Parishad Rural Infrastructure Cell,3,2,False,DEMO/SYNTHETIC DATA
MPL-2024-KE-000973,REC-2023-6946,MP-LS-17-44,Hon'ble Member of Parliament (Ernakulam),"Link Road Widening at Kalamassery, Block Paravur",Rural Roads & Bridges,Link Road Widening,Kerala,Ernakulam,Ernakulam,Paravur,Kalamassery,9.9028,76.2613,2070000.0,2070000.0,1208000.0,862000.0,2023-05-20,2023-07-17,2023-07-31,2024-02-03,,Ongoing,57.0,AGY-WSS-05,Public Health Engineering & Water Supply Dept,4,3,False,DEMO/SYNTHETIC DATA
MPL-2024-KE-000974,REC-2023-3548,MP-LS-17-76,Hon'ble Member of Parliament (Ernakulam),"Solar Street Light Grid (50 poles) at Cherai, Block Aluva",Solar & Renewable Energy,Solar Street Light Grid (50 poles),Kerala,Ernakulam,Ernakulam,Aluva,Cherai,10.0254,76.2288,1710000.0,1610000.0,1054000.0,556000.0,2023-11-01,2023-12-16,2023-12-27,2024-09-18,,Ongoing,72.0,AGY-RWD-02,Rural Works Department (RWD) Engineering Wing,4,2,False,DEMO/SYNTHETIC DATA
MPL-2024-AS-000975,REC-2023-5255,MP-LS-17-59,Hon'ble Member of Parliament (Gauhati),"High-Mast Solar Lighting Chowk at Boko, Block Kamalpur",Solar & Renewable Energy,High-Mast Solar Lighting Chowk,Assam,Kamrup,Gauhati,Kamalpur,Boko,26.1571,91.8014,970000.0,870000.0,670000.0,200000.0,2023-10-15,2023-11-15,2023-11-25,2024-08-15,,Ongoing,71.0,AGY-RWD-02,Rural Works Department (RWD) Engineering Wing,2,1,False,DEMO/SYNTHETIC DATA
MPL-2024-RA-000976,REC-2023-2507,MP-LS-17-82,Hon'ble Member of Parliament (Jaipur Rural),"Village Waste Segregation Shed at Achrol, Block Amer",Health & Sanitation,Village Waste Segregation Shed,Rajasthan,Jaipur,Jaipur Rural,Amer,Achrol,26.8819,75.8181,890000.0,840000.0,347000.0,493000.0,2023-02-27,2023-03-27,2023-04-20,2024-01-13,,Ongoing,38.0,AGY-DRDA-04,District Rural Development Agency (DRDA),4,1,False,DEMO/SYNTHETIC DATA
MPL-2024-WE-000977,REC-2023-1053,MP-LS-17-17,Hon'ble Member of Parliament (Krishnanagar),"Deep Borewell & Solar Pump System at Tehatta, Block Nabadwip",Drinking Water,Deep Borewell & Solar Pump System,West Bengal,Nadia,Krishnanagar,Nabadwip,Tehatta,23.3966,88.4465,1030000.0,1030000.0,0.0,1030000.0,2023-05-12,2023-06-27,2023-07-26,2024-03-25,,Sanctioned,0.0,AGY-DRDA-04,District Rural Development Agency (DRDA),2,0,False,DEMO/SYNTHETIC DATA
MPL-2024-MA-000978,REC-2023-4831,MP-LS-17-64,Hon'ble Member of Parliament (Thane),"Crematorium Shed with Amenities at Vashind, Block Ambernath",Community Infrastructure,Crematorium Shed with Amenities,Maharashtra,Thane,Thane,Ambernath,Vashind,19.2005,72.9184,3960000.0,3810000.0,3191000.0,619000.0,2023-12-18,2024-01-30,2024-02-14,2024-08-26,,Ongoing,85.0,AGY-WSS-05,Public Health Engineering & Water Supply Dept,4,2,False,DEMO/SYNTHETIC DATA
MPL-2024-KA-000979,REC-2023-6637,MP-LS-17-95,Hon'ble Member of Parliament (Bangalore North),"High-Mast Solar Lighting Chowk at Attibele, Block K.R. Puram",Solar & Renewable Energy,High-Mast Solar Lighting Chowk,Karnataka,Bengaluru Urban,Bangalore North,K.R. Puram,Attibele,12.9933,77.5175,570000.0,520000.0,374000.0,146000.0,2023-03-18,2023-04-09,2023-04-30,2023-11-23,,Ongoing,72.0,AGY-XYZ-99,XYZ Infrastructure & Construction Private Ltd,4,1,False,DEMO/SYNTHETIC DATA
MPL-2024-WE-000980,REC-2023-8589,MP-LS-17-45,Hon'ble Member of Parliament (Krishnanagar),"Paver Block Road at Dhubulia, Block Krishnanagar-I",Rural Roads & Bridges,Paver Block Road,West Bengal,Nadia,Krishnanagar,Krishnanagar-I,Dhubulia,23.3383,88.5781,1970000.0,1920000.0,1195000.0,725000.0,2023-07-19,2023-09-03,2023-09-14,2024-05-25,,Ongoing,68.0,AGY-ZP-03,Zila Parishad Rural Infrastructure Cell,4,2,False,DEMO/SYNTHETIC DATA
MPL-2024-KE-000981,REC-2023-7695,MP-LS-17-88,Hon'ble Member of Parliament (Ernakulam),"Community Public Toilet Complex at Edappally, Block Paravur",Health & Sanitation,Community Public Toilet Complex,Kerala,Ernakulam,Ernakulam,Paravur,Edappally,10.0375,76.3065,2100000.0,2000000.0,839000.0,1161000.0,2023-07-17,2023-09-09,2023-10-08,2024-05-25,,Ongoing,46.0,AGY-PWD-01,Public Works Department (PWD) Division I,2,1,False,DEMO/SYNTHETIC DATA
MPL-2024-KE-000982,REC-2023-4684,MP-LS-17-46,Hon'ble Member of Parliament (Ernakulam),"Link Road Widening at Perumbavoor, Block Paravur",Rural Roads & Bridges,Link Road Widening,Kerala,Ernakulam,Ernakulam,Paravur,Perumbavoor,9.9405,76.2738,4460000.0,4360000.0,1478000.0,2882000.0,2023-05-05,2023-06-10,2023-06-26,2024-02-28,,Ongoing,32.0,AGY-DRDA-04,District Rural Development Agency (DRDA),2,3,False,DEMO/SYNTHETIC DATA
MPL-2024-AS-000983,REC-2023-4194,MP-LS-17-42,Hon'ble Member of Parliament (Gauhati),"Paver Block Road at Sualkuchi, Block Chaygaon",Rural Roads & Bridges,Paver Block Road,Assam,Kamrup,Gauhati,Chaygaon,Sualkuchi,26.1115,91.7612,4340000.0,4240000.0,4240000.0,0.0,2023-06-13,2023-07-24,2023-08-05,2024-03-02,2024-02-15,Completed,100.0,AGY-ZP-03,Zila Parishad Rural Infrastructure Cell,5,2,True,DEMO/SYNTHETIC DATA
MPL-2024-KA-000984,REC-2023-5778,MP-LS-17-32,Hon'ble Member of Parliament (Bangalore North),"Link Road Widening at Mandur, Block Yelahanka",Rural Roads & Bridges,Link Road Widening,Karnataka,Bengaluru Urban,Bangalore North,Yelahanka,Mandur,12.8943,77.5334,1770000.0,1620000.0,0.0,1620000.0,2023-06-08,2023-07-12,2023-07-28,2024-03-15,,Sanctioned,0.0,AGY-DRDA-04,District Rural Development Agency (DRDA),2,0,False,DEMO/SYNTHETIC DATA
MPL-2024-KE-000985,REC-2023-6805,MP-LS-17-43,Hon'ble Member of Parliament (Ernakulam),"Rooftop Solar for Govt Hospital at Cherai, Block Muvattupuzha",Solar & Renewable Energy,Rooftop Solar for Govt Hospital,Kerala,Ernakulam,Ernakulam,Muvattupuzha,Cherai,9.9181,76.2291,940000.0,890000.0,429000.0,461000.0,2023-05-25,2023-07-18,2023-07-29,2024-03-03,,Ongoing,48.0,AGY-ZP-03,Zila Parishad Rural Infrastructure Cell,4,3,False,DEMO/SYNTHETIC DATA
MPL-2024-MA-000986,REC-2023-8460,MP-LS-17-47,Hon'ble Member of Parliament (Thane),"Rooftop Solar for Govt Hospital at Saralgaon, Block Murbad",Solar & Renewable Energy,Rooftop Solar for Govt Hospital,Maharashtra,Thane,Thane,Murbad,Saralgaon,19.2788,72.9654,1040000.0,1040000.0,1040000.0,0.0,2023-03-03,2023-04-03,2023-04-26,2023-09-22,2023-09-07,Completed,100.0,AGY-ZP-03,Zila Parishad Rural Infrastructure Cell,5,2,True,DEMO/SYNTHETIC DATA
MPL-2024-RA-000987,REC-2023-4366,MP-LS-17-62,Hon'ble Member of Parliament (Jaipur Rural),"Solar Street Light Grid (50 poles) at Achrol, Block Kotputli",Solar & Renewable Energy,Solar Street Light Grid (50 poles),Rajasthan,Jaipur,Jaipur Rural,Kotputli,Achrol,26.959,75.7708,1440000.0,1390000.0,1390000.0,0.0,2023-08-05,2023-10-01,2023-10-25,2024-05-04,2024-05-30,Completed,100.0,AGY-XYZ-99,XYZ Infrastructure & Construction Private Ltd,4,2,True,DEMO/SYNTHETIC DATA
MPL-2024-MA-000988,REC-2023-2701,MP-LS-17-57,Hon'ble Member of Parliament (Thane),"School Boundary Wall & Sanitation at Saralgaon, Block Shahapur",Education & Classrooms,School Boundary Wall & Sanitation,Maharashtra,Thane,Thane,Shahapur,Saralgaon,19.2397,72.9126,810000.0,810000.0,273000.0,537000.0,2023-01-09,2023-02-02,2023-02-22,2023-07-15,,Ongoing,36.0,AGY-DRDA-04,District Rural Development Agency (DRDA),4,2,False,DEMO/SYNTHETIC DATA
MPL-2024-MA-000989,REC-2023-8604,MP-LS-17-27,Hon'ble Member of Parliament (Thane),"Public Bus Passenger Shelter at Saralgaon, Block Ambernath",Community Infrastructure,Public Bus Passenger Shelter,Maharashtra,Thane,Thane,Ambernath,Saralgaon,19.2247,72.928,3060000.0,2960000.0,2960000.0,0.0,2023-03-02,2023-04-30,2023-05-28,2024-03-14,2024-02-24,Completed,100.0,AGY-WSS-05,Public Health Engineering & Water Supply Dept,4,3,True,DEMO/SYNTHETIC DATA
MPL-2024-RA-000990,REC-2023-1837,MP-LS-17-99,Hon'ble Member of Parliament (Jaipur Rural),"Public Bus Passenger Shelter at Achrol, Block Sanganer",Community Infrastructure,Public Bus Passenger Shelter,Rajasthan,Jaipur,Jaipur Rural,Sanganer,Achrol,26.9229,75.8206,2850000.0,2800000.0,2800000.0,0.0,2023-04-06,2023-04-28,2023-05-20,2023-10-01,2023-09-22,Completed,100.0,AGY-XYZ-99,XYZ Infrastructure & Construction Private Ltd,5,4,True,DEMO/SYNTHETIC DATA
MPL-2024-RA-000991,REC-2023-4594,MP-LS-17-25,Hon'ble Member of Parliament (Jaipur Rural),"High-Mast Solar Lighting Chowk at Achrol, Block Amer",Solar & Renewable Energy,High-Mast Solar Lighting Chowk,Rajasthan,Jaipur,Jaipur Rural,Amer,Achrol,26.9019,75.8631,1660000.0,1610000.0,1063000.0,547000.0,2023-01-18,2023-02-16,2023-03-07,2023-09-13,,Ongoing,68.0,AGY-XYZ-99,XYZ Infrastructure & Construction Private Ltd,2,3,False,DEMO/SYNTHETIC DATA
MPL-2024-RA-000992,REC-2023-9381,MP-LS-17-99,Hon'ble Member of Parliament (Jaipur Rural),"Rooftop Solar for Govt Hospital at Achrol, Block Amer",Solar & Renewable Energy,Rooftop Solar for Govt Hospital,Rajasthan,Jaipur,Jaipur Rural,Amer,Achrol,26.9528,75.8561,1650000.0,1600000.0,758000.0,842000.0,2023-06-01,2023-07-12,2023-07-22,2023-11-25,,Ongoing,50.0,AGY-XYZ-99,XYZ Infrastructure & Construction Private Ltd,3,3,False,DEMO/SYNTHETIC DATA
MPL-2024-WE-000993,REC-2023-6575,MP-LS-17-98,Hon'ble Member of Parliament (Krishnanagar),"Village Waste Segregation Shed at Tehatta, Block Nakashipara",Health & Sanitation,Village Waste Segregation Shed,West Bengal,Nadia,Krishnanagar,Nakashipara,Tehatta,23.4652,88.4651,2040000.0,1990000.0,395000.0,1595000.0,2023-06-24,2023-08-01,2023-08-19,2023-12-25,,Ongoing,20.0,AGY-XYZ-99,XYZ Infrastructure & Construction Private Ltd,2,2,False,DEMO/SYNTHETIC DATA
MPL-2024-RA-000994,REC-2023-8117,MP-LS-17-49,Hon'ble Member of Parliament (Jaipur Rural),"Link Road Widening at Kukas, Block Amer",Rural Roads & Bridges,Link Road Widening,Rajasthan,Jaipur,Jaipur Rural,Amer,Kukas,26.9921,75.7694,3880000.0,3780000.0,2041000.0,1739000.0,2023-12-09,2024-01-08,2024-01-26,2024-09-07,,Ongoing,59.0,AGY-XYZ-99,XYZ Infrastructure & Construction Private Ltd,3,3,False,DEMO/SYNTHETIC DATA
MPL-2024-WE-000995,REC-2023-8779,MP-LS-17-74,Hon'ble Member of Parliament (Krishnanagar),"Village Waste Segregation Shed at Tehatta, Block Krishnanagar-I",Health & Sanitation,Village Waste Segregation Shed,West Bengal,Nadia,Krishnanagar,Krishnanagar-I,Tehatta,23.4773,88.5348,1420000.0,1320000.0,1320000.0,0.0,2023-05-20,2023-07-17,2023-08-07,2023-12-26,2024-01-27,Completed,100.0,AGY-PWD-01,Public Works Department (PWD) Division I,5,2,True,DEMO/SYNTHETIC DATA
MPL-2024-KA-000996,REC-2023-7091,MP-LS-17-30,Hon'ble Member of Parliament (Bangalore North),"Panchayat Community Hall at Doddaballapur Rd, Block K.R. Puram",Community Infrastructure,Panchayat Community Hall,Karnataka,Bengaluru Urban,Bangalore North,K.R. Puram,Doddaballapur Rd,12.9196,77.6464,1430000.0,1280000.0,913000.0,367000.0,2023-04-17,2023-06-04,2023-06-29,2024-04-07,,Ongoing,76.0,AGY-PWD-01,Public Works Department (PWD) Division I,4,3,False,DEMO/SYNTHETIC DATA
MPL-2024-WE-000997,REC-2023-1057,MP-LS-17-10,Hon'ble Member of Parliament (Krishnanagar),"School Science Laboratory at Dhubulia, Block Chapra",Education & Classrooms,School Science Laboratory,West Bengal,Nadia,Krishnanagar,Chapra,Dhubulia,23.4617,88.4288,1490000.0,1340000.0,1340000.0,0.0,2023-10-08,2023-11-02,2023-11-22,2024-08-05,2024-08-12,Completed,100.0,AGY-WSS-05,Public Health Engineering & Water Supply Dept,4,3,True,DEMO/SYNTHETIC DATA
MPL-2024-BI-000998,REC-2023-2179,MP-LS-17-82,Hon'ble Member of Parliament (Patna Sahib),"Solar Street Light Grid (50 poles) at Baikatpur, Block Danapur",Solar & Renewable Energy,Solar Street Light Grid (50 poles),Bihar,Patna,Patna Sahib,Danapur,Baikatpur,25.5476,85.1949,750000.0,650000.0,225000.0,425000.0,2023-07-05,2023-08-20,2023-08-31,2024-03-09,,Ongoing,37.0,AGY-RWD-02,Rural Works Department (RWD) Engineering Wing,3,2,False,DEMO/SYNTHETIC DATA
MPL-2024-UT-000999,REC-2023-3070,MP-LS-17-97,Hon'ble Member of Parliament (Varanasi),"Paver Block Road at Chhatar, Block Sewapuri",Rural Roads & Bridges,Paver Block Road,Uttar Pradesh,Varanasi,Varanasi,Sewapuri,Chhatar,25.303,82.9893,4070000.0,3920000.0,2891000.0,1029000.0,2023-08-23,2023-09-29,2023-10-20,2024-08-01,,Ongoing,76.0,AGY-XYZ-99,XYZ Infrastructure & Construction Private Ltd,4,2,False,DEMO/SYNTHETIC DATA
MPL-2024-AS-001000,REC-2023-6061,MP-LS-17-15,Hon'ble Member of Parliament (Gauhati),"Health Diagnostic Equipment at Sualkuchi, Block Chaygaon",Health & Sanitation,Health Diagnostic Equipment,Assam,Kamrup,Gauhati,Chaygaon,Sualkuchi,26.0771,91.7363,1950000.0,1850000.0,1325000.0,525000.0,2023-12-08,2024-01-21,2024-02-09,2024-09-06,,Ongoing,72.0,AGY-DRDA-04,District Rural Development Agency (DRDA),4,3,False,DEMO/SYNTHETIC DATA
MPL-2024-BI-001001,REC-2023-2524,MP-LS-17-13,Hon'ble Member of Parliament (Patna Sahib),"Senior Citizen Recreation Shed at Ranipur, Block Bakhtiarpur",Community Infrastructure,Senior Citizen Recreation Shed,Bihar,Patna,Patna Sahib,Bakhtiarpur,Ranipur,25.5147,85.1549,2470000.0,2370000.0,0.0,2370000.0,2023-07-19,2023-08-11,2023-08-31,2024-02-13,,Sanctioned,0.0,AGY-XYZ-99,XYZ Infrastructure & Construction Private Ltd,2,0,False,DEMO/SYNTHETIC DATA
MPL-2024-WE-001002,REC-2023-6977,MP-LS-17-58,Hon'ble Member of Parliament (Krishnanagar),"High-Mast Solar Lighting Chowk at Bethuadahari, Block Nabadwip",Solar & Renewable Energy,High-Mast Solar Lighting Chowk,West Bengal,Nadia,Krishnanagar,Nabadwip,Bethuadahari,23.3795,88.5687,1490000.0,1390000.0,1390000.0,0.0,2023-10-12,2023-12-09,2023-12-20,2024-06-23,2024-07-17,Completed,100.0,AGY-XYZ-99,XYZ Infrastructure & Construction Private Ltd,4,4,True,DEMO/SYNTHETIC DATA
MPL-2024-WE-001003,REC-2023-1506,MP-LS-17-22,Hon'ble Member of Parliament (Krishnanagar),"Village Waste Segregation Shed at Debagram, Block Chapra",Health & Sanitation,Village Waste Segregation Shed,West Bengal,Nadia,Krishnanagar,Chapra,Debagram,23.4184,88.4213,1240000.0,1090000.0,659000.0,431000.0,2023-12-19,2024-01-14,2024-01-30,2024-09-14,,Ongoing,63.0,AGY-DRDA-04,District Rural Development Agency (DRDA),3,1,False,DEMO/SYNTHETIC DATA
MPL-2024-WE-001004,REC-2023-4153,MP-LS-17-22,Hon'ble Member of Parliament (Krishnanagar),"Additional Classroom Building at Bethuadahari, Block Chapra",Education & Classrooms,Additional Classroom Building,West Bengal,Nadia,Krishnanagar,Chapra,Bethuadahari,23.3789,88.5795,2070000.0,1970000.0,1970000.0,0.0,2023-10-08,2023-11-16,2023-11-29,2024-07-19,2024-07-16,Completed,100.0,AGY-WSS-05,Public Health Engineering & Water Supply Dept,4,3,True,DEMO/SYNTHETIC DATA
MPL-2024-RA-001005,REC-2023-9927,MP-LS-17-97,Hon'ble Member of Parliament (Jaipur Rural),"CC Road Construction at Nayla, Block Sanganer",Rural Roads & Bridges,CC Road Construction,Rajasthan,Jaipur,Jaipur Rural,Sanganer,Nayla,26.9551,75.7653,2310000.0,2210000.0,2210000.0,0.0,2023-10-09,2023-11-10,2023-11-21,2024-08-05,2024-08-05,Completed,100.0,AGY-XYZ-99,XYZ Infrastructure & Construction Private Ltd,5,4,True,DEMO/SYNTHETIC DATA
MPL-2024-WE-001006,REC-2023-3064,MP-LS-17-31,Hon'ble Member of Parliament (Krishnanagar),"Village Waste Segregation Shed at Mayapur, Block Nabadwip",Health & Sanitation,Village Waste Segregation Shed,West Bengal,Nadia,Krishnanagar,Nabadwip,Mayapur,23.3379,88.4287,1380000.0,1330000.0,1330000.0,0.0,2023-10-27,2023-11-24,2023-12-20,2024-07-22,2024-07-12,Completed,100.0,AGY-DRDA-04,District Rural Development Agency (DRDA),4,4,True,DEMO/SYNTHETIC DATA
MPL-2024-KA-001007,REC-2023-8443,MP-LS-17-19,Hon'ble Member of Parliament (Bangalore North),"Primary Health Sub-Centre Building at Mandur, Block Bengaluru North",Health & Sanitation,Primary Health Sub-Centre Building,Karnataka,Bengaluru Urban,Bangalore North,Bengaluru North,Mandur,12.9779,77.6569,1590000.0,1540000.0,1540000.0,0.0,2023-11-06,2023-12-05,2023-12-18,2024-07-24,2024-08-28,Completed,100.0,AGY-RWD-02,Rural Works Department (RWD) Engineering Wing,5,4,True,DEMO/SYNTHETIC DATA
MPL-2024-AS-001008,REC-2023-3090,MP-LS-17-68,Hon'ble Member of Parliament (Gauhati),"Crematorium Shed with Amenities at Dadara, Block Bezera",Community Infrastructure,Crematorium Shed with Amenities,Assam,Kamrup,Gauhati,Bezera,Dadara,26.1318,91.6814,3310000.0,3210000.0,3210000.0,0.0,2023-12-28,2024-02-07,2024-02-29,2024-08-28,2024-08-18,Completed,100.0,AGY-RWD-02,Rural Works Department (RWD) Engineering Wing,4,4,True,DEMO/SYNTHETIC DATA
MPL-2024-UT-001009,REC-2023-9989,MP-LS-17-76,Hon'ble Member of Parliament (Varanasi),"Additional Classroom Building at Tikari, Block Pindra",Education & Classrooms,Additional Classroom Building,Uttar Pradesh,Varanasi,Varanasi,Pindra,Tikari,25.3393,82.9717,1230000.0,1080000.0,1080000.0,0.0,2023-12-16,2024-02-02,2024-02-16,2024-07-10,2024-07-01,Completed,100.0,AGY-WSS-05,Public Health Engineering & Water Supply Dept,4,4,True,DEMO/SYNTHETIC DATA
MPL-2024-MA-001010,REC-2023-7751,MP-LS-17-31,Hon'ble Member of Parliament (Thane),"Piped Water Overhead Tank at Tokawade, Block Shahapur",Drinking Water,Piped Water Overhead Tank,Maharashtra,Thane,Thane,Shahapur,Tokawade,19.1943,72.9516,2010000.0,1860000.0,1860000.0,0.0,2023-08-13,2023-10-04,2023-10-22,2024-04-17,2024-04-04,Completed,100.0,AGY-ZP-03,Zila Parishad Rural Infrastructure Cell,5,3,True,DEMO/SYNTHETIC DATA
MPL-2024-WE-001011,REC-2023-7383,MP-LS-17-76,Hon'ble Member of Parliament (Krishnanagar),"Solar Street Light Grid (50 poles) at Dhubulia, Block Nabadwip",Solar & Renewable Energy,Solar Street Light Grid (50 poles),West Bengal,Nadia,Krishnanagar,Nabadwip,Dhubulia,23.341,88.4487,1070000.0,1070000.0,798000.0,272000.0,2023-10-13,2023-11-06,2023-11-20,2024-04-14,,Ongoing,76.0,AGY-ZP-03,Zila Parishad Rural Infrastructure Cell,2,3,False,DEMO/SYNTHETIC DATA
MPL-2024-BI-001012,REC-2023-2240,MP-LS-17-86,Hon'ble Member of Parliament (Patna Sahib),"Piped Water Overhead Tank at Baikatpur, Block Bakhtiarpur",Drinking Water,Piped Water Overhead Tank,Bihar,Patna,Patna Sahib,Bakhtiarpur,Baikatpur,25.5957,85.1533,2510000.0,2460000.0,1360000.0,1100000.0,2023-07-06,2023-09-01,2023-09-21,2024-05-02,,Ongoing,54.0,AGY-XYZ-99,XYZ Infrastructure & Construction Private Ltd,3,3,False,DEMO/SYNTHETIC DATA
MPL-2024-UT-001013,REC-2023-3382,MP-LS-17-23,Hon'ble Member of Parliament (Varanasi),"Additional Classroom Building at Babatpur, Block Cholapur",Education & Classrooms,Additional Classroom Building,Uttar Pradesh,Varanasi,Varanasi,Cholapur,Babatpur,25.2449,83.0162,2480000.0,2480000.0,1537000.0,943000.0,2023-12-17,2024-02-07,2024-02-19,2024-06-30,,Ongoing,61.0,AGY-ZP-03,Zila Parishad Rural Infrastructure Cell,2,2,False,DEMO/SYNTHETIC DATA
MPL-2024-UT-001014,REC-2023-2454,MP-LS-17-93,Hon'ble Member of Parliament (Varanasi),"Primary Health Sub-Centre Building at Shivpur, Block Arajiline",Health & Sanitation,Primary Health Sub-Centre Building,Uttar Pradesh,Varanasi,Varanasi,Arajiline,Shivpur,25.2671,82.9588,2310000.0,2310000.0,1672000.0,638000.0,2023-04-10,2023-06-01,2023-06-11,2024-01-22,,Ongoing,72.0,AGY-XYZ-99,XYZ Infrastructure & Construction Private Ltd,4,1,False,DEMO/SYNTHETIC DATA
MPL-2024-BI-001015,REC-2023-4723,MP-LS-17-66,Hon'ble Member of Parliament (Patna Sahib),"Hand Pump Installation Cluster at Ranipur, Block Danapur",Drinking Water,Hand Pump Installation Cluster,Bihar,Patna,Patna Sahib,Danapur,Ranipur,25.5666,85.1182,1710000.0,1560000.0,1560000.0,0.0,2023-09-27,2023-11-02,2023-11-12,2024-03-14,2024-04-05,Completed,100.0,AGY-PWD-01,Public Works Department (PWD) Division I,5,4,True,DEMO/SYNTHETIC DATA
MPL-2024-BI-001016,REC-2023-5594,MP-LS-17-34,Hon'ble Member of Parliament (Patna Sahib),"Rooftop Solar for Govt Hospital at Sabbalpur, Block Phulwari Sharif",Solar & Renewable Energy,Rooftop Solar for Govt Hospital,Bihar,Patna,Patna Sahib,Phulwari Sharif,Sabbalpur,25.6077,85.1598,1880000.0,1780000.0,1780000.0,0.0,2023-03-16,2023-04-13,2023-04-26,2024-01-01,2024-02-05,Completed,100.0,AGY-WSS-05,Public Health Engineering & Water Supply Dept,5,2,True,DEMO/SYNTHETIC DATA
MPL-2024-KE-001017,REC-2023-2294,MP-LS-17-51,Hon'ble Member of Parliament (Ernakulam),"Rooftop Solar for Govt Hospital at Edappally, Block Aluva",Solar & Renewable Energy,Rooftop Solar for Govt Hospital,Kerala,Ernakulam,Ernakulam,Aluva,Edappally,9.9641,76.2333,800000.0,750000.0,750000.0,0.0,2023-08-23,2023-09-22,2023-10-03,2024-02-13,2024-01-31,Completed,100.0,AGY-WSS-05,Public Health Engineering & Water Supply Dept,5,4,True,DEMO/SYNTHETIC DATA
MPL-2024-KA-001018,REC-2023-4731,MP-LS-17-79,Hon'ble Member of Parliament (Bangalore North),"Village Waste Segregation Shed at Hesaraghatta, Block Yelahanka",Health & Sanitation,Village Waste Segregation Shed,Karnataka,Bengaluru Urban,Bangalore North,Yelahanka,Hesaraghatta,13.0001,77.5798,1300000.0,1250000.0,942000.0,308000.0,2023-12-23,2024-01-12,2024-01-22,2024-09-24,,Ongoing,74.0,AGY-DRDA-04,District Rural Development Agency (DRDA),2,3,False,DEMO/SYNTHETIC DATA
MPL-2024-KE-001019,REC-2023-5248,MP-LS-17-42,Hon'ble Member of Parliament (Ernakulam),"School Science Laboratory at Edappally, Block Vyttila",Education & Classrooms,School Science Laboratory,Kerala,Ernakulam,Ernakulam,Vyttila,Edappally,9.9054,76.2936,2650000.0,2500000.0,1130000.0,1370000.0,2023-08-21,2023-10-05,2023-10-27,2024-07-09,,Ongoing,46.0,AGY-XYZ-99,XYZ Infrastructure & Construction Private Ltd,3,1,False,DEMO/SYNTHETIC DATA
MPL-2024-AS-001020,REC-2023-9653,MP-LS-17-33,Hon'ble Member of Parliament (Gauhati),"Senior Citizen Recreation Shed at Puthimari, Block Hajo",Community Infrastructure,Senior Citizen Recreation Shed,Assam,Kamrup,Gauhati,Hajo,Puthimari,26.1369,91.7179,1910000.0,1810000.0,444000.0,1366000.0,2023-04-20,2023-06-05,2023-06-27,2023-12-31,,Ongoing,23.0,AGY-WSS-05,Public Health Engineering & Water Supply Dept,4,2,False,DEMO/SYNTHETIC DATA
MPL-2024-AS-001021,REC-2023-1651,MP-LS-17-92,Hon'ble Member of Parliament (Gauhati),"Health Diagnostic Equipment at Boko, Block Chaygaon",Health & Sanitation,Health Diagnostic Equipment,Assam,Kamrup,Gauhati,Chaygaon,Boko,26.1727,91.8095,2730000.0,2580000.0,1029000.0,1551000.0,2023-10-05,2023-11-18,2023-11-28,2024-08-17,,Ongoing,38.0,AGY-WSS-05,Public Health Engineering & Water Supply Dept,4,1,False,DEMO/SYNTHETIC DATA
MPL-2024-RA-001022,REC-2023-2063,MP-LS-17-28,Hon'ble Member of Parliament (Jaipur Rural),"Smart Digital Library Block at Bagru, Block Sanganer",Education & Classrooms,Smart Digital Library Block,Rajasthan,Jaipur,Jaipur Rural,Sanganer,Bagru,26.9636,75.8021,1350000.0,1300000.0,879000.0,421000.0,2023-03-21,2023-04-19,2023-05-10,2023-09-20,,Ongoing,69.0,AGY-WSS-05,Public Health Engineering & Water Supply Dept,3,3,False,DEMO/SYNTHETIC DATA
MPL-2024-WE-001023,REC-2023-7620,MP-LS-17-33,Hon'ble Member of Parliament (Krishnanagar),"Primary Health Sub-Centre Building at Mayapur, Block Chapra",Health & Sanitation,Primary Health Sub-Centre Building,West Bengal,Nadia,Krishnanagar,Chapra,Mayapur,23.4735,88.564,1070000.0,970000.0,872000.0,98000.0,2023-12-27,2024-01-20,2024-02-07,2024-11-06,,Ongoing,82.0,AGY-RWD-02,Rural Works Department (RWD) Engineering Wing,2,2,False,DEMO/SYNTHETIC DATA
MPL-2024-UT-001024,REC-2023-7655,MP-LS-17-11,Hon'ble Member of Parliament (Varanasi),"RO Water Treatment Plant at Shivpur, Block Pindra",Drinking Water,RO Water Treatment Plant,Uttar Pradesh,Varanasi,Varanasi,Pindra,Shivpur,25.3008,83.0036,830000.0,730000.0,730000.0,0.0,2023-02-24,2023-04-15,2023-05-01,2023-11-20,2023-12-14,Completed,100.0,AGY-XYZ-99,XYZ Infrastructure & Construction Private Ltd,5,4,True,DEMO/SYNTHETIC DATA
MPL-2024-BI-001025,REC-2023-7010,MP-LS-17-77,Hon'ble Member of Parliament (Patna Sahib),"Piped Water Overhead Tank at Gauri Chak, Block Sampatchak",Drinking Water,Piped Water Overhead Tank,Bihar,Patna,Patna Sahib,Sampatchak,Gauri Chak,25.5772,85.2134,2050000.0,2050000.0,1270000.0,780000.0,2023-06-21,2023-07-20,2023-08-03,2023-12-08,,Ongoing,59.0,AGY-XYZ-99,XYZ Infrastructure & Construction Private Ltd,3,2,False,DEMO/SYNTHETIC DATA
MPL-2024-KA-001026,REC-2023-5171,MP-LS-17-84,Hon'ble Member of Parliament (Bangalore North),"Primary Health Sub-Centre Building at Hesaraghatta, Block K.R. Puram",Health & Sanitation,Primary Health Sub-Centre Building,Karnataka,Bengaluru Urban,Bangalore North,K.R. Puram,Hesaraghatta,12.9121,77.5153,1590000.0,1490000.0,1490000.0,0.0,2023-12-01,2024-01-20,2024-02-02,2024-09-15,2024-10-25,Completed,100.0,AGY-PWD-01,Public Works Department (PWD) Division I,5,2,True,DEMO/SYNTHETIC DATA
MPL-2024-MA-001027,REC-2023-8702,MP-LS-17-95,Hon'ble Member of Parliament (Thane),"School Science Laboratory at Saralgaon, Block Kalyan",Education & Classrooms,School Science Laboratory,Maharashtra,Thane,Thane,Kalyan,Saralgaon,19.2832,73.0386,3390000.0,3240000.0,3240000.0,0.0,2023-04-12,2023-05-06,2023-05-28,2023-10-30,2023-11-28,Completed,100.0,AGY-WSS-05,Public Health Engineering & Water Supply Dept,5,3,True,DEMO/SYNTHETIC DATA
MPL-2024-MA-001028,REC-2023-8037,MP-LS-17-37,Hon'ble Member of Parliament (Thane),"Primary Health Sub-Centre Building at Vashind, Block Ambernath",Health & Sanitation,Primary Health Sub-Centre Building,Maharashtra,Thane,Thane,Ambernath,Vashind,19.1961,72.9933,950000.0,900000.0,731000.0,169000.0,2023-09-17,2023-11-09,2023-11-23,2024-09-01,,Ongoing,82.0,AGY-XYZ-99,XYZ Infrastructure & Construction Private Ltd,4,3,False,DEMO/SYNTHETIC DATA
MPL-2024-UT-001029,REC-2023-6983,MP-LS-17-46,Hon'ble Member of Parliament (Varanasi),"Paver Block Road at Babatpur, Block Arajiline",Rural Roads & Bridges,Paver Block Road,Uttar Pradesh,Varanasi,Varanasi,Arajiline,Babatpur,25.3305,82.8988,3380000.0,3230000.0,3230000.0,0.0,2023-11-20,2023-12-23,2024-01-10,2024-09-11,2024-09-26,Completed,100.0,AGY-ZP-03,Zila Parishad Rural Infrastructure Cell,4,2,True,DEMO/SYNTHETIC DATA
MPL-2024-KE-001030,REC-2023-6214,MP-LS-17-64,Hon'ble Member of Parliament (Ernakulam),"Crematorium Shed with Amenities at Edappally, Block Vyttila",Community Infrastructure,Crematorium Shed with Amenities,Kerala,Ernakulam,Ernakulam,Vyttila,Edappally,10.0106,76.3453,2190000.0,2040000.0,2040000.0,0.0,2023-07-01,2023-07-24,2023-08-21,2024-03-16,2024-03-09,Completed,100.0,AGY-PWD-01,Public Works Department (PWD) Division I,5,2,True,DEMO/SYNTHETIC DATA
MPL-2024-BI-001031,REC-2023-4148,MP-LS-17-51,Hon'ble Member of Parliament (Patna Sahib),"CC Road Construction at Gauri Chak, Block Fatuha",Rural Roads & Bridges,CC Road Construction,Bihar,Patna,Patna Sahib,Fatuha,Gauri Chak,25.6452,85.1311,2230000.0,2230000.0,614000.0,1616000.0,2023-11-05,2023-12-11,2023-12-31,2024-06-16,,Ongoing,27.0,AGY-ZP-03,Zila Parishad Rural Infrastructure Cell,3,1,False,DEMO/SYNTHETIC DATA
MPL-2024-KE-001032,REC-2023-4224,MP-LS-17-31,Hon'ble Member of Parliament (Ernakulam),"Paver Block Road at Edappally, Block Paravur",Rural Roads & Bridges,Paver Block Road,Kerala,Ernakulam,Ernakulam,Paravur,Edappally,9.927,76.2521,1730000.0,1680000.0,774000.0,906000.0,2023-10-27,2023-12-03,2023-12-15,2024-09-01,,Ongoing,51.0,AGY-DRDA-04,District Rural Development Agency (DRDA),3,2,False,DEMO/SYNTHETIC DATA
MPL-2024-RA-001033,REC-2023-6533,MP-LS-17-77,Hon'ble Member of Parliament (Jaipur Rural),"Community Public Toilet Complex at Achrol, Block Sanganer",Health & Sanitation,Community Public Toilet Complex,Rajasthan,Jaipur,Jaipur Rural,Sanganer,Achrol,26.9177,75.7757,1740000.0,1690000.0,786000.0,904000.0,2023-05-18,2023-06-08,2023-07-01,2024-04-19,,Ongoing,44.0,AGY-PWD-01,Public Works Department (PWD) Division I,3,3,False,DEMO/SYNTHETIC DATA
MPL-2024-WE-001034,REC-2023-5318,MP-LS-17-70,Hon'ble Member of Parliament (Krishnanagar),"Village Waste Segregation Shed at Tehatta, Block Krishnanagar-I",Health & Sanitation,Village Waste Segregation Shed,West Bengal,Nadia,Krishnanagar,Krishnanagar-I,Tehatta,23.3692,88.5249,2030000.0,1980000.0,1980000.0,0.0,2023-08-01,2023-09-02,2023-09-20,2024-04-28,2024-05-07,Completed,100.0,AGY-PWD-01,Public Works Department (PWD) Division I,4,3,True,DEMO/SYNTHETIC DATA
MPL-2024-WE-001035,REC-2023-9198,MP-LS-17-63,Hon'ble Member of Parliament (Krishnanagar),"Health Diagnostic Equipment at Dhubulia, Block Chapra",Health & Sanitation,Health Diagnostic Equipment,West Bengal,Nadia,Krishnanagar,Chapra,Dhubulia,23.438,88.5228,810000.0,760000.0,760000.0,0.0,2023-05-09,2023-06-15,2023-06-30,2024-02-06,2024-02-08,Completed,100.0,AGY-ZP-03,Zila Parishad Rural Infrastructure Cell,5,3,True,DEMO/SYNTHETIC DATA
MPL-2024-AS-001036,REC-2023-2010,MP-LS-17-43,Hon'ble Member of Parliament (Gauhati),"Smart Digital Library Block at Sualkuchi, Block Hajo",Education & Classrooms,Smart Digital Library Block,Assam,Kamrup,Gauhati,Hajo,Sualkuchi,26.114,91.7998,1100000.0,1000000.0,1000000.0,0.0,2023-09-25,2023-10-22,2023-11-08,2024-08-11,2024-08-30,Completed,100.0,AGY-WSS-05,Public Health Engineering & Water Supply Dept,5,4,True,DEMO/SYNTHETIC DATA
MPL-2024-WE-001037,REC-2023-3700,MP-LS-17-71,Hon'ble Member of Parliament (Krishnanagar),"Piped Water Overhead Tank at Tehatta, Block Krishnanagar-I",Drinking Water,Piped Water Overhead Tank,West Bengal,Nadia,Krishnanagar,Krishnanagar-I,Tehatta,23.4253,88.4833,1480000.0,1380000.0,1380000.0,0.0,2023-03-08,2023-04-19,2023-05-08,2024-02-05,2024-02-08,Completed,100.0,AGY-ZP-03,Zila Parishad Rural Infrastructure Cell,5,4,True,DEMO/SYNTHETIC DATA
MPL-2024-RA-001038,REC-2023-2312,MP-LS-17-91,Hon'ble Member of Parliament (Jaipur Rural),"Smart Digital Library Block at Bassi, Block Chaksu",Education & Classrooms,Smart Digital Library Block,Rajasthan,Jaipur,Jaipur Rural,Chaksu,Bassi,26.9619,75.8525,3150000.0,3000000.0,1038000.0,1962000.0,2023-01-16,2023-03-04,2023-03-19,2023-10-29,,Ongoing,34.0,AGY-DRDA-04,District Rural Development Agency (DRDA),4,2,False,DEMO/SYNTHETIC DATA
MPL-2024-BI-001039,REC-2023-1764,MP-LS-17-84,Hon'ble Member of Parliament (Patna Sahib),"Village Waste Segregation Shed at Baikatpur, Block Phulwari Sharif",Health & Sanitation,Village Waste Segregation Shed,Bihar,Patna,Patna Sahib,Phulwari Sharif,Baikatpur,25.6121,85.082,1280000.0,1230000.0,394000.0,836000.0,2023-02-10,2023-03-18,2023-04-03,2023-09-19,,Ongoing,32.0,AGY-ZP-03,Zila Parishad Rural Infrastructure Cell,3,1,False,DEMO/SYNTHETIC DATA
MPL-2024-UT-001040,REC-2023-2342,MP-LS-17-74,Hon'ble Member of Parliament (Varanasi),"Senior Citizen Recreation Shed at Harahua, Block Cholapur",Community Infrastructure,Senior Citizen Recreation Shed,Uttar Pradesh,Varanasi,Varanasi,Cholapur,Harahua,25.321,83.0281,1760000.0,1760000.0,1550000.0,210000.0,2023-09-06,2023-10-07,2023-10-29,2024-06-20,,Ongoing,85.0,AGY-XYZ-99,XYZ Infrastructure & Construction Private Ltd,2,2,False,DEMO/SYNTHETIC DATA
MPL-2024-KA-001041,REC-2023-1272,MP-LS-17-57,Hon'ble Member of Parliament (Bangalore North),"Rooftop Solar for Govt Hospital at Attibele, Block Bengaluru North",Solar & Renewable Energy,Rooftop Solar for Govt Hospital,Karnataka,Bengaluru Urban,Bangalore North,Bengaluru North,Attibele,12.9765,77.6394,1570000.0,1420000.0,673000.0,747000.0,2023-07-14,2023-09-08,2023-10-05,2024-07-15,,Ongoing,49.0,AGY-ZP-03,Zila Parishad Rural Infrastructure Cell,3,1,False,DEMO/SYNTHETIC DATA
MPL-2024-KA-001042,REC-2023-5931,MP-LS-17-50,Hon'ble Member of Parliament (Bangalore North),"Community Public Toilet Complex at Attibele, Block Yelahanka",Health & Sanitation,Community Public Toilet Complex,Karnataka,Bengaluru Urban,Bangalore North,Yelahanka,Attibele,12.9682,77.5582,1640000.0,1590000.0,419000.0,1171000.0,2023-07-27,2023-08-19,2023-08-29,2024-04-15,,Ongoing,26.0,AGY-ZP-03,Zila Parishad Rural Infrastructure Cell,3,1,False,DEMO/SYNTHETIC DATA
MPL-2024-MA-001043,REC-2023-4952,MP-LS-17-22,Hon'ble Member of Parliament (Thane),"Village Waste Segregation Shed at Padgha, Block Bhiwandi",Health & Sanitation,Village Waste Segregation Shed,Maharashtra,Thane,Thane,Bhiwandi,Padgha,19.2882,73.0233,1100000.0,1050000.0,1050000.0,0.0,2023-12-11,2024-01-21,2024-02-14,2024-11-02,2024-11-12,Completed,100.0,AGY-RWD-02,Rural Works Department (RWD) Engineering Wing,5,2,True,DEMO/SYNTHETIC DATA
MPL-2024-BI-001044,REC-2023-3486,MP-LS-17-80,Hon'ble Member of Parliament (Patna Sahib),"Senior Citizen Recreation Shed at Sabbalpur, Block Bakhtiarpur",Community Infrastructure,Senior Citizen Recreation Shed,Bihar,Patna,Patna Sahib,Bakhtiarpur,Sabbalpur,25.6717,85.198,2160000.0,2010000.0,1220000.0,790000.0,2023-08-05,2023-09-12,2023-09-23,2024-07-13,,Ongoing,61.0,AGY-ZP-03,Zila Parishad Rural Infrastructure Cell,2,2,False,DEMO/SYNTHETIC DATA
MPL-2024-RA-001045,REC-2023-6205,MP-LS-17-95,Hon'ble Member of Parliament (Jaipur Rural),"Health Diagnostic Equipment at Manoharpur, Block Chaksu",Health & Sanitation,Health Diagnostic Equipment,Rajasthan,Jaipur,Jaipur Rural,Chaksu,Manoharpur,26.9698,75.7219,830000.0,730000.0,730000.0,0.0,2023-08-10,2023-09-24,2023-10-04,2024-03-23,2024-04-23,Completed,100.0,AGY-XYZ-99,XYZ Infrastructure & Construction Private Ltd,4,3,True,DEMO/SYNTHETIC DATA
MPL-2024-RA-001046,REC-2023-9033,MP-LS-17-50,Hon'ble Member of Parliament (Jaipur Rural),"Smart Digital Library Block at Bagru, Block Sanganer",Education & Classrooms,Smart Digital Library Block,Rajasthan,Jaipur,Jaipur Rural,Sanganer,Bagru,26.8384,75.7985,2180000.0,2030000.0,2030000.0,0.0,2023-03-13,2023-05-04,2023-05-23,2023-12-15,2024-01-07,Completed,100.0,AGY-ZP-03,Zila Parishad Rural Infrastructure Cell,5,3,True,DEMO/SYNTHETIC DATA
MPL-2024-MA-001047,REC-2023-3831,MP-LS-17-29,Hon'ble Member of Parliament (Thane),"Primary Health Sub-Centre Building at Padgha, Block Shahapur",Health & Sanitation,Primary Health Sub-Centre Building,Maharashtra,Thane,Thane,Shahapur,Padgha,19.2808,73.053,960000.0,810000.0,268000.0,542000.0,2023-06-15,2023-08-07,2023-09-01,2024-04-25,,Ongoing,32.0,AGY-RWD-02,Rural Works Department (RWD) Engineering Wing,4,2,False,DEMO/SYNTHETIC DATA
MPL-2024-UT-001048,REC-2023-4699,MP-LS-17-93,Hon'ble Member of Parliament (Varanasi),"Village Waste Segregation Shed at Rampur, Block Kashi Vidyapeeth",Health & Sanitation,Village Waste Segregation Shed,Uttar Pradesh,Varanasi,Varanasi,Kashi Vidyapeeth,Rampur,25.3667,82.9427,2490000.0,2340000.0,498000.0,1842000.0,2023-04-12,2023-05-24,2023-06-16,2023-12-10,,Ongoing,23.0,AGY-XYZ-99,XYZ Infrastructure & Construction Private Ltd,3,3,False,DEMO/SYNTHETIC DATA
MPL-2024-KE-001049,REC-2023-7057,MP-LS-17-41,Hon'ble Member of Parliament (Ernakulam),"Village Waste Segregation Shed at Cherai, Block Paravur",Health & Sanitation,Village Waste Segregation Shed,Kerala,Ernakulam,Ernakulam,Paravur,Cherai,10.018,76.2251,2790000.0,2790000.0,1393000.0,1397000.0,2023-01-12,2023-02-22,2023-03-10,2023-12-19,,Ongoing,50.0,AGY-DRDA-04,District Rural Development Agency (DRDA),4,1,False,DEMO/SYNTHETIC DATA
MPL-2024-KA-001050,REC-2023-1793,MP-LS-17-42,Hon'ble Member of Parliament (Bangalore North),"Primary Health Sub-Centre Building at Hesaraghatta, Block Yelahanka",Health & Sanitation,Primary Health Sub-Centre Building,Karnataka,Bengaluru Urban,Bangalore North,Yelahanka,Hesaraghatta,13.0028,77.5774,1990000.0,1840000.0,1078000.0,762000.0,2023-09-17,2023-10-29,2023-11-08,2024-06-10,,Ongoing,63.0,AGY-WSS-05,Public Health Engineering & Water Supply Dept,4,2,False,DEMO/SYNTHETIC DATA
MPL-2024-MA-001051,REC-2023-7793,MP-LS-17-28,Hon'ble Member of Parliament (Thane),"Piped Water Overhead Tank at Khadavali, Block Murbad",Drinking Water,Piped Water Overhead Tank,Maharashtra,Thane,Thane,Murbad,Khadavali,19.1878,73.0162,1030000.0,930000.0,440000.0,490000.0,2023-10-12,2023-11-03,2023-12-03,2024-07-24,,Ongoing,46.0,AGY-RWD-02,Rural Works Department (RWD) Engineering Wing,3,2,False,DEMO/SYNTHETIC DATA
MPL-2024-KA-001052,REC-2023-3164,MP-LS-17-84,Hon'ble Member of Parliament (Bangalore North),"Public Bus Passenger Shelter at Hesaraghatta, Block Bengaluru North",Community Infrastructure,Public Bus Passenger Shelter,Karnataka,Bengaluru Urban,Bangalore North,Bengaluru North,Hesaraghatta,12.9506,77.5693,1620000.0,1520000.0,500000.0,1020000.0,2023-05-11,2023-06-20,2023-07-20,2024-04-21,,Ongoing,34.0,AGY-ZP-03,Zila Parishad Rural Infrastructure Cell,2,2,False,DEMO/SYNTHETIC DATA
MPL-2024-RA-001053,REC-2023-8492,MP-LS-17-66,Hon'ble Member of Parliament (Jaipur Rural),"Community Public Toilet Complex at Bassi, Block Sanganer",Health & Sanitation,Community Public Toilet Complex,Rajasthan,Jaipur,Jaipur Rural,Sanganer,Bassi,26.936,75.7553,2180000.0,2080000.0,2080000.0,0.0,2023-03-21,2023-04-11,2023-05-03,2024-01-27,2024-02-28,Completed,100.0,AGY-PWD-01,Public Works Department (PWD) Division I,4,3,True,DEMO/SYNTHETIC DATA
MPL-2024-UT-001054,REC-2023-7429,MP-LS-17-63,Hon'ble Member of Parliament (Varanasi),"Rooftop Solar for Govt Hospital at Babatpur, Block Cholapur",Solar & Renewable Energy,Rooftop Solar for Govt Hospital,Uttar Pradesh,Varanasi,Varanasi,Cholapur,Babatpur,25.3374,83.0237,1370000.0,1370000.0,467000.0,903000.0,2023-06-16,2023-08-15,2023-09-07,2024-06-23,,Ongoing,34.0,AGY-DRDA-04,District Rural Development Agency (DRDA),4,1,False,DEMO/SYNTHETIC DATA
MPL-2024-RA-001055,REC-2023-9780,MP-LS-17-92,Hon'ble Member of Parliament (Jaipur Rural),"CC Road Construction at Bagru, Block Shahpura",Rural Roads & Bridges,CC Road Construction,Rajasthan,Jaipur,Jaipur Rural,Shahpura,Bagru,26.9254,75.7862,1710000.0,1660000.0,1204000.0,456000.0,2023-12-16,2024-02-08,2024-02-18,2024-12-02,,Ongoing,79.0,AGY-WSS-05,Public Health Engineering & Water Supply Dept,2,1,False,DEMO/SYNTHETIC DATA
MPL-2024-WE-001056,REC-2023-6899,MP-LS-17-25,Hon'ble Member of Parliament (Krishnanagar),"Solar Street Light Grid (50 poles) at Tehatta, Block Chapra",Solar & Renewable Energy,Solar Street Light Grid (50 poles),West Bengal,Nadia,Krishnanagar,Chapra,Tehatta,23.3725,88.5728,1680000.0,1630000.0,0.0,1630000.0,2023-11-16,2023-12-07,2024-01-03,2024-08-23,,Sanctioned,0.0,AGY-XYZ-99,XYZ Infrastructure & Construction Private Ltd,2,0,False,DEMO/SYNTHETIC DATA
MPL-2024-MA-001057,REC-2023-5978,MP-LS-17-35,Hon'ble Member of Parliament (Thane),"Culvert & Drainage Bridge at Titwala, Block Ambernath",Rural Roads & Bridges,Culvert & Drainage Bridge,Maharashtra,Thane,Thane,Ambernath,Titwala,19.1639,72.9177,2070000.0,2020000.0,2020000.0,0.0,2023-04-20,2023-06-02,2023-06-17,2024-02-27,2024-02-24,Completed,100.0,AGY-DRDA-04,District Rural Development Agency (DRDA),4,4,True,DEMO/SYNTHETIC DATA
MPL-2024-BI-001058,REC-2023-3724,MP-LS-17-48,Hon'ble Member of Parliament (Patna Sahib),"Additional Classroom Building at Baikatpur, Block Bakhtiarpur",Education & Classrooms,Additional Classroom Building,Bihar,Patna,Patna Sahib,Bakhtiarpur,Baikatpur,25.6577,85.0846,3300000.0,3250000.0,2059000.0,1191000.0,2023-09-20,2023-11-03,2023-11-30,2024-05-03,,Ongoing,61.0,AGY-WSS-05,Public Health Engineering & Water Supply Dept,3,1,False,DEMO/SYNTHETIC DATA
MPL-2024-UT-001059,REC-2023-6519,MP-LS-17-79,Hon'ble Member of Parliament (Varanasi),"Senior Citizen Recreation Shed at Babatpur, Block Arajiline",Community Infrastructure,Senior Citizen Recreation Shed,Uttar Pradesh,Varanasi,Varanasi,Arajiline,Babatpur,25.3839,83.035,1580000.0,1580000.0,1580000.0,0.0,2023-08-21,2023-10-17,2023-11-03,2024-05-22,2024-05-24,Completed,100.0,AGY-RWD-02,Rural Works Department (RWD) Engineering Wing,5,3,True,DEMO/SYNTHETIC DATA
MPL-2024-UT-001060,REC-2023-8691,MP-LS-17-18,Hon'ble Member of Parliament (Varanasi),"Village Waste Segregation Shed at Harahua, Block Pindra",Health & Sanitation,Village Waste Segregation Shed,Uttar Pradesh,Varanasi,Varanasi,Pindra,Harahua,25.2837,83.0532,2110000.0,1960000.0,1960000.0,0.0,2023-10-13,2023-11-06,2023-11-30,2024-07-20,2024-07-10,Completed,100.0,AGY-WSS-05,Public Health Engineering & Water Supply Dept,5,3,True,DEMO/SYNTHETIC DATA
MPL-2024-KA-001061,REC-2023-3556,MP-LS-17-70,Hon'ble Member of Parliament (Bangalore North),"Senior Citizen Recreation Shed at Doddaballapur Rd, Block Anekal",Community Infrastructure,Senior Citizen Recreation Shed,Karnataka,Bengaluru Urban,Bangalore North,Anekal,Doddaballapur Rd,12.9289,77.5344,1490000.0,1440000.0,1440000.0,0.0,2023-04-10,2023-06-01,2023-06-12,2023-11-28,2024-01-01,Completed,100.0,AGY-ZP-03,Zila Parishad Rural Infrastructure Cell,5,4,True,DEMO/SYNTHETIC DATA
MPL-2024-UT-001062,REC-2023-5988,MP-LS-17-52,Hon'ble Member of Parliament (Varanasi),"RO Water Treatment Plant at Rampur, Block Pindra",Drinking Water,RO Water Treatment Plant,Uttar Pradesh,Varanasi,Varanasi,Pindra,Rampur,25.3776,82.9897,2310000.0,2210000.0,1373000.0,837000.0,2023-12-02,2023-12-24,2024-01-13,2024-08-08,,Ongoing,69.0,AGY-DRDA-04,District Rural Development Agency (DRDA),3,2,False,DEMO/SYNTHETIC DATA
MPL-2024-MA-001063,REC-2023-6287,MP-LS-17-27,Hon'ble Member of Parliament (Thane),"School Science Laboratory at Vashind, Block Kalyan",Education & Classrooms,School Science Laboratory,Maharashtra,Thane,Thane,Kalyan,Vashind,19.1509,72.9693,2970000.0,2920000.0,1919000.0,1001000.0,2023-05-09,2023-05-30,2023-06-29,2024-02-07,,Ongoing,63.0,AGY-ZP-03,Zila Parishad Rural Infrastructure Cell,4,3,False,DEMO/SYNTHETIC DATA
MPL-2024-RA-001064,REC-2023-9806,MP-LS-17-42,Hon'ble Member of Parliament (Jaipur Rural),"Deep Borewell & Solar Pump System at Nayla, Block Chaksu",Drinking Water,Deep Borewell & Solar Pump System,Rajasthan,Jaipur,Jaipur Rural,Chaksu,Nayla,26.8389,75.8364,1570000.0,1520000.0,1149000.0,371000.0,2023-08-27,2023-09-16,2023-10-06,2024-04-09,,Ongoing,79.0,AGY-DRDA-04,District Rural Development Agency (DRDA),4,3,False,DEMO/SYNTHETIC DATA
MPL-2024-KA-001065,REC-2023-4695,MP-LS-17-56,Hon'ble Member of Parliament (Bangalore North),"Piped Water Overhead Tank at Attibele, Block Yelahanka",Drinking Water,Piped Water Overhead Tank,Karnataka,Bengaluru Urban,Bangalore North,Yelahanka,Attibele,12.9014,77.6701,720000.0,670000.0,228000.0,442000.0,2023-10-27,2023-12-26,2024-01-13,2024-09-09,,Ongoing,37.0,AGY-WSS-05,Public Health Engineering & Water Supply Dept,4,2,False,DEMO/SYNTHETIC DATA
MPL-2024-MA-001066,REC-2023-5668,MP-LS-17-90,Hon'ble Member of Parliament (Thane),"School Boundary Wall & Sanitation at Tokawade, Block Kalyan",Education & Classrooms,School Boundary Wall & Sanitation,Maharashtra,Thane,Thane,Kalyan,Tokawade,19.2265,72.9274,1370000.0,1320000.0,1320000.0,0.0,2023-03-23,2023-05-20,2023-06-05,2024-01-30,2024-01-31,Completed,100.0,AGY-DRDA-04,District Rural Development Agency (DRDA),4,4,True,DEMO/SYNTHETIC DATA
MPL-2024-KA-001067,REC-2023-8176,MP-LS-17-89,Hon'ble Member of Parliament (Bangalore North),"Senior Citizen Recreation Shed at Attibele, Block K.R. Puram",Community Infrastructure,Senior Citizen Recreation Shed,Karnataka,Bengaluru Urban,Bangalore North,K.R. Puram,Attibele,13.0355,77.664,2540000.0,2540000.0,2540000.0,0.0,2023-02-14,2023-04-14,2023-04-24,2023-11-03,2023-11-20,Completed,100.0,AGY-RWD-02,Rural Works Department (RWD) Engineering Wing,5,3,True,DEMO/SYNTHETIC DATA
MPL-2024-UT-001068,REC-2023-9850,MP-LS-17-88,Hon'ble Member of Parliament (Varanasi),"RO Water Treatment Plant at Rampur, Block Cholapur",Drinking Water,RO Water Treatment Plant,Uttar Pradesh,Varanasi,Varanasi,Cholapur,Rampur,25.3426,82.9664,2140000.0,1990000.0,1022000.0,968000.0,2023-01-27,2023-03-25,2023-04-24,2023-09-14,,Ongoing,53.0,AGY-XYZ-99,XYZ Infrastructure & Construction Private Ltd,4,1,False,DEMO/SYNTHETIC DATA
MPL-2024-RA-001069,REC-2023-3198,MP-LS-17-32,Hon'ble Member of Parliament (Jaipur Rural),"Culvert & Drainage Bridge at Manoharpur, Block Amer",Rural Roads & Bridges,Culvert & Drainage Bridge,Rajasthan,Jaipur,Jaipur Rural,Amer,Manoharpur,26.9758,75.7645,2430000.0,2280000.0,2280000.0,0.0,2023-06-22,2023-08-17,2023-08-27,2024-05-12,2024-04-22,Completed,100.0,AGY-RWD-02,Rural Works Department (RWD) Engineering Wing,4,3,True,DEMO/SYNTHETIC DATA
MPL-2024-AS-001070,REC-2023-9469,MP-LS-17-66,Hon'ble Member of Parliament (Gauhati),"Health Diagnostic Equipment at Puthimari, Block Kamalpur",Health & Sanitation,Health Diagnostic Equipment,Assam,Kamrup,Gauhati,Kamalpur,Puthimari,26.0834,91.7421,2790000.0,2690000.0,1158000.0,1532000.0,2023-09-05,2023-10-19,2023-10-31,2024-03-31,,Ongoing,45.0,AGY-XYZ-99,XYZ Infrastructure & Construction Private Ltd,2,1,False,DEMO/SYNTHETIC DATA
MPL-2024-KA-001071,REC-2023-6905,MP-LS-17-41,Hon'ble Member of Parliament (Bangalore North),"CC Road Construction at Attibele, Block Bengaluru North",Rural Roads & Bridges,CC Road Construction,Karnataka,Bengaluru Urban,Bangalore North,Bengaluru North,Attibele,12.9194,77.6715,2250000.0,2100000.0,2100000.0,0.0,2023-09-12,2023-11-06,2023-11-16,2024-05-18,2024-06-07,Completed,100.0,AGY-PWD-01,Public Works Department (PWD) Division I,5,3,True,DEMO/SYNTHETIC DATA
MPL-2024-WE-001072,REC-2023-7762,MP-LS-17-23,Hon'ble Member of Parliament (Krishnanagar),"Crematorium Shed with Amenities at Bethuadahari, Block Chapra",Community Infrastructure,Crematorium Shed with Amenities,West Bengal,Nadia,Krishnanagar,Chapra,Bethuadahari,23.3941,88.5595,1430000.0,1380000.0,1380000.0,0.0,2023-03-19,2023-05-08,2023-05-22,2023-10-20,2023-10-08,Completed,100.0,AGY-XYZ-99,XYZ Infrastructure & Construction Private Ltd,5,3,True,DEMO/SYNTHETIC DATA
MPL-2024-AS-001073,REC-2023-3101,MP-LS-17-81,Hon'ble Member of Parliament (Gauhati),"Piped Water Overhead Tank at Dadara, Block Kamalpur",Drinking Water,Piped Water Overhead Tank,Assam,Kamrup,Gauhati,Kamalpur,Dadara,26.1739,91.7151,2110000.0,2060000.0,2060000.0,0.0,2023-03-13,2023-05-03,2023-05-31,2024-03-22,2024-04-14,Completed,100.0,AGY-RWD-02,Rural Works Department (RWD) Engineering Wing,4,4,True,DEMO/SYNTHETIC DATA
MPL-2024-UT-001074,REC-2023-6082,MP-LS-17-93,Hon'ble Member of Parliament (Varanasi),"Additional Classroom Building at Chhatar, Block Arajiline",Education & Classrooms,Additional Classroom Building,Uttar Pradesh,Varanasi,Varanasi,Arajiline,Chhatar,25.2824,82.9604,3500000.0,3400000.0,615000.0,2785000.0,2023-12-22,2024-01-21,2024-02-09,2024-09-18,,Ongoing,20.0,AGY-XYZ-99,XYZ Infrastructure & Construction Private Ltd,4,3,False,DEMO/SYNTHETIC DATA
MPL-2024-BI-001075,REC-2023-9003,MP-LS-17-51,Hon'ble Member of Parliament (Patna Sahib),"Link Road Widening at Gauri Chak, Block Sampatchak",Rural Roads & Bridges,Link Road Widening,Bihar,Patna,Patna Sahib,Sampatchak,Gauri Chak,25.53,85.1599,1750000.0,1700000.0,773000.0,927000.0,2023-03-27,2023-04-28,2023-05-28,2023-12-30,,Ongoing,47.0,AGY-XYZ-99,XYZ Infrastructure & Construction Private Ltd,3,2,False,DEMO/SYNTHETIC DATA
MPL-2024-KE-001076,REC-2023-3465,MP-LS-17-54,Hon'ble Member of Parliament (Ernakulam),"Link Road Widening at Edappally, Block Aluva",Rural Roads & Bridges,Link Road Widening,Kerala,Ernakulam,Ernakulam,Aluva,Edappally,9.9292,76.3035,2320000.0,2270000.0,2270000.0,0.0,2023-12-11,2024-01-18,2024-01-31,2024-07-22,2024-08-03,Completed,100.0,AGY-RWD-02,Rural Works Department (RWD) Engineering Wing,4,2,True,DEMO/SYNTHETIC DATA
MPL-2024-UT-001077,REC-2023-4181,MP-LS-17-30,Hon'ble Member of Parliament (Varanasi),"School Science Laboratory at Harahua, Block Cholapur",Education & Classrooms,School Science Laboratory,Uttar Pradesh,Varanasi,Varanasi,Cholapur,Harahua,25.3443,83.033,2460000.0,2310000.0,548000.0,1762000.0,2023-05-22,2023-07-01,2023-07-12,2024-04-07,,Ongoing,26.0,AGY-XYZ-99,XYZ Infrastructure & Construction Private Ltd,4,3,False,DEMO/SYNTHETIC DATA
MPL-2024-WE-001078,REC-2023-4868,MP-LS-17-94,Hon'ble Member of Parliament (Krishnanagar),"CC Road Construction at Tehatta, Block Nakashipara",Rural Roads & Bridges,CC Road Construction,West Bengal,Nadia,Krishnanagar,Nakashipara,Tehatta,23.4039,88.5395,4330000.0,4180000.0,0.0,4180000.0,2023-08-11,2023-09-25,2023-10-25,2024-03-13,,Sanctioned,0.0,AGY-XYZ-99,XYZ Infrastructure & Construction Private Ltd,2,0,False,DEMO/SYNTHETIC DATA
MPL-2024-MA-001079,REC-2023-1728,MP-LS-17-68,Hon'ble Member of Parliament (Thane),"Health Diagnostic Equipment at Khadavali, Block Murbad",Health & Sanitation,Health Diagnostic Equipment,Maharashtra,Thane,Thane,Murbad,Khadavali,19.2723,73.0283,910000.0,910000.0,910000.0,0.0,2023-10-18,2023-11-20,2023-12-08,2024-09-08,2024-10-15,Completed,100.0,AGY-XYZ-99,XYZ Infrastructure & Construction Private Ltd,4,2,True,DEMO/SYNTHETIC DATA
MPL-2024-WE-001080,REC-2023-8722,MP-LS-17-36,Hon'ble Member of Parliament (Krishnanagar),"Crematorium Shed with Amenities at Mayapur, Block Nabadwip",Community Infrastructure,Crematorium Shed with Amenities,West Bengal,Nadia,Krishnanagar,Nabadwip,Mayapur,23.3364,88.5222,1650000.0,1650000.0,718000.0,932000.0,2023-09-26,2023-10-26,2023-11-18,2024-04-26,,Ongoing,42.0,AGY-WSS-05,Public Health Engineering & Water Supply Dept,2,2,False,DEMO/SYNTHETIC DATA
MPL-2024-MA-001081,REC-2023-1858,MP-LS-17-74,Hon'ble Member of Parliament (Thane),"Panchayat Community Hall at Padgha, Block Kalyan",Community Infrastructure,Panchayat Community Hall,Maharashtra,Thane,Thane,Kalyan,Padgha,19.2587,72.9652,3880000.0,3830000.0,2737000.0,1093000.0,2023-07-21,2023-08-23,2023-09-13,2024-04-01,,Ongoing,69.0,AGY-XYZ-99,XYZ Infrastructure & Construction Private Ltd,4,2,False,DEMO/SYNTHETIC DATA
MPL-2024-MA-001082,REC-2023-3174,MP-LS-17-88,Hon'ble Member of Parliament (Thane),"CC Road Construction at Titwala, Block Kalyan",Rural Roads & Bridges,CC Road Construction,Maharashtra,Thane,Thane,Kalyan,Titwala,19.1441,73.0159,4460000.0,4360000.0,1472000.0,2888000.0,2023-01-16,2023-02-07,2023-03-01,2023-07-13,,Ongoing,36.0,AGY-RWD-02,Rural Works Department (RWD) Engineering Wing,4,2,False,DEMO/SYNTHETIC DATA
MPL-2024-WE-001083,REC-2023-9761,MP-LS-17-25,Hon'ble Member of Parliament (Krishnanagar),"Senior Citizen Recreation Shed at Dhubulia, Block Chapra",Community Infrastructure,Senior Citizen Recreation Shed,West Bengal,Nadia,Krishnanagar,Chapra,Dhubulia,23.4741,88.5615,2180000.0,2130000.0,1307000.0,823000.0,2023-07-07,2023-08-19,2023-09-18,2024-04-25,,Ongoing,62.0,AGY-DRDA-04,District Rural Development Agency (DRDA),4,3,False,DEMO/SYNTHETIC DATA
MPL-2024-KA-001084,REC-2023-3265,MP-LS-17-76,Hon'ble Member of Parliament (Bangalore North),"Public Bus Passenger Shelter at Singanayakanahalli, Block K.R. Puram",Community Infrastructure,Public Bus Passenger Shelter,Karnataka,Bengaluru Urban,Bangalore North,K.R. Puram,Singanayakanahalli,13.0343,77.6607,2040000.0,1890000.0,1890000.0,0.0,2023-05-13,2023-06-15,2023-07-13,2023-12-01,2023-11-29,Completed,100.0,AGY-WSS-05,Public Health Engineering & Water Supply Dept,5,3,True,DEMO/SYNTHETIC DATA
MPL-2024-AS-001085,REC-2023-6377,MP-LS-17-66,Hon'ble Member of Parliament (Gauhati),"Health Diagnostic Equipment at Boko, Block Rangia",Health & Sanitation,Health Diagnostic Equipment,Assam,Kamrup,Gauhati,Rangia,Boko,26.0789,91.7168,1870000.0,1870000.0,1053000.0,817000.0,2023-03-06,2023-04-28,2023-05-18,2024-02-28,,Ongoing,62.0,AGY-ZP-03,Zila Parishad Rural Infrastructure Cell,3,2,False,DEMO/SYNTHETIC DATA
MPL-2024-AS-001086,REC-2023-3670,MP-LS-17-32,Hon'ble Member of Parliament (Gauhati),"Rooftop Solar for Govt Hospital at Dadara, Block Hajo",Solar & Renewable Energy,Rooftop Solar for Govt Hospital,Assam,Kamrup,Gauhati,Hajo,Dadara,26.1308,91.7064,970000.0,820000.0,820000.0,0.0,2023-07-15,2023-08-09,2023-09-04,2024-01-10,2024-02-14,Completed,100.0,AGY-WSS-05,Public Health Engineering & Water Supply Dept,4,4,True,DEMO/SYNTHETIC DATA
MPL-2024-MA-001087,REC-2023-2376,MP-LS-17-21,Hon'ble Member of Parliament (Thane),"School Boundary Wall & Sanitation at Tokawade, Block Murbad",Education & Classrooms,School Boundary Wall & Sanitation,Maharashtra,Thane,Thane,Murbad,Tokawade,19.2475,72.9484,1420000.0,1270000.0,1270000.0,0.0,2023-12-10,2024-01-09,2024-01-19,2024-09-16,2024-09-30,Completed,100.0,AGY-DRDA-04,District Rural Development Agency (DRDA),5,3,True,DEMO/SYNTHETIC DATA
MPL-2024-MA-001088,REC-2023-9522,MP-LS-17-37,Hon'ble Member of Parliament (Thane),"Solar Street Light Grid (50 poles) at Tokawade, Block Murbad",Solar & Renewable Energy,Solar Street Light Grid (50 poles),Maharashtra,Thane,Thane,Murbad,Tokawade,19.2671,73.0551,1030000.0,880000.0,880000.0,0.0,2023-04-01,2023-05-04,2023-06-01,2023-11-20,2023-12-29,Completed,100.0,AGY-RWD-02,Rural Works Department (RWD) Engineering Wing,4,4,True,DEMO/SYNTHETIC DATA
MPL-2024-KA-001089,REC-2023-5892,MP-LS-17-96,Hon'ble Member of Parliament (Bangalore North),"Public Bus Passenger Shelter at Singanayakanahalli, Block Bengaluru North",Community Infrastructure,Public Bus Passenger Shelter,Karnataka,Bengaluru Urban,Bangalore North,Bengaluru North,Singanayakanahalli,12.9911,77.6231,3950000.0,3800000.0,0.0,3800000.0,2023-11-15,2024-01-05,2024-01-30,2024-10-11,,Sanctioned,0.0,AGY-PWD-01,Public Works Department (PWD) Division I,2,0,False,DEMO/SYNTHETIC DATA
MPL-2024-KA-001090,REC-2023-1580,MP-LS-17-21,Hon'ble Member of Parliament (Bangalore North),"Smart Digital Library Block at Mandur, Block K.R. Puram",Education & Classrooms,Smart Digital Library Block,Karnataka,Bengaluru Urban,Bangalore North,K.R. Puram,Mandur,12.9347,77.6552,2960000.0,2810000.0,2810000.0,0.0,2023-02-09,2023-03-18,2023-04-10,2023-09-05,2023-09-24,Completed,100.0,AGY-PWD-01,Public Works Department (PWD) Division I,5,2,True,DEMO/SYNTHETIC DATA
MPL-2024-WE-001091,REC-2023-7623,MP-LS-17-56,Hon'ble Member of Parliament (Krishnanagar),"High-Mast Solar Lighting Chowk at Mayapur, Block Nakashipara",Solar & Renewable Energy,High-Mast Solar Lighting Chowk,West Bengal,Nadia,Krishnanagar,Nakashipara,Mayapur,23.3688,88.4507,650000.0,650000.0,650000.0,0.0,2023-07-26,2023-09-15,2023-10-11,2024-03-24,2024-03-06,Completed,100.0,AGY-PWD-01,Public Works Department (PWD) Division I,5,2,True,DEMO/SYNTHETIC DATA
MPL-2024-AS-001092,REC-2023-3010,MP-LS-17-80,Hon'ble Member of Parliament (Gauhati),"Crematorium Shed with Amenities at Puthimari, Block Hajo",Community Infrastructure,Crematorium Shed with Amenities,Assam,Kamrup,Gauhati,Hajo,Puthimari,26.1117,91.7458,3270000.0,3270000.0,3270000.0,0.0,2023-01-19,2023-03-20,2023-04-10,2023-11-08,2023-11-15,Completed,100.0,AGY-RWD-02,Rural Works Department (RWD) Engineering Wing,5,2,True,DEMO/SYNTHETIC DATA
MPL-2024-KE-001093,REC-2023-2000,MP-LS-17-56,Hon'ble Member of Parliament (Ernakulam),"RO Water Treatment Plant at Kalamassery, Block Angamaly",Drinking Water,RO Water Treatment Plant,Kerala,Ernakulam,Ernakulam,Angamaly,Kalamassery,10.0412,76.356,2070000.0,2020000.0,1546000.0,474000.0,2023-06-12,2023-08-01,2023-08-30,2024-02-21,,Ongoing,81.0,AGY-RWD-02,Rural Works Department (RWD) Engineering Wing,4,2,False,DEMO/SYNTHETIC DATA
MPL-2024-UT-001094,REC-2023-8148,MP-LS-17-11,Hon'ble Member of Parliament (Varanasi),"CC Road Construction at Chhatar, Block Kashi Vidyapeeth",Rural Roads & Bridges,CC Road Construction,Uttar Pradesh,Varanasi,Varanasi,Kashi Vidyapeeth,Chhatar,25.2621,82.989,3490000.0,3340000.0,3340000.0,0.0,2023-04-24,2023-05-23,2023-06-07,2024-03-27,2024-03-10,Completed,100.0,AGY-PWD-01,Public Works Department (PWD) Division I,5,3,True,DEMO/SYNTHETIC DATA
MPL-2024-UT-001095,REC-2023-8580,MP-LS-17-86,Hon'ble Member of Parliament (Varanasi),"Hand Pump Installation Cluster at Babatpur, Block Cholapur",Drinking Water,Hand Pump Installation Cluster,Uttar Pradesh,Varanasi,Varanasi,Cholapur,Babatpur,25.2437,83.0474,2600000.0,2450000.0,2450000.0,0.0,2023-06-04,2023-07-09,2023-08-07,2024-01-24,2024-01-16,Completed,100.0,AGY-XYZ-99,XYZ Infrastructure & Construction Private Ltd,5,3,True,DEMO/SYNTHETIC DATA
MPL-2024-AS-001096,REC-2023-9956,MP-LS-17-36,Hon'ble Member of Parliament (Gauhati),"Deep Borewell & Solar Pump System at Dadara, Block Bezera",Drinking Water,Deep Borewell & Solar Pump System,Assam,Kamrup,Gauhati,Bezera,Dadara,26.0964,91.6789,1580000.0,1580000.0,1580000.0,0.0,2023-06-24,2023-07-17,2023-07-30,2024-02-23,2024-03-13,Completed,100.0,AGY-ZP-03,Zila Parishad Rural Infrastructure Cell,4,2,True,DEMO/SYNTHETIC DATA
MPL-2024-BI-001097,REC-2023-1520,MP-LS-17-81,Hon'ble Member of Parliament (Patna Sahib),"Culvert & Drainage Bridge at Baikatpur, Block Phulwari Sharif",Rural Roads & Bridges,Culvert & Drainage Bridge,Bihar,Patna,Patna Sahib,Phulwari Sharif,Baikatpur,25.6102,85.0943,1710000.0,1610000.0,1273000.0,337000.0,2023-06-25,2023-08-06,2023-09-04,2024-01-06,,Ongoing,80.0,AGY-DRDA-04,District Rural Development Agency (DRDA),3,3,False,DEMO/SYNTHETIC DATA
MPL-2024-AS-001098,REC-2023-7403,MP-LS-17-43,Hon'ble Member of Parliament (Gauhati),"Rooftop Solar for Govt Hospital at Dadara, Block Chaygaon",Solar & Renewable Energy,Rooftop Solar for Govt Hospital,Assam,Kamrup,Gauhati,Chaygaon,Dadara,26.1702,91.7845,1680000.0,1580000.0,1580000.0,0.0,2023-02-06,2023-03-02,2023-04-01,2023-09-03,2023-10-12,Completed,100.0,AGY-DRDA-04,District Rural Development Agency (DRDA),4,4,True,DEMO/SYNTHETIC DATA
MPL-2024-KA-001099,REC-2023-6726,MP-LS-17-54,Hon'ble Member of Parliament (Bangalore North),"Community Public Toilet Complex at Mandur, Block K.R. Puram",Health & Sanitation,Community Public Toilet Complex,Karnataka,Bengaluru Urban,Bangalore North,K.R. Puram,Mandur,12.9504,77.5336,1320000.0,1270000.0,953000.0,317000.0,2023-11-16,2023-12-25,2024-01-08,2024-06-25,,Ongoing,70.0,AGY-DRDA-04,District Rural Development Agency (DRDA),2,3,False,DEMO/SYNTHETIC DATA
MPL-2024-MA-001100,REC-2023-4827,MP-LS-17-80,Hon'ble Member of Parliament (Thane),"Crematorium Shed with Amenities at Padgha, Block Bhiwandi",Community Infrastructure,Crematorium Shed with Amenities,Maharashtra,Thane,Thane,Bhiwandi,Padgha,19.2651,72.9354,2400000.0,2400000.0,1619000.0,781000.0,2023-03-18,2023-05-12,2023-06-06,2023-12-14,,Ongoing,64.0,AGY-DRDA-04,District Rural Development Agency (DRDA),4,2,False,DEMO/SYNTHETIC DATA
MPL-2024-KE-001101,REC-2023-3387,MP-LS-17-19,Hon'ble Member of Parliament (Ernakulam),"Community Public Toilet Complex at Edappally, Block Angamaly",Health & Sanitation,Community Public Toilet Complex,Kerala,Ernakulam,Ernakulam,Angamaly,Edappally,10.0003,76.2886,1080000.0,930000.0,297000.0,633000.0,2023-09-13,2023-10-17,2023-11-09,2024-07-29,,Ongoing,30.0,AGY-DRDA-04,District Rural Development Agency (DRDA),3,3,False,DEMO/SYNTHETIC DATA
MPL-2024-AS-001102,REC-2023-9764,MP-LS-17-96,Hon'ble Member of Parliament (Gauhati),"RO Water Treatment Plant at Dadara, Block Chaygaon",Drinking Water,RO Water Treatment Plant,Assam,Kamrup,Gauhati,Chaygaon,Dadara,26.2051,91.742,1160000.0,1060000.0,1060000.0,0.0,2023-01-11,2023-02-04,2023-03-03,2023-12-24,2024-01-29,Completed,100.0,AGY-DRDA-04,District Rural Development Agency (DRDA),5,4,True,DEMO/SYNTHETIC DATA
MPL-2024-WE-001103,REC-2023-9974,MP-LS-17-31,Hon'ble Member of Parliament (Krishnanagar),"Panchayat Community Hall at Bethuadahari, Block Krishnanagar-I",Community Infrastructure,Panchayat Community Hall,West Bengal,Nadia,Krishnanagar,Krishnanagar-I,Bethuadahari,23.4549,88.5654,2610000.0,2610000.0,2610000.0,0.0,2023-11-20,2023-12-30,2024-01-14,2024-07-06,2024-08-09,Completed,100.0,AGY-DRDA-04,District Rural Development Agency (DRDA),4,4,True,DEMO/SYNTHETIC DATA
MPL-2024-KE-001104,REC-2023-6087,MP-LS-17-87,Hon'ble Member of Parliament (Ernakulam),"RO Water Treatment Plant at Kalamassery, Block Vyttila",Drinking Water,RO Water Treatment Plant,Kerala,Ernakulam,Ernakulam,Vyttila,Kalamassery,10.0148,76.3515,940000.0,840000.0,0.0,840000.0,2023-12-24,2024-02-01,2024-03-01,2024-09-01,,Sanctioned,0.0,AGY-PWD-01,Public Works Department (PWD) Division I,2,0,False,DEMO/SYNTHETIC DATA
MPL-2024-UT-001105,REC-2023-4062,MP-LS-17-45,Hon'ble Member of Parliament (Varanasi),"Hand Pump Installation Cluster at Shivpur, Block Pindra",Drinking Water,Hand Pump Installation Cluster,Uttar Pradesh,Varanasi,Varanasi,Pindra,Shivpur,25.3594,82.9837,1580000.0,1430000.0,0.0,1430000.0,2023-03-16,2023-04-25,2023-05-15,2024-01-19,,Sanctioned,0.0,AGY-XYZ-99,XYZ Infrastructure & Construction Private Ltd,2,0,False,DEMO/SYNTHETIC DATA
MPL-2024-AS-001106,REC-2023-3109,MP-LS-17-28,Hon'ble Member of Parliament (Gauhati),"Senior Citizen Recreation Shed at Sualkuchi, Block Hajo",Community Infrastructure,Senior Citizen Recreation Shed,Assam,Kamrup,Gauhati,Hajo,Sualkuchi,26.1113,91.7001,2520000.0,2420000.0,0.0,2420000.0,2023-01-27,2023-03-05,2023-03-28,2023-12-26,,Sanctioned,0.0,AGY-PWD-01,Public Works Department (PWD) Division I,2,0,False,DEMO/SYNTHETIC DATA
MPL-2024-BI-001107,REC-2023-3310,MP-LS-17-91,Hon'ble Member of Parliament (Patna Sahib),"Village Waste Segregation Shed at Ranipur, Block Danapur",Health & Sanitation,Village Waste Segregation Shed,Bihar,Patna,Patna Sahib,Danapur,Ranipur,25.6115,85.1832,2320000.0,2320000.0,1364000.0,956000.0,2023-04-16,2023-05-22,2023-06-17,2023-12-14,,Ongoing,63.0,AGY-XYZ-99,XYZ Infrastructure & Construction Private Ltd,3,2,False,DEMO/SYNTHETIC DATA
MPL-2024-UT-001108,REC-2023-2944,MP-LS-17-44,Hon'ble Member of Parliament (Varanasi),"Health Diagnostic Equipment at Shivpur, Block Pindra",Health & Sanitation,Health Diagnostic Equipment,Uttar Pradesh,Varanasi,Varanasi,Pindra,Shivpur,25.3657,82.9266,830000.0,730000.0,0.0,730000.0,2023-03-15,2023-05-07,2023-05-24,2023-09-30,,Sanctioned,0.0,AGY-XYZ-99,XYZ Infrastructure & Construction Private Ltd,2,0,False,DEMO/SYNTHETIC DATA
MPL-2024-RA-001109,REC-2023-6658,MP-LS-17-99,Hon'ble Member of Parliament (Jaipur Rural),"School Science Laboratory at Manoharpur, Block Amer",Education & Classrooms,School Science Laboratory,Rajasthan,Jaipur,Jaipur Rural,Amer,Manoharpur,26.931,75.7366,2330000.0,2330000.0,2330000.0,0.0,2023-09-14,2023-11-08,2023-11-29,2024-04-17,2024-04-03,Completed,100.0,AGY-XYZ-99,XYZ Infrastructure & Construction Private Ltd,4,2,True,DEMO/SYNTHETIC DATA
MPL-2024-WE-001110,REC-2023-9990,MP-LS-17-26,Hon'ble Member of Parliament (Krishnanagar),"Rooftop Solar for Govt Hospital at Bethuadahari, Block Chapra",Solar & Renewable Energy,Rooftop Solar for Govt Hospital,West Bengal,Nadia,Krishnanagar,Chapra,Bethuadahari,23.4056,88.4297,1300000.0,1300000.0,478000.0,822000.0,2023-10-03,2023-11-01,2023-11-11,2024-07-11,,Ongoing,38.0,AGY-RWD-02,Rural Works Department (RWD) Engineering Wing,2,1,False,DEMO/SYNTHETIC DATA
MPL-2024-KE-001111,REC-2023-8484,MP-LS-17-12,Hon'ble Member of Parliament (Ernakulam),"Smart Digital Library Block at Perumbavoor, Block Aluva",Education & Classrooms,Smart Digital Library Block,Kerala,Ernakulam,Ernakulam,Aluva,Perumbavoor,9.9023,76.226,1040000.0,1040000.0,0.0,1040000.0,2023-11-01,2023-12-24,2024-01-18,2024-08-19,,Sanctioned,0.0,AGY-PWD-01,Public Works Department (PWD) Division I,2,0,False,DEMO/SYNTHETIC DATA
MPL-2024-BI-001112,REC-2023-8125,MP-LS-17-45,Hon'ble Member of Parliament (Patna Sahib),"Additional Classroom Building at Gauri Chak, Block Sampatchak",Education & Classrooms,Additional Classroom Building,Bihar,Patna,Patna Sahib,Sampatchak,Gauri Chak,25.5222,85.0933,2390000.0,2390000.0,2108000.0,282000.0,2023-04-11,2023-05-18,2023-06-14,2023-11-17,,Ongoing,82.0,AGY-XYZ-99,XYZ Infrastructure & Construction Private Ltd,2,3,False,DEMO/SYNTHETIC DATA
MPL-2024-KA-001113,REC-2023-6437,MP-LS-17-19,Hon'ble Member of Parliament (Bangalore North),"CC Road Construction at Mandur, Block Yelahanka",Rural Roads & Bridges,CC Road Construction,Karnataka,Bengaluru Urban,Bangalore North,Yelahanka,Mandur,12.8937,77.5352,4400000.0,4400000.0,2531000.0,1869000.0,2023-04-12,2023-05-04,2023-05-14,2023-09-25,,Ongoing,57.0,AGY-XYZ-99,XYZ Infrastructure & Construction Private Ltd,3,3,False,DEMO/SYNTHETIC DATA
MPL-2024-BI-001114,REC-2023-1892,MP-LS-17-91,Hon'ble Member of Parliament (Patna Sahib),"Piped Water Overhead Tank at Ranipur, Block Sampatchak",Drinking Water,Piped Water Overhead Tank,Bihar,Patna,Patna Sahib,Sampatchak,Ranipur,25.6711,85.1437,1100000.0,950000.0,438000.0,512000.0,2023-01-12,2023-02-13,2023-03-15,2023-12-04,,Ongoing,49.0,AGY-XYZ-99,XYZ Infrastructure & Construction Private Ltd,4,2,False,DEMO/SYNTHETIC DATA
MPL-2024-AS-001115,REC-2023-2647,MP-LS-17-73,Hon'ble Member of Parliament (Gauhati),"Health Diagnostic Equipment at Boko, Block Bezera",Health & Sanitation,Health Diagnostic Equipment,Assam,Kamrup,Gauhati,Bezera,Boko,26.0994,91.7291,2750000.0,2600000.0,1846000.0,754000.0,2023-04-18,2023-06-13,2023-07-08,2024-03-07,,Ongoing,68.0,AGY-ZP-03,Zila Parishad Rural Infrastructure Cell,2,1,False,DEMO/SYNTHETIC DATA
MPL-2024-KA-001116,REC-2023-7278,MP-LS-17-57,Hon'ble Member of Parliament (Bangalore North),"Solar Street Light Grid (50 poles) at Mandur, Block Yelahanka",Solar & Renewable Energy,Solar Street Light Grid (50 poles),Karnataka,Bengaluru Urban,Bangalore North,Yelahanka,Mandur,13.0136,77.6233,1820000.0,1720000.0,0.0,1720000.0,2023-04-22,2023-05-12,2023-06-01,2024-01-16,,Sanctioned,0.0,AGY-RWD-02,Rural Works Department (RWD) Engineering Wing,2,0,False,DEMO/SYNTHETIC DATA
MPL-2024-BI-001117,REC-2023-6378,MP-LS-17-14,Hon'ble Member of Parliament (Patna Sahib),"Rooftop Solar for Govt Hospital at Sabbalpur, Block Danapur",Solar & Renewable Energy,Rooftop Solar for Govt Hospital,Bihar,Patna,Patna Sahib,Danapur,Sabbalpur,25.5805,85.0682,810000.0,760000.0,248000.0,512000.0,2023-01-08,2023-03-03,2023-03-28,2023-09-29,,Ongoing,33.0,AGY-DRDA-04,District Rural Development Agency (DRDA),2,2,False,DEMO/SYNTHETIC DATA
MPL-2024-KA-001118,REC-2023-5787,MP-LS-17-57,Hon'ble Member of Parliament (Bangalore North),"CC Road Construction at Hesaraghatta, Block Yelahanka",Rural Roads & Bridges,CC Road Construction,Karnataka,Bengaluru Urban,Bangalore North,Yelahanka,Hesaraghatta,13.0374,77.6501,1690000.0,1590000.0,1590000.0,0.0,2023-03-13,2023-04-09,2023-04-29,2023-10-04,2023-11-03,Completed,100.0,AGY-XYZ-99,XYZ Infrastructure & Construction Private Ltd,5,2,True,DEMO/SYNTHETIC DATA
MPL-2024-WE-001119,REC-2023-7984,MP-LS-17-60,Hon'ble Member of Parliament (Krishnanagar),"Paver Block Road at Bethuadahari, Block Nabadwip",Rural Roads & Bridges,Paver Block Road,West Bengal,Nadia,Krishnanagar,Nabadwip,Bethuadahari,23.4664,88.5777,3540000.0,3440000.0,1889000.0,1551000.0,2023-04-12,2023-05-06,2023-05-25,2023-12-13,,Ongoing,53.0,AGY-RWD-02,Rural Works Department (RWD) Engineering Wing,2,2,False,DEMO/SYNTHETIC DATA
MPL-2024-WE-001120,REC-2023-8560,MP-LS-17-92,Hon'ble Member of Parliament (Krishnanagar),"Smart Digital Library Block at Debagram, Block Nabadwip",Education & Classrooms,Smart Digital Library Block,West Bengal,Nadia,Krishnanagar,Nabadwip,Debagram,23.4453,88.5212,2720000.0,2720000.0,2720000.0,0.0,2023-10-19,2023-11-29,2023-12-22,2024-05-28,2024-06-28,Completed,100.0,AGY-ZP-03,Zila Parishad Rural Infrastructure Cell,5,3,True,DEMO/SYNTHETIC DATA
MPL-2024-AS-001121,REC-2023-6147,MP-LS-17-29,Hon'ble Member of Parliament (Gauhati),"Paver Block Road at Mirza, Block Bezera",Rural Roads & Bridges,Paver Block Road,Assam,Kamrup,Gauhati,Bezera,Mirza,26.2126,91.7544,2450000.0,2300000.0,2300000.0,0.0,2023-02-14,2023-03-14,2023-04-06,2023-08-17,2023-08-11,Completed,100.0,AGY-ZP-03,Zila Parishad Rural Infrastructure Cell,5,4,True,DEMO/SYNTHETIC DATA
MPL-2024-KE-001122,REC-2023-8089,MP-LS-17-18,Hon'ble Member of Parliament (Ernakulam),"Panchayat Community Hall at Kothamangalam, Block Paravur",Community Infrastructure,Panchayat Community Hall,Kerala,Ernakulam,Ernakulam,Paravur,Kothamangalam,9.916,76.3513,2630000.0,2480000.0,2480000.0,0.0,2023-04-02,2023-04-23,2023-05-20,2023-10-13,2023-09-23,Completed,100.0,AGY-XYZ-99,XYZ Infrastructure & Construction Private Ltd,5,3,True,DEMO/SYNTHETIC DATA
MPL-2024-KE-001123,REC-2023-7865,MP-LS-17-81,Hon'ble Member of Parliament (Ernakulam),"Deep Borewell & Solar Pump System at Kothamangalam, Block Aluva",Drinking Water,Deep Borewell & Solar Pump System,Kerala,Ernakulam,Ernakulam,Aluva,Kothamangalam,9.9883,76.2375,690000.0,590000.0,378000.0,212000.0,2023-10-04,2023-11-17,2023-12-12,2024-08-25,,Ongoing,65.0,AGY-WSS-05,Public Health Engineering & Water Supply Dept,2,2,False,DEMO/SYNTHETIC DATA
MPL-2024-AS-001124,REC-2023-1324,MP-LS-17-38,Hon'ble Member of Parliament (Gauhati),"RO Water Treatment Plant at Puthimari, Block Hajo",Drinking Water,RO Water Treatment Plant,Assam,Kamrup,Gauhati,Hajo,Puthimari,26.1016,91.7875,890000.0,790000.0,643000.0,147000.0,2023-02-18,2023-03-21,2023-04-11,2023-09-22,,Ongoing,75.0,AGY-XYZ-99,XYZ Infrastructure & Construction Private Ltd,2,1,False,DEMO/SYNTHETIC DATA
MPL-2024-WE-001125,REC-2023-2386,MP-LS-17-89,Hon'ble Member of Parliament (Krishnanagar),"Piped Water Overhead Tank at Bethuadahari, Block Nakashipara",Drinking Water,Piped Water Overhead Tank,West Bengal,Nadia,Krishnanagar,Nakashipara,Bethuadahari,23.4584,88.5301,1300000.0,1150000.0,684000.0,466000.0,2023-07-03,2023-08-03,2023-08-14,2024-01-15,,Ongoing,64.0,AGY-ZP-03,Zila Parishad Rural Infrastructure Cell,3,3,False,DEMO/SYNTHETIC DATA
MPL-2024-BI-001126,REC-2023-3545,MP-LS-17-27,Hon'ble Member of Parliament (Patna Sahib),"Senior Citizen Recreation Shed at Ranipur, Block Phulwari Sharif",Community Infrastructure,Senior Citizen Recreation Shed,Bihar,Patna,Patna Sahib,Phulwari Sharif,Ranipur,25.6072,85.2062,3820000.0,3720000.0,1022000.0,2698000.0,2023-12-22,2024-01-30,2024-02-18,2024-10-12,,Ongoing,29.0,AGY-XYZ-99,XYZ Infrastructure & Construction Private Ltd,4,1,False,DEMO/SYNTHETIC DATA
MPL-2024-KE-001127,REC-2023-7389,MP-LS-17-57,Hon'ble Member of Parliament (Ernakulam),"School Boundary Wall & Sanitation at Perumbavoor, Block Vyttila",Education & Classrooms,School Boundary Wall & Sanitation,Kerala,Ernakulam,Ernakulam,Vyttila,Perumbavoor,9.9441,76.3454,2890000.0,2740000.0,843000.0,1897000.0,2023-03-09,2023-04-18,2023-04-29,2023-12-26,,Ongoing,34.0,AGY-ZP-03,Zila Parishad Rural Infrastructure Cell,2,2,False,DEMO/SYNTHETIC DATA
MPL-2024-KE-001128,REC-2023-4791,MP-LS-17-24,Hon'ble Member of Parliament (Ernakulam),"Public Bus Passenger Shelter at Kalamassery, Block Vyttila",Community Infrastructure,Public Bus Passenger Shelter,Kerala,Ernakulam,Ernakulam,Vyttila,Kalamassery,9.933,76.3596,3440000.0,3440000.0,3440000.0,0.0,2023-02-07,2023-03-19,2023-04-14,2023-09-10,2023-09-12,Completed,100.0,AGY-PWD-01,Public Works Department (PWD) Division I,5,2,True,DEMO/SYNTHETIC DATA
MPL-2024-KA-001129,REC-2023-1105,MP-LS-17-93,Hon'ble Member of Parliament (Bangalore North),"Rooftop Solar for Govt Hospital at Singanayakanahalli, Block K.R. Puram",Solar & Renewable Energy,Rooftop Solar for Govt Hospital,Karnataka,Bengaluru Urban,Bangalore North,K.R. Puram,Singanayakanahalli,12.9611,77.5557,1760000.0,1660000.0,774000.0,886000.0,2023-03-26,2023-05-18,2023-06-01,2023-11-23,,Ongoing,49.0,AGY-RWD-02,Rural Works Department (RWD) Engineering Wing,3,3,False,DEMO/SYNTHETIC DATA
MPL-2024-MA-001130,REC-2023-9003,MP-LS-17-75,Hon'ble Member of Parliament (Thane),"Primary Health Sub-Centre Building at Vashind, Block Murbad",Health & Sanitation,Primary Health Sub-Centre Building,Maharashtra,Thane,Thane,Murbad,Vashind,19.2214,72.9411,2640000.0,2540000.0,2251000.0,289000.0,2023-07-15,2023-09-06,2023-09-23,2024-06-13,,Ongoing,81.0,AGY-WSS-05,Public Health Engineering & Water Supply Dept,3,1,False,DEMO/SYNTHETIC DATA
MPL-2024-WE-001131,REC-2023-1157,MP-LS-17-71,Hon'ble Member of Parliament (Krishnanagar),"Piped Water Overhead Tank at Bethuadahari, Block Nabadwip",Drinking Water,Piped Water Overhead Tank,West Bengal,Nadia,Krishnanagar,Nabadwip,Bethuadahari,23.3562,88.4518,2020000.0,1970000.0,1239000.0,731000.0,2023-07-06,2023-09-02,2023-10-01,2024-02-14,,Ongoing,58.0,AGY-WSS-05,Public Health Engineering & Water Supply Dept,3,2,False,DEMO/SYNTHETIC DATA
MPL-2024-UT-001132,REC-2023-2012,MP-LS-17-14,Hon'ble Member of Parliament (Varanasi),"Crematorium Shed with Amenities at Tikari, Block Pindra",Community Infrastructure,Crematorium Shed with Amenities,Uttar Pradesh,Varanasi,Varanasi,Pindra,Tikari,25.2749,83.046,2200000.0,2100000.0,2100000.0,0.0,2023-12-05,2024-01-16,2024-01-29,2024-07-12,2024-08-18,Completed,100.0,AGY-XYZ-99,XYZ Infrastructure & Construction Private Ltd,4,2,True,DEMO/SYNTHETIC DATA
MPL-2024-KA-001133,REC-2023-9394,MP-LS-17-29,Hon'ble Member of Parliament (Bangalore North),"CC Road Construction at Doddaballapur Rd, Block Yelahanka",Rural Roads & Bridges,CC Road Construction,Karnataka,Bengaluru Urban,Bangalore North,Yelahanka,Doddaballapur Rd,12.9657,77.5323,4360000.0,4260000.0,3279000.0,981000.0,2023-05-14,2023-06-29,2023-07-10,2024-03-20,,Ongoing,79.0,AGY-ZP-03,Zila Parishad Rural Infrastructure Cell,4,3,False,DEMO/SYNTHETIC DATA
MPL-2024-UT-001134,REC-2023-7175,MP-LS-17-67,Hon'ble Member of Parliament (Varanasi),"School Science Laboratory at Chhatar, Block Arajiline",Education & Classrooms,School Science Laboratory,Uttar Pradesh,Varanasi,Varanasi,Arajiline,Chhatar,25.3045,83.0065,2070000.0,1970000.0,1186000.0,784000.0,2023-04-18,2023-06-17,2023-06-30,2023-11-19,,Ongoing,66.0,AGY-XYZ-99,XYZ Infrastructure & Construction Private Ltd,3,2,False,DEMO/SYNTHETIC DATA
MPL-2024-RA-001135,REC-2023-4474,MP-LS-17-40,Hon'ble Member of Parliament (Jaipur Rural),"Solar Street Light Grid (50 poles) at Achrol, Block Sanganer",Solar & Renewable Energy,Solar Street Light Grid (50 poles),Rajasthan,Jaipur,Jaipur Rural,Sanganer,Achrol,26.9267,75.8284,710000.0,560000.0,108000.0,452000.0,2023-02-20,2023-03-13,2023-03-31,2023-11-10,,Ongoing,20.0,AGY-RWD-02,Rural Works Department (RWD) Engineering Wing,4,1,False,DEMO/SYNTHETIC DATA
MPL-2024-KA-001136,REC-2023-3673,MP-LS-17-58,Hon'ble Member of Parliament (Bangalore North),"Primary Health Sub-Centre Building at Singanayakanahalli, Block Anekal",Health & Sanitation,Primary Health Sub-Centre Building,Karnataka,Bengaluru Urban,Bangalore North,Anekal,Singanayakanahalli,12.9797,77.5932,2440000.0,2390000.0,2390000.0,0.0,2023-03-03,2023-04-07,2023-04-22,2023-12-07,2023-12-09,Completed,100.0,AGY-ZP-03,Zila Parishad Rural Infrastructure Cell,5,4,True,DEMO/SYNTHETIC DATA
MPL-2024-KA-001137,REC-2023-8828,MP-LS-17-77,Hon'ble Member of Parliament (Bangalore North),"Public Bus Passenger Shelter at Doddaballapur Rd, Block Bengaluru North",Community Infrastructure,Public Bus Passenger Shelter,Karnataka,Bengaluru Urban,Bangalore North,Bengaluru North,Doddaballapur Rd,12.9556,77.578,2120000.0,2070000.0,2070000.0,0.0,2023-11-24,2023-12-24,2024-01-17,2024-09-11,2024-10-01,Completed,100.0,AGY-WSS-05,Public Health Engineering & Water Supply Dept,4,2,True,DEMO/SYNTHETIC DATA
MPL-2024-KE-001138,REC-2023-6945,MP-LS-17-96,Hon'ble Member of Parliament (Ernakulam),"Deep Borewell & Solar Pump System at Cherai, Block Paravur",Drinking Water,Deep Borewell & Solar Pump System,Kerala,Ernakulam,Ernakulam,Paravur,Cherai,9.9298,76.3781,2280000.0,2280000.0,1132000.0,1148000.0,2023-11-19,2024-01-18,2024-02-05,2024-10-27,,Ongoing,48.0,AGY-WSS-05,Public Health Engineering & Water Supply Dept,4,3,False,DEMO/SYNTHETIC DATA
MPL-2024-AS-001139,REC-2023-1439,MP-LS-17-49,Hon'ble Member of Parliament (Gauhati),"Deep Borewell & Solar Pump System at Puthimari, Block Kamalpur",Drinking Water,Deep Borewell & Solar Pump System,Assam,Kamrup,Gauhati,Kamalpur,Puthimari,26.2138,91.763,1290000.0,1190000.0,584000.0,606000.0,2023-02-23,2023-03-31,2023-04-26,2024-02-18,,Ongoing,52.0,AGY-ZP-03,Zila Parishad Rural Infrastructure Cell,3,3,False,DEMO/SYNTHETIC DATA
MPL-2024-WE-001140,REC-2023-2857,MP-LS-17-30,Hon'ble Member of Parliament (Krishnanagar),"Smart Digital Library Block at Tehatta, Block Nabadwip",Education & Classrooms,Smart Digital Library Block,West Bengal,Nadia,Krishnanagar,Nabadwip,Tehatta,23.4084,88.4542,1100000.0,1100000.0,644000.0,456000.0,2023-05-15,2023-06-08,2023-06-25,2024-01-16,,Ongoing,63.0,AGY-RWD-02,Rural Works Department (RWD) Engineering Wing,2,3,False,DEMO/SYNTHETIC DATA
MPL-2024-KA-001141,REC-2023-2678,MP-LS-17-96,Hon'ble Member of Parliament (Bangalore North),"Piped Water Overhead Tank at Mandur, Block K.R. Puram",Drinking Water,Piped Water Overhead Tank,Karnataka,Bengaluru Urban,Bangalore North,K.R. Puram,Mandur,12.9788,77.6046,2160000.0,2160000.0,2160000.0,0.0,2023-07-14,2023-09-10,2023-10-07,2024-04-04,2024-04-11,Completed,100.0,AGY-ZP-03,Zila Parishad Rural Infrastructure Cell,4,3,True,DEMO/SYNTHETIC DATA
MPL-2024-KE-001142,REC-2023-6474,MP-LS-17-72,Hon'ble Member of Parliament (Ernakulam),"School Science Laboratory at Cherai, Block Paravur",Education & Classrooms,School Science Laboratory,Kerala,Ernakulam,Ernakulam,Paravur,Cherai,9.9673,76.2215,1100000.0,1000000.0,764000.0,236000.0,2023-03-15,2023-05-13,2023-06-04,2024-02-20,,Ongoing,75.0,AGY-WSS-05,Public Health Engineering & Water Supply Dept,2,1,False,DEMO/SYNTHETIC DATA
MPL-2024-KA-001143,REC-2023-1951,MP-LS-17-93,Hon'ble Member of Parliament (Bangalore North),"Link Road Widening at Attibele, Block Yelahanka",Rural Roads & Bridges,Link Road Widening,Karnataka,Bengaluru Urban,Bangalore North,Yelahanka,Attibele,13.009,77.6496,4500000.0,4500000.0,1063000.0,3437000.0,2023-04-05,2023-05-17,2023-06-04,2024-01-13,,Ongoing,24.0,AGY-DRDA-04,District Rural Development Agency (DRDA),2,1,False,DEMO/SYNTHETIC DATA
MPL-2024-KA-001144,REC-2023-4495,MP-LS-17-74,Hon'ble Member of Parliament (Bangalore North),"High-Mast Solar Lighting Chowk at Attibele, Block K.R. Puram",Solar & Renewable Energy,High-Mast Solar Lighting Chowk,Karnataka,Bengaluru Urban,Bangalore North,K.R. Puram,Attibele,12.9168,77.5836,1540000.0,1390000.0,1390000.0,0.0,2023-11-08,2023-12-19,2024-01-13,2024-10-05,2024-10-10,Completed,100.0,AGY-ZP-03,Zila Parishad Rural Infrastructure Cell,4,2,True,DEMO/SYNTHETIC DATA
MPL-2024-MA-001145,REC-2023-8684,MP-LS-17-40,Hon'ble Member of Parliament (Thane),"Additional Classroom Building at Titwala, Block Bhiwandi",Education & Classrooms,Additional Classroom Building,Maharashtra,Thane,Thane,Bhiwandi,Titwala,19.1925,72.9494,1030000.0,930000.0,0.0,930000.0,2023-10-04,2023-11-30,2023-12-25,2024-06-27,,Sanctioned,0.0,AGY-RWD-02,Rural Works Department (RWD) Engineering Wing,2,0,False,DEMO/SYNTHETIC DATA
MPL-2024-UT-001146,REC-2023-9128,MP-LS-17-24,Hon'ble Member of Parliament (Varanasi),"Senior Citizen Recreation Shed at Tikari, Block Cholapur",Community Infrastructure,Senior Citizen Recreation Shed,Uttar Pradesh,Varanasi,Varanasi,Cholapur,Tikari,25.3573,82.9671,3230000.0,3080000.0,696000.0,2384000.0,2023-10-21,2023-11-12,2023-12-12,2024-06-16,,Ongoing,22.0,AGY-XYZ-99,XYZ Infrastructure & Construction Private Ltd,3,3,False,DEMO/SYNTHETIC DATA
MPL-2024-RA-001147,REC-2023-1430,MP-LS-17-49,Hon'ble Member of Parliament (Jaipur Rural),"Rooftop Solar for Govt Hospital at Nayla, Block Amer",Solar & Renewable Energy,Rooftop Solar for Govt Hospital,Rajasthan,Jaipur,Jaipur Rural,Amer,Nayla,26.8752,75.7624,1060000.0,910000.0,663000.0,247000.0,2023-08-05,2023-09-09,2023-10-03,2024-07-02,,Ongoing,73.0,AGY-XYZ-99,XYZ Infrastructure & Construction Private Ltd,4,1,False,DEMO/SYNTHETIC DATA
MPL-2024-KA-001148,REC-2023-4501,MP-LS-17-17,Hon'ble Member of Parliament (Bangalore North),"Additional Classroom Building at Attibele, Block Anekal",Education & Classrooms,Additional Classroom Building,Karnataka,Bengaluru Urban,Bangalore North,Anekal,Attibele,12.959,77.6659,3370000.0,3220000.0,647000.0,2573000.0,2023-11-03,2023-11-29,2023-12-09,2024-06-20,,Ongoing,22.0,AGY-ZP-03,Zila Parishad Rural Infrastructure Cell,3,3,False,DEMO/SYNTHETIC DATA
MPL-2024-RA-001149,REC-2023-1023,MP-LS-17-48,Hon'ble Member of Parliament (Jaipur Rural),"Culvert & Drainage Bridge at Achrol, Block Amer",Rural Roads & Bridges,Culvert & Drainage Bridge,Rajasthan,Jaipur,Jaipur Rural,Amer,Achrol,26.962,75.7492,3520000.0,3420000.0,3420000.0,0.0,2023-07-27,2023-09-19,2023-10-04,2024-04-06,2024-04-29,Completed,100.0,AGY-WSS-05,Public Health Engineering & Water Supply Dept,5,3,True,DEMO/SYNTHETIC DATA
MPL-2024-UT-001150,REC-2023-5278,MP-LS-17-93,Hon'ble Member of Parliament (Varanasi),"Culvert & Drainage Bridge at Rampur, Block Sewapuri",Rural Roads & Bridges,Culvert & Drainage Bridge,Uttar Pradesh,Varanasi,Varanasi,Sewapuri,Rampur,25.2397,83.0358,3540000.0,3440000.0,3440000.0,0.0,2023-02-02,2023-03-10,2023-04-07,2023-12-01,2023-11-27,Completed,100.0,AGY-PWD-01,Public Works Department (PWD) Division I,4,3,True,DEMO/SYNTHETIC DATA
MPL-2024-UT-001151,REC-2023-8854,MP-LS-17-15,Hon'ble Member of Parliament (Varanasi),"Piped Water Overhead Tank at Harahua, Block Pindra",Drinking Water,Piped Water Overhead Tank,Uttar Pradesh,Varanasi,Varanasi,Pindra,Harahua,25.2798,82.9122,1980000.0,1980000.0,1980000.0,0.0,2023-01-22,2023-02-22,2023-03-18,2023-12-24,2023-12-20,Completed,100.0,AGY-XYZ-99,XYZ Infrastructure & Construction Private Ltd,4,3,True,DEMO/SYNTHETIC DATA
MPL-2024-BI-001152,REC-2023-3466,MP-LS-17-74,Hon'ble Member of Parliament (Patna Sahib),"Health Diagnostic Equipment at Baikatpur, Block Sampatchak",Health & Sanitation,Health Diagnostic Equipment,Bihar,Patna,Patna Sahib,Sampatchak,Baikatpur,25.5707,85.2018,1030000.0,980000.0,980000.0,0.0,2023-06-26,2023-08-06,2023-08-31,2024-02-10,2024-01-22,Completed,100.0,AGY-WSS-05,Public Health Engineering & Water Supply Dept,5,2,True,DEMO/SYNTHETIC DATA
MPL-2024-KE-001153,REC-2023-5778,MP-LS-17-99,Hon'ble Member of Parliament (Ernakulam),"Piped Water Overhead Tank at Cherai, Block Paravur",Drinking Water,Piped Water Overhead Tank,Kerala,Ernakulam,Ernakulam,Paravur,Cherai,10.0275,76.2661,1640000.0,1540000.0,1540000.0,0.0,2023-02-28,2023-04-27,2023-05-16,2023-12-19,2023-12-26,Completed,100.0,AGY-WSS-05,Public Health Engineering & Water Supply Dept,5,2,True,DEMO/SYNTHETIC DATA
MPL-2024-AS-001154,REC-2023-3775,MP-LS-17-10,Hon'ble Member of Parliament (Gauhati),"Public Bus Passenger Shelter at Boko, Block Chaygaon",Community Infrastructure,Public Bus Passenger Shelter,Assam,Kamrup,Gauhati,Chaygaon,Boko,26.1604,91.7937,3390000.0,3290000.0,1617000.0,1673000.0,2023-09-28,2023-11-10,2023-11-20,2024-05-13,,Ongoing,52.0,AGY-RWD-02,Rural Works Department (RWD) Engineering Wing,2,1,False,DEMO/SYNTHETIC DATA
MPL-2024-KA-001155,REC-2023-5603,MP-LS-17-53,Hon'ble Member of Parliament (Bangalore North),"Link Road Widening at Attibele, Block K.R. Puram",Rural Roads & Bridges,Link Road Widening,Karnataka,Bengaluru Urban,Bangalore North,K.R. Puram,Attibele,13.0109,77.6269,4370000.0,4270000.0,948000.0,3322000.0,2023-05-17,2023-06-23,2023-07-11,2024-03-09,,Ongoing,24.0,AGY-DRDA-04,District Rural Development Agency (DRDA),3,3,False,DEMO/SYNTHETIC DATA
MPL-2024-KE-001156,REC-2023-2315,MP-LS-17-40,Hon'ble Member of Parliament (Ernakulam),"Culvert & Drainage Bridge at Kalamassery, Block Angamaly",Rural Roads & Bridges,Culvert & Drainage Bridge,Kerala,Ernakulam,Ernakulam,Angamaly,Kalamassery,9.9622,76.2217,2920000.0,2870000.0,2870000.0,0.0,2023-06-27,2023-08-20,2023-09-14,2024-02-09,2024-03-13,Completed,100.0,AGY-DRDA-04,District Rural Development Agency (DRDA),5,4,True,DEMO/SYNTHETIC DATA
MPL-2024-UT-001157,REC-2023-3331,MP-LS-17-50,Hon'ble Member of Parliament (Varanasi),"Senior Citizen Recreation Shed at Harahua, Block Pindra",Community Infrastructure,Senior Citizen Recreation Shed,Uttar Pradesh,Varanasi,Varanasi,Pindra,Harahua,25.2474,83.0154,3150000.0,3000000.0,2148000.0,852000.0,2023-04-10,2023-06-04,2023-06-25,2024-02-09,,Ongoing,67.0,AGY-XYZ-99,XYZ Infrastructure & Construction Private Ltd,4,2,False,DEMO/SYNTHETIC DATA
MPL-2024-BI-001158,REC-2023-4795,MP-LS-17-77,Hon'ble Member of Parliament (Patna Sahib),"School Science Laboratory at Baikatpur, Block Phulwari Sharif",Education & Classrooms,School Science Laboratory,Bihar,Patna,Patna Sahib,Phulwari Sharif,Baikatpur,25.6126,85.0695,2620000.0,2520000.0,0.0,2520000.0,2023-10-06,2023-11-17,2023-12-03,2024-06-09,,Sanctioned,0.0,AGY-XYZ-99,XYZ Infrastructure & Construction Private Ltd,2,0,False,DEMO/SYNTHETIC DATA
MPL-2024-WE-001159,REC-2023-5452,MP-LS-17-96,Hon'ble Member of Parliament (Krishnanagar),"School Boundary Wall & Sanitation at Debagram, Block Chapra",Education & Classrooms,School Boundary Wall & Sanitation,West Bengal,Nadia,Krishnanagar,Chapra,Debagram,23.364,88.526,2930000.0,2780000.0,2037000.0,743000.0,2023-03-16,2023-05-05,2023-05-19,2024-02-24,,Ongoing,73.0,AGY-WSS-05,Public Health Engineering & Water Supply Dept,3,1,False,DEMO/SYNTHETIC DATA
MPL-2024-KA-001160,REC-2023-7436,MP-LS-17-65,Hon'ble Member of Parliament (Bangalore North),"Link Road Widening at Hesaraghatta, Block Anekal",Rural Roads & Bridges,Link Road Widening,Karnataka,Bengaluru Urban,Bangalore North,Anekal,Hesaraghatta,12.9081,77.6598,2790000.0,2740000.0,1082000.0,1658000.0,2023-02-18,2023-03-21,2023-04-18,2023-09-19,,Ongoing,39.0,AGY-PWD-01,Public Works Department (PWD) Division I,3,1,False,DEMO/SYNTHETIC DATA
MPL-2024-BI-001161,REC-2023-8870,MP-LS-17-41,Hon'ble Member of Parliament (Patna Sahib),"Culvert & Drainage Bridge at Baikatpur, Block Phulwari Sharif",Rural Roads & Bridges,Culvert & Drainage Bridge,Bihar,Patna,Patna Sahib,Phulwari Sharif,Baikatpur,25.6308,85.1371,1940000.0,1890000.0,1110000.0,780000.0,2023-06-07,2023-07-07,2023-07-25,2023-11-24,,Ongoing,63.0,AGY-XYZ-99,XYZ Infrastructure & Construction Private Ltd,2,3,False,DEMO/SYNTHETIC DATA
MPL-2024-WE-001162,REC-2023-8047,MP-LS-17-43,Hon'ble Member of Parliament (Krishnanagar),"Community Public Toilet Complex at Bethuadahari, Block Nabadwip",Health & Sanitation,Community Public Toilet Complex,West Bengal,Nadia,Krishnanagar,Nabadwip,Bethuadahari,23.4037,88.4592,2440000.0,2290000.0,2290000.0,0.0,2023-10-17,2023-12-01,2023-12-24,2024-05-08,2024-05-23,Completed,100.0,AGY-XYZ-99,XYZ Infrastructure & Construction Private Ltd,4,4,True,DEMO/SYNTHETIC DATA
MPL-2024-BI-001163,REC-2023-8586,MP-LS-17-90,Hon'ble Member of Parliament (Patna Sahib),"Public Bus Passenger Shelter at Ranipur, Block Bakhtiarpur",Community Infrastructure,Public Bus Passenger Shelter,Bihar,Patna,Patna Sahib,Bakhtiarpur,Ranipur,25.6038,85.0893,1320000.0,1170000.0,572000.0,598000.0,2023-01-10,2023-02-12,2023-03-14,2023-07-22,,Ongoing,53.0,AGY-RWD-02,Rural Works Department (RWD) Engineering Wing,4,2,False,DEMO/SYNTHETIC DATA
MPL-2024-BI-001164,REC-2023-2648,MP-LS-17-13,Hon'ble Member of Parliament (Patna Sahib),"Panchayat Community Hall at Gauri Chak, Block Sampatchak",Community Infrastructure,Panchayat Community Hall,Bihar,Patna,Patna Sahib,Sampatchak,Gauri Chak,25.6528,85.2155,2110000.0,2110000.0,2110000.0,0.0,2023-05-15,2023-06-08,2023-07-02,2024-01-25,2024-03-03,Completed,100.0,AGY-XYZ-99,XYZ Infrastructure & Construction Private Ltd,5,2,True,DEMO/SYNTHETIC DATA
MPL-2024-WE-001165,REC-2023-9758,MP-LS-17-90,Hon'ble Member of Parliament (Krishnanagar),"Hand Pump Installation Cluster at Dhubulia, Block Nakashipara",Drinking Water,Hand Pump Installation Cluster,West Bengal,Nadia,Krishnanagar,Nakashipara,Dhubulia,23.3759,88.4281,1760000.0,1710000.0,693000.0,1017000.0,2023-08-27,2023-10-03,2023-10-20,2024-05-20,,Ongoing,42.0,AGY-WSS-05,Public Health Engineering & Water Supply Dept,3,3,False,DEMO/SYNTHETIC DATA
MPL-2024-MA-001166,REC-2023-2337,MP-LS-17-26,Hon'ble Member of Parliament (Thane),"Community Public Toilet Complex at Titwala, Block Shahapur",Health & Sanitation,Community Public Toilet Complex,Maharashtra,Thane,Thane,Shahapur,Titwala,19.2538,72.9867,2080000.0,1980000.0,817000.0,1163000.0,2023-01-01,2023-02-09,2023-03-06,2023-07-18,,Ongoing,39.0,AGY-PWD-01,Public Works Department (PWD) Division I,4,3,False,DEMO/SYNTHETIC DATA
MPL-2024-UT-001167,REC-2023-2656,MP-LS-17-47,Hon'ble Member of Parliament (Varanasi),"Village Waste Segregation Shed at Harahua, Block Arajiline",Health & Sanitation,Village Waste Segregation Shed,Uttar Pradesh,Varanasi,Varanasi,Arajiline,Harahua,25.365,82.9006,2720000.0,2720000.0,0.0,2720000.0,2023-06-12,2023-07-25,2023-08-20,2023-12-27,,Sanctioned,0.0,AGY-WSS-05,Public Health Engineering & Water Supply Dept,2,0,False,DEMO/SYNTHETIC DATA
MPL-2024-BI-001168,REC-2023-2689,MP-LS-17-21,Hon'ble Member of Parliament (Patna Sahib),"Culvert & Drainage Bridge at Baikatpur, Block Bakhtiarpur",Rural Roads & Bridges,Culvert & Drainage Bridge,Bihar,Patna,Patna Sahib,Bakhtiarpur,Baikatpur,25.5915,85.0596,1590000.0,1540000.0,1270000.0,270000.0,2023-07-09,2023-07-30,2023-08-23,2024-02-13,,Ongoing,82.0,AGY-XYZ-99,XYZ Infrastructure & Construction Private Ltd,3,3,False,DEMO/SYNTHETIC DATA
MPL-2024-BI-001169,REC-2023-5459,MP-LS-17-72,Hon'ble Member of Parliament (Patna Sahib),"Smart Digital Library Block at Jethuli, Block Bakhtiarpur",Education & Classrooms,Smart Digital Library Block,Bihar,Patna,Patna Sahib,Bakhtiarpur,Jethuli,25.5724,85.125,2770000.0,2620000.0,856000.0,1764000.0,2023-09-25,2023-10-22,2023-11-04,2024-08-15,,Ongoing,33.0,AGY-XYZ-99,XYZ Infrastructure & Construction Private Ltd,3,1,False,DEMO/SYNTHETIC DATA
MPL-2024-BI-001170,REC-2023-2203,MP-LS-17-31,Hon'ble Member of Parliament (Patna Sahib),"Piped Water Overhead Tank at Baikatpur, Block Sampatchak",Drinking Water,Piped Water Overhead Tank,Bihar,Patna,Patna Sahib,Sampatchak,Baikatpur,25.5436,85.0684,1780000.0,1780000.0,720000.0,1060000.0,2023-08-19,2023-10-01,2023-10-23,2024-07-28,,Ongoing,40.0,AGY-XYZ-99,XYZ Infrastructure & Construction Private Ltd,3,2,False,DEMO/SYNTHETIC DATA
MPL-2024-UT-001171,REC-2023-8227,MP-LS-17-14,Hon'ble Member of Parliament (Varanasi),"High-Mast Solar Lighting Chowk at Tikari, Block Sewapuri",Solar & Renewable Energy,High-Mast Solar Lighting Chowk,Uttar Pradesh,Varanasi,Varanasi,Sewapuri,Tikari,25.3572,82.894,1250000.0,1100000.0,1100000.0,0.0,2023-12-12,2024-01-09,2024-02-06,2024-11-03,2024-11-11,Completed,100.0,AGY-XYZ-99,XYZ Infrastructure & Construction Private Ltd,5,4,True,DEMO/SYNTHETIC DATA
MPL-2024-UT-001172,REC-2023-4271,MP-LS-17-28,Hon'ble Member of Parliament (Varanasi),"Village Waste Segregation Shed at Tikari, Block Kashi Vidyapeeth",Health & Sanitation,Village Waste Segregation Shed,Uttar Pradesh,Varanasi,Varanasi,Kashi Vidyapeeth,Tikari,25.3658,83.0514,2700000.0,2650000.0,0.0,2650000.0,2023-08-21,2023-10-07,2023-10-19,2024-07-04,,Sanctioned,0.0,AGY-XYZ-99,XYZ Infrastructure & Construction Private Ltd,2,0,False,DEMO/SYNTHETIC DATA
MPL-2024-UT-001173,REC-2023-5650,MP-LS-17-94,Hon'ble Member of Parliament (Varanasi),"Rooftop Solar for Govt Hospital at Babatpur, Block Pindra",Solar & Renewable Energy,Rooftop Solar for Govt Hospital,Uttar Pradesh,Varanasi,Varanasi,Pindra,Babatpur,25.3742,82.9119,1310000.0,1160000.0,1160000.0,0.0,2023-10-03,2023-11-19,2023-11-30,2024-06-21,2024-06-26,Completed,100.0,AGY-XYZ-99,XYZ Infrastructure & Construction Private Ltd,5,4,True,DEMO/SYNTHETIC DATA
MPL-2024-UT-001174,REC-2023-7454,MP-LS-17-27,Hon'ble Member of Parliament (Varanasi),"Piped Water Overhead Tank at Shivpur, Block Kashi Vidyapeeth",Drinking Water,Piped Water Overhead Tank,Uttar Pradesh,Varanasi,Varanasi,Kashi Vidyapeeth,Shivpur,25.3875,82.9088,1880000.0,1830000.0,633000.0,1197000.0,2023-04-23,2023-06-12,2023-07-02,2023-12-12,,Ongoing,34.0,AGY-ZP-03,Zila Parishad Rural Infrastructure Cell,2,3,False,DEMO/SYNTHETIC DATA
MPL-2024-RA-001175,REC-2023-2866,MP-LS-17-48,Hon'ble Member of Parliament (Jaipur Rural),"Solar Street Light Grid (50 poles) at Manoharpur, Block Shahpura",Solar & Renewable Energy,Solar Street Light Grid (50 poles),Rajasthan,Jaipur,Jaipur Rural,Shahpura,Manoharpur,26.9345,75.8326,950000.0,850000.0,435000.0,415000.0,2023-01-07,2023-02-05,2023-03-07,2023-12-16,,Ongoing,55.0,AGY-ZP-03,Zila Parishad Rural Infrastructure Cell,3,3,False,DEMO/SYNTHETIC DATA
MPL-2024-KE-001176,REC-2023-9166,MP-LS-17-99,Hon'ble Member of Parliament (Ernakulam),"Crematorium Shed with Amenities at Edappally, Block Paravur",Community Infrastructure,Crematorium Shed with Amenities,Kerala,Ernakulam,Ernakulam,Paravur,Edappally,9.9827,76.3224,3040000.0,2940000.0,2940000.0,0.0,2023-09-12,2023-10-08,2023-10-18,2024-05-12,2024-05-21,Completed,100.0,AGY-PWD-01,Public Works Department (PWD) Division I,5,4,True,DEMO/SYNTHETIC DATA
MPL-2024-KA-001177,REC-2023-1883,MP-LS-17-23,Hon'ble Member of Parliament (Bangalore North),"CC Road Construction at Hesaraghatta, Block Yelahanka",Rural Roads & Bridges,CC Road Construction,Karnataka,Bengaluru Urban,Bangalore North,Yelahanka,Hesaraghatta,13.0073,77.6004,3530000.0,3430000.0,961000.0,2469000.0,2023-07-11,2023-08-26,2023-09-12,2024-02-14,,Ongoing,30.0,AGY-RWD-02,Rural Works Department (RWD) Engineering Wing,2,1,False,DEMO/SYNTHETIC DATA
MPL-2024-KA-001178,REC-2023-1574,MP-LS-17-90,Hon'ble Member of Parliament (Bangalore North),"Crematorium Shed with Amenities at Attibele, Block Yelahanka",Community Infrastructure,Crematorium Shed with Amenities,Karnataka,Bengaluru Urban,Bangalore North,Yelahanka,Attibele,12.9898,77.6073,1620000.0,1470000.0,825000.0,645000.0,2023-10-03,2023-11-14,2023-11-28,2024-09-12,,Ongoing,53.0,AGY-XYZ-99,XYZ Infrastructure & Construction Private Ltd,2,1,False,DEMO/SYNTHETIC DATA
MPL-2024-MA-001179,REC-2023-7733,MP-LS-17-34,Hon'ble Member of Parliament (Thane),"High-Mast Solar Lighting Chowk at Titwala, Block Murbad",Solar & Renewable Energy,High-Mast Solar Lighting Chowk,Maharashtra,Thane,Thane,Murbad,Titwala,19.2007,72.9844,1490000.0,1440000.0,1440000.0,0.0,2023-03-03,2023-05-02,2023-05-20,2023-10-08,2023-09-21,Completed,100.0,AGY-PWD-01,Public Works Department (PWD) Division I,4,2,True,DEMO/SYNTHETIC DATA
MPL-2024-WE-001180,REC-2023-5320,MP-LS-17-57,Hon'ble Member of Parliament (Krishnanagar),"Deep Borewell & Solar Pump System at Dhubulia, Block Chapra",Drinking Water,Deep Borewell & Solar Pump System,West Bengal,Nadia,Krishnanagar,Chapra,Dhubulia,23.4464,88.4369,2430000.0,2280000.0,2280000.0,0.0,2023-01-08,2023-02-18,2023-03-09,2023-08-25,2023-09-15,Completed,100.0,AGY-WSS-05,Public Health Engineering & Water Supply Dept,4,4,True,DEMO/SYNTHETIC DATA
MPL-2024-WE-001181,REC-2023-7798,MP-LS-17-34,Hon'ble Member of Parliament (Krishnanagar),"CC Road Construction at Tehatta, Block Nakashipara",Rural Roads & Bridges,CC Road Construction,West Bengal,Nadia,Krishnanagar,Nakashipara,Tehatta,23.4245,88.5135,2760000.0,2710000.0,2710000.0,0.0,2023-10-19,2023-11-13,2023-11-23,2024-04-27,2024-04-21,Completed,100.0,AGY-WSS-05,Public Health Engineering & Water Supply Dept,5,3,True,DEMO/SYNTHETIC DATA
MPL-2024-MA-001182,REC-2023-7321,MP-LS-17-80,Hon'ble Member of Parliament (Thane),"Panchayat Community Hall at Titwala, Block Ambernath",Community Infrastructure,Panchayat Community Hall,Maharashtra,Thane,Thane,Ambernath,Titwala,19.1487,73.0141,3710000.0,3560000.0,2691000.0,869000.0,2023-09-05,2023-10-13,2023-10-29,2024-08-04,,Ongoing,79.0,AGY-DRDA-04,District Rural Development Agency (DRDA),2,2,False,DEMO/SYNTHETIC DATA
MPL-2024-AS-001183,REC-2023-1488,MP-LS-17-89,Hon'ble Member of Parliament (Gauhati),"RO Water Treatment Plant at Sualkuchi, Block Rangia",Drinking Water,RO Water Treatment Plant,Assam,Kamrup,Gauhati,Rangia,Sualkuchi,26.0699,91.7656,1550000.0,1500000.0,1500000.0,0.0,2023-07-08,2023-08-29,2023-09-12,2024-05-02,2024-05-05,Completed,100.0,AGY-XYZ-99,XYZ Infrastructure & Construction Private Ltd,5,2,True,DEMO/SYNTHETIC DATA
MPL-2024-RA-001184,REC-2023-2841,MP-LS-17-35,Hon'ble Member of Parliament (Jaipur Rural),"Culvert & Drainage Bridge at Nayla, Block Chaksu",Rural Roads & Bridges,Culvert & Drainage Bridge,Rajasthan,Jaipur,Jaipur Rural,Chaksu,Nayla,26.8703,75.817,2180000.0,2030000.0,2030000.0,0.0,2023-08-14,2023-09-06,2023-09-24,2024-03-28,2024-04-19,Completed,100.0,AGY-ZP-03,Zila Parishad Rural Infrastructure Cell,5,3,True,DEMO/SYNTHETIC DATA
MPL-2024-RA-001185,REC-2023-6211,MP-LS-17-48,Hon'ble Member of Parliament (Jaipur Rural),"Public Bus Passenger Shelter at Achrol, Block Kotputli",Community Infrastructure,Public Bus Passenger Shelter,Rajasthan,Jaipur,Jaipur Rural,Kotputli,Achrol,26.8583,75.8309,2940000.0,2890000.0,2890000.0,0.0,2023-07-16,2023-08-28,2023-09-23,2024-05-15,2024-05-07,Completed,100.0,AGY-WSS-05,Public Health Engineering & Water Supply Dept,5,3,True,DEMO/SYNTHETIC DATA
MPL-2024-RA-001186,REC-2023-7603,MP-LS-17-54,Hon'ble Member of Parliament (Jaipur Rural),"Crematorium Shed with Amenities at Bagru, Block Amer",Community Infrastructure,Crematorium Shed with Amenities,Rajasthan,Jaipur,Jaipur Rural,Amer,Bagru,26.8467,75.7391,2710000.0,2560000.0,2560000.0,0.0,2023-11-20,2024-01-09,2024-02-08,2024-09-23,2024-10-14,Completed,100.0,AGY-PWD-01,Public Works Department (PWD) Division I,4,2,True,DEMO/SYNTHETIC DATA
MPL-2024-WE-001187,REC-2023-5905,MP-LS-17-16,Hon'ble Member of Parliament (Krishnanagar),"High-Mast Solar Lighting Chowk at Dhubulia, Block Chapra",Solar & Renewable Energy,High-Mast Solar Lighting Chowk,West Bengal,Nadia,Krishnanagar,Chapra,Dhubulia,23.3827,88.5649,900000.0,750000.0,750000.0,0.0,2023-03-05,2023-04-03,2023-04-27,2023-10-10,2023-10-22,Completed,100.0,AGY-PWD-01,Public Works Department (PWD) Division I,4,2,True,DEMO/SYNTHETIC DATA
MPL-2024-AS-001188,REC-2023-8012,MP-LS-17-22,Hon'ble Member of Parliament (Gauhati),"RO Water Treatment Plant at Boko, Block Bezera",Drinking Water,RO Water Treatment Plant,Assam,Kamrup,Gauhati,Bezera,Boko,26.0746,91.7773,820000.0,670000.0,670000.0,0.0,2023-02-09,2023-03-30,2023-04-11,2024-01-11,2024-02-14,Completed,100.0,AGY-ZP-03,Zila Parishad Rural Infrastructure Cell,4,4,True,DEMO/SYNTHETIC DATA
MPL-2024-WE-001189,REC-2023-4780,MP-LS-17-82,Hon'ble Member of Parliament (Krishnanagar),"RO Water Treatment Plant at Debagram, Block Krishnanagar-I",Drinking Water,RO Water Treatment Plant,West Bengal,Nadia,Krishnanagar,Krishnanagar-I,Debagram,23.3642,88.5246,2250000.0,2100000.0,670000.0,1430000.0,2023-04-27,2023-06-22,2023-07-07,2024-03-07,,Ongoing,31.0,AGY-XYZ-99,XYZ Infrastructure & Construction Private Ltd,2,1,False,DEMO/SYNTHETIC DATA
MPL-2024-BI-001190,REC-2023-7294,MP-LS-17-84,Hon'ble Member of Parliament (Patna Sahib),"School Science Laboratory at Ranipur, Block Danapur",Education & Classrooms,School Science Laboratory,Bihar,Patna,Patna Sahib,Danapur,Ranipur,25.6599,85.1791,1440000.0,1340000.0,1340000.0,0.0,2023-05-14,2023-06-25,2023-07-21,2024-05-06,2024-05-16,Completed,100.0,AGY-ZP-03,Zila Parishad Rural Infrastructure Cell,5,2,True,DEMO/SYNTHETIC DATA
MPL-2024-BI-001191,REC-2023-2265,MP-LS-17-91,Hon'ble Member of Parliament (Patna Sahib),"Link Road Widening at Sabbalpur, Block Sampatchak",Rural Roads & Bridges,Link Road Widening,Bihar,Patna,Patna Sahib,Sampatchak,Sabbalpur,25.629,85.066,3790000.0,3790000.0,1137000.0,2653000.0,2023-11-08,2023-12-26,2024-01-21,2024-10-30,,Ongoing,28.0,AGY-XYZ-99,XYZ Infrastructure & Construction Private Ltd,4,2,False,DEMO/SYNTHETIC DATA
MPL-2024-WE-001192,REC-2023-4673,MP-LS-17-74,Hon'ble Member of Parliament (Krishnanagar),"High-Mast Solar Lighting Chowk at Mayapur, Block Nabadwip",Solar & Renewable Energy,High-Mast Solar Lighting Chowk,West Bengal,Nadia,Krishnanagar,Nabadwip,Mayapur,23.3399,88.4944,620000.0,520000.0,520000.0,0.0,2023-03-02,2023-04-19,2023-05-18,2024-01-21,2024-02-21,Completed,100.0,AGY-PWD-01,Public Works Department (PWD) Division I,5,3,True,DEMO/SYNTHETIC DATA
MPL-2024-KA-001193,REC-2023-5027,MP-LS-17-39,Hon'ble Member of Parliament (Bangalore North),"Additional Classroom Building at Doddaballapur Rd, Block Yelahanka",Education & Classrooms,Additional Classroom Building,Karnataka,Bengaluru Urban,Bangalore North,Yelahanka,Doddaballapur Rd,12.9807,77.5163,1840000.0,1790000.0,1790000.0,0.0,2023-04-11,2023-05-12,2023-05-30,2023-12-25,2024-01-31,Completed,100.0,AGY-PWD-01,Public Works Department (PWD) Division I,5,2,True,DEMO/SYNTHETIC DATA
MPL-2024-RA-001194,REC-2023-5243,MP-LS-17-39,Hon'ble Member of Parliament (Jaipur Rural),"Community Public Toilet Complex at Kukas, Block Shahpura",Health & Sanitation,Community Public Toilet Complex,Rajasthan,Jaipur,Jaipur Rural,Shahpura,Kukas,26.9335,75.7421,1520000.0,1370000.0,1000000.0,370000.0,2023-07-24,2023-09-15,2023-09-25,2024-04-04,,Ongoing,77.0,AGY-WSS-05,Public Health Engineering & Water Supply Dept,4,1,False,DEMO/SYNTHETIC DATA
MPL-2024-BI-001195,REC-2023-7607,MP-LS-17-76,Hon'ble Member of Parliament (Patna Sahib),"Hand Pump Installation Cluster at Sabbalpur, Block Danapur",Drinking Water,Hand Pump Installation Cluster,Bihar,Patna,Patna Sahib,Danapur,Sabbalpur,25.5342,85.183,1920000.0,1920000.0,519000.0,1401000.0,2023-10-17,2023-12-12,2023-12-30,2024-08-14,,Ongoing,28.0,AGY-DRDA-04,District Rural Development Agency (DRDA),3,1,False,DEMO/SYNTHETIC DATA
MPL-2024-MA-001196,REC-2023-7027,MP-LS-17-22,Hon'ble Member of Parliament (Thane),"Senior Citizen Recreation Shed at Khadavali, Block Shahapur",Community Infrastructure,Senior Citizen Recreation Shed,Maharashtra,Thane,Thane,Shahapur,Khadavali,19.2351,73.0061,1820000.0,1770000.0,0.0,1770000.0,2023-04-04,2023-05-08,2023-05-25,2023-12-02,,Sanctioned,0.0,AGY-ZP-03,Zila Parishad Rural Infrastructure Cell,2,0,False,DEMO/SYNTHETIC DATA
MPL-2024-RA-001197,REC-2023-5364,MP-LS-17-67,Hon'ble Member of Parliament (Jaipur Rural),"Panchayat Community Hall at Nayla, Block Chaksu",Community Infrastructure,Panchayat Community Hall,Rajasthan,Jaipur,Jaipur Rural,Chaksu,Nayla,26.9629,75.7623,3920000.0,3870000.0,2845000.0,1025000.0,2023-09-28,2023-11-23,2023-12-10,2024-09-16,,Ongoing,68.0,AGY-WSS-05,Public Health Engineering & Water Supply Dept,2,1,False,DEMO/SYNTHETIC DATA
MPL-2024-BI-001198,REC-2023-1332,MP-LS-17-92,Hon'ble Member of Parliament (Patna Sahib),"Piped Water Overhead Tank at Ranipur, Block Fatuha",Drinking Water,Piped Water Overhead Tank,Bihar,Patna,Patna Sahib,Fatuha,Ranipur,25.6078,85.0841,940000.0,940000.0,940000.0,0.0,2023-11-15,2024-01-13,2024-02-03,2024-09-28,2024-10-12,Completed,100.0,AGY-ZP-03,Zila Parishad Rural Infrastructure Cell,5,3,True,DEMO/SYNTHETIC DATA
MPL-2024-MA-001199,REC-2023-8726,MP-LS-17-15,Hon'ble Member of Parliament (Thane),"Smart Digital Library Block at Vashind, Block Shahapur",Education & Classrooms,Smart Digital Library Block,Maharashtra,Thane,Thane,Shahapur,Vashind,19.291,73.0416,1610000.0,1560000.0,756000.0,804000.0,2023-10-14,2023-12-12,2024-01-04,2024-08-11,,Ongoing,52.0,AGY-ZP-03,Zila Parishad Rural Infrastructure Cell,4,2,False,DEMO/SYNTHETIC DATA
MPL-2024-BI-001200,REC-2023-7432,MP-LS-17-45,Hon'ble Member of Parliament (Patna Sahib),"Village Waste Segregation Shed at Ranipur, Block Phulwari Sharif",Health & Sanitation,Village Waste Segregation Shed,Bihar,Patna,Patna Sahib,Phulwari Sharif,Ranipur,25.53,85.085,1890000.0,1840000.0,1071000.0,769000.0,2023-11-21,2024-01-11,2024-02-01,2024-08-11,,Ongoing,64.0,AGY-XYZ-99,XYZ Infrastructure & Construction Private Ltd,4,1,False,DEMO/SYNTHETIC DATA
MPL-2024-KE-001201,REC-2023-7763,MP-LS-17-40,Hon'ble Member of Parliament (Ernakulam),"RO Water Treatment Plant at Kothamangalam, Block Angamaly",Drinking Water,RO Water Treatment Plant,Kerala,Ernakulam,Ernakulam,Angamaly,Kothamangalam,9.9022,76.3206,1770000.0,1670000.0,1670000.0,0.0,2023-06-26,2023-07-29,2023-08-20,2024-02-05,2024-01-22,Completed,100.0,AGY-DRDA-04,District Rural Development Agency (DRDA),4,4,True,DEMO/SYNTHETIC DATA
MPL-2024-WE-001202,REC-2023-7474,MP-LS-17-46,Hon'ble Member of Parliament (Krishnanagar),"Smart Digital Library Block at Tehatta, Block Krishnanagar-I",Education & Classrooms,Smart Digital Library Block,West Bengal,Nadia,Krishnanagar,Krishnanagar-I,Tehatta,23.3641,88.5503,2340000.0,2190000.0,603000.0,1587000.0,2023-06-01,2023-06-26,2023-07-18,2024-01-20,,Ongoing,30.0,AGY-XYZ-99,XYZ Infrastructure & Construction Private Ltd,2,1,False,DEMO/SYNTHETIC DATA
MPL-2024-RA-001203,REC-2023-3278,MP-LS-17-86,Hon'ble Member of Parliament (Jaipur Rural),"Health Diagnostic Equipment at Manoharpur, Block Sanganer",Health & Sanitation,Health Diagnostic Equipment,Rajasthan,Jaipur,Jaipur Rural,Sanganer,Manoharpur,26.94,75.817,1410000.0,1310000.0,1310000.0,0.0,2023-05-16,2023-07-07,2023-07-24,2024-03-24,2024-04-24,Completed,100.0,AGY-PWD-01,Public Works Department (PWD) Division I,4,2,True,DEMO/SYNTHETIC DATA
MPL-2024-BI-001204,REC-2023-6376,MP-LS-17-28,Hon'ble Member of Parliament (Patna Sahib),"Culvert & Drainage Bridge at Baikatpur, Block Fatuha",Rural Roads & Bridges,Culvert & Drainage Bridge,Bihar,Patna,Patna Sahib,Fatuha,Baikatpur,25.6231,85.1538,2160000.0,2160000.0,1055000.0,1105000.0,2023-02-09,2023-03-03,2023-03-17,2023-07-28,,Ongoing,52.0,AGY-XYZ-99,XYZ Infrastructure & Construction Private Ltd,2,3,False,DEMO/SYNTHETIC DATA
MPL-2024-AS-001205,REC-2023-2782,MP-LS-17-78,Hon'ble Member of Parliament (Gauhati),"School Boundary Wall & Sanitation at Mirza, Block Kamalpur",Education & Classrooms,School Boundary Wall & Sanitation,Assam,Kamrup,Gauhati,Kamalpur,Mirza,26.1039,91.7281,3440000.0,3340000.0,3340000.0,0.0,2023-07-13,2023-08-28,2023-09-25,2024-04-09,2024-05-08,Completed,100.0,AGY-ZP-03,Zila Parishad Rural Infrastructure Cell,4,2,True,DEMO/SYNTHETIC DATA
MPL-2024-KE-001206,REC-2023-6880,MP-LS-17-83,Hon'ble Member of Parliament (Ernakulam),"High-Mast Solar Lighting Chowk at Kalamassery, Block Aluva",Solar & Renewable Energy,High-Mast Solar Lighting Chowk,Kerala,Ernakulam,Ernakulam,Aluva,Kalamassery,10.0076,76.3631,1030000.0,930000.0,264000.0,666000.0,2023-05-05,2023-05-30,2023-06-29,2024-01-07,,Ongoing,30.0,AGY-DRDA-04,District Rural Development Agency (DRDA),4,2,False,DEMO/SYNTHETIC DATA
MPL-2024-BI-001207,REC-2023-8028,MP-LS-17-17,Hon'ble Member of Parliament (Patna Sahib),"Rooftop Solar for Govt Hospital at Gauri Chak, Block Bakhtiarpur",Solar & Renewable Energy,Rooftop Solar for Govt Hospital,Bihar,Patna,Patna Sahib,Bakhtiarpur,Gauri Chak,25.5807,85.1602,1250000.0,1150000.0,534000.0,616000.0,2023-06-04,2023-07-08,2023-08-07,2024-04-25,,Ongoing,48.0,AGY-DRDA-04,District Rural Development Agency (DRDA),3,2,False,DEMO/SYNTHETIC DATA
MPL-2024-KE-001208,REC-2023-3801,MP-LS-17-93,Hon'ble Member of Parliament (Ernakulam),"Deep Borewell & Solar Pump System at Edappally, Block Angamaly",Drinking Water,Deep Borewell & Solar Pump System,Kerala,Ernakulam,Ernakulam,Angamaly,Edappally,9.9135,76.2917,780000.0,780000.0,517000.0,263000.0,2023-06-09,2023-07-23,2023-08-13,2024-01-15,,Ongoing,63.0,AGY-RWD-02,Rural Works Department (RWD) Engineering Wing,2,2,False,DEMO/SYNTHETIC DATA
MPL-2024-RA-001209,REC-2023-5990,MP-LS-17-69,Hon'ble Member of Parliament (Jaipur Rural),"RO Water Treatment Plant at Kukas, Block Shahpura",Drinking Water,RO Water Treatment Plant,Rajasthan,Jaipur,Jaipur Rural,Shahpura,Kukas,26.9037,75.8391,1130000.0,1130000.0,1130000.0,0.0,2023-06-24,2023-08-10,2023-08-28,2024-06-21,2024-07-24,Completed,100.0,AGY-XYZ-99,XYZ Infrastructure & Construction Private Ltd,4,3,True,DEMO/SYNTHETIC DATA
MPL-2024-MA-001210,REC-2023-9403,MP-LS-17-29,Hon'ble Member of Parliament (Thane),"Primary Health Sub-Centre Building at Khadavali, Block Kalyan",Health & Sanitation,Primary Health Sub-Centre Building,Maharashtra,Thane,Thane,Kalyan,Khadavali,19.272,72.9862,2020000.0,1870000.0,1870000.0,0.0,2023-09-14,2023-10-23,2023-11-11,2024-08-23,2024-08-15,Completed,100.0,AGY-XYZ-99,XYZ Infrastructure & Construction Private Ltd,4,3,True,DEMO/SYNTHETIC DATA
MPL-2024-KE-001211,REC-2023-6835,MP-LS-17-72,Hon'ble Member of Parliament (Ernakulam),"Panchayat Community Hall at Kothamangalam, Block Vyttila",Community Infrastructure,Panchayat Community Hall,Kerala,Ernakulam,Ernakulam,Vyttila,Kothamangalam,9.9075,76.323,3430000.0,3380000.0,3380000.0,0.0,2023-04-18,2023-06-14,2023-07-12,2024-05-07,2024-06-07,Completed,100.0,AGY-RWD-02,Rural Works Department (RWD) Engineering Wing,5,3,True,DEMO/SYNTHETIC DATA
MPL-2024-BI-001212,REC-2023-8562,MP-LS-17-92,Hon'ble Member of Parliament (Patna Sahib),"Additional Classroom Building at Ranipur, Block Danapur",Education & Classrooms,Additional Classroom Building,Bihar,Patna,Patna Sahib,Danapur,Ranipur,25.6731,85.1159,1360000.0,1260000.0,447000.0,813000.0,2023-06-26,2023-07-26,2023-08-17,2024-03-12,,Ongoing,36.0,AGY-DRDA-04,District Rural Development Agency (DRDA),4,1,False,DEMO/SYNTHETIC DATA
MPL-2024-RA-001213,REC-2023-3137,MP-LS-17-25,Hon'ble Member of Parliament (Jaipur Rural),"Village Waste Segregation Shed at Manoharpur, Block Shahpura",Health & Sanitation,Village Waste Segregation Shed,Rajasthan,Jaipur,Jaipur Rural,Shahpura,Manoharpur,26.9699,75.8183,1540000.0,1490000.0,892000.0,598000.0,2023-02-03,2023-03-12,2023-04-07,2023-12-20,,Ongoing,55.0,AGY-DRDA-04,District Rural Development Agency (DRDA),3,3,False,DEMO/SYNTHETIC DATA
MPL-2024-RA-001214,REC-2023-2497,MP-LS-17-66,Hon'ble Member of Parliament (Jaipur Rural),"RO Water Treatment Plant at Nayla, Block Sanganer",Drinking Water,RO Water Treatment Plant,Rajasthan,Jaipur,Jaipur Rural,Sanganer,Nayla,26.9767,75.8486,1980000.0,1980000.0,1980000.0,0.0,2023-06-03,2023-07-26,2023-08-18,2024-01-16,2024-02-06,Completed,100.0,AGY-RWD-02,Rural Works Department (RWD) Engineering Wing,4,3,True,DEMO/SYNTHETIC DATA
MPL-2024-RA-001215,REC-2023-4799,MP-LS-17-36,Hon'ble Member of Parliament (Jaipur Rural),"Public Bus Passenger Shelter at Kukas, Block Kotputli",Community Infrastructure,Public Bus Passenger Shelter,Rajasthan,Jaipur,Jaipur Rural,Kotputli,Kukas,26.9148,75.7932,1110000.0,1010000.0,1010000.0,0.0,2023-03-01,2023-04-25,2023-05-08,2023-12-25,2023-12-26,Completed,100.0,AGY-PWD-01,Public Works Department (PWD) Division I,4,2,True,DEMO/SYNTHETIC DATA
MPL-2024-UT-001216,REC-2023-7917,MP-LS-17-96,Hon'ble Member of Parliament (Varanasi),"School Boundary Wall & Sanitation at Babatpur, Block Arajiline",Education & Classrooms,School Boundary Wall & Sanitation,Uttar Pradesh,Varanasi,Varanasi,Arajiline,Babatpur,25.3015,82.9185,2100000.0,2100000.0,0.0,2100000.0,2023-05-07,2023-06-11,2023-06-29,2024-01-05,,Sanctioned,0.0,AGY-XYZ-99,XYZ Infrastructure & Construction Private Ltd,2,0,False,DEMO/SYNTHETIC DATA
MPL-2024-BI-001217,REC-2023-4081,MP-LS-17-76,Hon'ble Member of Parliament (Patna Sahib),"School Science Laboratory at Gauri Chak, Block Bakhtiarpur",Education & Classrooms,School Science Laboratory,Bihar,Patna,Patna Sahib,Bakhtiarpur,Gauri Chak,25.6141,85.1901,1320000.0,1270000.0,711000.0,559000.0,2023-07-08,2023-08-16,2023-08-31,2024-05-30,,Ongoing,53.0,AGY-XYZ-99,XYZ Infrastructure & Construction Private Ltd,3,1,False,DEMO/SYNTHETIC DATA
MPL-2024-RA-001218,REC-2023-1564,MP-LS-17-88,Hon'ble Member of Parliament (Jaipur Rural),"Piped Water Overhead Tank at Bagru, Block Shahpura",Drinking Water,Piped Water Overhead Tank,Rajasthan,Jaipur,Jaipur Rural,Shahpura,Bagru,26.9481,75.8445,2290000.0,2140000.0,1285000.0,855000.0,2023-04-21,2023-05-28,2023-06-13,2024-04-02,,Ongoing,63.0,AGY-PWD-01,Public Works Department (PWD) Division I,4,2,False,DEMO/SYNTHETIC DATA
MPL-2024-BI-001219,REC-2023-8793,MP-LS-17-56,Hon'ble Member of Parliament (Patna Sahib),"Smart Digital Library Block at Gauri Chak, Block Danapur",Education & Classrooms,Smart Digital Library Block,Bihar,Patna,Patna Sahib,Danapur,Gauri Chak,25.5969,85.1801,2790000.0,2690000.0,2022000.0,668000.0,2023-03-01,2023-04-07,2023-05-06,2024-02-27,,Ongoing,76.0,AGY-XYZ-99,XYZ Infrastructure & Construction Private Ltd,3,2,False,DEMO/SYNTHETIC DATA
MPL-2024-KE-001220,REC-2023-9025,MP-LS-17-51,Hon'ble Member of Parliament (Ernakulam),"Village Waste Segregation Shed at Cherai, Block Aluva",Health & Sanitation,Village Waste Segregation Shed,Kerala,Ernakulam,Ernakulam,Aluva,Cherai,9.9114,76.3162,2360000.0,2260000.0,1775000.0,485000.0,2023-09-15,2023-10-31,2023-11-30,2024-06-04,,Ongoing,80.0,AGY-XYZ-99,XYZ Infrastructure & Construction Private Ltd,3,3,False,DEMO/SYNTHETIC DATA
MPL-2024-MA-001221,REC-2023-5023,MP-LS-17-93,Hon'ble Member of Parliament (Thane),"Village Waste Segregation Shed at Vashind, Block Kalyan",Health & Sanitation,Village Waste Segregation Shed,Maharashtra,Thane,Thane,Kalyan,Vashind,19.1445,73.0564,2250000.0,2150000.0,2150000.0,0.0,2023-09-19,2023-11-04,2023-12-02,2024-08-18,2024-08-07,Completed,100.0,AGY-ZP-03,Zila Parishad Rural Infrastructure Cell,4,2,True,DEMO/SYNTHETIC DATA
MPL-2024-RA-001222,REC-2023-5786,MP-LS-17-24,Hon'ble Member of Parliament (Jaipur Rural),"Deep Borewell & Solar Pump System at Manoharpur, Block Amer",Drinking Water,Deep Borewell & Solar Pump System,Rajasthan,Jaipur,Jaipur Rural,Amer,Manoharpur,26.989,75.7226,1760000.0,1660000.0,1660000.0,0.0,2023-09-25,2023-10-19,2023-10-31,2024-07-03,2024-07-18,Completed,100.0,AGY-ZP-03,Zila Parishad Rural Infrastructure Cell,4,3,True,DEMO/SYNTHETIC DATA
MPL-2024-AS-001223,REC-2023-8309,MP-LS-17-27,Hon'ble Member of Parliament (Gauhati),"RO Water Treatment Plant at Mirza, Block Rangia",Drinking Water,RO Water Treatment Plant,Assam,Kamrup,Gauhati,Rangia,Mirza,26.1945,91.7035,510000.0,510000.0,338000.0,172000.0,2023-12-22,2024-01-15,2024-02-09,2024-07-17,,Ongoing,69.0,AGY-XYZ-99,XYZ Infrastructure & Construction Private Ltd,3,2,False,DEMO/SYNTHETIC DATA
MPL-2024-MA-001224,REC-2023-1855,MP-LS-17-26,Hon'ble Member of Parliament (Thane),"Rooftop Solar for Govt Hospital at Tokawade, Block Murbad",Solar & Renewable Energy,Rooftop Solar for Govt Hospital,Maharashtra,Thane,Thane,Murbad,Tokawade,19.2866,72.9244,1050000.0,1000000.0,611000.0,389000.0,2023-11-02,2023-12-22,2024-01-16,2024-06-18,,Ongoing,65.0,AGY-XYZ-99,XYZ Infrastructure & Construction Private Ltd,2,1,False,DEMO/SYNTHETIC DATA
MPL-2024-KE-001225,REC-2023-7138,MP-LS-17-24,Hon'ble Member of Parliament (Ernakulam),"Community Public Toilet Complex at Perumbavoor, Block Angamaly",Health & Sanitation,Community Public Toilet Complex,Kerala,Ernakulam,Ernakulam,Angamaly,Perumbavoor,10.0499,76.2361,2190000.0,2190000.0,2190000.0,0.0,2023-02-17,2023-04-02,2023-04-29,2023-09-19,2023-10-06,Completed,100.0,AGY-ZP-03,Zila Parishad Rural Infrastructure Cell,4,2,True,DEMO/SYNTHETIC DATA
MPL-2024-MA-001226,REC-2023-8280,MP-LS-17-70,Hon'ble Member of Parliament (Thane),"Hand Pump Installation Cluster at Titwala, Block Bhiwandi",Drinking Water,Hand Pump Installation Cluster,Maharashtra,Thane,Thane,Bhiwandi,Titwala,19.1939,73.0458,2330000.0,2180000.0,509000.0,1671000.0,2023-07-11,2023-08-31,2023-09-11,2024-04-29,,Ongoing,24.0,AGY-ZP-03,Zila Parishad Rural Infrastructure Cell,4,2,False,DEMO/SYNTHETIC DATA
MPL-2024-BI-001227,REC-2023-2244,MP-LS-17-66,Hon'ble Member of Parliament (Patna Sahib),"High-Mast Solar Lighting Chowk at Jethuli, Block Danapur",Solar & Renewable Energy,High-Mast Solar Lighting Chowk,Bihar,Patna,Patna Sahib,Danapur,Jethuli,25.587,85.0587,1250000.0,1100000.0,899000.0,201000.0,2023-10-25,2023-11-25,2023-12-21,2024-05-28,,Ongoing,78.0,AGY-XYZ-99,XYZ Infrastructure & Construction Private Ltd,3,3,False,DEMO/SYNTHETIC DATA
MPL-2024-AS-001228,REC-2023-8290,MP-LS-17-97,Hon'ble Member of Parliament (Gauhati),"Additional Classroom Building at Sualkuchi, Block Rangia",Education & Classrooms,Additional Classroom Building,Assam,Kamrup,Gauhati,Rangia,Sualkuchi,26.1145,91.7057,2980000.0,2930000.0,2930000.0,0.0,2023-07-25,2023-09-18,2023-10-15,2024-05-25,2024-06-10,Completed,100.0,AGY-WSS-05,Public Health Engineering & Water Supply Dept,4,2,True,DEMO/SYNTHETIC DATA
MPL-2024-KA-001229,REC-2023-4646,MP-LS-17-39,Hon'ble Member of Parliament (Bangalore North),"RO Water Treatment Plant at Doddaballapur Rd, Block K.R. Puram",Drinking Water,RO Water Treatment Plant,Karnataka,Bengaluru Urban,Bangalore North,K.R. Puram,Doddaballapur Rd,12.9052,77.6558,2020000.0,1870000.0,1870000.0,0.0,2023-03-20,2023-04-27,2023-05-14,2023-12-14,2023-12-13,Completed,100.0,AGY-DRDA-04,District Rural Development Agency (DRDA),5,2,True,DEMO/SYNTHETIC DATA
MPL-2024-RA-001230,REC-2023-9188,MP-LS-17-50,Hon'ble Member of Parliament (Jaipur Rural),"Link Road Widening at Manoharpur, Block Amer",Rural Roads & Bridges,Link Road Widening,Rajasthan,Jaipur,Jaipur Rural,Amer,Manoharpur,26.9828,75.8168,4540000.0,4490000.0,2611000.0,1879000.0,2023-10-21,2023-12-02,2024-01-01,2024-06-19,,Ongoing,54.0,AGY-WSS-05,Public Health Engineering & Water Supply Dept,4,1,False,DEMO/SYNTHETIC DATA
MPL-2024-WE-001231,REC-2023-2183,MP-LS-17-12,Hon'ble Member of Parliament (Krishnanagar),"Panchayat Community Hall at Tehatta, Block Chapra",Community Infrastructure,Panchayat Community Hall,West Bengal,Nadia,Krishnanagar,Chapra,Tehatta,23.4691,88.5531,1010000.0,1010000.0,518000.0,492000.0,2023-02-14,2023-03-19,2023-04-14,2024-01-04,,Ongoing,51.0,AGY-WSS-05,Public Health Engineering & Water Supply Dept,4,3,False,DEMO/SYNTHETIC DATA
MPL-2024-AS-001232,REC-2023-6685,MP-LS-17-38,Hon'ble Member of Parliament (Gauhati),"Additional Classroom Building at Boko, Block Chaygaon",Education & Classrooms,Additional Classroom Building,Assam,Kamrup,Gauhati,Chaygaon,Boko,26.2005,91.657,1420000.0,1370000.0,0.0,1370000.0,2023-04-11,2023-05-29,2023-06-20,2023-10-27,,Sanctioned,0.0,AGY-XYZ-99,XYZ Infrastructure & Construction Private Ltd,2,0,False,DEMO/SYNTHETIC DATA
MPL-2024-WE-001233,REC-2023-4215,MP-LS-17-19,Hon'ble Member of Parliament (Krishnanagar),"Senior Citizen Recreation Shed at Dhubulia, Block Krishnanagar-I",Community Infrastructure,Senior Citizen Recreation Shed,West Bengal,Nadia,Krishnanagar,Krishnanagar-I,Dhubulia,23.332,88.4462,2780000.0,2680000.0,2680000.0,0.0,2023-07-09,2023-08-14,2023-09-05,2024-04-11,2024-03-30,Completed,100.0,AGY-RWD-02,Rural Works Department (RWD) Engineering Wing,5,4,True,DEMO/SYNTHETIC DATA
MPL-2024-MA-001234,REC-2023-4120,MP-LS-17-61,Hon'ble Member of Parliament (Thane),"Paver Block Road at Khadavali, Block Murbad",Rural Roads & Bridges,Paver Block Road,Maharashtra,Thane,Thane,Murbad,Khadavali,19.2247,72.9782,3190000.0,3090000.0,3090000.0,0.0,2023-01-02,2023-02-13,2023-02-26,2023-11-10,2023-10-31,Completed,100.0,AGY-PWD-01,Public Works Department (PWD) Division I,4,4,True,DEMO/SYNTHETIC DATA
MPL-2024-WE-001235,REC-2023-1568,MP-LS-17-88,Hon'ble Member of Parliament (Krishnanagar),"Additional Classroom Building at Mayapur, Block Chapra",Education & Classrooms,Additional Classroom Building,West Bengal,Nadia,Krishnanagar,Chapra,Mayapur,23.4314,88.4295,2390000.0,2390000.0,1037000.0,1353000.0,2023-01-28,2023-03-24,2023-04-05,2023-10-21,,Ongoing,47.0,AGY-ZP-03,Zila Parishad Rural Infrastructure Cell,3,1,False,DEMO/SYNTHETIC DATA
MPL-2024-KA-001236,REC-2023-2684,MP-LS-17-92,Hon'ble Member of Parliament (Bangalore North),"Health Diagnostic Equipment at Singanayakanahalli, Block Anekal",Health & Sanitation,Health Diagnostic Equipment,Karnataka,Bengaluru Urban,Bangalore North,Anekal,Singanayakanahalli,12.9966,77.5239,1260000.0,1110000.0,1110000.0,0.0,2023-09-10,2023-10-01,2023-10-16,2024-08-09,2024-08-13,Completed,100.0,AGY-DRDA-04,District Rural Development Agency (DRDA),5,4,True,DEMO/SYNTHETIC DATA
MPL-2024-MA-001237,REC-2023-4469,MP-LS-17-17,Hon'ble Member of Parliament (Thane),"Smart Digital Library Block at Khadavali, Block Murbad",Education & Classrooms,Smart Digital Library Block,Maharashtra,Thane,Thane,Murbad,Khadavali,19.2184,72.9915,2440000.0,2290000.0,1804000.0,486000.0,2023-08-16,2023-09-14,2023-10-13,2024-05-21,,Ongoing,78.0,AGY-DRDA-04,District Rural Development Agency (DRDA),2,1,False,DEMO/SYNTHETIC DATA
MPL-2024-BI-001238,REC-2023-5392,MP-LS-17-21,Hon'ble Member of Parliament (Patna Sahib),"Village Waste Segregation Shed at Baikatpur, Block Fatuha",Health & Sanitation,Village Waste Segregation Shed,Bihar,Patna,Patna Sahib,Fatuha,Baikatpur,25.6591,85.0702,1020000.0,920000.0,645000.0,275000.0,2023-02-15,2023-03-10,2023-03-24,2023-07-29,,Ongoing,77.0,AGY-RWD-02,Rural Works Department (RWD) Engineering Wing,3,2,False,DEMO/SYNTHETIC DATA
MPL-2024-UT-001239,REC-2023-7468,MP-LS-17-10,Hon'ble Member of Parliament (Varanasi),"Health Diagnostic Equipment at Babatpur, Block Arajiline",Health & Sanitation,Health Diagnostic Equipment,Uttar Pradesh,Varanasi,Varanasi,Arajiline,Babatpur,25.2643,83.0208,1680000.0,1530000.0,1530000.0,0.0,2023-09-03,2023-10-06,2023-10-29,2024-06-04,2024-06-17,Completed,100.0,AGY-DRDA-04,District Rural Development Agency (DRDA),4,2,True,DEMO/SYNTHETIC DATA
MPL-2024-RA-001240,REC-2023-8317,MP-LS-17-73,Hon'ble Member of Parliament (Jaipur Rural),"Panchayat Community Hall at Achrol, Block Shahpura",Community Infrastructure,Panchayat Community Hall,Rajasthan,Jaipur,Jaipur Rural,Shahpura,Achrol,26.924,75.7904,3060000.0,3010000.0,3010000.0,0.0,2023-04-02,2023-05-29,2023-06-23,2023-11-24,2023-12-21,Completed,100.0,AGY-XYZ-99,XYZ Infrastructure & Construction Private Ltd,4,2,True,DEMO/SYNTHETIC DATA
MPL-2024-KA-001241,REC-2023-2991,MP-LS-17-83,Hon'ble Member of Parliament (Bangalore North),"Panchayat Community Hall at Singanayakanahalli, Block Yelahanka",Community Infrastructure,Panchayat Community Hall,Karnataka,Bengaluru Urban,Bangalore North,Yelahanka,Singanayakanahalli,12.9874,77.5461,3250000.0,3200000.0,2150000.0,1050000.0,2023-12-09,2024-01-16,2024-02-08,2024-08-21,,Ongoing,67.0,AGY-ZP-03,Zila Parishad Rural Infrastructure Cell,4,3,False,DEMO/SYNTHETIC DATA
MPL-2024-AS-001242,REC-2023-8124,MP-LS-17-32,Hon'ble Member of Parliament (Gauhati),"Crematorium Shed with Amenities at Mirza, Block Hajo",Community Infrastructure,Crematorium Shed with Amenities,Assam,Kamrup,Gauhati,Hajo,Mirza,26.1652,91.7391,3770000.0,3670000.0,3670000.0,0.0,2023-10-27,2023-11-28,2023-12-28,2024-07-28,2024-07-15,Completed,100.0,AGY-DRDA-04,District Rural Development Agency (DRDA),5,3,True,DEMO/SYNTHETIC DATA
MPL-2024-MA-001243,REC-2023-3512,MP-LS-17-18,Hon'ble Member of Parliament (Thane),"School Science Laboratory at Padgha, Block Murbad",Education & Classrooms,School Science Laboratory,Maharashtra,Thane,Thane,Murbad,Padgha,19.1765,72.9275,2850000.0,2800000.0,2800000.0,0.0,2023-07-06,2023-09-04,2023-10-03,2024-07-24,2024-08-24,Completed,100.0,AGY-ZP-03,Zila Parishad Rural Infrastructure Cell,5,2,True,DEMO/SYNTHETIC DATA
MPL-2024-UT-001244,REC-2023-1041,MP-LS-17-24,Hon'ble Member of Parliament (Varanasi),"Village Waste Segregation Shed at Chhatar, Block Pindra",Health & Sanitation,Village Waste Segregation Shed,Uttar Pradesh,Varanasi,Varanasi,Pindra,Chhatar,25.3279,82.9305,2040000.0,1940000.0,1940000.0,0.0,2023-07-02,2023-07-25,2023-08-14,2024-02-23,2024-04-02,Completed,100.0,AGY-XYZ-99,XYZ Infrastructure & Construction Private Ltd,5,3,True,DEMO/SYNTHETIC DATA
MPL-2024-BI-001245,REC-2023-8973,MP-LS-17-39,Hon'ble Member of Parliament (Patna Sahib),"Piped Water Overhead Tank at Gauri Chak, Block Fatuha",Drinking Water,Piped Water Overhead Tank,Bihar,Patna,Patna Sahib,Fatuha,Gauri Chak,25.6574,85.0731,2570000.0,2470000.0,2470000.0,0.0,2023-09-21,2023-11-19,2023-11-29,2024-09-12,2024-10-20,Completed,100.0,AGY-XYZ-99,XYZ Infrastructure & Construction Private Ltd,5,4,True,DEMO/SYNTHETIC DATA
MPL-2024-KA-001246,REC-2023-2265,MP-LS-17-18,Hon'ble Member of Parliament (Bangalore North),"CC Road Construction at Singanayakanahalli, Block K.R. Puram",Rural Roads & Bridges,CC Road Construction,Karnataka,Bengaluru Urban,Bangalore North,K.R. Puram,Singanayakanahalli,12.9151,77.6266,2730000.0,2680000.0,2680000.0,0.0,2023-05-24,2023-06-19,2023-07-02,2023-11-07,2023-12-10,Completed,100.0,AGY-RWD-02,Rural Works Department (RWD) Engineering Wing,4,3,True,DEMO/SYNTHETIC DATA
MPL-2024-UT-001247,REC-2023-6543,MP-LS-17-48,Hon'ble Member of Parliament (Varanasi),"High-Mast Solar Lighting Chowk at Shivpur, Block Pindra",Solar & Renewable Energy,High-Mast Solar Lighting Chowk,Uttar Pradesh,Varanasi,Varanasi,Pindra,Shivpur,25.3935,82.9526,700000.0,650000.0,0.0,650000.0,2023-05-17,2023-07-02,2023-07-30,2024-05-21,,Sanctioned,0.0,AGY-XYZ-99,XYZ Infrastructure & Construction Private Ltd,2,0,False,DEMO/SYNTHETIC DATA
MPL-2024-WE-001248,REC-2023-1052,MP-LS-17-18,Hon'ble Member of Parliament (Krishnanagar),"Health Diagnostic Equipment at Dhubulia, Block Chapra",Health & Sanitation,Health Diagnostic Equipment,West Bengal,Nadia,Krishnanagar,Chapra,Dhubulia,23.4243,88.5623,1250000.0,1100000.0,1100000.0,0.0,2023-04-03,2023-05-21,2023-06-04,2023-11-11,2023-10-27,Completed,100.0,AGY-ZP-03,Zila Parishad Rural Infrastructure Cell,5,2,True,DEMO/SYNTHETIC DATA
MPL-2024-RA-001249,REC-2023-6958,MP-LS-17-25,Hon'ble Member of Parliament (Jaipur Rural),"Senior Citizen Recreation Shed at Achrol, Block Chaksu",Community Infrastructure,Senior Citizen Recreation Shed,Rajasthan,Jaipur,Jaipur Rural,Chaksu,Achrol,26.9808,75.8393,2200000.0,2050000.0,2050000.0,0.0,2023-07-05,2023-07-26,2023-08-15,2024-02-06,2024-02-24,Completed,100.0,AGY-DRDA-04,District Rural Development Agency (DRDA),4,3,True,DEMO/SYNTHETIC DATA
MPL-2024-KA-001250,REC-2023-8827,MP-LS-17-88,Hon'ble Member of Parliament (Bangalore North),"RO Water Treatment Plant at Attibele, Block K.R. Puram",Drinking Water,RO Water Treatment Plant,Karnataka,Bengaluru Urban,Bangalore North,K.R. Puram,Attibele,12.9554,77.6696,1610000.0,1610000.0,1610000.0,0.0,2023-10-24,2023-11-23,2023-12-18,2024-06-15,2024-07-10,Completed,100.0,AGY-DRDA-04,District Rural Development Agency (DRDA),5,3,True,DEMO/SYNTHETIC DATA
MPL-2024-MA-001251,REC-2023-7758,MP-LS-17-10,Hon'ble Member of Parliament (Thane),"RO Water Treatment Plant at Tokawade, Block Kalyan",Drinking Water,RO Water Treatment Plant,Maharashtra,Thane,Thane,Kalyan,Tokawade,19.2603,73.0473,1970000.0,1920000.0,1515000.0,405000.0,2023-02-10,2023-03-07,2023-04-05,2023-08-20,,Ongoing,76.0,AGY-ZP-03,Zila Parishad Rural Infrastructure Cell,2,2,False,DEMO/SYNTHETIC DATA
MPL-2024-RA-001252,REC-2023-3895,MP-LS-17-99,Hon'ble Member of Parliament (Jaipur Rural),"CC Road Construction at Manoharpur, Block Amer",Rural Roads & Bridges,CC Road Construction,Rajasthan,Jaipur,Jaipur Rural,Amer,Manoharpur,26.9124,75.7241,3850000.0,3800000.0,2596000.0,1204000.0,2023-11-13,2023-12-06,2023-12-20,2024-09-16,,Ongoing,66.0,AGY-RWD-02,Rural Works Department (RWD) Engineering Wing,3,2,False,DEMO/SYNTHETIC DATA
MPL-2024-KE-001253,REC-2023-6506,MP-LS-17-70,Hon'ble Member of Parliament (Ernakulam),"Solar Street Light Grid (50 poles) at Kalamassery, Block Angamaly",Solar & Renewable Energy,Solar Street Light Grid (50 poles),Kerala,Ernakulam,Ernakulam,Angamaly,Kalamassery,9.9036,76.2551,1250000.0,1150000.0,565000.0,585000.0,2023-07-17,2023-09-08,2023-10-07,2024-05-14,,Ongoing,54.0,AGY-ZP-03,Zila Parishad Rural Infrastructure Cell,4,1,False,DEMO/SYNTHETIC DATA
MPL-2024-UT-001254,REC-2023-7952,MP-LS-17-60,Hon'ble Member of Parliament (Varanasi),"Rooftop Solar for Govt Hospital at Badagaon, Block Pindra",Solar & Renewable Energy,Rooftop Solar for Govt Hospital,Uttar Pradesh,Varanasi,Varanasi,Pindra,Badagaon,25.3505,83.0115,1030000.0,930000.0,486000.0,444000.0,2023-06-12,2023-07-22,2023-08-15,2024-03-14,,Ongoing,54.0,AGY-XYZ-99,XYZ Infrastructure & Construction Private Ltd,3,3,False,DEMO/SYNTHETIC DATA
MPL-2024-KA-001255,REC-2023-1880,MP-LS-17-36,Hon'ble Member of Parliament (Bangalore North),"Paver Block Road at Hesaraghatta, Block Anekal",Rural Roads & Bridges,Paver Block Road,Karnataka,Bengaluru Urban,Bangalore North,Anekal,Hesaraghatta,13.0097,77.6007,4370000.0,4320000.0,4320000.0,0.0,2023-10-04,2023-11-13,2023-11-26,2024-07-24,2024-07-06,Completed,100.0,AGY-RWD-02,Rural Works Department (RWD) Engineering Wing,5,4,True,DEMO/SYNTHETIC DATA
MPL-2024-WE-001256,REC-2023-7381,MP-LS-17-44,Hon'ble Member of Parliament (Krishnanagar),"Additional Classroom Building at Debagram, Block Nabadwip",Education & Classrooms,Additional Classroom Building,West Bengal,Nadia,Krishnanagar,Nabadwip,Debagram,23.4033,88.5551,3100000.0,3050000.0,698000.0,2352000.0,2023-11-27,2024-01-17,2024-02-09,2024-06-08,,Ongoing,22.0,AGY-ZP-03,Zila Parishad Rural Infrastructure Cell,4,3,False,DEMO/SYNTHETIC DATA
MPL-2024-AS-001257,REC-2023-7648,MP-LS-17-81,Hon'ble Member of Parliament (Gauhati),"Crematorium Shed with Amenities at Puthimari, Block Rangia",Community Infrastructure,Crematorium Shed with Amenities,Assam,Kamrup,Gauhati,Rangia,Puthimari,26.2112,91.8073,3330000.0,3180000.0,3180000.0,0.0,2023-11-19,2024-01-15,2024-01-31,2024-06-11,2024-07-01,Completed,100.0,AGY-DRDA-04,District Rural Development Agency (DRDA),4,3,True,DEMO/SYNTHETIC DATA
MPL-2024-RA-001258,REC-2023-3525,MP-LS-17-42,Hon'ble Member of Parliament (Jaipur Rural),"Smart Digital Library Block at Achrol, Block Sanganer",Education & Classrooms,Smart Digital Library Block,Rajasthan,Jaipur,Jaipur Rural,Sanganer,Achrol,26.8501,75.7118,2050000.0,2050000.0,2050000.0,0.0,2023-05-02,2023-06-10,2023-06-21,2024-02-07,2024-02-13,Completed,100.0,AGY-XYZ-99,XYZ Infrastructure & Construction Private Ltd,4,4,True,DEMO/SYNTHETIC DATA
MPL-2024-WE-001259,REC-2023-5988,MP-LS-17-33,Hon'ble Member of Parliament (Krishnanagar),"Paver Block Road at Tehatta, Block Nakashipara",Rural Roads & Bridges,Paver Block Road,West Bengal,Nadia,Krishnanagar,Nakashipara,Tehatta,23.3505,88.4933,2310000.0,2210000.0,0.0,2210000.0,2023-09-09,2023-10-17,2023-11-11,2024-07-08,,Sanctioned,0.0,AGY-PWD-01,Public Works Department (PWD) Division I,2,0,False,DEMO/SYNTHETIC DATA
MPL-2024-AS-001260,REC-2023-9187,MP-LS-17-57,Hon'ble Member of Parliament (Gauhati),"Health Diagnostic Equipment at Dadara, Block Chaygaon",Health & Sanitation,Health Diagnostic Equipment,Assam,Kamrup,Gauhati,Chaygaon,Dadara,26.171,91.7502,1430000.0,1280000.0,1280000.0,0.0,2023-05-19,2023-06-21,2023-07-19,2024-04-27,2024-04-25,Completed,100.0,AGY-DRDA-04,District Rural Development Agency (DRDA),5,4,True,DEMO/SYNTHETIC DATA
MPL-2024-UT-001261,REC-2023-1508,MP-LS-17-51,Hon'ble Member of Parliament (Varanasi),"RO Water Treatment Plant at Shivpur, Block Pindra",Drinking Water,RO Water Treatment Plant,Uttar Pradesh,Varanasi,Varanasi,Pindra,Shivpur,25.301,82.9262,2530000.0,2430000.0,580000.0,1850000.0,2023-09-23,2023-11-07,2023-11-24,2024-05-09,,Ongoing,24.0,AGY-XYZ-99,XYZ Infrastructure & Construction Private Ltd,4,2,False,DEMO/SYNTHETIC DATA
MPL-2024-AS-001262,REC-2023-1051,MP-LS-17-36,Hon'ble Member of Parliament (Gauhati),"High-Mast Solar Lighting Chowk at Puthimari, Block Bezera",Solar & Renewable Energy,High-Mast Solar Lighting Chowk,Assam,Kamrup,Gauhati,Bezera,Puthimari,26.169,91.7748,1170000.0,1070000.0,1070000.0,0.0,2023-02-25,2023-04-20,2023-05-15,2024-01-04,2024-02-13,Completed,100.0,AGY-RWD-02,Rural Works Department (RWD) Engineering Wing,5,4,True,DEMO/SYNTHETIC DATA
MPL-2024-UT-001263,REC-2023-2963,MP-LS-17-22,Hon'ble Member of Parliament (Varanasi),"Culvert & Drainage Bridge at Shivpur, Block Arajiline",Rural Roads & Bridges,Culvert & Drainage Bridge,Uttar Pradesh,Varanasi,Varanasi,Arajiline,Shivpur,25.3495,83.0155,2700000.0,2700000.0,0.0,2700000.0,2023-07-23,2023-09-17,2023-10-07,2024-03-15,,Sanctioned,0.0,AGY-XYZ-99,XYZ Infrastructure & Construction Private Ltd,2,0,False,DEMO/SYNTHETIC DATA
MPL-2024-WE-001264,REC-2023-8161,MP-LS-17-79,Hon'ble Member of Parliament (Krishnanagar),"Paver Block Road at Dhubulia, Block Nabadwip",Rural Roads & Bridges,Paver Block Road,West Bengal,Nadia,Krishnanagar,Nabadwip,Dhubulia,23.3256,88.5477,1840000.0,1840000.0,1473000.0,367000.0,2023-12-12,2024-01-05,2024-01-30,2024-06-12,,Ongoing,73.0,AGY-PWD-01,Public Works Department (PWD) Division I,4,1,False,DEMO/SYNTHETIC DATA
MPL-2024-MA-001265,REC-2023-6809,MP-LS-17-44,Hon'ble Member of Parliament (Thane),"High-Mast Solar Lighting Chowk at Khadavali, Block Bhiwandi",Solar & Renewable Energy,High-Mast Solar Lighting Chowk,Maharashtra,Thane,Thane,Bhiwandi,Khadavali,19.1487,72.9453,730000.0,680000.0,680000.0,0.0,2023-12-17,2024-01-18,2024-01-29,2024-07-16,2024-08-15,Completed,100.0,AGY-ZP-03,Zila Parishad Rural Infrastructure Cell,5,2,True,DEMO/SYNTHETIC DATA
MPL-2024-KE-001266,REC-2023-8833,MP-LS-17-81,Hon'ble Member of Parliament (Ernakulam),"High-Mast Solar Lighting Chowk at Edappally, Block Muvattupuzha",Solar & Renewable Energy,High-Mast Solar Lighting Chowk,Kerala,Ernakulam,Ernakulam,Muvattupuzha,Edappally,9.9336,76.2766,750000.0,600000.0,458000.0,142000.0,2023-09-09,2023-11-08,2023-11-19,2024-09-03,,Ongoing,70.0,AGY-WSS-05,Public Health Engineering & Water Supply Dept,4,1,False,DEMO/SYNTHETIC DATA
MPL-2024-MA-001267,REC-2023-5008,MP-LS-17-66,Hon'ble Member of Parliament (Thane),"Smart Digital Library Block at Saralgaon, Block Ambernath",Education & Classrooms,Smart Digital Library Block,Maharashtra,Thane,Thane,Ambernath,Saralgaon,19.1394,72.9342,2640000.0,2640000.0,0.0,2640000.0,2023-09-07,2023-10-08,2023-11-01,2024-04-27,,Sanctioned,0.0,AGY-XYZ-99,XYZ Infrastructure & Construction Private Ltd,2,0,False,DEMO/SYNTHETIC DATA
MPL-2024-KA-001268,REC-2023-2537,MP-LS-17-95,Hon'ble Member of Parliament (Bangalore North),"Piped Water Overhead Tank at Singanayakanahalli, Block Bengaluru North",Drinking Water,Piped Water Overhead Tank,Karnataka,Bengaluru Urban,Bangalore North,Bengaluru North,Singanayakanahalli,13.018,77.6703,1100000.0,1050000.0,851000.0,199000.0,2023-09-23,2023-11-05,2023-11-21,2024-08-10,,Ongoing,78.0,AGY-WSS-05,Public Health Engineering & Water Supply Dept,2,2,False,DEMO/SYNTHETIC DATA
MPL-2024-BI-001269,REC-2023-5969,MP-LS-17-87,Hon'ble Member of Parliament (Patna Sahib),"Hand Pump Installation Cluster at Ranipur, Block Sampatchak",Drinking Water,Hand Pump Installation Cluster,Bihar,Patna,Patna Sahib,Sampatchak,Ranipur,25.6502,85.0799,2300000.0,2250000.0,2250000.0,0.0,2023-10-26,2023-11-23,2023-12-19,2024-07-28,2024-09-05,Completed,100.0,AGY-XYZ-99,XYZ Infrastructure & Construction Private Ltd,4,4,True,DEMO/SYNTHETIC DATA
MPL-2024-UT-001270,REC-2023-4541,MP-LS-17-68,Hon'ble Member of Parliament (Varanasi),"Community Public Toilet Complex at Harahua, Block Arajiline",Health & Sanitation,Community Public Toilet Complex,Uttar Pradesh,Varanasi,Varanasi,Arajiline,Harahua,25.3306,82.934,2110000.0,2010000.0,2010000.0,0.0,2023-12-22,2024-02-12,2024-02-26,2024-11-27,2024-12-23,Completed,100.0,AGY-XYZ-99,XYZ Infrastructure & Construction Private Ltd,4,3,True,DEMO/SYNTHETIC DATA
MPL-2024-MA-001271,REC-2023-8665,MP-LS-17-81,Hon'ble Member of Parliament (Thane),"High-Mast Solar Lighting Chowk at Tokawade, Block Ambernath",Solar & Renewable Energy,High-Mast Solar Lighting Chowk,Maharashtra,Thane,Thane,Ambernath,Tokawade,19.2241,72.9301,560000.0,460000.0,269000.0,191000.0,2023-09-08,2023-10-30,2023-11-15,2024-05-01,,Ongoing,55.0,AGY-PWD-01,Public Works Department (PWD) Division I,3,2,False,DEMO/SYNTHETIC DATA
MPL-2024-BI-001272,REC-2023-7775,MP-LS-17-37,Hon'ble Member of Parliament (Patna Sahib),"School Boundary Wall & Sanitation at Ranipur, Block Sampatchak",Education & Classrooms,School Boundary Wall & Sanitation,Bihar,Patna,Patna Sahib,Sampatchak,Ranipur,25.6324,85.1807,1480000.0,1330000.0,1012000.0,318000.0,2023-01-06,2023-02-28,2023-03-16,2024-01-09,,Ongoing,75.0,AGY-XYZ-99,XYZ Infrastructure & Construction Private Ltd,3,3,False,DEMO/SYNTHETIC DATA
MPL-2024-UT-001273,REC-2023-6521,MP-LS-17-99,Hon'ble Member of Parliament (Varanasi),"Solar Street Light Grid (50 poles) at Badagaon, Block Sewapuri",Solar & Renewable Energy,Solar Street Light Grid (50 poles),Uttar Pradesh,Varanasi,Varanasi,Sewapuri,Badagaon,25.2751,82.9442,550000.0,450000.0,450000.0,0.0,2023-08-02,2023-09-22,2023-10-06,2024-04-05,2024-04-14,Completed,100.0,AGY-XYZ-99,XYZ Infrastructure & Construction Private Ltd,4,3,True,DEMO/SYNTHETIC DATA
MPL-2024-KA-001274,REC-2023-9398,MP-LS-17-17,Hon'ble Member of Parliament (Bangalore North),"Paver Block Road at Doddaballapur Rd, Block Anekal",Rural Roads & Bridges,Paver Block Road,Karnataka,Bengaluru Urban,Bangalore North,Anekal,Doddaballapur Rd,12.9178,77.6053,3300000.0,3200000.0,3200000.0,0.0,2023-07-15,2023-08-20,2023-09-17,2024-03-30,2024-05-09,Completed,100.0,AGY-XYZ-99,XYZ Infrastructure & Construction Private Ltd,4,2,True,DEMO/SYNTHETIC DATA
MPL-2024-RA-001275,REC-2023-5308,MP-LS-17-20,Hon'ble Member of Parliament (Jaipur Rural),"Public Bus Passenger Shelter at Kukas, Block Kotputli",Community Infrastructure,Public Bus Passenger Shelter,Rajasthan,Jaipur,Jaipur Rural,Kotputli,Kukas,26.8467,75.7911,1250000.0,1150000.0,1150000.0,0.0,2023-11-25,2024-01-03,2024-01-21,2024-05-23,2024-05-31,Completed,100.0,AGY-XYZ-99,XYZ Infrastructure & Construction Private Ltd,5,3,True,DEMO/SYNTHETIC DATA
MPL-2024-UT-001276,REC-2023-4496,MP-LS-17-96,Hon'ble Member of Parliament (Varanasi),"School Science Laboratory at Shivpur, Block Kashi Vidyapeeth",Education & Classrooms,School Science Laboratory,Uttar Pradesh,Varanasi,Varanasi,Kashi Vidyapeeth,Shivpur,25.3764,83.0465,1040000.0,890000.0,427000.0,463000.0,2023-01-10,2023-03-10,2023-04-06,2024-01-06,,Ongoing,53.0,AGY-ZP-03,Zila Parishad Rural Infrastructure Cell,2,1,False,DEMO/SYNTHETIC DATA
MPL-2024-MA-001277,REC-2023-3961,MP-LS-17-25,Hon'ble Member of Parliament (Thane),"Panchayat Community Hall at Vashind, Block Kalyan",Community Infrastructure,Panchayat Community Hall,Maharashtra,Thane,Thane,Kalyan,Vashind,19.2715,73.0133,2560000.0,2560000.0,2560000.0,0.0,2023-08-12,2023-09-16,2023-10-14,2024-04-28,2024-06-07,Completed,100.0,AGY-RWD-02,Rural Works Department (RWD) Engineering Wing,5,2,True,DEMO/SYNTHETIC DATA
MPL-2024-RA-001278,REC-2023-5800,MP-LS-17-35,Hon'ble Member of Parliament (Jaipur Rural),"Community Public Toilet Complex at Achrol, Block Sanganer",Health & Sanitation,Community Public Toilet Complex,Rajasthan,Jaipur,Jaipur Rural,Sanganer,Achrol,26.9879,75.7213,2150000.0,2050000.0,0.0,2050000.0,2023-07-10,2023-09-04,2023-09-20,2024-03-28,,Sanctioned,0.0,AGY-PWD-01,Public Works Department (PWD) Division I,2,0,False,DEMO/SYNTHETIC DATA
MPL-2024-KE-001279,REC-2023-5031,MP-LS-17-31,Hon'ble Member of Parliament (Ernakulam),"School Science Laboratory at Perumbavoor, Block Aluva",Education & Classrooms,School Science Laboratory,Kerala,Ernakulam,Ernakulam,Aluva,Perumbavoor,9.9708,76.234,3450000.0,3450000.0,2460000.0,990000.0,2023-01-27,2023-03-11,2023-03-24,2023-10-03,,Ongoing,74.0,AGY-WSS-05,Public Health Engineering & Water Supply Dept,2,1,False,DEMO/SYNTHETIC DATA
MPL-2024-KE-001280,REC-2023-3374,MP-LS-17-76,Hon'ble Member of Parliament (Ernakulam),"School Science Laboratory at Edappally, Block Muvattupuzha",Education & Classrooms,School Science Laboratory,Kerala,Ernakulam,Ernakulam,Muvattupuzha,Edappally,9.9021,76.3454,2440000.0,2340000.0,2340000.0,0.0,2023-01-10,2023-02-16,2023-03-15,2023-07-17,2023-07-14,Completed,100.0,AGY-ZP-03,Zila Parishad Rural Infrastructure Cell,4,3,True,DEMO/SYNTHETIC DATA
MPL-2024-MA-001281,REC-2023-6995,MP-LS-17-61,Hon'ble Member of Parliament (Thane),"Culvert & Drainage Bridge at Vashind, Block Murbad",Rural Roads & Bridges,Culvert & Drainage Bridge,Maharashtra,Thane,Thane,Murbad,Vashind,19.2772,73.0069,2300000.0,2200000.0,1366000.0,834000.0,2023-10-27,2023-12-02,2023-12-19,2024-10-11,,Ongoing,59.0,AGY-WSS-05,Public Health Engineering & Water Supply Dept,2,2,False,DEMO/SYNTHETIC DATA
MPL-2024-UT-001282,REC-2023-5856,MP-LS-17-93,Hon'ble Member of Parliament (Varanasi),"Rooftop Solar for Govt Hospital at Shivpur, Block Arajiline",Solar & Renewable Energy,Rooftop Solar for Govt Hospital,Uttar Pradesh,Varanasi,Varanasi,Arajiline,Shivpur,25.3504,83.0353,920000.0,820000.0,820000.0,0.0,2023-06-24,2023-07-21,2023-08-14,2024-03-09,2024-04-17,Completed,100.0,AGY-WSS-05,Public Health Engineering & Water Supply Dept,4,4,True,DEMO/SYNTHETIC DATA
MPL-2024-AS-001283,REC-2023-2869,MP-LS-17-33,Hon'ble Member of Parliament (Gauhati),"Primary Health Sub-Centre Building at Sualkuchi, Block Rangia",Health & Sanitation,Primary Health Sub-Centre Building,Assam,Kamrup,Gauhati,Rangia,Sualkuchi,26.1913,91.7217,1390000.0,1390000.0,1390000.0,0.0,2023-06-12,2023-07-29,2023-08-21,2024-01-22,2024-02-01,Completed,100.0,AGY-PWD-01,Public Works Department (PWD) Division I,5,2,True,DEMO/SYNTHETIC DATA
MPL-2024-RA-001284,REC-2023-7001,MP-LS-17-69,Hon'ble Member of Parliament (Jaipur Rural),"Village Waste Segregation Shed at Nayla, Block Shahpura",Health & Sanitation,Village Waste Segregation Shed,Rajasthan,Jaipur,Jaipur Rural,Shahpura,Nayla,26.9902,75.7252,1690000.0,1640000.0,1640000.0,0.0,2023-08-26,2023-09-27,2023-10-10,2024-03-30,2024-04-08,Completed,100.0,AGY-RWD-02,Rural Works Department (RWD) Engineering Wing,4,4,True,DEMO/SYNTHETIC DATA
MPL-2024-UT-001285,REC-2023-2650,MP-LS-17-30,Hon'ble Member of Parliament (Varanasi),"RO Water Treatment Plant at Rampur, Block Arajiline",Drinking Water,RO Water Treatment Plant,Uttar Pradesh,Varanasi,Varanasi,Arajiline,Rampur,25.3936,83.0037,860000.0,810000.0,810000.0,0.0,2023-03-13,2023-04-16,2023-05-11,2024-03-05,2024-02-15,Completed,100.0,AGY-PWD-01,Public Works Department (PWD) Division I,4,3,True,DEMO/SYNTHETIC DATA
MPL-2024-MA-001286,REC-2023-4086,MP-LS-17-92,Hon'ble Member of Parliament (Thane),"Culvert & Drainage Bridge at Tokawade, Block Shahapur",Rural Roads & Bridges,Culvert & Drainage Bridge,Maharashtra,Thane,Thane,Shahapur,Tokawade,19.239,72.9226,2790000.0,2790000.0,2790000.0,0.0,2023-04-09,2023-06-01,2023-06-15,2024-01-23,2024-02-19,Completed,100.0,AGY-XYZ-99,XYZ Infrastructure & Construction Private Ltd,5,2,True,DEMO/SYNTHETIC DATA
MPL-2024-MA-001287,REC-2023-9535,MP-LS-17-71,Hon'ble Member of Parliament (Thane),"RO Water Treatment Plant at Vashind, Block Murbad",Drinking Water,RO Water Treatment Plant,Maharashtra,Thane,Thane,Murbad,Vashind,19.2466,73.0403,2330000.0,2230000.0,1172000.0,1058000.0,2023-01-06,2023-02-21,2023-03-07,2023-09-24,,Ongoing,57.0,AGY-WSS-05,Public Health Engineering & Water Supply Dept,2,3,False,DEMO/SYNTHETIC DATA
MPL-2024-WE-001288,REC-2023-2477,MP-LS-17-23,Hon'ble Member of Parliament (Krishnanagar),"Solar Street Light Grid (50 poles) at Debagram, Block Krishnanagar-I",Solar & Renewable Energy,Solar Street Light Grid (50 poles),West Bengal,Nadia,Krishnanagar,Krishnanagar-I,Debagram,23.4276,88.5128,1270000.0,1220000.0,1220000.0,0.0,2023-09-18,2023-10-21,2023-11-01,2024-06-06,2024-06-27,Completed,100.0,AGY-PWD-01,Public Works Department (PWD) Division I,4,3,True,DEMO/SYNTHETIC DATA
MPL-2024-AS-001289,REC-2023-6107,MP-LS-17-67,Hon'ble Member of Parliament (Gauhati),"Primary Health Sub-Centre Building at Sualkuchi, Block Hajo",Health & Sanitation,Primary Health Sub-Centre Building,Assam,Kamrup,Gauhati,Hajo,Sualkuchi,26.1852,91.7386,1420000.0,1420000.0,1420000.0,0.0,2023-07-16,2023-09-14,2023-10-14,2024-07-30,2024-08-08,Completed,100.0,AGY-DRDA-04,District Rural Development Agency (DRDA),5,4,True,DEMO/SYNTHETIC DATA
MPL-2024-KA-001290,REC-2023-3807,MP-LS-17-77,Hon'ble Member of Parliament (Bangalore North),"Solar Street Light Grid (50 poles) at Attibele, Block Bengaluru North",Solar & Renewable Energy,Solar Street Light Grid (50 poles),Karnataka,Bengaluru Urban,Bangalore North,Bengaluru North,Attibele,12.9472,77.5216,1260000.0,1160000.0,752000.0,408000.0,2023-04-23,2023-05-27,2023-06-21,2024-02-23,,Ongoing,64.0,AGY-DRDA-04,District Rural Development Agency (DRDA),3,2,False,DEMO/SYNTHETIC DATA
MPL-2024-WE-001291,REC-2023-5101,MP-LS-17-77,Hon'ble Member of Parliament (Krishnanagar),"Crematorium Shed with Amenities at Mayapur, Block Chapra",Community Infrastructure,Crematorium Shed with Amenities,West Bengal,Nadia,Krishnanagar,Chapra,Mayapur,23.3545,88.5546,3760000.0,3760000.0,3760000.0,0.0,2023-10-06,2023-11-13,2023-12-09,2024-05-20,2024-05-20,Completed,100.0,AGY-XYZ-99,XYZ Infrastructure & Construction Private Ltd,5,4,True,DEMO/SYNTHETIC DATA
MPL-2024-AS-001292,REC-2023-6799,MP-LS-17-79,Hon'ble Member of Parliament (Gauhati),"Health Diagnostic Equipment at Dadara, Block Kamalpur",Health & Sanitation,Health Diagnostic Equipment,Assam,Kamrup,Gauhati,Kamalpur,Dadara,26.0799,91.7707,1230000.0,1130000.0,1130000.0,0.0,2023-01-16,2023-02-14,2023-03-12,2023-09-05,2023-09-23,Completed,100.0,AGY-WSS-05,Public Health Engineering & Water Supply Dept,5,3,True,DEMO/SYNTHETIC DATA
MPL-2024-KA-001293,REC-2023-1998,MP-LS-17-11,Hon'ble Member of Parliament (Bangalore North),"Deep Borewell & Solar Pump System at Doddaballapur Rd, Block Anekal",Drinking Water,Deep Borewell & Solar Pump System,Karnataka,Bengaluru Urban,Bangalore North,Anekal,Doddaballapur Rd,12.951,77.6349,2050000.0,1900000.0,947000.0,953000.0,2023-07-22,2023-09-19,2023-10-01,2024-07-06,,Ongoing,50.0,AGY-ZP-03,Zila Parishad Rural Infrastructure Cell,4,1,False,DEMO/SYNTHETIC DATA
MPL-2024-MA-001294,REC-2023-5815,MP-LS-17-58,Hon'ble Member of Parliament (Thane),"Link Road Widening at Padgha, Block Bhiwandi",Rural Roads & Bridges,Link Road Widening,Maharashtra,Thane,Thane,Bhiwandi,Padgha,19.26,73.0194,2540000.0,2390000.0,1493000.0,897000.0,2023-08-19,2023-09-10,2023-10-05,2024-03-17,,Ongoing,69.0,AGY-DRDA-04,District Rural Development Agency (DRDA),4,1,False,DEMO/SYNTHETIC DATA
MPL-2024-RA-001295,REC-2023-4560,MP-LS-17-39,Hon'ble Member of Parliament (Jaipur Rural),"Solar Street Light Grid (50 poles) at Bagru, Block Amer",Solar & Renewable Energy,Solar Street Light Grid (50 poles),Rajasthan,Jaipur,Jaipur Rural,Amer,Bagru,26.9003,75.8591,1000000.0,850000.0,487000.0,363000.0,2023-10-24,2023-12-07,2024-01-03,2024-06-25,,Ongoing,60.0,AGY-DRDA-04,District Rural Development Agency (DRDA),4,3,False,DEMO/SYNTHETIC DATA
MPL-2024-RA-001296,REC-2023-9684,MP-LS-17-83,Hon'ble Member of Parliament (Jaipur Rural),"School Science Laboratory at Achrol, Block Sanganer",Education & Classrooms,School Science Laboratory,Rajasthan,Jaipur,Jaipur Rural,Sanganer,Achrol,26.9625,75.7649,3020000.0,2970000.0,0.0,2970000.0,2023-06-28,2023-07-31,2023-08-15,2024-04-22,,Sanctioned,0.0,AGY-PWD-01,Public Works Department (PWD) Division I,2,0,False,DEMO/SYNTHETIC DATA
MPL-2024-UT-001297,REC-2023-4605,MP-LS-17-69,Hon'ble Member of Parliament (Varanasi),"Solar Street Light Grid (50 poles) at Chhatar, Block Arajiline",Solar & Renewable Energy,Solar Street Light Grid (50 poles),Uttar Pradesh,Varanasi,Varanasi,Arajiline,Chhatar,25.2707,82.9808,590000.0,490000.0,490000.0,0.0,2023-07-07,2023-08-21,2023-09-03,2024-04-20,2024-04-17,Completed,100.0,AGY-XYZ-99,XYZ Infrastructure & Construction Private Ltd,4,3,True,DEMO/SYNTHETIC DATA
MPL-2024-UT-001298,REC-2023-4008,MP-LS-17-76,Hon'ble Member of Parliament (Varanasi),"Village Waste Segregation Shed at Chhatar, Block Pindra",Health & Sanitation,Village Waste Segregation Shed,Uttar Pradesh,Varanasi,Varanasi,Pindra,Chhatar,25.2421,83.0297,2930000.0,2830000.0,2414000.0,416000.0,2023-05-08,2023-06-17,2023-07-10,2024-03-16,,Ongoing,83.0,AGY-XYZ-99,XYZ Infrastructure & Construction Private Ltd,4,2,False,DEMO/SYNTHETIC DATA
MPL-2024-RA-001299,REC-2023-2892,MP-LS-17-34,Hon'ble Member of Parliament (Jaipur Rural),"CC Road Construction at Kukas, Block Chaksu",Rural Roads & Bridges,CC Road Construction,Rajasthan,Jaipur,Jaipur Rural,Chaksu,Kukas,26.9579,75.7197,4510000.0,4360000.0,4360000.0,0.0,2023-08-27,2023-10-26,2023-11-25,2024-04-01,2024-03-23,Completed,100.0,AGY-WSS-05,Public Health Engineering & Water Supply Dept,5,2,True,DEMO/SYNTHETIC DATA
MPL-2024-KE-001300,REC-2023-2561,MP-LS-17-41,Hon'ble Member of Parliament (Ernakulam),"School Science Laboratory at Perumbavoor, Block Aluva",Education & Classrooms,School Science Laboratory,Kerala,Ernakulam,Ernakulam,Aluva,Perumbavoor,10.0096,76.295,3250000.0,3100000.0,1183000.0,1917000.0,2023-11-25,2024-01-18,2024-02-02,2024-10-01,,Ongoing,39.0,AGY-WSS-05,Public Health Engineering & Water Supply Dept,3,2,False,DEMO/SYNTHETIC DATA
MPL-2024-RA-001301,REC-2023-8256,MP-LS-17-11,Hon'ble Member of Parliament (Jaipur Rural),"Deep Borewell & Solar Pump System at Bagru, Block Sanganer",Drinking Water,Deep Borewell & Solar Pump System,Rajasthan,Jaipur,Jaipur Rural,Sanganer,Bagru,26.9187,75.8611,2390000.0,2290000.0,540000.0,1750000.0,2023-06-07,2023-06-29,2023-07-25,2024-02-07,,Ongoing,23.0,AGY-XYZ-99,XYZ Infrastructure & Construction Private Ltd,2,3,False,DEMO/SYNTHETIC DATA
MPL-2024-KE-001302,REC-2023-2747,MP-LS-17-71,Hon'ble Member of Parliament (Ernakulam),"Link Road Widening at Cherai, Block Vyttila",Rural Roads & Bridges,Link Road Widening,Kerala,Ernakulam,Ernakulam,Vyttila,Cherai,9.9992,76.3443,4050000.0,3900000.0,2709000.0,1191000.0,2023-06-27,2023-08-26,2023-09-10,2024-07-05,,Ongoing,72.0,AGY-PWD-01,Public Works Department (PWD) Division I,2,2,False,DEMO/SYNTHETIC DATA
MPL-2024-MA-001303,REC-2023-6470,MP-LS-17-85,Hon'ble Member of Parliament (Thane),"Solar Street Light Grid (50 poles) at Khadavali, Block Murbad",Solar & Renewable Energy,Solar Street Light Grid (50 poles),Maharashtra,Thane,Thane,Murbad,Khadavali,19.2738,72.94,1490000.0,1390000.0,939000.0,451000.0,2023-11-09,2023-12-24,2024-01-04,2024-07-17,,Ongoing,68.0,AGY-PWD-01,Public Works Department (PWD) Division I,3,2,False,DEMO/SYNTHETIC DATA
MPL-2024-WE-001304,REC-2023-7223,MP-LS-17-18,Hon'ble Member of Parliament (Krishnanagar),"Solar Street Light Grid (50 poles) at Debagram, Block Krishnanagar-I",Solar & Renewable Energy,Solar Street Light Grid (50 poles),West Bengal,Nadia,Krishnanagar,Krishnanagar-I,Debagram,23.3982,88.4576,1830000.0,1730000.0,1730000.0,0.0,2023-02-10,2023-04-09,2023-04-28,2023-11-28,2023-12-14,Completed,100.0,AGY-PWD-01,Public Works Department (PWD) Division I,4,2,True,DEMO/SYNTHETIC DATA
MPL-2024-UT-001305,REC-2023-2671,MP-LS-17-82,Hon'ble Member of Parliament (Varanasi),"High-Mast Solar Lighting Chowk at Babatpur, Block Arajiline",Solar & Renewable Energy,High-Mast Solar Lighting Chowk,Uttar Pradesh,Varanasi,Varanasi,Arajiline,Babatpur,25.2629,82.9993,1080000.0,1080000.0,1080000.0,0.0,2023-06-24,2023-08-23,2023-09-06,2024-06-05,2024-05-25,Completed,100.0,AGY-XYZ-99,XYZ Infrastructure & Construction Private Ltd,5,4,True,DEMO/SYNTHETIC DATA
MPL-2024-AS-001306,REC-2023-5166,MP-LS-17-72,Hon'ble Member of Parliament (Gauhati),"Smart Digital Library Block at Dadara, Block Rangia",Education & Classrooms,Smart Digital Library Block,Assam,Kamrup,Gauhati,Rangia,Dadara,26.1808,91.7616,3640000.0,3490000.0,1210000.0,2280000.0,2023-12-11,2024-02-07,2024-03-03,2024-10-19,,Ongoing,37.0,AGY-DRDA-04,District Rural Development Agency (DRDA),2,1,False,DEMO/SYNTHETIC DATA
MPL-2024-AS-001307,REC-2023-2697,MP-LS-17-22,Hon'ble Member of Parliament (Gauhati),"High-Mast Solar Lighting Chowk at Boko, Block Rangia",Solar & Renewable Energy,High-Mast Solar Lighting Chowk,Assam,Kamrup,Gauhati,Rangia,Boko,26.1927,91.7553,1550000.0,1500000.0,1500000.0,0.0,2023-01-14,2023-02-18,2023-03-03,2023-12-16,2024-01-06,Completed,100.0,AGY-ZP-03,Zila Parishad Rural Infrastructure Cell,4,4,True,DEMO/SYNTHETIC DATA
MPL-2024-UT-001308,REC-2023-2138,MP-LS-17-95,Hon'ble Member of Parliament (Varanasi),"Senior Citizen Recreation Shed at Babatpur, Block Arajiline",Community Infrastructure,Senior Citizen Recreation Shed,Uttar Pradesh,Varanasi,Varanasi,Arajiline,Babatpur,25.3513,82.9636,2520000.0,2520000.0,774000.0,1746000.0,2023-09-18,2023-10-19,2023-11-12,2024-08-07,,Ongoing,32.0,AGY-ZP-03,Zila Parishad Rural Infrastructure Cell,3,1,False,DEMO/SYNTHETIC DATA
MPL-2024-UT-001309,REC-2023-2744,MP-LS-17-55,Hon'ble Member of Parliament (Varanasi),"Primary Health Sub-Centre Building at Babatpur, Block Sewapuri",Health & Sanitation,Primary Health Sub-Centre Building,Uttar Pradesh,Varanasi,Varanasi,Sewapuri,Babatpur,25.3428,83.0343,970000.0,820000.0,206000.0,614000.0,2023-05-03,2023-06-01,2023-06-25,2024-01-13,,Ongoing,24.0,AGY-WSS-05,Public Health Engineering & Water Supply Dept,4,2,False,DEMO/SYNTHETIC DATA
MPL-2024-WE-001310,REC-2023-7923,MP-LS-17-34,Hon'ble Member of Parliament (Krishnanagar),"CC Road Construction at Debagram, Block Chapra",Rural Roads & Bridges,CC Road Construction,West Bengal,Nadia,Krishnanagar,Chapra,Debagram,23.4094,88.521,4170000.0,4020000.0,4020000.0,0.0,2023-03-21,2023-04-11,2023-04-21,2023-10-20,2023-11-19,Completed,100.0,AGY-ZP-03,Zila Parishad Rural Infrastructure Cell,5,2,True,DEMO/SYNTHETIC DATA
MPL-2024-BI-001311,REC-2023-7081,MP-LS-17-55,Hon'ble Member of Parliament (Patna Sahib),"Link Road Widening at Ranipur, Block Sampatchak",Rural Roads & Bridges,Link Road Widening,Bihar,Patna,Patna Sahib,Sampatchak,Ranipur,25.5994,85.145,3820000.0,3770000.0,2340000.0,1430000.0,2023-03-12,2023-05-03,2023-05-14,2023-09-15,,Ongoing,61.0,AGY-DRDA-04,District Rural Development Agency (DRDA),4,2,False,DEMO/SYNTHETIC DATA
MPL-2024-RA-001312,REC-2023-8104,MP-LS-17-72,Hon'ble Member of Parliament (Jaipur Rural),"School Boundary Wall & Sanitation at Bassi, Block Kotputli",Education & Classrooms,School Boundary Wall & Sanitation,Rajasthan,Jaipur,Jaipur Rural,Kotputli,Bassi,26.8437,75.7183,1830000.0,1730000.0,1730000.0,0.0,2023-07-23,2023-09-12,2023-10-07,2024-06-22,2024-07-11,Completed,100.0,AGY-ZP-03,Zila Parishad Rural Infrastructure Cell,4,4,True,DEMO/SYNTHETIC DATA
MPL-2024-UT-001313,REC-2023-1477,MP-LS-17-40,Hon'ble Member of Parliament (Varanasi),"Piped Water Overhead Tank at Harahua, Block Cholapur",Drinking Water,Piped Water Overhead Tank,Uttar Pradesh,Varanasi,Varanasi,Cholapur,Harahua,25.2387,82.9049,1530000.0,1430000.0,1430000.0,0.0,2023-03-24,2023-04-22,2023-05-04,2023-11-17,2023-11-12,Completed,100.0,AGY-RWD-02,Rural Works Department (RWD) Engineering Wing,5,4,True,DEMO/SYNTHETIC DATA
MPL-2024-KA-001314,REC-2023-3765,MP-LS-17-42,Hon'ble Member of Parliament (Bangalore North),"Solar Street Light Grid (50 poles) at Singanayakanahalli, Block Yelahanka",Solar & Renewable Energy,Solar Street Light Grid (50 poles),Karnataka,Bengaluru Urban,Bangalore North,Yelahanka,Singanayakanahalli,13.0066,77.5694,1510000.0,1360000.0,1360000.0,0.0,2023-11-06,2024-01-05,2024-01-23,2024-05-29,2024-05-13,Completed,100.0,AGY-RWD-02,Rural Works Department (RWD) Engineering Wing,4,2,True,DEMO/SYNTHETIC DATA
MPL-2024-MA-001315,REC-2023-9419,MP-LS-17-80,Hon'ble Member of Parliament (Thane),"Health Diagnostic Equipment at Vashind, Block Kalyan",Health & Sanitation,Health Diagnostic Equipment,Maharashtra,Thane,Thane,Kalyan,Vashind,19.1436,72.9853,1860000.0,1710000.0,743000.0,967000.0,2023-05-26,2023-06-17,2023-07-06,2024-04-13,,Ongoing,47.0,AGY-ZP-03,Zila Parishad Rural Infrastructure Cell,2,3,False,DEMO/SYNTHETIC DATA
MPL-2024-BI-001316,REC-2023-6137,MP-LS-17-29,Hon'ble Member of Parliament (Patna Sahib),"Primary Health Sub-Centre Building at Ranipur, Block Bakhtiarpur",Health & Sanitation,Primary Health Sub-Centre Building,Bihar,Patna,Patna Sahib,Bakhtiarpur,Ranipur,25.5874,85.1366,2060000.0,1910000.0,612000.0,1298000.0,2023-06-26,2023-08-19,2023-08-30,2024-03-19,,Ongoing,31.0,AGY-XYZ-99,XYZ Infrastructure & Construction Private Ltd,3,2,False,DEMO/SYNTHETIC DATA
MPL-2024-UT-001317,REC-2023-1808,MP-LS-17-60,Hon'ble Member of Parliament (Varanasi),"Panchayat Community Hall at Tikari, Block Sewapuri",Community Infrastructure,Panchayat Community Hall,Uttar Pradesh,Varanasi,Varanasi,Sewapuri,Tikari,25.2796,82.9337,2230000.0,2180000.0,2180000.0,0.0,2023-03-16,2023-04-22,2023-05-15,2023-12-18,2024-01-23,Completed,100.0,AGY-XYZ-99,XYZ Infrastructure & Construction Private Ltd,5,2,True,DEMO/SYNTHETIC DATA
MPL-2024-UT-001318,REC-2023-5520,MP-LS-17-97,Hon'ble Member of Parliament (Varanasi),"Deep Borewell & Solar Pump System at Badagaon, Block Sewapuri",Drinking Water,Deep Borewell & Solar Pump System,Uttar Pradesh,Varanasi,Varanasi,Sewapuri,Badagaon,25.2399,83.053,1690000.0,1640000.0,449000.0,1191000.0,2023-08-23,2023-10-17,2023-11-12,2024-06-29,,Ongoing,30.0,AGY-XYZ-99,XYZ Infrastructure & Construction Private Ltd,3,3,False,DEMO/SYNTHETIC DATA
MPL-2024-UT-001319,REC-2023-5135,MP-LS-17-98,Hon'ble Member of Parliament (Varanasi),"Community Public Toilet Complex at Tikari, Block Kashi Vidyapeeth",Health & Sanitation,Community Public Toilet Complex,Uttar Pradesh,Varanasi,Varanasi,Kashi Vidyapeeth,Tikari,25.2816,82.956,950000.0,800000.0,0.0,800000.0,2023-09-07,2023-11-02,2023-11-23,2024-09-01,,Sanctioned,0.0,AGY-RWD-02,Rural Works Department (RWD) Engineering Wing,2,0,False,DEMO/SYNTHETIC DATA
MPL-2024-WE-001320,REC-2023-5387,MP-LS-17-19,Hon'ble Member of Parliament (Krishnanagar),"Rooftop Solar for Govt Hospital at Debagram, Block Krishnanagar-I",Solar & Renewable Energy,Rooftop Solar for Govt Hospital,West Bengal,Nadia,Krishnanagar,Krishnanagar-I,Debagram,23.4436,88.4449,1900000.0,1800000.0,1800000.0,0.0,2023-09-18,2023-11-08,2023-11-19,2024-03-29,2024-04-04,Completed,100.0,AGY-XYZ-99,XYZ Infrastructure & Construction Private Ltd,5,4,True,DEMO/SYNTHETIC DATA
MPL-2024-BI-001321,REC-2023-1278,MP-LS-17-19,Hon'ble Member of Parliament (Patna Sahib),"School Science Laboratory at Jethuli, Block Bakhtiarpur",Education & Classrooms,School Science Laboratory,Bihar,Patna,Patna Sahib,Bakhtiarpur,Jethuli,25.5835,85.1051,1230000.0,1230000.0,0.0,1230000.0,2023-11-06,2023-12-19,2024-01-07,2024-10-26,,Sanctioned,0.0,AGY-ZP-03,Zila Parishad Rural Infrastructure Cell,2,0,False,DEMO/SYNTHETIC DATA
MPL-2024-RA-001322,REC-2023-3622,MP-LS-17-75,Hon'ble Member of Parliament (Jaipur Rural),"Crematorium Shed with Amenities at Nayla, Block Shahpura",Community Infrastructure,Crematorium Shed with Amenities,Rajasthan,Jaipur,Jaipur Rural,Shahpura,Nayla,26.9102,75.8601,1710000.0,1660000.0,0.0,1660000.0,2023-04-26,2023-05-31,2023-06-23,2024-01-21,,Sanctioned,0.0,AGY-WSS-05,Public Health Engineering & Water Supply Dept,2,0,False,DEMO/SYNTHETIC DATA
MPL-2024-WE-001323,REC-2023-4541,MP-LS-17-34,Hon'ble Member of Parliament (Krishnanagar),"CC Road Construction at Mayapur, Block Nabadwip",Rural Roads & Bridges,CC Road Construction,West Bengal,Nadia,Krishnanagar,Nabadwip,Mayapur,23.4339,88.449,2150000.0,2050000.0,1028000.0,1022000.0,2023-05-04,2023-05-24,2023-06-23,2024-03-17,,Ongoing,47.0,AGY-ZP-03,Zila Parishad Rural Infrastructure Cell,4,1,False,DEMO/SYNTHETIC DATA
MPL-2024-KA-001324,REC-2023-4803,MP-LS-17-92,Hon'ble Member of Parliament (Bangalore North),"Primary Health Sub-Centre Building at Attibele, Block Anekal",Health & Sanitation,Primary Health Sub-Centre Building,Karnataka,Bengaluru Urban,Bangalore North,Anekal,Attibele,12.9165,77.6241,2520000.0,2470000.0,1302000.0,1168000.0,2023-06-22,2023-08-06,2023-09-03,2024-01-18,,Ongoing,54.0,AGY-DRDA-04,District Rural Development Agency (DRDA),3,3,False,DEMO/SYNTHETIC DATA
MPL-2024-RA-001325,REC-2023-8651,MP-LS-17-21,Hon'ble Member of Parliament (Jaipur Rural),"Deep Borewell & Solar Pump System at Kukas, Block Shahpura",Drinking Water,Deep Borewell & Solar Pump System,Rajasthan,Jaipur,Jaipur Rural,Shahpura,Kukas,26.8938,75.8456,1050000.0,950000.0,0.0,950000.0,2023-09-09,2023-10-19,2023-10-31,2024-07-13,,Sanctioned,0.0,AGY-XYZ-99,XYZ Infrastructure & Construction Private Ltd,2,0,False,DEMO/SYNTHETIC DATA
MPL-2024-UT-001326,REC-2023-7416,MP-LS-17-23,Hon'ble Member of Parliament (Varanasi),"Smart Digital Library Block at Tikari, Block Kashi Vidyapeeth",Education & Classrooms,Smart Digital Library Block,Uttar Pradesh,Varanasi,Varanasi,Kashi Vidyapeeth,Tikari,25.2593,82.9219,3380000.0,3380000.0,3380000.0,0.0,2023-09-04,2023-11-03,2023-11-24,2024-06-24,2024-06-13,Completed,100.0,AGY-XYZ-99,XYZ Infrastructure & Construction Private Ltd,5,3,True,DEMO/SYNTHETIC DATA
MPL-2024-KE-001327,REC-2023-2022,MP-LS-17-11,Hon'ble Member of Parliament (Ernakulam),"RO Water Treatment Plant at Perumbavoor, Block Muvattupuzha",Drinking Water,RO Water Treatment Plant,Kerala,Ernakulam,Ernakulam,Muvattupuzha,Perumbavoor,9.9381,76.3238,1830000.0,1780000.0,665000.0,1115000.0,2023-08-23,2023-09-27,2023-10-12,2024-04-17,,Ongoing,39.0,AGY-XYZ-99,XYZ Infrastructure & Construction Private Ltd,3,2,False,DEMO/SYNTHETIC DATA
MPL-2024-KA-001328,REC-2023-9075,MP-LS-17-63,Hon'ble Member of Parliament (Bangalore North),"School Science Laboratory at Hesaraghatta, Block K.R. Puram",Education & Classrooms,School Science Laboratory,Karnataka,Bengaluru Urban,Bangalore North,K.R. Puram,Hesaraghatta,12.9924,77.6139,1770000.0,1720000.0,1041000.0,679000.0,2023-05-19,2023-07-03,2023-07-18,2024-02-26,,Ongoing,66.0,AGY-XYZ-99,XYZ Infrastructure & Construction Private Ltd,3,1,False,DEMO/SYNTHETIC DATA
MPL-2024-KE-001329,REC-2023-4153,MP-LS-17-29,Hon'ble Member of Parliament (Ernakulam),"Health Diagnostic Equipment at Edappally, Block Aluva",Health & Sanitation,Health Diagnostic Equipment,Kerala,Ernakulam,Ernakulam,Aluva,Edappally,9.9792,76.2775,1600000.0,1550000.0,693000.0,857000.0,2023-09-25,2023-11-16,2023-12-16,2024-10-09,,Ongoing,41.0,AGY-XYZ-99,XYZ Infrastructure & Construction Private Ltd,4,1,False,DEMO/SYNTHETIC DATA
MPL-2024-MA-001330,REC-2023-2065,MP-LS-17-94,Hon'ble Member of Parliament (Thane),"School Boundary Wall & Sanitation at Titwala, Block Ambernath",Education & Classrooms,School Boundary Wall & Sanitation,Maharashtra,Thane,Thane,Ambernath,Titwala,19.1421,72.9093,3110000.0,3010000.0,0.0,3010000.0,2023-04-18,2023-06-04,2023-06-19,2023-11-06,,Sanctioned,0.0,AGY-ZP-03,Zila Parishad Rural Infrastructure Cell,2,0,False,DEMO/SYNTHETIC DATA
MPL-2024-BI-001331,REC-2023-5288,MP-LS-17-45,Hon'ble Member of Parliament (Patna Sahib),"Additional Classroom Building at Gauri Chak, Block Fatuha",Education & Classrooms,Additional Classroom Building,Bihar,Patna,Patna Sahib,Fatuha,Gauri Chak,25.557,85.0683,2740000.0,2590000.0,2590000.0,0.0,2023-03-08,2023-04-14,2023-05-06,2023-10-14,2023-11-08,Completed,100.0,AGY-PWD-01,Public Works Department (PWD) Division I,5,4,True,DEMO/SYNTHETIC DATA
MPL-2024-WE-001332,REC-2023-5520,MP-LS-17-74,Hon'ble Member of Parliament (Krishnanagar),"Additional Classroom Building at Tehatta, Block Nakashipara",Education & Classrooms,Additional Classroom Building,West Bengal,Nadia,Krishnanagar,Nakashipara,Tehatta,23.4228,88.4218,1690000.0,1690000.0,1690000.0,0.0,2023-07-14,2023-08-31,2023-09-22,2024-06-16,2024-06-20,Completed,100.0,AGY-DRDA-04,District Rural Development Agency (DRDA),4,4,True,DEMO/SYNTHETIC DATA
MPL-2024-BI-001333,REC-2023-5337,MP-LS-17-28,Hon'ble Member of Parliament (Patna Sahib),"CC Road Construction at Gauri Chak, Block Danapur",Rural Roads & Bridges,CC Road Construction,Bihar,Patna,Patna Sahib,Danapur,Gauri Chak,25.5809,85.1877,3600000.0,3550000.0,2361000.0,1189000.0,2023-11-16,2023-12-29,2024-01-10,2024-09-02,,Ongoing,65.0,AGY-XYZ-99,XYZ Infrastructure & Construction Private Ltd,3,1,False,DEMO/SYNTHETIC DATA
MPL-2024-MA-001334,REC-2023-5339,MP-LS-17-94,Hon'ble Member of Parliament (Thane),"Community Public Toilet Complex at Padgha, Block Shahapur",Health & Sanitation,Community Public Toilet Complex,Maharashtra,Thane,Thane,Shahapur,Padgha,19.2316,72.9553,1710000.0,1560000.0,1560000.0,0.0,2023-03-13,2023-05-11,2023-05-23,2024-01-14,2023-12-25,Completed,100.0,AGY-RWD-02,Rural Works Department (RWD) Engineering Wing,4,2,True,DEMO/SYNTHETIC DATA
MPL-2024-RA-001335,REC-2023-9030,MP-LS-17-71,Hon'ble Member of Parliament (Jaipur Rural),"Hand Pump Installation Cluster at Kukas, Block Chaksu",Drinking Water,Hand Pump Installation Cluster,Rajasthan,Jaipur,Jaipur Rural,Chaksu,Kukas,26.9425,75.7305,1980000.0,1930000.0,421000.0,1509000.0,2023-09-01,2023-10-29,2023-11-17,2024-06-15,,Ongoing,21.0,AGY-XYZ-99,XYZ Infrastructure & Construction Private Ltd,3,2,False,DEMO/SYNTHETIC DATA
MPL-2024-UT-001336,REC-2023-2350,MP-LS-17-73,Hon'ble Member of Parliament (Varanasi),"Crematorium Shed with Amenities at Chhatar, Block Sewapuri",Community Infrastructure,Crematorium Shed with Amenities,Uttar Pradesh,Varanasi,Varanasi,Sewapuri,Chhatar,25.3664,82.9887,1730000.0,1730000.0,1730000.0,0.0,2023-12-08,2024-01-01,2024-01-17,2024-07-01,2024-07-31,Completed,100.0,AGY-XYZ-99,XYZ Infrastructure & Construction Private Ltd,5,3,True,DEMO/SYNTHETIC DATA
MPL-2024-KE-001337,REC-2023-7252,MP-LS-17-20,Hon'ble Member of Parliament (Ernakulam),"Public Bus Passenger Shelter at Kalamassery, Block Angamaly",Community Infrastructure,Public Bus Passenger Shelter,Kerala,Ernakulam,Ernakulam,Angamaly,Kalamassery,9.9116,76.2496,1310000.0,1160000.0,918000.0,242000.0,2023-10-07,2023-11-16,2023-12-16,2024-08-06,,Ongoing,85.0,AGY-PWD-01,Public Works Department (PWD) Division I,3,3,False,DEMO/SYNTHETIC DATA
MPL-2024-AS-001338,REC-2023-7441,MP-LS-17-17,Hon'ble Member of Parliament (Gauhati),"Smart Digital Library Block at Boko, Block Kamalpur",Education & Classrooms,Smart Digital Library Block,Assam,Kamrup,Gauhati,Kamalpur,Boko,26.1294,91.7984,1210000.0,1110000.0,0.0,1110000.0,2023-01-09,2023-02-13,2023-03-08,2023-12-03,,Sanctioned,0.0,AGY-WSS-05,Public Health Engineering & Water Supply Dept,2,0,False,DEMO/SYNTHETIC DATA
MPL-2024-UT-001339,REC-2023-7159,MP-LS-17-95,Hon'ble Member of Parliament (Varanasi),"Primary Health Sub-Centre Building at Rampur, Block Cholapur",Health & Sanitation,Primary Health Sub-Centre Building,Uttar Pradesh,Varanasi,Varanasi,Cholapur,Rampur,25.2495,82.9106,2960000.0,2810000.0,1145000.0,1665000.0,2023-02-04,2023-03-24,2023-04-17,2023-12-16,,Ongoing,41.0,AGY-XYZ-99,XYZ Infrastructure & Construction Private Ltd,4,2,False,DEMO/SYNTHETIC DATA
MPL-2024-RA-001340,REC-2023-2449,MP-LS-17-10,Hon'ble Member of Parliament (Jaipur Rural),"Community Public Toilet Complex at Manoharpur, Block Sanganer",Health & Sanitation,Community Public Toilet Complex,Rajasthan,Jaipur,Jaipur Rural,Sanganer,Manoharpur,26.8917,75.8575,2740000.0,2640000.0,1758000.0,882000.0,2023-11-11,2023-12-04,2023-12-17,2024-05-02,,Ongoing,62.0,AGY-ZP-03,Zila Parishad Rural Infrastructure Cell,4,2,False,DEMO/SYNTHETIC DATA
MPL-2024-WE-001341,REC-2023-3339,MP-LS-17-74,Hon'ble Member of Parliament (Krishnanagar),"Smart Digital Library Block at Tehatta, Block Chapra",Education & Classrooms,Smart Digital Library Block,West Bengal,Nadia,Krishnanagar,Chapra,Tehatta,23.4295,88.4382,3160000.0,3010000.0,1187000.0,1823000.0,2023-12-11,2024-01-28,2024-02-07,2024-06-17,,Ongoing,38.0,AGY-ZP-03,Zila Parishad Rural Infrastructure Cell,2,3,False,DEMO/SYNTHETIC DATA
MPL-2024-MA-001342,REC-2023-9891,MP-LS-17-34,Hon'ble Member of Parliament (Thane),"Additional Classroom Building at Saralgaon, Block Shahapur",Education & Classrooms,Additional Classroom Building,Maharashtra,Thane,Thane,Shahapur,Saralgaon,19.1834,73.0093,3110000.0,3060000.0,1810000.0,1250000.0,2023-02-09,2023-04-09,2023-04-20,2023-11-24,,Ongoing,63.0,AGY-DRDA-04,District Rural Development Agency (DRDA),4,3,False,DEMO/SYNTHETIC DATA
MPL-2024-KA-001343,REC-2023-2138,MP-LS-17-26,Hon'ble Member of Parliament (Bangalore North),"Panchayat Community Hall at Singanayakanahalli, Block Bengaluru North",Community Infrastructure,Panchayat Community Hall,Karnataka,Bengaluru Urban,Bangalore North,Bengaluru North,Singanayakanahalli,12.9556,77.5224,1620000.0,1470000.0,475000.0,995000.0,2023-11-07,2023-12-02,2023-12-25,2024-06-27,,Ongoing,30.0,AGY-ZP-03,Zila Parishad Rural Infrastructure Cell,2,3,False,DEMO/SYNTHETIC DATA
MPL-2024-UT-001344,REC-2023-6492,MP-LS-17-89,Hon'ble Member of Parliament (Varanasi),"School Science Laboratory at Rampur, Block Kashi Vidyapeeth",Education & Classrooms,School Science Laboratory,Uttar Pradesh,Varanasi,Varanasi,Kashi Vidyapeeth,Rampur,25.2688,83.0269,3250000.0,3200000.0,2691000.0,509000.0,2023-04-23,2023-05-21,2023-06-05,2024-03-05,,Ongoing,81.0,AGY-WSS-05,Public Health Engineering & Water Supply Dept,3,1,False,DEMO/SYNTHETIC DATA
MPL-2024-KA-001345,REC-2023-2550,MP-LS-17-56,Hon'ble Member of Parliament (Bangalore North),"Rooftop Solar for Govt Hospital at Singanayakanahalli, Block Anekal",Solar & Renewable Energy,Rooftop Solar for Govt Hospital,Karnataka,Bengaluru Urban,Bangalore North,Anekal,Singanayakanahalli,12.9991,77.5775,910000.0,760000.0,760000.0,0.0,2023-09-09,2023-10-04,2023-10-14,2024-05-25,2024-06-27,Completed,100.0,AGY-XYZ-99,XYZ Infrastructure & Construction Private Ltd,5,3,True,DEMO/SYNTHETIC DATA
MPL-2024-AS-001346,REC-2023-1383,MP-LS-17-43,Hon'ble Member of Parliament (Gauhati),"Rooftop Solar for Govt Hospital at Boko, Block Kamalpur",Solar & Renewable Energy,Rooftop Solar for Govt Hospital,Assam,Kamrup,Gauhati,Kamalpur,Boko,26.1729,91.7516,1110000.0,1010000.0,664000.0,346000.0,2023-01-17,2023-02-16,2023-03-16,2023-07-29,,Ongoing,71.0,AGY-XYZ-99,XYZ Infrastructure & Construction Private Ltd,4,2,False,DEMO/SYNTHETIC DATA
MPL-2024-BI-001347,REC-2023-4499,MP-LS-17-30,Hon'ble Member of Parliament (Patna Sahib),"Solar Street Light Grid (50 poles) at Sabbalpur, Block Phulwari Sharif",Solar & Renewable Energy,Solar Street Light Grid (50 poles),Bihar,Patna,Patna Sahib,Phulwari Sharif,Sabbalpur,25.5285,85.1838,1880000.0,1780000.0,1780000.0,0.0,2023-02-12,2023-04-07,2023-04-20,2023-10-01,2023-10-10,Completed,100.0,AGY-XYZ-99,XYZ Infrastructure & Construction Private Ltd,5,4,True,DEMO/SYNTHETIC DATA
MPL-2024-KA-001348,REC-2023-8832,MP-LS-17-29,Hon'ble Member of Parliament (Bangalore North),"Additional Classroom Building at Singanayakanahalli, Block K.R. Puram",Education & Classrooms,Additional Classroom Building,Karnataka,Bengaluru Urban,Bangalore North,K.R. Puram,Singanayakanahalli,13.0464,77.5417,2700000.0,2600000.0,2600000.0,0.0,2023-11-16,2024-01-12,2024-02-06,2024-10-10,2024-09-24,Completed,100.0,AGY-ZP-03,Zila Parishad Rural Infrastructure Cell,4,2,True,DEMO/SYNTHETIC DATA
MPL-2024-BI-001349,REC-2023-5430,MP-LS-17-65,Hon'ble Member of Parliament (Patna Sahib),"CC Road Construction at Baikatpur, Block Phulwari Sharif",Rural Roads & Bridges,CC Road Construction,Bihar,Patna,Patna Sahib,Phulwari Sharif,Baikatpur,25.6019,85.1975,4310000.0,4310000.0,1260000.0,3050000.0,2023-12-15,2024-01-28,2024-02-16,2024-09-19,,Ongoing,30.0,AGY-ZP-03,Zila Parishad Rural Infrastructure Cell,3,1,False,DEMO/SYNTHETIC DATA
MPL-2024-AS-001350,REC-2023-1226,MP-LS-17-91,Hon'ble Member of Parliament (Gauhati),"Smart Digital Library Block at Puthimari, Block Bezera",Education & Classrooms,Smart Digital Library Block,Assam,Kamrup,Gauhati,Bezera,Puthimari,26.182,91.6679,2730000.0,2630000.0,614000.0,2016000.0,2023-11-27,2024-01-25,2024-02-24,2024-08-30,,Ongoing,25.0,AGY-DRDA-04,District Rural Development Agency (DRDA),2,2,False,DEMO/SYNTHETIC DATA
MPL-2024-MA-001351,REC-2023-8829,MP-LS-17-20,Hon'ble Member of Parliament (Thane),"Health Diagnostic Equipment at Khadavali, Block Bhiwandi",Health & Sanitation,Health Diagnostic Equipment,Maharashtra,Thane,Thane,Bhiwandi,Khadavali,19.2894,73.0236,2080000.0,2080000.0,625000.0,1455000.0,2023-09-07,2023-11-03,2023-11-24,2024-05-04,,Ongoing,30.0,AGY-ZP-03,Zila Parishad Rural Infrastructure Cell,4,2,False,DEMO/SYNTHETIC DATA
MPL-2024-MA-001352,REC-2023-9251,MP-LS-17-28,Hon'ble Member of Parliament (Thane),"Community Public Toilet Complex at Titwala, Block Murbad",Health & Sanitation,Community Public Toilet Complex,Maharashtra,Thane,Thane,Murbad,Titwala,19.2839,73.0256,2580000.0,2430000.0,868000.0,1562000.0,2023-08-11,2023-09-26,2023-10-21,2024-05-01,,Ongoing,35.0,AGY-ZP-03,Zila Parishad Rural Infrastructure Cell,4,3,False,DEMO/SYNTHETIC DATA
MPL-2024-MA-001353,REC-2023-7711,MP-LS-17-54,Hon'ble Member of Parliament (Thane),"Hand Pump Installation Cluster at Padgha, Block Shahapur",Drinking Water,Hand Pump Installation Cluster,Maharashtra,Thane,Thane,Shahapur,Padgha,19.1461,72.9763,760000.0,660000.0,660000.0,0.0,2023-05-24,2023-06-18,2023-07-03,2024-01-29,2024-02-27,Completed,100.0,AGY-PWD-01,Public Works Department (PWD) Division I,4,3,True,DEMO/SYNTHETIC DATA
MPL-2024-RA-001354,REC-2023-1889,MP-LS-17-12,Hon'ble Member of Parliament (Jaipur Rural),"Culvert & Drainage Bridge at Achrol, Block Kotputli",Rural Roads & Bridges,Culvert & Drainage Bridge,Rajasthan,Jaipur,Jaipur Rural,Kotputli,Achrol,26.9796,75.8325,3970000.0,3970000.0,2443000.0,1527000.0,2023-02-02,2023-03-24,2023-04-13,2023-11-03,,Ongoing,60.0,AGY-WSS-05,Public Health Engineering & Water Supply Dept,3,3,False,DEMO/SYNTHETIC DATA
MPL-2024-AS-001355,REC-2023-4293,MP-LS-17-94,Hon'ble Member of Parliament (Gauhati),"Public Bus Passenger Shelter at Puthimari, Block Hajo",Community Infrastructure,Public Bus Passenger Shelter,Assam,Kamrup,Gauhati,Hajo,Puthimari,26.1459,91.6934,3140000.0,3140000.0,3140000.0,0.0,2023-02-02,2023-03-30,2023-04-17,2023-11-29,2023-11-22,Completed,100.0,AGY-ZP-03,Zila Parishad Rural Infrastructure Cell,4,2,True,DEMO/SYNTHETIC DATA
MPL-2024-BI-001356,REC-2023-9521,MP-LS-17-12,Hon'ble Member of Parliament (Patna Sahib),"Hand Pump Installation Cluster at Jethuli, Block Danapur",Drinking Water,Hand Pump Installation Cluster,Bihar,Patna,Patna Sahib,Danapur,Jethuli,25.5807,85.1369,2260000.0,2210000.0,2210000.0,0.0,2023-12-28,2024-02-13,2024-03-04,2024-07-08,2024-07-28,Completed,100.0,AGY-XYZ-99,XYZ Infrastructure & Construction Private Ltd,5,4,True,DEMO/SYNTHETIC DATA
MPL-2024-RA-001357,REC-2023-7693,MP-LS-17-93,Hon'ble Member of Parliament (Jaipur Rural),"Hand Pump Installation Cluster at Achrol, Block Amer",Drinking Water,Hand Pump Installation Cluster,Rajasthan,Jaipur,Jaipur Rural,Amer,Achrol,26.945,75.816,680000.0,580000.0,149000.0,431000.0,2023-07-12,2023-09-09,2023-10-01,2024-06-08,,Ongoing,27.0,AGY-ZP-03,Zila Parishad Rural Infrastructure Cell,4,3,False,DEMO/SYNTHETIC DATA
MPL-2024-BI-001358,REC-2023-5678,MP-LS-17-44,Hon'ble Member of Parliament (Patna Sahib),"Senior Citizen Recreation Shed at Jethuli, Block Phulwari Sharif",Community Infrastructure,Senior Citizen Recreation Shed,Bihar,Patna,Patna Sahib,Phulwari Sharif,Jethuli,25.557,85.1896,2560000.0,2410000.0,2410000.0,0.0,2023-09-23,2023-11-09,2023-12-08,2024-05-23,2024-05-24,Completed,100.0,AGY-XYZ-99,XYZ Infrastructure & Construction Private Ltd,5,4,True,DEMO/SYNTHETIC DATA
MPL-2024-UT-001359,REC-2023-5287,MP-LS-17-36,Hon'ble Member of Parliament (Varanasi),"Additional Classroom Building at Harahua, Block Kashi Vidyapeeth",Education & Classrooms,Additional Classroom Building,Uttar Pradesh,Varanasi,Varanasi,Kashi Vidyapeeth,Harahua,25.3668,82.9373,1030000.0,930000.0,565000.0,365000.0,2023-05-19,2023-06-22,2023-07-11,2024-03-24,,Ongoing,58.0,AGY-XYZ-99,XYZ Infrastructure & Construction Private Ltd,4,3,False,DEMO/SYNTHETIC DATA
MPL-2024-UT-001360,REC-2023-7194,MP-LS-17-80,Hon'ble Member of Parliament (Varanasi),"Culvert & Drainage Bridge at Harahua, Block Pindra",Rural Roads & Bridges,Culvert & Drainage Bridge,Uttar Pradesh,Varanasi,Varanasi,Pindra,Harahua,25.2936,82.9548,3370000.0,3220000.0,3220000.0,0.0,2023-05-12,2023-06-25,2023-07-10,2023-12-17,2024-01-04,Completed,100.0,AGY-RWD-02,Rural Works Department (RWD) Engineering Wing,5,4,True,DEMO/SYNTHETIC DATA
MPL-2024-RA-001361,REC-2023-1357,MP-LS-17-58,Hon'ble Member of Parliament (Jaipur Rural),"Smart Digital Library Block at Bagru, Block Sanganer",Education & Classrooms,Smart Digital Library Block,Rajasthan,Jaipur,Jaipur Rural,Sanganer,Bagru,26.871,75.806,1130000.0,980000.0,706000.0,274000.0,2023-07-22,2023-09-20,2023-10-03,2024-05-08,,Ongoing,80.0,AGY-RWD-02,Rural Works Department (RWD) Engineering Wing,3,2,False,DEMO/SYNTHETIC DATA
MPL-2024-KA-001362,REC-2023-2521,MP-LS-17-55,Hon'ble Member of Parliament (Bangalore North),"School Science Laboratory at Attibele, Block Anekal",Education & Classrooms,School Science Laboratory,Karnataka,Bengaluru Urban,Bangalore North,Anekal,Attibele,12.9423,77.5628,2230000.0,2130000.0,515000.0,1615000.0,2023-08-02,2023-09-03,2023-09-23,2024-03-29,,Ongoing,24.0,AGY-WSS-05,Public Health Engineering & Water Supply Dept,2,1,False,DEMO/SYNTHETIC DATA
MPL-2024-MA-001363,REC-2023-1510,MP-LS-17-19,Hon'ble Member of Parliament (Thane),"Deep Borewell & Solar Pump System at Tokawade, Block Kalyan",Drinking Water,Deep Borewell & Solar Pump System,Maharashtra,Thane,Thane,Kalyan,Tokawade,19.2305,72.9922,1590000.0,1590000.0,1590000.0,0.0,2023-02-08,2023-03-28,2023-04-22,2024-01-26,2024-02-09,Completed,100.0,AGY-WSS-05,Public Health Engineering & Water Supply Dept,4,3,True,DEMO/SYNTHETIC DATA
MPL-2024-KA-001364,REC-2023-6637,MP-LS-17-51,Hon'ble Member of Parliament (Bangalore North),"Piped Water Overhead Tank at Attibele, Block Anekal",Drinking Water,Piped Water Overhead Tank,Karnataka,Bengaluru Urban,Bangalore North,Anekal,Attibele,12.9082,77.5677,1210000.0,1110000.0,309000.0,801000.0,2023-12-21,2024-01-29,2024-02-16,2024-10-01,,Ongoing,28.0,AGY-RWD-02,Rural Works Department (RWD) Engineering Wing,2,2,False,DEMO/SYNTHETIC DATA
MPL-2024-WE-001365,REC-2023-7419,MP-LS-17-71,Hon'ble Member of Parliament (Krishnanagar),"Paver Block Road at Bethuadahari, Block Chapra",Rural Roads & Bridges,Paver Block Road,West Bengal,Nadia,Krishnanagar,Chapra,Bethuadahari,23.3262,88.5647,4160000.0,4060000.0,1156000.0,2904000.0,2023-03-18,2023-05-02,2023-05-21,2023-10-26,,Ongoing,28.0,AGY-XYZ-99,XYZ Infrastructure & Construction Private Ltd,4,3,False,DEMO/SYNTHETIC DATA
MPL-2024-KA-001366,REC-2023-4707,MP-LS-17-18,Hon'ble Member of Parliament (Bangalore North),"Smart Digital Library Block at Mandur, Block Anekal",Education & Classrooms,Smart Digital Library Block,Karnataka,Bengaluru Urban,Bangalore North,Anekal,Mandur,12.9156,77.6392,2930000.0,2880000.0,2880000.0,0.0,2023-05-09,2023-06-23,2023-07-19,2023-11-30,2023-11-21,Completed,100.0,AGY-XYZ-99,XYZ Infrastructure & Construction Private Ltd,4,4,True,DEMO/SYNTHETIC DATA
MPL-2024-BI-001367,REC-2023-3264,MP-LS-17-70,Hon'ble Member of Parliament (Patna Sahib),"Solar Street Light Grid (50 poles) at Sabbalpur, Block Bakhtiarpur",Solar & Renewable Energy,Solar Street Light Grid (50 poles),Bihar,Patna,Patna Sahib,Bakhtiarpur,Sabbalpur,25.6684,85.1288,1780000.0,1730000.0,1730000.0,0.0,2023-03-10,2023-04-17,2023-05-12,2024-03-02,2024-02-27,Completed,100.0,AGY-WSS-05,Public Health Engineering & Water Supply Dept,5,2,True,DEMO/SYNTHETIC DATA
MPL-2024-MA-001368,REC-2023-3682,MP-LS-17-90,Hon'ble Member of Parliament (Thane),"CC Road Construction at Titwala, Block Bhiwandi",Rural Roads & Bridges,CC Road Construction,Maharashtra,Thane,Thane,Bhiwandi,Titwala,19.1852,72.9274,4600000.0,4500000.0,3540000.0,960000.0,2023-02-21,2023-03-31,2023-04-28,2024-01-05,,Ongoing,81.0,AGY-DRDA-04,District Rural Development Agency (DRDA),4,1,False,DEMO/SYNTHETIC DATA
MPL-2024-AS-001369,REC-2023-5348,MP-LS-17-59,Hon'ble Member of Parliament (Gauhati),"High-Mast Solar Lighting Chowk at Mirza, Block Bezera",Solar & Renewable Energy,High-Mast Solar Lighting Chowk,Assam,Kamrup,Gauhati,Bezera,Mirza,26.1335,91.7211,1590000.0,1440000.0,833000.0,607000.0,2023-09-15,2023-10-08,2023-10-27,2024-05-14,,Ongoing,60.0,AGY-PWD-01,Public Works Department (PWD) Division I,3,1,False,DEMO/SYNTHETIC DATA
MPL-2024-WE-001370,REC-2023-1413,MP-LS-17-25,Hon'ble Member of Parliament (Krishnanagar),"Public Bus Passenger Shelter at Tehatta, Block Krishnanagar-I",Community Infrastructure,Public Bus Passenger Shelter,West Bengal,Nadia,Krishnanagar,Krishnanagar-I,Tehatta,23.3942,88.4354,2330000.0,2230000.0,1024000.0,1206000.0,2023-10-12,2023-12-03,2024-01-01,2024-09-27,,Ongoing,42.0,AGY-XYZ-99,XYZ Infrastructure & Construction Private Ltd,3,2,False,DEMO/SYNTHETIC DATA
MPL-2024-RA-001371,REC-2023-2506,MP-LS-17-63,Hon'ble Member of Parliament (Jaipur Rural),"Senior Citizen Recreation Shed at Bagru, Block Sanganer",Community Infrastructure,Senior Citizen Recreation Shed,Rajasthan,Jaipur,Jaipur Rural,Sanganer,Bagru,26.9069,75.7186,1610000.0,1560000.0,1560000.0,0.0,2023-07-06,2023-08-28,2023-09-20,2024-05-03,2024-04-26,Completed,100.0,AGY-PWD-01,Public Works Department (PWD) Division I,4,4,True,DEMO/SYNTHETIC DATA
MPL-2024-AS-001372,REC-2023-3517,MP-LS-17-24,Hon'ble Member of Parliament (Gauhati),"High-Mast Solar Lighting Chowk at Sualkuchi, Block Rangia",Solar & Renewable Energy,High-Mast Solar Lighting Chowk,Assam,Kamrup,Gauhati,Rangia,Sualkuchi,26.2103,91.6726,1210000.0,1210000.0,1210000.0,0.0,2023-09-12,2023-10-26,2023-11-14,2024-07-25,2024-08-20,Completed,100.0,AGY-PWD-01,Public Works Department (PWD) Division I,5,4,True,DEMO/SYNTHETIC DATA
MPL-2024-WE-001373,REC-2023-2826,MP-LS-17-48,Hon'ble Member of Parliament (Krishnanagar),"Health Diagnostic Equipment at Tehatta, Block Nakashipara",Health & Sanitation,Health Diagnostic Equipment,West Bengal,Nadia,Krishnanagar,Nakashipara,Tehatta,23.4762,88.5445,2010000.0,2010000.0,2010000.0,0.0,2023-02-13,2023-04-14,2023-04-27,2023-09-23,2023-10-19,Completed,100.0,AGY-ZP-03,Zila Parishad Rural Infrastructure Cell,5,2,True,DEMO/SYNTHETIC DATA
MPL-2024-BI-001374,REC-2023-8074,MP-LS-17-86,Hon'ble Member of Parliament (Patna Sahib),"CC Road Construction at Jethuli, Block Phulwari Sharif",Rural Roads & Bridges,CC Road Construction,Bihar,Patna,Patna Sahib,Phulwari Sharif,Jethuli,25.5796,85.1392,2870000.0,2820000.0,0.0,2820000.0,2023-01-02,2023-01-28,2023-02-27,2023-10-31,,Sanctioned,0.0,AGY-XYZ-99,XYZ Infrastructure & Construction Private Ltd,2,0,False,DEMO/SYNTHETIC DATA
MPL-2024-UT-001375,REC-2023-6408,MP-LS-17-16,Hon'ble Member of Parliament (Varanasi),"Hand Pump Installation Cluster at Badagaon, Block Pindra",Drinking Water,Hand Pump Installation Cluster,Uttar Pradesh,Varanasi,Varanasi,Pindra,Badagaon,25.2406,82.9141,2040000.0,1890000.0,1409000.0,481000.0,2023-01-02,2023-02-17,2023-03-14,2023-10-30,,Ongoing,80.0,AGY-RWD-02,Rural Works Department (RWD) Engineering Wing,4,1,False,DEMO/SYNTHETIC DATA
MPL-2024-RA-001376,REC-2023-2411,MP-LS-17-15,Hon'ble Member of Parliament (Jaipur Rural),"Community Public Toilet Complex at Nayla, Block Sanganer",Health & Sanitation,Community Public Toilet Complex,Rajasthan,Jaipur,Jaipur Rural,Sanganer,Nayla,26.8551,75.7475,1860000.0,1860000.0,1860000.0,0.0,2023-11-08,2024-01-07,2024-01-18,2024-10-19,2024-10-22,Completed,100.0,AGY-XYZ-99,XYZ Infrastructure & Construction Private Ltd,5,3,True,DEMO/SYNTHETIC DATA
MPL-2024-UT-001377,REC-2023-6261,MP-LS-17-81,Hon'ble Member of Parliament (Varanasi),"Rooftop Solar for Govt Hospital at Badagaon, Block Sewapuri",Solar & Renewable Energy,Rooftop Solar for Govt Hospital,Uttar Pradesh,Varanasi,Varanasi,Sewapuri,Badagaon,25.3116,82.9501,1150000.0,1150000.0,0.0,1150000.0,2023-10-26,2023-11-27,2023-12-08,2024-09-06,,Sanctioned,0.0,AGY-XYZ-99,XYZ Infrastructure & Construction Private Ltd,2,0,False,DEMO/SYNTHETIC DATA
MPL-2024-WE-001378,REC-2023-2725,MP-LS-17-74,Hon'ble Member of Parliament (Krishnanagar),"Deep Borewell & Solar Pump System at Tehatta, Block Krishnanagar-I",Drinking Water,Deep Borewell & Solar Pump System,West Bengal,Nadia,Krishnanagar,Krishnanagar-I,Tehatta,23.3836,88.5146,1040000.0,1040000.0,529000.0,511000.0,2023-11-22,2024-01-07,2024-01-22,2024-09-19,,Ongoing,54.0,AGY-DRDA-04,District Rural Development Agency (DRDA),3,3,False,DEMO/SYNTHETIC DATA
MPL-2024-WE-001379,REC-2023-9095,MP-LS-17-94,Hon'ble Member of Parliament (Krishnanagar),"School Science Laboratory at Mayapur, Block Nabadwip",Education & Classrooms,School Science Laboratory,West Bengal,Nadia,Krishnanagar,Nabadwip,Mayapur,23.4407,88.4818,1040000.0,990000.0,990000.0,0.0,2023-09-18,2023-10-14,2023-10-27,2024-06-14,2024-07-24,Completed,100.0,AGY-ZP-03,Zila Parishad Rural Infrastructure Cell,5,2,True,DEMO/SYNTHETIC DATA
MPL-2024-WE-001380,REC-2023-5593,MP-LS-17-98,Hon'ble Member of Parliament (Krishnanagar),"Paver Block Road at Dhubulia, Block Chapra",Rural Roads & Bridges,Paver Block Road,West Bengal,Nadia,Krishnanagar,Chapra,Dhubulia,23.3255,88.4611,3410000.0,3310000.0,3310000.0,0.0,2023-10-28,2023-11-21,2023-12-15,2024-09-01,2024-09-24,Completed,100.0,AGY-RWD-02,Rural Works Department (RWD) Engineering Wing,4,3,True,DEMO/SYNTHETIC DATA
MPL-2024-KA-001381,REC-2023-6925,MP-LS-17-80,Hon'ble Member of Parliament (Bangalore North),"Village Waste Segregation Shed at Hesaraghatta, Block Yelahanka",Health & Sanitation,Village Waste Segregation Shed,Karnataka,Bengaluru Urban,Bangalore North,Yelahanka,Hesaraghatta,12.9355,77.5817,920000.0,870000.0,870000.0,0.0,2023-09-07,2023-10-19,2023-11-05,2024-03-18,2024-04-08,Completed,100.0,AGY-DRDA-04,District Rural Development Agency (DRDA),4,4,True,DEMO/SYNTHETIC DATA
MPL-2024-BI-001382,REC-2023-5668,MP-LS-17-78,Hon'ble Member of Parliament (Patna Sahib),"Piped Water Overhead Tank at Baikatpur, Block Danapur",Drinking Water,Piped Water Overhead Tank,Bihar,Patna,Patna Sahib,Danapur,Baikatpur,25.6053,85.1949,1400000.0,1350000.0,1350000.0,0.0,2023-10-05,2023-11-05,2023-11-21,2024-04-11,2024-03-22,Completed,100.0,AGY-RWD-02,Rural Works Department (RWD) Engineering Wing,5,4,True,DEMO/SYNTHETIC DATA
MPL-2024-RA-001383,REC-2023-5580,MP-LS-17-97,Hon'ble Member of Parliament (Jaipur Rural),"RO Water Treatment Plant at Kukas, Block Chaksu",Drinking Water,RO Water Treatment Plant,Rajasthan,Jaipur,Jaipur Rural,Chaksu,Kukas,26.874,75.7761,2050000.0,2000000.0,2000000.0,0.0,2023-03-14,2023-05-04,2023-05-27,2023-10-10,2023-10-24,Completed,100.0,AGY-PWD-01,Public Works Department (PWD) Division I,4,2,True,DEMO/SYNTHETIC DATA
MPL-2024-MA-001384,REC-2023-4724,MP-LS-17-33,Hon'ble Member of Parliament (Thane),"Culvert & Drainage Bridge at Vashind, Block Murbad",Rural Roads & Bridges,Culvert & Drainage Bridge,Maharashtra,Thane,Thane,Murbad,Vashind,19.176,72.9118,4040000.0,3890000.0,2360000.0,1530000.0,2023-08-14,2023-09-12,2023-10-05,2024-06-23,,Ongoing,63.0,AGY-DRDA-04,District Rural Development Agency (DRDA),4,1,False,DEMO/SYNTHETIC DATA
MPL-2024-KE-001385,REC-2023-2131,MP-LS-17-57,Hon'ble Member of Parliament (Ernakulam),"Public Bus Passenger Shelter at Kothamangalam, Block Vyttila",Community Infrastructure,Public Bus Passenger Shelter,Kerala,Ernakulam,Ernakulam,Vyttila,Kothamangalam,10.0414,76.2807,2020000.0,2020000.0,2020000.0,0.0,2023-12-25,2024-02-17,2024-03-05,2024-11-30,2024-12-19,Completed,100.0,AGY-WSS-05,Public Health Engineering & Water Supply Dept,5,2,True,DEMO/SYNTHETIC DATA
MPL-2024-RA-001386,REC-2023-6807,MP-LS-17-84,Hon'ble Member of Parliament (Jaipur Rural),"Health Diagnostic Equipment at Kukas, Block Kotputli",Health & Sanitation,Health Diagnostic Equipment,Rajasthan,Jaipur,Jaipur Rural,Kotputli,Kukas,26.9231,75.7701,2620000.0,2570000.0,2570000.0,0.0,2023-03-04,2023-03-31,2023-04-20,2024-02-12,2024-02-13,Completed,100.0,AGY-ZP-03,Zila Parishad Rural Infrastructure Cell,4,3,True,DEMO/SYNTHETIC DATA
MPL-2024-MA-001387,REC-2023-5282,MP-LS-17-17,Hon'ble Member of Parliament (Thane),"Health Diagnostic Equipment at Padgha, Block Ambernath",Health & Sanitation,Health Diagnostic Equipment,Maharashtra,Thane,Thane,Ambernath,Padgha,19.1781,73.0323,1710000.0,1660000.0,1226000.0,434000.0,2023-12-19,2024-02-14,2024-02-24,2024-10-13,,Ongoing,76.0,AGY-WSS-05,Public Health Engineering & Water Supply Dept,4,3,False,DEMO/SYNTHETIC DATA
MPL-2024-RA-001388,REC-2023-4315,MP-LS-17-77,Hon'ble Member of Parliament (Jaipur Rural),"Health Diagnostic Equipment at Manoharpur, Block Chaksu",Health & Sanitation,Health Diagnostic Equipment,Rajasthan,Jaipur,Jaipur Rural,Chaksu,Manoharpur,26.9909,75.7864,1170000.0,1020000.0,757000.0,263000.0,2023-11-01,2023-11-25,2023-12-08,2024-07-25,,Ongoing,70.0,AGY-XYZ-99,XYZ Infrastructure & Construction Private Ltd,3,2,False,DEMO/SYNTHETIC DATA
MPL-2024-AS-001389,REC-2023-7241,MP-LS-17-10,Hon'ble Member of Parliament (Gauhati),"Deep Borewell & Solar Pump System at Boko, Block Bezera",Drinking Water,Deep Borewell & Solar Pump System,Assam,Kamrup,Gauhati,Bezera,Boko,26.1323,91.7991,2400000.0,2350000.0,0.0,2350000.0,2023-10-19,2023-11-26,2023-12-18,2024-08-26,,Sanctioned,0.0,AGY-DRDA-04,District Rural Development Agency (DRDA),2,0,False,DEMO/SYNTHETIC DATA
MPL-2024-AS-001390,REC-2023-7964,MP-LS-17-42,Hon'ble Member of Parliament (Gauhati),"High-Mast Solar Lighting Chowk at Boko, Block Kamalpur",Solar & Renewable Energy,High-Mast Solar Lighting Chowk,Assam,Kamrup,Gauhati,Kamalpur,Boko,26.1083,91.7361,1340000.0,1290000.0,808000.0,482000.0,2023-01-09,2023-02-09,2023-03-05,2023-11-12,,Ongoing,62.0,AGY-WSS-05,Public Health Engineering & Water Supply Dept,3,2,False,DEMO/SYNTHETIC DATA
MPL-2024-KA-001391,REC-2023-3554,MP-LS-17-51,Hon'ble Member of Parliament (Bangalore North),"Solar Street Light Grid (50 poles) at Doddaballapur Rd, Block Anekal",Solar & Renewable Energy,Solar Street Light Grid (50 poles),Karnataka,Bengaluru Urban,Bangalore North,Anekal,Doddaballapur Rd,13.0055,77.6418,1550000.0,1500000.0,1274000.0,226000.0,2023-06-03,2023-07-02,2023-07-21,2024-04-23,,Ongoing,85.0,AGY-XYZ-99,XYZ Infrastructure & Construction Private Ltd,3,2,False,DEMO/SYNTHETIC DATA
MPL-2024-AS-001392,REC-2023-6166,MP-LS-17-92,Hon'ble Member of Parliament (Gauhati),"Crematorium Shed with Amenities at Dadara, Block Chaygaon",Community Infrastructure,Crematorium Shed with Amenities,Assam,Kamrup,Gauhati,Chaygaon,Dadara,26.1398,91.7526,3690000.0,3590000.0,2215000.0,1375000.0,2023-07-15,2023-09-08,2023-09-20,2024-03-05,,Ongoing,63.0,AGY-PWD-01,Public Works Department (PWD) Division I,3,3,False,DEMO/SYNTHETIC DATA
MPL-2024-KE-001393,REC-2023-7933,MP-LS-17-98,Hon'ble Member of Parliament (Ernakulam),"Public Bus Passenger Shelter at Kalamassery, Block Muvattupuzha",Community Infrastructure,Public Bus Passenger Shelter,Kerala,Ernakulam,Ernakulam,Muvattupuzha,Kalamassery,9.9263,76.3616,2020000.0,2020000.0,2020000.0,0.0,2023-07-18,2023-08-24,2023-09-10,2024-03-23,2024-03-11,Completed,100.0,AGY-DRDA-04,District Rural Development Agency (DRDA),5,4,True,DEMO/SYNTHETIC DATA
MPL-2024-WE-001394,REC-2023-3463,MP-LS-17-10,Hon'ble Member of Parliament (Krishnanagar),"High-Mast Solar Lighting Chowk at Dhubulia, Block Chapra",Solar & Renewable Energy,High-Mast Solar Lighting Chowk,West Bengal,Nadia,Krishnanagar,Chapra,Dhubulia,23.4408,88.5224,1610000.0,1510000.0,792000.0,718000.0,2023-08-10,2023-09-23,2023-10-19,2024-06-29,,Ongoing,53.0,AGY-RWD-02,Rural Works Department (RWD) Engineering Wing,3,3,False,DEMO/SYNTHETIC DATA
MPL-2024-RA-001395,REC-2023-6644,MP-LS-17-54,Hon'ble Member of Parliament (Jaipur Rural),"Solar Street Light Grid (50 poles) at Bassi, Block Chaksu",Solar & Renewable Energy,Solar Street Light Grid (50 poles),Rajasthan,Jaipur,Jaipur Rural,Chaksu,Bassi,26.9664,75.717,1780000.0,1730000.0,1730000.0,0.0,2023-12-12,2024-01-11,2024-02-09,2024-11-13,2024-11-28,Completed,100.0,AGY-DRDA-04,District Rural Development Agency (DRDA),4,4,True,DEMO/SYNTHETIC DATA
MPL-2024-AS-001396,REC-2023-4437,MP-LS-17-53,Hon'ble Member of Parliament (Gauhati),"High-Mast Solar Lighting Chowk at Puthimari, Block Bezera",Solar & Renewable Energy,High-Mast Solar Lighting Chowk,Assam,Kamrup,Gauhati,Bezera,Puthimari,26.2066,91.6911,1560000.0,1560000.0,839000.0,721000.0,2023-03-13,2023-04-22,2023-05-21,2023-12-22,,Ongoing,59.0,AGY-PWD-01,Public Works Department (PWD) Division I,2,2,False,DEMO/SYNTHETIC DATA
MPL-2024-UT-001397,REC-2023-2465,MP-LS-17-45,Hon'ble Member of Parliament (Varanasi),"Link Road Widening at Chhatar, Block Kashi Vidyapeeth",Rural Roads & Bridges,Link Road Widening,Uttar Pradesh,Varanasi,Varanasi,Kashi Vidyapeeth,Chhatar,25.3548,82.9452,3530000.0,3530000.0,1457000.0,2073000.0,2023-12-14,2024-01-26,2024-02-21,2024-08-08,,Ongoing,41.0,AGY-DRDA-04,District Rural Development Agency (DRDA),3,2,False,DEMO/SYNTHETIC DATA
MPL-2024-UT-001398,REC-2023-9054,MP-LS-17-46,Hon'ble Member of Parliament (Varanasi),"Village Waste Segregation Shed at Shivpur, Block Kashi Vidyapeeth",Health & Sanitation,Village Waste Segregation Shed,Uttar Pradesh,Varanasi,Varanasi,Kashi Vidyapeeth,Shivpur,25.3762,82.9059,2300000.0,2300000.0,1224000.0,1076000.0,2023-12-22,2024-02-02,2024-02-26,2024-07-03,,Ongoing,52.0,AGY-PWD-01,Public Works Department (PWD) Division I,2,1,False,DEMO/SYNTHETIC DATA
MPL-2024-UT-001399,REC-2023-9921,MP-LS-17-22,Hon'ble Member of Parliament (Varanasi),"Public Bus Passenger Shelter at Shivpur, Block Pindra",Community Infrastructure,Public Bus Passenger Shelter,Uttar Pradesh,Varanasi,Varanasi,Pindra,Shivpur,25.2766,82.9047,1470000.0,1370000.0,1370000.0,0.0,2023-07-12,2023-08-14,2023-09-13,2024-06-09,2024-07-01,Completed,100.0,AGY-XYZ-99,XYZ Infrastructure & Construction Private Ltd,4,2,True,DEMO/SYNTHETIC DATA
MPL-2024-UT-001400,REC-2023-5753,MP-LS-17-17,Hon'ble Member of Parliament (Varanasi),"Solar Street Light Grid (50 poles) at Babatpur, Block Arajiline",Solar & Renewable Energy,Solar Street Light Grid (50 poles),Uttar Pradesh,Varanasi,Varanasi,Arajiline,Babatpur,25.2619,82.9924,1410000.0,1410000.0,449000.0,961000.0,2023-06-12,2023-07-24,2023-08-23,2024-04-08,,Ongoing,30.0,AGY-XYZ-99,XYZ Infrastructure & Construction Private Ltd,2,2,False,DEMO/SYNTHETIC DATA
MPL-2024-UT-001401,REC-2023-9225,MP-LS-17-79,Hon'ble Member of Parliament (Varanasi),"Solar Street Light Grid (50 poles) at Tikari, Block Arajiline",Solar & Renewable Energy,Solar Street Light Grid (50 poles),Uttar Pradesh,Varanasi,Varanasi,Arajiline,Tikari,25.3218,82.985,1350000.0,1300000.0,348000.0,952000.0,2023-06-09,2023-08-02,2023-08-12,2024-04-25,,Ongoing,26.0,AGY-XYZ-99,XYZ Infrastructure & Construction Private Ltd,3,2,False,DEMO/SYNTHETIC DATA
MPL-2024-AS-001402,REC-2023-7514,MP-LS-17-27,Hon'ble Member of Parliament (Gauhati),"Culvert & Drainage Bridge at Dadara, Block Hajo",Rural Roads & Bridges,Culvert & Drainage Bridge,Assam,Kamrup,Gauhati,Hajo,Dadara,26.1692,91.7675,2410000.0,2310000.0,1247000.0,1063000.0,2023-09-05,2023-10-11,2023-11-01,2024-07-19,,Ongoing,51.0,AGY-XYZ-99,XYZ Infrastructure & Construction Private Ltd,3,2,False,DEMO/SYNTHETIC DATA
MPL-2024-RA-001403,REC-2023-1111,MP-LS-17-15,Hon'ble Member of Parliament (Jaipur Rural),"Piped Water Overhead Tank at Kukas, Block Amer",Drinking Water,Piped Water Overhead Tank,Rajasthan,Jaipur,Jaipur Rural,Amer,Kukas,26.8765,75.8094,970000.0,870000.0,419000.0,451000.0,2023-05-16,2023-06-23,2023-07-15,2024-04-03,,Ongoing,48.0,AGY-PWD-01,Public Works Department (PWD) Division I,2,1,False,DEMO/SYNTHETIC DATA
MPL-2024-MA-001404,REC-2023-4614,MP-LS-17-67,Hon'ble Member of Parliament (Thane),"Hand Pump Installation Cluster at Titwala, Block Kalyan",Drinking Water,Hand Pump Installation Cluster,Maharashtra,Thane,Thane,Kalyan,Titwala,19.2511,73.0409,1670000.0,1570000.0,1570000.0,0.0,2023-05-20,2023-06-09,2023-06-21,2024-01-14,2024-01-25,Completed,100.0,AGY-XYZ-99,XYZ Infrastructure & Construction Private Ltd,5,3,True,DEMO/SYNTHETIC DATA
MPL-2024-BI-001405,REC-2023-9673,MP-LS-17-98,Hon'ble Member of Parliament (Patna Sahib),"Health Diagnostic Equipment at Gauri Chak, Block Danapur",Health & Sanitation,Health Diagnostic Equipment,Bihar,Patna,Patna Sahib,Danapur,Gauri Chak,25.6091,85.1018,1260000.0,1210000.0,0.0,1210000.0,2023-05-19,2023-06-21,2023-07-08,2024-03-07,,Sanctioned,0.0,AGY-ZP-03,Zila Parishad Rural Infrastructure Cell,2,0,False,DEMO/SYNTHETIC DATA
MPL-2024-RA-001406,REC-2023-9840,MP-LS-17-82,Hon'ble Member of Parliament (Jaipur Rural),"Crematorium Shed with Amenities at Bassi, Block Shahpura",Community Infrastructure,Crematorium Shed with Amenities,Rajasthan,Jaipur,Jaipur Rural,Shahpura,Bassi,26.9546,75.7648,3490000.0,3340000.0,3340000.0,0.0,2023-11-17,2023-12-13,2023-12-31,2024-08-06,2024-08-24,Completed,100.0,AGY-RWD-02,Rural Works Department (RWD) Engineering Wing,5,2,True,DEMO/SYNTHETIC DATA
MPL-2024-WE-001407,REC-2023-6545,MP-LS-17-66,Hon'ble Member of Parliament (Krishnanagar),"RO Water Treatment Plant at Mayapur, Block Chapra",Drinking Water,RO Water Treatment Plant,West Bengal,Nadia,Krishnanagar,Chapra,Mayapur,23.3408,88.5727,2120000.0,2020000.0,1294000.0,726000.0,2023-05-17,2023-07-12,2023-08-10,2024-02-23,,Ongoing,67.0,AGY-DRDA-04,District Rural Development Agency (DRDA),4,2,False,DEMO/SYNTHETIC DATA
MPL-2024-UT-001408,REC-2023-1525,MP-LS-17-89,Hon'ble Member of Parliament (Varanasi),"Rooftop Solar for Govt Hospital at Shivpur, Block Kashi Vidyapeeth",Solar & Renewable Energy,Rooftop Solar for Govt Hospital,Uttar Pradesh,Varanasi,Varanasi,Kashi Vidyapeeth,Shivpur,25.3485,82.9273,540000.0,490000.0,310000.0,180000.0,2023-10-24,2023-11-13,2023-12-08,2024-05-10,,Ongoing,63.0,AGY-PWD-01,Public Works Department (PWD) Division I,2,2,False,DEMO/SYNTHETIC DATA
MPL-2024-KE-001409,REC-2023-8814,MP-LS-17-70,Hon'ble Member of Parliament (Ernakulam),"Health Diagnostic Equipment at Kalamassery, Block Aluva",Health & Sanitation,Health Diagnostic Equipment,Kerala,Ernakulam,Ernakulam,Aluva,Kalamassery,9.9169,76.2904,1190000.0,1190000.0,569000.0,621000.0,2023-01-08,2023-02-11,2023-02-23,2023-09-15,,Ongoing,44.0,AGY-PWD-01,Public Works Department (PWD) Division I,3,2,False,DEMO/SYNTHETIC DATA
MPL-2024-KE-001410,REC-2023-9290,MP-LS-17-17,Hon'ble Member of Parliament (Ernakulam),"High-Mast Solar Lighting Chowk at Edappally, Block Vyttila",Solar & Renewable Energy,High-Mast Solar Lighting Chowk,Kerala,Ernakulam,Ernakulam,Vyttila,Edappally,9.9149,76.3687,1870000.0,1770000.0,1770000.0,0.0,2023-04-04,2023-05-04,2023-05-24,2023-10-29,2023-11-22,Completed,100.0,AGY-DRDA-04,District Rural Development Agency (DRDA),4,4,True,DEMO/SYNTHETIC DATA
MPL-2024-RA-001411,REC-2023-5415,MP-LS-17-18,Hon'ble Member of Parliament (Jaipur Rural),"Hand Pump Installation Cluster at Kukas, Block Sanganer",Drinking Water,Hand Pump Installation Cluster,Rajasthan,Jaipur,Jaipur Rural,Sanganer,Kukas,26.8471,75.7375,2330000.0,2330000.0,1415000.0,915000.0,2023-10-23,2023-11-22,2023-12-17,2024-07-01,,Ongoing,61.0,AGY-DRDA-04,District Rural Development Agency (DRDA),2,2,False,DEMO/SYNTHETIC DATA
MPL-2024-BI-001412,REC-2023-5598,MP-LS-17-13,Hon'ble Member of Parliament (Patna Sahib),"High-Mast Solar Lighting Chowk at Ranipur, Block Bakhtiarpur",Solar & Renewable Energy,High-Mast Solar Lighting Chowk,Bihar,Patna,Patna Sahib,Bakhtiarpur,Ranipur,25.5429,85.1333,1820000.0,1670000.0,1115000.0,555000.0,2023-05-16,2023-06-17,2023-07-10,2023-12-30,,Ongoing,62.0,AGY-XYZ-99,XYZ Infrastructure & Construction Private Ltd,3,2,False,DEMO/SYNTHETIC DATA
MPL-2024-RA-001413,REC-2023-2611,MP-LS-17-82,Hon'ble Member of Parliament (Jaipur Rural),"Crematorium Shed with Amenities at Kukas, Block Shahpura",Community Infrastructure,Crematorium Shed with Amenities,Rajasthan,Jaipur,Jaipur Rural,Shahpura,Kukas,26.9676,75.7384,1970000.0,1970000.0,0.0,1970000.0,2023-05-07,2023-06-15,2023-06-27,2024-03-11,,Sanctioned,0.0,AGY-DRDA-04,District Rural Development Agency (DRDA),2,0,False,DEMO/SYNTHETIC DATA
MPL-2024-MA-001414,REC-2023-2063,MP-LS-17-29,Hon'ble Member of Parliament (Thane),"Culvert & Drainage Bridge at Vashind, Block Ambernath",Rural Roads & Bridges,Culvert & Drainage Bridge,Maharashtra,Thane,Thane,Ambernath,Vashind,19.197,73.0465,2720000.0,2720000.0,2720000.0,0.0,2023-05-05,2023-06-08,2023-06-22,2024-01-22,2024-01-15,Completed,100.0,AGY-ZP-03,Zila Parishad Rural Infrastructure Cell,5,3,True,DEMO/SYNTHETIC DATA
MPL-2024-KA-001415,REC-2023-4266,MP-LS-17-70,Hon'ble Member of Parliament (Bangalore North),"Panchayat Community Hall at Mandur, Block Bengaluru North",Community Infrastructure,Panchayat Community Hall,Karnataka,Bengaluru Urban,Bangalore North,Bengaluru North,Mandur,12.9119,77.5697,3460000.0,3310000.0,3310000.0,0.0,2023-08-04,2023-09-24,2023-10-19,2024-05-11,2024-04-23,Completed,100.0,AGY-DRDA-04,District Rural Development Agency (DRDA),4,2,True,DEMO/SYNTHETIC DATA
MPL-2024-WE-001416,REC-2023-8911,MP-LS-17-10,Hon'ble Member of Parliament (Krishnanagar),"CC Road Construction at Dhubulia, Block Chapra",Rural Roads & Bridges,CC Road Construction,West Bengal,Nadia,Krishnanagar,Chapra,Dhubulia,23.4708,88.4223,2060000.0,2060000.0,2060000.0,0.0,2023-10-05,2023-11-18,2023-12-18,2024-08-22,2024-08-08,Completed,100.0,AGY-PWD-01,Public Works Department (PWD) Division I,4,3,True,DEMO/SYNTHETIC DATA
MPL-2024-BI-001417,REC-2023-4611,MP-LS-17-71,Hon'ble Member of Parliament (Patna Sahib),"RO Water Treatment Plant at Baikatpur, Block Phulwari Sharif",Drinking Water,RO Water Treatment Plant,Bihar,Patna,Patna Sahib,Phulwari Sharif,Baikatpur,25.636,85.1428,1890000.0,1740000.0,531000.0,1209000.0,2023-06-05,2023-06-27,2023-07-07,2024-02-21,,Ongoing,32.0,AGY-RWD-02,Rural Works Department (RWD) Engineering Wing,2,2,False,DEMO/SYNTHETIC DATA
MPL-2024-WE-001418,REC-2023-1199,MP-LS-17-83,Hon'ble Member of Parliament (Krishnanagar),"Link Road Widening at Dhubulia, Block Nabadwip",Rural Roads & Bridges,Link Road Widening,West Bengal,Nadia,Krishnanagar,Nabadwip,Dhubulia,23.4725,88.4946,2570000.0,2470000.0,2470000.0,0.0,2023-05-15,2023-06-21,2023-07-15,2024-02-25,2024-03-17,Completed,100.0,AGY-ZP-03,Zila Parishad Rural Infrastructure Cell,4,2,True,DEMO/SYNTHETIC DATA
MPL-2024-UT-001419,REC-2023-3246,MP-LS-17-26,Hon'ble Member of Parliament (Varanasi),"Crematorium Shed with Amenities at Harahua, Block Kashi Vidyapeeth",Community Infrastructure,Crematorium Shed with Amenities,Uttar Pradesh,Varanasi,Varanasi,Kashi Vidyapeeth,Harahua,25.2857,83.0193,3730000.0,3630000.0,3630000.0,0.0,2023-12-13,2024-02-01,2024-02-16,2024-12-12,2024-12-03,Completed,100.0,AGY-PWD-01,Public Works Department (PWD) Division I,5,4,True,DEMO/SYNTHETIC DATA
MPL-2024-KE-001420,REC-2023-6397,MP-LS-17-50,Hon'ble Member of Parliament (Ernakulam),"Community Public Toilet Complex at Kothamangalam, Block Vyttila",Health & Sanitation,Community Public Toilet Complex,Kerala,Ernakulam,Ernakulam,Vyttila,Kothamangalam,9.9611,76.2651,1380000.0,1380000.0,1380000.0,0.0,2023-07-23,2023-08-28,2023-09-25,2024-05-25,2024-07-03,Completed,100.0,AGY-WSS-05,Public Health Engineering & Water Supply Dept,4,4,True,DEMO/SYNTHETIC DATA
MPL-2024-MA-001421,REC-2023-5246,MP-LS-17-27,Hon'ble Member of Parliament (Thane),"Additional Classroom Building at Khadavali, Block Murbad",Education & Classrooms,Additional Classroom Building,Maharashtra,Thane,Thane,Murbad,Khadavali,19.2152,72.9329,2300000.0,2150000.0,0.0,2150000.0,2023-04-01,2023-05-21,2023-05-31,2023-10-30,,Sanctioned,0.0,AGY-DRDA-04,District Rural Development Agency (DRDA),2,0,False,DEMO/SYNTHETIC DATA
MPL-2024-KE-001422,REC-2023-8918,MP-LS-17-90,Hon'ble Member of Parliament (Ernakulam),"Public Bus Passenger Shelter at Kothamangalam, Block Angamaly",Community Infrastructure,Public Bus Passenger Shelter,Kerala,Ernakulam,Ernakulam,Angamaly,Kothamangalam,9.9267,76.2849,1550000.0,1400000.0,1135000.0,265000.0,2023-10-04,2023-11-25,2023-12-15,2024-06-12,,Ongoing,77.0,AGY-DRDA-04,District Rural Development Agency (DRDA),3,1,False,DEMO/SYNTHETIC DATA
MPL-2024-UT-001423,REC-2023-6691,MP-LS-17-95,Hon'ble Member of Parliament (Varanasi),"Community Public Toilet Complex at Rampur, Block Sewapuri",Health & Sanitation,Community Public Toilet Complex,Uttar Pradesh,Varanasi,Varanasi,Sewapuri,Rampur,25.253,83.0045,2590000.0,2590000.0,2590000.0,0.0,2023-05-05,2023-06-13,2023-06-28,2023-12-19,2023-12-14,Completed,100.0,AGY-ZP-03,Zila Parishad Rural Infrastructure Cell,5,2,True,DEMO/SYNTHETIC DATA
MPL-2024-KA-001424,REC-2023-3649,MP-LS-17-63,Hon'ble Member of Parliament (Bangalore North),"CC Road Construction at Attibele, Block Anekal",Rural Roads & Bridges,CC Road Construction,Karnataka,Bengaluru Urban,Bangalore North,Anekal,Attibele,12.9494,77.6246,3820000.0,3720000.0,0.0,3720000.0,2023-12-01,2024-01-20,2024-02-08,2024-10-20,,Sanctioned,0.0,AGY-WSS-05,Public Health Engineering & Water Supply Dept,2,0,False,DEMO/SYNTHETIC DATA
MPL-2024-AS-001425,REC-2023-6573,MP-LS-17-32,Hon'ble Member of Parliament (Gauhati),"Smart Digital Library Block at Sualkuchi, Block Chaygaon",Education & Classrooms,Smart Digital Library Block,Assam,Kamrup,Gauhati,Chaygaon,Sualkuchi,26.1223,91.7086,950000.0,850000.0,502000.0,348000.0,2023-06-02,2023-07-28,2023-08-18,2024-03-27,,Ongoing,62.0,AGY-XYZ-99,XYZ Infrastructure & Construction Private Ltd,2,1,False,DEMO/SYNTHETIC DATA
MPL-2024-WE-001426,REC-2023-8990,MP-LS-17-25,Hon'ble Member of Parliament (Krishnanagar),"High-Mast Solar Lighting Chowk at Mayapur, Block Chapra",Solar & Renewable Energy,High-Mast Solar Lighting Chowk,West Bengal,Nadia,Krishnanagar,Chapra,Mayapur,23.3742,88.5501,1740000.0,1690000.0,1145000.0,545000.0,2023-04-10,2023-05-10,2023-06-02,2023-12-05,,Ongoing,72.0,AGY-DRDA-04,District Rural Development Agency (DRDA),4,2,False,DEMO/SYNTHETIC DATA
MPL-2024-KA-001427,REC-2023-3468,MP-LS-17-27,Hon'ble Member of Parliament (Bangalore North),"Paver Block Road at Mandur, Block K.R. Puram",Rural Roads & Bridges,Paver Block Road,Karnataka,Bengaluru Urban,Bangalore North,K.R. Puram,Mandur,12.9813,77.6408,3960000.0,3810000.0,3810000.0,0.0,2023-02-11,2023-03-07,2023-03-21,2023-08-26,2023-10-01,Completed,100.0,AGY-XYZ-99,XYZ Infrastructure & Construction Private Ltd,5,3,True,DEMO/SYNTHETIC DATA
MPL-2024-RA-001428,REC-2023-1257,MP-LS-17-98,Hon'ble Member of Parliament (Jaipur Rural),"Village Waste Segregation Shed at Nayla, Block Shahpura",Health & Sanitation,Village Waste Segregation Shed,Rajasthan,Jaipur,Jaipur Rural,Shahpura,Nayla,26.8911,75.7955,1560000.0,1560000.0,0.0,1560000.0,2023-11-02,2023-11-24,2023-12-20,2024-06-12,,Sanctioned,0.0,AGY-XYZ-99,XYZ Infrastructure & Construction Private Ltd,2,0,False,DEMO/SYNTHETIC DATA
MPL-2024-KE-001429,REC-2023-8871,MP-LS-17-39,Hon'ble Member of Parliament (Ernakulam),"Paver Block Road at Edappally, Block Muvattupuzha",Rural Roads & Bridges,Paver Block Road,Kerala,Ernakulam,Ernakulam,Muvattupuzha,Edappally,10.0119,76.2399,4280000.0,4280000.0,3033000.0,1247000.0,2023-03-02,2023-04-07,2023-05-04,2023-10-29,,Ongoing,68.0,AGY-XYZ-99,XYZ Infrastructure & Construction Private Ltd,2,2,False,DEMO/SYNTHETIC DATA
MPL-2024-KE-001430,REC-2023-7615,MP-LS-17-45,Hon'ble Member of Parliament (Ernakulam),"Village Waste Segregation Shed at Kalamassery, Block Aluva",Health & Sanitation,Village Waste Segregation Shed,Kerala,Ernakulam,Ernakulam,Aluva,Kalamassery,10.0348,76.3333,2600000.0,2550000.0,1963000.0,587000.0,2023-07-13,2023-08-02,2023-08-20,2024-03-25,,Ongoing,84.0,AGY-XYZ-99,XYZ Infrastructure & Construction Private Ltd,3,1,False,DEMO/SYNTHETIC DATA
MPL-2024-MA-001431,REC-2023-7929,MP-LS-17-73,Hon'ble Member of Parliament (Thane),"Senior Citizen Recreation Shed at Vashind, Block Ambernath",Community Infrastructure,Senior Citizen Recreation Shed,Maharashtra,Thane,Thane,Ambernath,Vashind,19.2561,73.035,2420000.0,2370000.0,1645000.0,725000.0,2023-03-15,2023-04-04,2023-04-25,2023-09-02,,Ongoing,77.0,AGY-ZP-03,Zila Parishad Rural Infrastructure Cell,4,3,False,DEMO/SYNTHETIC DATA
MPL-2024-MA-001432,REC-2023-6124,MP-LS-17-88,Hon'ble Member of Parliament (Thane),"Rooftop Solar for Govt Hospital at Khadavali, Block Murbad",Solar & Renewable Energy,Rooftop Solar for Govt Hospital,Maharashtra,Thane,Thane,Murbad,Khadavali,19.2586,73.0236,1490000.0,1390000.0,1390000.0,0.0,2023-10-22,2023-12-04,2023-12-31,2024-07-12,2024-07-09,Completed,100.0,AGY-WSS-05,Public Health Engineering & Water Supply Dept,5,3,True,DEMO/SYNTHETIC DATA
MPL-2024-RA-001433,REC-2023-7669,MP-LS-17-82,Hon'ble Member of Parliament (Jaipur Rural),"High-Mast Solar Lighting Chowk at Manoharpur, Block Kotputli",Solar & Renewable Energy,High-Mast Solar Lighting Chowk,Rajasthan,Jaipur,Jaipur Rural,Kotputli,Manoharpur,26.8396,75.7219,1050000.0,950000.0,950000.0,0.0,2023-12-27,2024-01-16,2024-02-02,2024-07-03,2024-07-20,Completed,100.0,AGY-WSS-05,Public Health Engineering & Water Supply Dept,4,3,True,DEMO/SYNTHETIC DATA
MPL-2024-AS-001434,REC-2023-1172,MP-LS-17-32,Hon'ble Member of Parliament (Gauhati),"Paver Block Road at Sualkuchi, Block Bezera",Rural Roads & Bridges,Paver Block Road,Assam,Kamrup,Gauhati,Bezera,Sualkuchi,26.1174,91.7864,4390000.0,4290000.0,4290000.0,0.0,2023-11-06,2023-11-29,2023-12-17,2024-05-24,2024-06-11,Completed,100.0,AGY-ZP-03,Zila Parishad Rural Infrastructure Cell,5,4,True,DEMO/SYNTHETIC DATA
MPL-2024-MA-001435,REC-2023-7515,MP-LS-17-18,Hon'ble Member of Parliament (Thane),"CC Road Construction at Saralgaon, Block Shahapur",Rural Roads & Bridges,CC Road Construction,Maharashtra,Thane,Thane,Shahapur,Saralgaon,19.2115,73.017,2330000.0,2230000.0,1945000.0,285000.0,2023-10-18,2023-12-02,2023-12-25,2024-06-01,,Ongoing,84.0,AGY-WSS-05,Public Health Engineering & Water Supply Dept,4,2,False,DEMO/SYNTHETIC DATA
MPL-2024-KA-001436,REC-2023-7329,MP-LS-17-68,Hon'ble Member of Parliament (Bangalore North),"Link Road Widening at Singanayakanahalli, Block Anekal",Rural Roads & Bridges,Link Road Widening,Karnataka,Bengaluru Urban,Bangalore North,Anekal,Singanayakanahalli,12.924,77.6194,3850000.0,3800000.0,1449000.0,2351000.0,2023-12-25,2024-02-09,2024-03-04,2024-10-24,,Ongoing,39.0,AGY-ZP-03,Zila Parishad Rural Infrastructure Cell,3,3,False,DEMO/SYNTHETIC DATA
MPL-2024-MA-001437,REC-2023-5814,MP-LS-17-19,Hon'ble Member of Parliament (Thane),"Rooftop Solar for Govt Hospital at Titwala, Block Murbad",Solar & Renewable Energy,Rooftop Solar for Govt Hospital,Maharashtra,Thane,Thane,Murbad,Titwala,19.2894,73.056,1170000.0,1020000.0,1020000.0,0.0,2023-12-21,2024-02-14,2024-03-02,2024-11-30,2024-11-24,Completed,100.0,AGY-ZP-03,Zila Parishad Rural Infrastructure Cell,5,3,True,DEMO/SYNTHETIC DATA
MPL-2024-KE-001438,REC-2023-7648,MP-LS-17-98,Hon'ble Member of Parliament (Ernakulam),"CC Road Construction at Kothamangalam, Block Muvattupuzha",Rural Roads & Bridges,CC Road Construction,Kerala,Ernakulam,Ernakulam,Muvattupuzha,Kothamangalam,9.9689,76.313,2590000.0,2440000.0,1980000.0,460000.0,2023-02-06,2023-03-24,2023-04-09,2023-10-27,,Ongoing,82.0,AGY-XYZ-99,XYZ Infrastructure & Construction Private Ltd,2,2,False,DEMO/SYNTHETIC DATA
MPL-2024-MA-001439,REC-2023-9481,MP-LS-17-28,Hon'ble Member of Parliament (Thane),"Smart Digital Library Block at Titwala, Block Bhiwandi",Education & Classrooms,Smart Digital Library Block,Maharashtra,Thane,Thane,Bhiwandi,Titwala,19.1582,73.0084,2540000.0,2490000.0,1507000.0,983000.0,2023-06-05,2023-07-13,2023-07-28,2024-01-06,,Ongoing,60.0,AGY-WSS-05,Public Health Engineering & Water Supply Dept,3,3,False,DEMO/SYNTHETIC DATA
MPL-2024-MA-001440,REC-2023-8753,MP-LS-17-22,Hon'ble Member of Parliament (Thane),"School Science Laboratory at Khadavali, Block Bhiwandi",Education & Classrooms,School Science Laboratory,Maharashtra,Thane,Thane,Bhiwandi,Khadavali,19.1585,72.9943,2750000.0,2750000.0,2750000.0,0.0,2023-11-22,2023-12-12,2024-01-07,2024-06-18,2024-06-03,Completed,100.0,AGY-DRDA-04,District Rural Development Agency (DRDA),4,4,True,DEMO/SYNTHETIC DATA
MPL-2024-WE-001441,REC-2023-7290,MP-LS-17-13,Hon'ble Member of Parliament (Krishnanagar),"Crematorium Shed with Amenities at Dhubulia, Block Nabadwip",Community Infrastructure,Crematorium Shed with Amenities,West Bengal,Nadia,Krishnanagar,Nabadwip,Dhubulia,23.4108,88.4951,3790000.0,3740000.0,2542000.0,1198000.0,2023-07-26,2023-09-07,2023-10-02,2024-07-08,,Ongoing,69.0,AGY-PWD-01,Public Works Department (PWD) Division I,2,1,False,DEMO/SYNTHETIC DATA
MPL-2024-KA-001442,REC-2023-8408,MP-LS-17-94,Hon'ble Member of Parliament (Bangalore North),"Panchayat Community Hall at Attibele, Block Bengaluru North",Community Infrastructure,Panchayat Community Hall,Karnataka,Bengaluru Urban,Bangalore North,Bengaluru North,Attibele,12.929,77.5892,3310000.0,3210000.0,1306000.0,1904000.0,2023-03-13,2023-04-22,2023-05-02,2024-01-02,,Ongoing,45.0,AGY-PWD-01,Public Works Department (PWD) Division I,3,3,False,DEMO/SYNTHETIC DATA
MPL-2024-KE-001443,REC-2023-6197,MP-LS-17-16,Hon'ble Member of Parliament (Ernakulam),"High-Mast Solar Lighting Chowk at Kothamangalam, Block Vyttila",Solar & Renewable Energy,High-Mast Solar Lighting Chowk,Kerala,Ernakulam,Ernakulam,Vyttila,Kothamangalam,9.9037,76.3461,1150000.0,1100000.0,506000.0,594000.0,2023-09-03,2023-10-20,2023-11-08,2024-05-26,,Ongoing,48.0,AGY-DRDA-04,District Rural Development Agency (DRDA),3,3,False,DEMO/SYNTHETIC DATA
MPL-2024-WE-001444,REC-2023-3023,MP-LS-17-96,Hon'ble Member of Parliament (Krishnanagar),"Paver Block Road at Dhubulia, Block Krishnanagar-I",Rural Roads & Bridges,Paver Block Road,West Bengal,Nadia,Krishnanagar,Krishnanagar-I,Dhubulia,23.4403,88.4777,3620000.0,3620000.0,913000.0,2707000.0,2023-04-14,2023-05-30,2023-06-29,2024-04-07,,Ongoing,25.0,AGY-XYZ-99,XYZ Infrastructure & Construction Private Ltd,4,2,False,DEMO/SYNTHETIC DATA
MPL-2024-WE-001445,REC-2023-7553,MP-LS-17-16,Hon'ble Member of Parliament (Krishnanagar),"Smart Digital Library Block at Debagram, Block Krishnanagar-I",Education & Classrooms,Smart Digital Library Block,West Bengal,Nadia,Krishnanagar,Krishnanagar-I,Debagram,23.3826,88.5081,3580000.0,3480000.0,3480000.0,0.0,2023-10-13,2023-11-09,2023-12-04,2024-07-30,2024-08-20,Completed,100.0,AGY-PWD-01,Public Works Department (PWD) Division I,4,2,True,DEMO/SYNTHETIC DATA
MPL-2024-RA-001446,REC-2023-8844,MP-LS-17-39,Hon'ble Member of Parliament (Jaipur Rural),"High-Mast Solar Lighting Chowk at Kukas, Block Sanganer",Solar & Renewable Energy,High-Mast Solar Lighting Chowk,Rajasthan,Jaipur,Jaipur Rural,Sanganer,Kukas,26.9173,75.8631,910000.0,860000.0,860000.0,0.0,2023-08-21,2023-10-18,2023-11-07,2024-08-14,2024-08-16,Completed,100.0,AGY-DRDA-04,District Rural Development Agency (DRDA),5,3,True,DEMO/SYNTHETIC DATA
MPL-2024-UT-001447,REC-2023-8546,MP-LS-17-48,Hon'ble Member of Parliament (Varanasi),"Hand Pump Installation Cluster at Badagaon, Block Sewapuri",Drinking Water,Hand Pump Installation Cluster,Uttar Pradesh,Varanasi,Varanasi,Sewapuri,Badagaon,25.3479,83.0529,560000.0,510000.0,510000.0,0.0,2023-04-05,2023-05-11,2023-06-05,2023-12-09,2023-12-26,Completed,100.0,AGY-ZP-03,Zila Parishad Rural Infrastructure Cell,4,4,True,DEMO/SYNTHETIC DATA
MPL-2024-BI-001448,REC-2023-3682,MP-LS-17-34,Hon'ble Member of Parliament (Patna Sahib),"Piped Water Overhead Tank at Jethuli, Block Sampatchak",Drinking Water,Piped Water Overhead Tank,Bihar,Patna,Patna Sahib,Sampatchak,Jethuli,25.5434,85.09,2170000.0,2020000.0,0.0,2020000.0,2023-09-21,2023-11-14,2023-11-25,2024-08-05,,Sanctioned,0.0,AGY-RWD-02,Rural Works Department (RWD) Engineering Wing,2,0,False,DEMO/SYNTHETIC DATA
MPL-2024-MA-001449,REC-2023-8806,MP-LS-17-92,Hon'ble Member of Parliament (Thane),"Additional Classroom Building at Tokawade, Block Kalyan",Education & Classrooms,Additional Classroom Building,Maharashtra,Thane,Thane,Kalyan,Tokawade,19.2935,72.9877,1050000.0,900000.0,0.0,900000.0,2023-04-27,2023-06-18,2023-07-09,2024-04-11,,Sanctioned,0.0,AGY-RWD-02,Rural Works Department (RWD) Engineering Wing,2,0,False,DEMO/SYNTHETIC DATA
MPL-2024-RA-001450,REC-2023-4574,MP-LS-17-82,Hon'ble Member of Parliament (Jaipur Rural),"Solar Street Light Grid (50 poles) at Achrol, Block Chaksu",Solar & Renewable Energy,Solar Street Light Grid (50 poles),Rajasthan,Jaipur,Jaipur Rural,Chaksu,Achrol,26.8705,75.8059,1680000.0,1530000.0,872000.0,658000.0,2023-12-18,2024-01-11,2024-02-01,2024-10-20,,Ongoing,58.0,AGY-XYZ-99,XYZ Infrastructure & Construction Private Ltd,3,1,False,DEMO/SYNTHETIC DATA
MPL-2024-UT-001451,REC-2023-1231,MP-LS-17-85,Hon'ble Member of Parliament (Varanasi),"CC Road Construction at Badagaon, Block Sewapuri",Rural Roads & Bridges,CC Road Construction,Uttar Pradesh,Varanasi,Varanasi,Sewapuri,Badagaon,25.3817,82.9178,2220000.0,2120000.0,0.0,2120000.0,2023-10-10,2023-11-12,2023-12-12,2024-04-18,,Sanctioned,0.0,AGY-RWD-02,Rural Works Department (RWD) Engineering Wing,2,0,False,DEMO/SYNTHETIC DATA
MPL-2024-RA-001452,REC-2023-1134,MP-LS-17-79,Hon'ble Member of Parliament (Jaipur Rural),"Deep Borewell & Solar Pump System at Nayla, Block Amer",Drinking Water,Deep Borewell & Solar Pump System,Rajasthan,Jaipur,Jaipur Rural,Amer,Nayla,26.9465,75.757,2400000.0,2300000.0,2300000.0,0.0,2023-06-16,2023-08-03,2023-08-15,2024-05-09,2024-06-17,Completed,100.0,AGY-XYZ-99,XYZ Infrastructure & Construction Private Ltd,4,2,True,DEMO/SYNTHETIC DATA
MPL-2024-UT-001453,REC-2023-8208,MP-LS-17-88,Hon'ble Member of Parliament (Varanasi),"Primary Health Sub-Centre Building at Tikari, Block Sewapuri",Health & Sanitation,Primary Health Sub-Centre Building,Uttar Pradesh,Varanasi,Varanasi,Sewapuri,Tikari,25.3946,82.9972,2100000.0,1950000.0,1950000.0,0.0,2023-03-11,2023-04-25,2023-05-20,2023-12-23,2024-01-27,Completed,100.0,AGY-RWD-02,Rural Works Department (RWD) Engineering Wing,4,3,True,DEMO/SYNTHETIC DATA
MPL-2024-MA-001454,REC-2023-5270,MP-LS-17-42,Hon'ble Member of Parliament (Thane),"Paver Block Road at Vashind, Block Bhiwandi",Rural Roads & Bridges,Paver Block Road,Maharashtra,Thane,Thane,Bhiwandi,Vashind,19.2898,72.9397,1890000.0,1840000.0,950000.0,890000.0,2023-08-08,2023-10-06,2023-11-05,2024-06-03,,Ongoing,47.0,AGY-PWD-01,Public Works Department (PWD) Division I,3,3,False,DEMO/SYNTHETIC DATA
MPL-2024-KE-001455,REC-2023-8068,MP-LS-17-33,Hon'ble Member of Parliament (Ernakulam),"RO Water Treatment Plant at Edappally, Block Muvattupuzha",Drinking Water,RO Water Treatment Plant,Kerala,Ernakulam,Ernakulam,Muvattupuzha,Edappally,9.9691,76.3181,1700000.0,1700000.0,1700000.0,0.0,2023-07-15,2023-08-08,2023-08-18,2024-03-04,2024-02-24,Completed,100.0,AGY-RWD-02,Rural Works Department (RWD) Engineering Wing,5,4,True,DEMO/SYNTHETIC DATA
MPL-2024-KA-001456,REC-2023-9678,MP-LS-17-70,Hon'ble Member of Parliament (Bangalore North),"School Science Laboratory at Mandur, Block Anekal",Education & Classrooms,School Science Laboratory,Karnataka,Bengaluru Urban,Bangalore North,Anekal,Mandur,13.0031,77.642,960000.0,810000.0,810000.0,0.0,2023-06-13,2023-08-12,2023-08-26,2024-02-20,2024-02-13,Completed,100.0,AGY-ZP-03,Zila Parishad Rural Infrastructure Cell,4,3,True,DEMO/SYNTHETIC DATA
MPL-2024-RA-001457,REC-2023-5883,MP-LS-17-73,Hon'ble Member of Parliament (Jaipur Rural),"Culvert & Drainage Bridge at Kukas, Block Kotputli",Rural Roads & Bridges,Culvert & Drainage Bridge,Rajasthan,Jaipur,Jaipur Rural,Kotputli,Kukas,26.945,75.8199,2930000.0,2930000.0,2930000.0,0.0,2023-02-11,2023-03-20,2023-04-13,2023-10-31,2023-12-04,Completed,100.0,AGY-ZP-03,Zila Parishad Rural Infrastructure Cell,4,2,True,DEMO/SYNTHETIC DATA
MPL-2024-UT-001458,REC-2023-1254,MP-LS-17-23,Hon'ble Member of Parliament (Varanasi),"Crematorium Shed with Amenities at Tikari, Block Pindra",Community Infrastructure,Crematorium Shed with Amenities,Uttar Pradesh,Varanasi,Varanasi,Pindra,Tikari,25.372,82.917,2940000.0,2940000.0,2054000.0,886000.0,2023-12-08,2024-01-28,2024-02-12,2024-11-28,,Ongoing,68.0,AGY-XYZ-99,XYZ Infrastructure & Construction Private Ltd,3,3,False,DEMO/SYNTHETIC DATA
MPL-2024-UT-001459,REC-2023-5662,MP-LS-17-56,Hon'ble Member of Parliament (Varanasi),"CC Road Construction at Badagaon, Block Sewapuri",Rural Roads & Bridges,CC Road Construction,Uttar Pradesh,Varanasi,Varanasi,Sewapuri,Badagaon,25.3369,83.0016,3500000.0,3350000.0,3350000.0,0.0,2023-07-23,2023-08-26,2023-09-15,2024-04-07,2024-04-22,Completed,100.0,AGY-RWD-02,Rural Works Department (RWD) Engineering Wing,4,3,True,DEMO/SYNTHETIC DATA
MPL-2024-BI-001460,REC-2023-5587,MP-LS-17-67,Hon'ble Member of Parliament (Patna Sahib),"Link Road Widening at Sabbalpur, Block Fatuha",Rural Roads & Bridges,Link Road Widening,Bihar,Patna,Patna Sahib,Fatuha,Sabbalpur,25.6714,85.0632,3370000.0,3320000.0,3320000.0,0.0,2023-05-26,2023-06-30,2023-07-20,2023-11-27,2023-11-19,Completed,100.0,AGY-XYZ-99,XYZ Infrastructure & Construction Private Ltd,4,2,True,DEMO/SYNTHETIC DATA
MPL-2024-KE-001461,REC-2023-2357,MP-LS-17-16,Hon'ble Member of Parliament (Ernakulam),"Crematorium Shed with Amenities at Kalamassery, Block Angamaly",Community Infrastructure,Crematorium Shed with Amenities,Kerala,Ernakulam,Ernakulam,Angamaly,Kalamassery,9.9371,76.352,2400000.0,2400000.0,994000.0,1406000.0,2023-01-08,2023-02-22,2023-03-06,2023-07-09,,Ongoing,45.0,AGY-XYZ-99,XYZ Infrastructure & Construction Private Ltd,4,1,False,DEMO/SYNTHETIC DATA
MPL-2024-UT-001462,REC-2023-2045,MP-LS-17-86,Hon'ble Member of Parliament (Varanasi),"School Boundary Wall & Sanitation at Harahua, Block Pindra",Education & Classrooms,School Boundary Wall & Sanitation,Uttar Pradesh,Varanasi,Varanasi,Pindra,Harahua,25.3613,82.9789,2050000.0,2000000.0,2000000.0,0.0,2023-05-12,2023-06-14,2023-06-28,2024-02-08,2024-03-08,Completed,100.0,AGY-ZP-03,Zila Parishad Rural Infrastructure Cell,4,3,True,DEMO/SYNTHETIC DATA
MPL-2024-RA-001463,REC-2023-2860,MP-LS-17-27,Hon'ble Member of Parliament (Jaipur Rural),"Link Road Widening at Achrol, Block Chaksu",Rural Roads & Bridges,Link Road Widening,Rajasthan,Jaipur,Jaipur Rural,Chaksu,Achrol,26.903,75.8502,2600000.0,2500000.0,1861000.0,639000.0,2023-08-23,2023-10-03,2023-10-22,2024-03-30,,Ongoing,72.0,AGY-RWD-02,Rural Works Department (RWD) Engineering Wing,2,3,False,DEMO/SYNTHETIC DATA
MPL-2024-AS-001464,REC-2023-1631,MP-LS-17-90,Hon'ble Member of Parliament (Gauhati),"School Boundary Wall & Sanitation at Sualkuchi, Block Kamalpur",Education & Classrooms,School Boundary Wall & Sanitation,Assam,Kamrup,Gauhati,Kamalpur,Sualkuchi,26.1374,91.756,2500000.0,2450000.0,1364000.0,1086000.0,2023-01-06,2023-03-07,2023-03-26,2023-12-26,,Ongoing,60.0,AGY-ZP-03,Zila Parishad Rural Infrastructure Cell,4,3,False,DEMO/SYNTHETIC DATA
MPL-2024-KA-001465,REC-2023-7503,MP-LS-17-23,Hon'ble Member of Parliament (Bangalore North),"Community Public Toilet Complex at Doddaballapur Rd, Block Bengaluru North",Health & Sanitation,Community Public Toilet Complex,Karnataka,Bengaluru Urban,Bangalore North,Bengaluru North,Doddaballapur Rd,12.9701,77.6133,1130000.0,1080000.0,794000.0,286000.0,2023-05-16,2023-07-08,2023-07-25,2024-05-15,,Ongoing,73.0,AGY-PWD-01,Public Works Department (PWD) Division I,2,3,False,DEMO/SYNTHETIC DATA
MPL-2024-UT-001466,REC-2023-5729,MP-LS-17-99,Hon'ble Member of Parliament (Varanasi),"Panchayat Community Hall at Babatpur, Block Cholapur",Community Infrastructure,Panchayat Community Hall,Uttar Pradesh,Varanasi,Varanasi,Cholapur,Babatpur,25.3443,83.0198,3460000.0,3410000.0,1189000.0,2221000.0,2023-12-05,2024-01-13,2024-02-12,2024-11-20,,Ongoing,36.0,AGY-XYZ-99,XYZ Infrastructure & Construction Private Ltd,3,2,False,DEMO/SYNTHETIC DATA
MPL-2024-KA-001467,REC-2023-1047,MP-LS-17-89,Hon'ble Member of Parliament (Bangalore North),"Senior Citizen Recreation Shed at Singanayakanahalli, Block Yelahanka",Community Infrastructure,Senior Citizen Recreation Shed,Karnataka,Bengaluru Urban,Bangalore North,Yelahanka,Singanayakanahalli,12.9347,77.6508,2180000.0,2130000.0,2130000.0,0.0,2023-01-28,2023-02-26,2023-03-26,2023-12-03,2023-12-26,Completed,100.0,AGY-DRDA-04,District Rural Development Agency (DRDA),5,2,True,DEMO/SYNTHETIC DATA
MPL-2024-RA-001468,REC-2023-3482,MP-LS-17-71,Hon'ble Member of Parliament (Jaipur Rural),"Culvert & Drainage Bridge at Kukas, Block Amer",Rural Roads & Bridges,Culvert & Drainage Bridge,Rajasthan,Jaipur,Jaipur Rural,Amer,Kukas,26.8771,75.7312,4570000.0,4420000.0,0.0,4420000.0,2023-03-25,2023-05-23,2023-06-06,2024-03-14,,Sanctioned,0.0,AGY-WSS-05,Public Health Engineering & Water Supply Dept,2,0,False,DEMO/SYNTHETIC DATA
MPL-2024-WE-001469,REC-2023-2845,MP-LS-17-17,Hon'ble Member of Parliament (Krishnanagar),"Deep Borewell & Solar Pump System at Bethuadahari, Block Nakashipara",Drinking Water,Deep Borewell & Solar Pump System,West Bengal,Nadia,Krishnanagar,Nakashipara,Bethuadahari,23.4317,88.4436,2280000.0,2180000.0,2180000.0,0.0,2023-08-11,2023-09-16,2023-10-10,2024-02-29,2024-03-02,Completed,100.0,AGY-XYZ-99,XYZ Infrastructure & Construction Private Ltd,5,2,True,DEMO/SYNTHETIC DATA
MPL-2024-AS-001470,REC-2023-7095,MP-LS-17-26,Hon'ble Member of Parliament (Gauhati),"School Science Laboratory at Boko, Block Kamalpur",Education & Classrooms,School Science Laboratory,Assam,Kamrup,Gauhati,Kamalpur,Boko,26.2018,91.7068,1190000.0,1090000.0,1090000.0,0.0,2023-06-11,2023-07-27,2023-08-18,2024-05-15,2024-06-14,Completed,100.0,AGY-XYZ-99,XYZ Infrastructure & Construction Private Ltd,5,4,True,DEMO/SYNTHETIC DATA
MPL-2024-KA-001471,REC-2023-4196,MP-LS-17-50,Hon'ble Member of Parliament (Bangalore North),"Primary Health Sub-Centre Building at Hesaraghatta, Block Bengaluru North",Health & Sanitation,Primary Health Sub-Centre Building,Karnataka,Bengaluru Urban,Bangalore North,Bengaluru North,Hesaraghatta,13.0509,77.5907,1450000.0,1400000.0,519000.0,881000.0,2023-02-07,2023-03-22,2023-04-18,2024-01-28,,Ongoing,36.0,AGY-XYZ-99,XYZ Infrastructure & Construction Private Ltd,4,2,False,DEMO/SYNTHETIC DATA
MPL-2024-BI-001472,REC-2023-4519,MP-LS-17-59,Hon'ble Member of Parliament (Patna Sahib),"CC Road Construction at Ranipur, Block Fatuha",Rural Roads & Bridges,CC Road Construction,Bihar,Patna,Patna Sahib,Fatuha,Ranipur,25.6104,85.1505,3370000.0,3270000.0,824000.0,2446000.0,2023-12-01,2024-01-08,2024-02-06,2024-10-25,,Ongoing,26.0,AGY-RWD-02,Rural Works Department (RWD) Engineering Wing,2,3,False,DEMO/SYNTHETIC DATA
MPL-2024-MA-001473,REC-2023-9228,MP-LS-17-56,Hon'ble Member of Parliament (Thane),"Solar Street Light Grid (50 poles) at Tokawade, Block Shahapur",Solar & Renewable Energy,Solar Street Light Grid (50 poles),Maharashtra,Thane,Thane,Shahapur,Tokawade,19.2232,72.9484,1350000.0,1250000.0,766000.0,484000.0,2023-11-11,2023-12-06,2023-12-29,2024-06-25,,Ongoing,60.0,AGY-PWD-01,Public Works Department (PWD) Division I,4,3,False,DEMO/SYNTHETIC DATA
MPL-2024-RA-001474,REC-2023-6869,MP-LS-17-76,Hon'ble Member of Parliament (Jaipur Rural),"Smart Digital Library Block at Bagru, Block Amer",Education & Classrooms,Smart Digital Library Block,Rajasthan,Jaipur,Jaipur Rural,Amer,Bagru,26.89,75.7248,1160000.0,1060000.0,361000.0,699000.0,2023-03-02,2023-04-05,2023-05-05,2024-02-07,,Ongoing,34.0,AGY-PWD-01,Public Works Department (PWD) Division I,2,3,False,DEMO/SYNTHETIC DATA
MPL-2024-KE-001475,REC-2023-5031,MP-LS-17-90,Hon'ble Member of Parliament (Ernakulam),"School Science Laboratory at Kothamangalam, Block Vyttila",Education & Classrooms,School Science Laboratory,Kerala,Ernakulam,Ernakulam,Vyttila,Kothamangalam,9.9603,76.2972,1260000.0,1110000.0,1110000.0,0.0,2023-06-04,2023-07-09,2023-07-28,2024-01-13,2024-02-11,Completed,100.0,AGY-XYZ-99,XYZ Infrastructure & Construction Private Ltd,5,3,True,DEMO/SYNTHETIC DATA
MPL-2024-UT-001476,REC-2023-2406,MP-LS-17-27,Hon'ble Member of Parliament (Varanasi),"Solar Street Light Grid (50 poles) at Babatpur, Block Cholapur",Solar & Renewable Energy,Solar Street Light Grid (50 poles),Uttar Pradesh,Varanasi,Varanasi,Cholapur,Babatpur,25.2403,82.9136,1070000.0,1070000.0,1070000.0,0.0,2023-04-26,2023-05-21,2023-06-20,2024-01-16,2023-12-27,Completed,100.0,AGY-XYZ-99,XYZ Infrastructure & Construction Private Ltd,5,4,True,DEMO/SYNTHETIC DATA
MPL-2024-AS-001477,REC-2023-6456,MP-LS-17-77,Hon'ble Member of Parliament (Gauhati),"Paver Block Road at Sualkuchi, Block Kamalpur",Rural Roads & Bridges,Paver Block Road,Assam,Kamrup,Gauhati,Kamalpur,Sualkuchi,26.224,91.7473,2260000.0,2160000.0,1086000.0,1074000.0,2023-01-16,2023-03-10,2023-04-07,2024-01-12,,Ongoing,48.0,AGY-RWD-02,Rural Works Department (RWD) Engineering Wing,4,3,False,DEMO/SYNTHETIC DATA
MPL-2024-BI-001478,REC-2023-3534,MP-LS-17-80,Hon'ble Member of Parliament (Patna Sahib),"Panchayat Community Hall at Ranipur, Block Phulwari Sharif",Community Infrastructure,Panchayat Community Hall,Bihar,Patna,Patna Sahib,Phulwari Sharif,Ranipur,25.562,85.1976,1840000.0,1740000.0,529000.0,1211000.0,2023-02-18,2023-03-13,2023-03-28,2023-11-19,,Ongoing,32.0,AGY-XYZ-99,XYZ Infrastructure & Construction Private Ltd,3,3,False,DEMO/SYNTHETIC DATA
MPL-2024-WE-001479,REC-2023-5897,MP-LS-17-38,Hon'ble Member of Parliament (Krishnanagar),"Village Waste Segregation Shed at Bethuadahari, Block Nabadwip",Health & Sanitation,Village Waste Segregation Shed,West Bengal,Nadia,Krishnanagar,Nabadwip,Bethuadahari,23.3238,88.5309,1210000.0,1210000.0,676000.0,534000.0,2023-02-07,2023-02-27,2023-03-17,2023-12-16,,Ongoing,55.0,AGY-RWD-02,Rural Works Department (RWD) Engineering Wing,4,1,False,DEMO/SYNTHETIC DATA
MPL-2024-BI-001480,REC-2023-5037,MP-LS-17-38,Hon'ble Member of Parliament (Patna Sahib),"Rooftop Solar for Govt Hospital at Ranipur, Block Fatuha",Solar & Renewable Energy,Rooftop Solar for Govt Hospital,Bihar,Patna,Patna Sahib,Fatuha,Ranipur,25.6451,85.0623,1140000.0,1040000.0,363000.0,677000.0,2023-05-21,2023-06-23,2023-07-17,2024-02-04,,Ongoing,34.0,AGY-ZP-03,Zila Parishad Rural Infrastructure Cell,2,3,False,DEMO/SYNTHETIC DATA
MPL-2024-BI-001481,REC-2023-9166,MP-LS-17-74,Hon'ble Member of Parliament (Patna Sahib),"Additional Classroom Building at Sabbalpur, Block Bakhtiarpur",Education & Classrooms,Additional Classroom Building,Bihar,Patna,Patna Sahib,Bakhtiarpur,Sabbalpur,25.5339,85.1192,2910000.0,2910000.0,798000.0,2112000.0,2023-12-06,2024-01-01,2024-01-16,2024-10-07,,Ongoing,25.0,AGY-DRDA-04,District Rural Development Agency (DRDA),4,3,False,DEMO/SYNTHETIC DATA
MPL-2024-RA-001482,REC-2023-9469,MP-LS-17-92,Hon'ble Member of Parliament (Jaipur Rural),"Paver Block Road at Bassi, Block Amer",Rural Roads & Bridges,Paver Block Road,Rajasthan,Jaipur,Jaipur Rural,Amer,Bassi,26.9721,75.7532,2260000.0,2110000.0,2110000.0,0.0,2023-12-05,2024-01-02,2024-01-24,2024-06-21,2024-06-21,Completed,100.0,AGY-WSS-05,Public Health Engineering & Water Supply Dept,4,2,True,DEMO/SYNTHETIC DATA
MPL-2024-KA-001483,REC-2023-9972,MP-LS-17-45,Hon'ble Member of Parliament (Bangalore North),"Rooftop Solar for Govt Hospital at Hesaraghatta, Block Yelahanka",Solar & Renewable Energy,Rooftop Solar for Govt Hospital,Karnataka,Bengaluru Urban,Bangalore North,Yelahanka,Hesaraghatta,13.0299,77.5233,900000.0,750000.0,750000.0,0.0,2023-03-26,2023-04-30,2023-05-15,2023-10-01,2023-10-21,Completed,100.0,AGY-RWD-02,Rural Works Department (RWD) Engineering Wing,5,2,True,DEMO/SYNTHETIC DATA
MPL-2024-AS-001484,REC-2023-3986,MP-LS-17-79,Hon'ble Member of Parliament (Gauhati),"Culvert & Drainage Bridge at Sualkuchi, Block Bezera",Rural Roads & Bridges,Culvert & Drainage Bridge,Assam,Kamrup,Gauhati,Bezera,Sualkuchi,26.1324,91.7357,2330000.0,2230000.0,1761000.0,469000.0,2023-10-09,2023-12-05,2023-12-21,2024-08-15,,Ongoing,73.0,AGY-XYZ-99,XYZ Infrastructure & Construction Private Ltd,3,1,False,DEMO/SYNTHETIC DATA
MPL-2024-AS-001485,REC-2023-9469,MP-LS-17-75,Hon'ble Member of Parliament (Gauhati),"Primary Health Sub-Centre Building at Mirza, Block Bezera",Health & Sanitation,Primary Health Sub-Centre Building,Assam,Kamrup,Gauhati,Bezera,Mirza,26.2231,91.7054,1870000.0,1870000.0,1444000.0,426000.0,2023-06-18,2023-07-08,2023-07-31,2024-04-28,,Ongoing,76.0,AGY-RWD-02,Rural Works Department (RWD) Engineering Wing,3,3,False,DEMO/SYNTHETIC DATA
MPL-2024-MA-001486,REC-2023-5552,MP-LS-17-88,Hon'ble Member of Parliament (Thane),"Community Public Toilet Complex at Vashind, Block Bhiwandi",Health & Sanitation,Community Public Toilet Complex,Maharashtra,Thane,Thane,Bhiwandi,Vashind,19.225,73.021,980000.0,930000.0,279000.0,651000.0,2023-02-02,2023-03-12,2023-04-02,2023-10-30,,Ongoing,29.0,AGY-ZP-03,Zila Parishad Rural Infrastructure Cell,3,3,False,DEMO/SYNTHETIC DATA
MPL-2024-AS-001487,REC-2023-5810,MP-LS-17-89,Hon'ble Member of Parliament (Gauhati),"Solar Street Light Grid (50 poles) at Sualkuchi, Block Hajo",Solar & Renewable Energy,Solar Street Light Grid (50 poles),Assam,Kamrup,Gauhati,Hajo,Sualkuchi,26.1372,91.7102,500000.0,450000.0,98000.0,352000.0,2023-07-02,2023-07-23,2023-08-08,2024-03-20,,Ongoing,23.0,AGY-ZP-03,Zila Parishad Rural Infrastructure Cell,4,2,False,DEMO/SYNTHETIC DATA
MPL-2024-UT-001488,REC-2023-1264,MP-LS-17-77,Hon'ble Member of Parliament (Varanasi),"Paver Block Road at Shivpur, Block Pindra",Rural Roads & Bridges,Paver Block Road,Uttar Pradesh,Varanasi,Varanasi,Pindra,Shivpur,25.3488,83.0196,1920000.0,1770000.0,0.0,1770000.0,2023-05-16,2023-06-10,2023-07-09,2024-02-12,,Sanctioned,0.0,AGY-XYZ-99,XYZ Infrastructure & Construction Private Ltd,2,0,False,DEMO/SYNTHETIC DATA
MPL-2024-RA-001489,REC-2023-2101,MP-LS-17-97,Hon'ble Member of Parliament (Jaipur Rural),"Additional Classroom Building at Achrol, Block Amer",Education & Classrooms,Additional Classroom Building,Rajasthan,Jaipur,Jaipur Rural,Amer,Achrol,26.8738,75.7741,1070000.0,1020000.0,1020000.0,0.0,2023-02-12,2023-03-08,2023-04-07,2023-09-21,2023-10-08,Completed,100.0,AGY-DRDA-04,District Rural Development Agency (DRDA),4,3,True,DEMO/SYNTHETIC DATA
MPL-2024-UT-001490,REC-2023-6761,MP-LS-17-57,Hon'ble Member of Parliament (Varanasi),"Hand Pump Installation Cluster at Harahua, Block Kashi Vidyapeeth",Drinking Water,Hand Pump Installation Cluster,Uttar Pradesh,Varanasi,Varanasi,Kashi Vidyapeeth,Harahua,25.2959,82.9899,1400000.0,1250000.0,1250000.0,0.0,2023-02-27,2023-04-24,2023-05-13,2023-10-10,2023-11-16,Completed,100.0,AGY-XYZ-99,XYZ Infrastructure & Construction Private Ltd,4,3,True,DEMO/SYNTHETIC DATA
MPL-2024-RA-001491,REC-2023-7778,MP-LS-17-73,Hon'ble Member of Parliament (Jaipur Rural),"CC Road Construction at Manoharpur, Block Sanganer",Rural Roads & Bridges,CC Road Construction,Rajasthan,Jaipur,Jaipur Rural,Sanganer,Manoharpur,26.844,75.8166,1690000.0,1540000.0,1540000.0,0.0,2023-03-04,2023-04-01,2023-04-15,2024-01-19,2024-02-02,Completed,100.0,AGY-WSS-05,Public Health Engineering & Water Supply Dept,4,3,True,DEMO/SYNTHETIC DATA
MPL-2024-MA-001492,REC-2023-7027,MP-LS-17-66,Hon'ble Member of Parliament (Thane),"Village Waste Segregation Shed at Padgha, Block Shahapur",Health & Sanitation,Village Waste Segregation Shed,Maharashtra,Thane,Thane,Shahapur,Padgha,19.1885,72.9348,2290000.0,2290000.0,2290000.0,0.0,2023-09-13,2023-10-23,2023-11-14,2024-07-05,2024-08-10,Completed,100.0,AGY-ZP-03,Zila Parishad Rural Infrastructure Cell,5,4,True,DEMO/SYNTHETIC DATA
MPL-2024-UT-001493,REC-2023-3078,MP-LS-17-48,Hon'ble Member of Parliament (Varanasi),"Community Public Toilet Complex at Babatpur, Block Pindra",Health & Sanitation,Community Public Toilet Complex,Uttar Pradesh,Varanasi,Varanasi,Pindra,Babatpur,25.3005,82.9818,940000.0,790000.0,790000.0,0.0,2023-08-23,2023-10-02,2023-10-23,2024-06-21,2024-07-25,Completed,100.0,AGY-ZP-03,Zila Parishad Rural Infrastructure Cell,5,2,True,DEMO/SYNTHETIC DATA
MPL-2024-BI-001494,REC-2023-8580,MP-LS-17-28,Hon'ble Member of Parliament (Patna Sahib),"School Boundary Wall & Sanitation at Ranipur, Block Fatuha",Education & Classrooms,School Boundary Wall & Sanitation,Bihar,Patna,Patna Sahib,Fatuha,Ranipur,25.6203,85.176,2850000.0,2750000.0,0.0,2750000.0,2023-05-05,2023-06-05,2023-06-27,2023-12-31,,Sanctioned,0.0,AGY-XYZ-99,XYZ Infrastructure & Construction Private Ltd,2,0,False,DEMO/SYNTHETIC DATA
MPL-2024-KA-001495,REC-2023-9656,MP-LS-17-87,Hon'ble Member of Parliament (Bangalore North),"Culvert & Drainage Bridge at Attibele, Block Yelahanka",Rural Roads & Bridges,Culvert & Drainage Bridge,Karnataka,Bengaluru Urban,Bangalore North,Yelahanka,Attibele,12.9482,77.5663,4470000.0,4370000.0,4370000.0,0.0,2023-02-16,2023-04-06,2023-04-18,2023-10-29,2023-10-30,Completed,100.0,AGY-WSS-05,Public Health Engineering & Water Supply Dept,4,2,True,DEMO/SYNTHETIC DATA
MPL-2024-WE-001496,REC-2023-1067,MP-LS-17-56,Hon'ble Member of Parliament (Krishnanagar),"Hand Pump Installation Cluster at Mayapur, Block Nakashipara",Drinking Water,Hand Pump Installation Cluster,West Bengal,Nadia,Krishnanagar,Nakashipara,Mayapur,23.3266,88.5364,1580000.0,1530000.0,514000.0,1016000.0,2023-11-13,2023-12-15,2024-01-12,2024-07-20,,Ongoing,34.0,AGY-DRDA-04,District Rural Development Agency (DRDA),3,3,False,DEMO/SYNTHETIC DATA
MPL-2024-WE-001497,REC-2023-5224,MP-LS-17-32,Hon'ble Member of Parliament (Krishnanagar),"Village Waste Segregation Shed at Bethuadahari, Block Nakashipara",Health & Sanitation,Village Waste Segregation Shed,West Bengal,Nadia,Krishnanagar,Nakashipara,Bethuadahari,23.3785,88.4732,2900000.0,2900000.0,0.0,2900000.0,2023-07-23,2023-09-11,2023-09-30,2024-05-01,,Sanctioned,0.0,AGY-XYZ-99,XYZ Infrastructure & Construction Private Ltd,2,0,False,DEMO/SYNTHETIC DATA
MPL-2024-RA-001498,REC-2023-5639,MP-LS-17-84,Hon'ble Member of Parliament (Jaipur Rural),"Deep Borewell & Solar Pump System at Bagru, Block Chaksu",Drinking Water,Deep Borewell & Solar Pump System,Rajasthan,Jaipur,Jaipur Rural,Chaksu,Bagru,26.881,75.8305,2080000.0,2030000.0,2030000.0,0.0,2023-11-10,2023-12-23,2024-01-16,2024-10-30,2024-12-02,Completed,100.0,AGY-WSS-05,Public Health Engineering & Water Supply Dept,5,4,True,DEMO/SYNTHETIC DATA
MPL-2024-RA-001499,REC-2023-6870,MP-LS-17-98,Hon'ble Member of Parliament (Jaipur Rural),"Panchayat Community Hall at Bagru, Block Shahpura",Community Infrastructure,Panchayat Community Hall,Rajasthan,Jaipur,Jaipur Rural,Shahpura,Bagru,26.9642,75.7916,2640000.0,2590000.0,1481000.0,1109000.0,2023-10-02,2023-11-29,2023-12-24,2024-08-04,,Ongoing,52.0,AGY-XYZ-99,XYZ Infrastructure & Construction Private Ltd,4,1,False,DEMO/SYNTHETIC DATA
MPL-2024-WE-001500,REC-2023-4409,MP-LS-17-75,Hon'ble Member of Parliament (Krishnanagar),"Primary Health Sub-Centre Building at Mayapur, Block Krishnanagar-I",Health & Sanitation,Primary Health Sub-Centre Building,West Bengal,Nadia,Krishnanagar,Krishnanagar-I,Mayapur,23.4693,88.5686,1400000.0,1350000.0,1350000.0,0.0,2023-08-04,2023-09-22,2023-10-07,2024-07-03,2024-06-19,Completed,100.0,AGY-WSS-05,Public Health Engineering & Water Supply Dept,5,4,True,DEMO/SYNTHETIC DATA
MPL-2024-KA-001501,REC-2023-7954,MP-LS-17-73,Hon'ble Member of Parliament (Bangalore North),"Hand Pump Installation Cluster at Attibele, Block Anekal",Drinking Water,Hand Pump Installation Cluster,Karnataka,Bengaluru Urban,Bangalore North,Anekal,Attibele,12.9864,77.575,1690000.0,1690000.0,1690000.0,0.0,2023-06-04,2023-07-02,2023-07-17,2023-12-25,2023-12-18,Completed,100.0,AGY-XYZ-99,XYZ Infrastructure & Construction Private Ltd,4,4,True,DEMO/SYNTHETIC DATA
MPL-2024-WE-001502,REC-2023-5140,MP-LS-17-62,Hon'ble Member of Parliament (Krishnanagar),"Crematorium Shed with Amenities at Mayapur, Block Nakashipara",Community Infrastructure,Crematorium Shed with Amenities,West Bengal,Nadia,Krishnanagar,Nakashipara,Mayapur,23.4761,88.4682,1040000.0,1040000.0,1040000.0,0.0,2023-03-16,2023-04-14,2023-05-02,2023-12-22,2023-12-07,Completed,100.0,AGY-ZP-03,Zila Parishad Rural Infrastructure Cell,4,4,True,DEMO/SYNTHETIC DATA
MPL-2024-UT-001503,REC-2023-5111,MP-LS-17-68,Hon'ble Member of Parliament (Varanasi),"Additional Classroom Building at Tikari, Block Sewapuri",Education & Classrooms,Additional Classroom Building,Uttar Pradesh,Varanasi,Varanasi,Sewapuri,Tikari,25.3325,83.0419,2310000.0,2310000.0,2310000.0,0.0,2023-11-19,2023-12-19,2024-01-02,2024-10-21,2024-10-14,Completed,100.0,AGY-XYZ-99,XYZ Infrastructure & Construction Private Ltd,5,2,True,DEMO/SYNTHETIC DATA
MPL-2024-KA-001504,REC-2023-4346,MP-LS-17-69,Hon'ble Member of Parliament (Bangalore North),"High-Mast Solar Lighting Chowk at Hesaraghatta, Block K.R. Puram",Solar & Renewable Energy,High-Mast Solar Lighting Chowk,Karnataka,Bengaluru Urban,Bangalore North,K.R. Puram,Hesaraghatta,12.9785,77.5815,1590000.0,1490000.0,1490000.0,0.0,2023-03-10,2023-04-15,2023-04-26,2024-02-08,2024-02-19,Completed,100.0,AGY-XYZ-99,XYZ Infrastructure & Construction Private Ltd,4,3,True,DEMO/SYNTHETIC DATA
MPL-2024-KA-001505,REC-2023-6592,MP-LS-17-61,Hon'ble Member of Parliament (Bangalore North),"High-Mast Solar Lighting Chowk at Attibele, Block Bengaluru North",Solar & Renewable Energy,High-Mast Solar Lighting Chowk,Karnataka,Bengaluru Urban,Bangalore North,Bengaluru North,Attibele,12.9338,77.6192,1010000.0,960000.0,0.0,960000.0,2023-08-15,2023-09-08,2023-09-21,2024-05-21,,Sanctioned,0.0,AGY-ZP-03,Zila Parishad Rural Infrastructure Cell,2,0,False,DEMO/SYNTHETIC DATA
MPL-2024-UT-001506,REC-2023-2984,MP-LS-17-89,Hon'ble Member of Parliament (Varanasi),"Culvert & Drainage Bridge at Rampur, Block Cholapur",Rural Roads & Bridges,Culvert & Drainage Bridge,Uttar Pradesh,Varanasi,Varanasi,Cholapur,Rampur,25.2399,82.9044,3100000.0,3000000.0,0.0,3000000.0,2023-08-28,2023-10-20,2023-11-04,2024-08-18,,Sanctioned,0.0,AGY-ZP-03,Zila Parishad Rural Infrastructure Cell,2,0,False,DEMO/SYNTHETIC DATA
MPL-2024-MA-001507,REC-2023-9271,MP-LS-17-92,Hon'ble Member of Parliament (Thane),"Solar Street Light Grid (50 poles) at Titwala, Block Murbad",Solar & Renewable Energy,Solar Street Light Grid (50 poles),Maharashtra,Thane,Thane,Murbad,Titwala,19.177,73.0127,910000.0,810000.0,644000.0,166000.0,2023-09-22,2023-10-27,2023-11-07,2024-05-30,,Ongoing,85.0,AGY-ZP-03,Zila Parishad Rural Infrastructure Cell,3,2,False,DEMO/SYNTHETIC DATA
MPL-2024-AS-001508,REC-2023-8342,MP-LS-17-71,Hon'ble Member of Parliament (Gauhati),"RO Water Treatment Plant at Boko, Block Kamalpur",Drinking Water,RO Water Treatment Plant,Assam,Kamrup,Gauhati,Kamalpur,Boko,26.1548,91.6583,1050000.0,1000000.0,324000.0,676000.0,2023-12-21,2024-01-28,2024-02-19,2024-10-23,,Ongoing,33.0,AGY-RWD-02,Rural Works Department (RWD) Engineering Wing,3,2,False,DEMO/SYNTHETIC DATA
MPL-2024-RA-001509,REC-2023-2552,MP-LS-17-53,Hon'ble Member of Parliament (Jaipur Rural),"Senior Citizen Recreation Shed at Kukas, Block Shahpura",Community Infrastructure,Senior Citizen Recreation Shed,Rajasthan,Jaipur,Jaipur Rural,Shahpura,Kukas,26.9546,75.7564,3840000.0,3790000.0,3790000.0,0.0,2023-10-05,2023-11-21,2023-12-01,2024-04-10,2024-05-04,Completed,100.0,AGY-ZP-03,Zila Parishad Rural Infrastructure Cell,4,4,True,DEMO/SYNTHETIC DATA
MPL-2024-KE-001510,REC-2023-2721,MP-LS-17-48,Hon'ble Member of Parliament (Ernakulam),"Hand Pump Installation Cluster at Kalamassery, Block Paravur",Drinking Water,Hand Pump Installation Cluster,Kerala,Ernakulam,Ernakulam,Paravur,Kalamassery,10.0216,76.2926,2530000.0,2480000.0,2480000.0,0.0,2023-09-14,2023-11-13,2023-12-13,2024-09-15,2024-08-30,Completed,100.0,AGY-RWD-02,Rural Works Department (RWD) Engineering Wing,5,2,True,DEMO/SYNTHETIC DATA
MPL-2024-WE-001511,REC-2023-7160,MP-LS-17-28,Hon'ble Member of Parliament (Krishnanagar),"High-Mast Solar Lighting Chowk at Bethuadahari, Block Nabadwip",Solar & Renewable Energy,High-Mast Solar Lighting Chowk,West Bengal,Nadia,Krishnanagar,Nabadwip,Bethuadahari,23.3273,88.5628,980000.0,930000.0,930000.0,0.0,2023-12-20,2024-01-23,2024-02-13,2024-06-23,2024-06-27,Completed,100.0,AGY-ZP-03,Zila Parishad Rural Infrastructure Cell,4,4,True,DEMO/SYNTHETIC DATA
MPL-2024-KE-001512,REC-2023-9152,MP-LS-17-83,Hon'ble Member of Parliament (Ernakulam),"Village Waste Segregation Shed at Kothamangalam, Block Angamaly",Health & Sanitation,Village Waste Segregation Shed,Kerala,Ernakulam,Ernakulam,Angamaly,Kothamangalam,9.9724,76.2722,1240000.0,1190000.0,535000.0,655000.0,2023-10-25,2023-12-09,2024-01-02,2024-08-02,,Ongoing,48.0,AGY-RWD-02,Rural Works Department (RWD) Engineering Wing,4,3,False,DEMO/SYNTHETIC DATA
MPL-2024-BI-001513,REC-2023-1080,MP-LS-17-61,Hon'ble Member of Parliament (Patna Sahib),"Hand Pump Installation Cluster at Baikatpur, Block Sampatchak",Drinking Water,Hand Pump Installation Cluster,Bihar,Patna,Patna Sahib,Sampatchak,Baikatpur,25.6028,85.1221,1830000.0,1830000.0,1364000.0,466000.0,2023-07-28,2023-09-24,2023-10-21,2024-04-08,,Ongoing,71.0,AGY-XYZ-99,XYZ Infrastructure & Construction Private Ltd,4,1,False,DEMO/SYNTHETIC DATA
MPL-2024-MA-001514,REC-2023-5084,MP-LS-17-63,Hon'ble Member of Parliament (Thane),"School Science Laboratory at Padgha, Block Shahapur",Education & Classrooms,School Science Laboratory,Maharashtra,Thane,Thane,Shahapur,Padgha,19.2957,73.004,2910000.0,2860000.0,2860000.0,0.0,2023-06-24,2023-07-17,2023-08-15,2024-03-05,2024-03-15,Completed,100.0,AGY-XYZ-99,XYZ Infrastructure & Construction Private Ltd,4,3,True,DEMO/SYNTHETIC DATA
MPL-2024-KE-001515,REC-2023-4429,MP-LS-17-77,Hon'ble Member of Parliament (Ernakulam),"Crematorium Shed with Amenities at Kothamangalam, Block Paravur",Community Infrastructure,Crematorium Shed with Amenities,Kerala,Ernakulam,Ernakulam,Paravur,Kothamangalam,10.0052,76.3509,3140000.0,3040000.0,3040000.0,0.0,2023-04-14,2023-05-15,2023-06-13,2024-02-06,2024-03-07,Completed,100.0,AGY-DRDA-04,District Rural Development Agency (DRDA),5,3,True,DEMO/SYNTHETIC DATA
MPL-2024-BI-001516,REC-2023-7728,MP-LS-17-16,Hon'ble Member of Parliament (Patna Sahib),"CC Road Construction at Baikatpur, Block Danapur",Rural Roads & Bridges,CC Road Construction,Bihar,Patna,Patna Sahib,Danapur,Baikatpur,25.6464,85.0848,1690000.0,1540000.0,1540000.0,0.0,2023-03-13,2023-04-04,2023-04-27,2023-09-14,2023-10-20,Completed,100.0,AGY-XYZ-99,XYZ Infrastructure & Construction Private Ltd,4,2,True,DEMO/SYNTHETIC DATA
MPL-2024-AS-001517,REC-2023-3352,MP-LS-17-86,Hon'ble Member of Parliament (Gauhati),"Solar Street Light Grid (50 poles) at Boko, Block Bezera",Solar & Renewable Energy,Solar Street Light Grid (50 poles),Assam,Kamrup,Gauhati,Bezera,Boko,26.193,91.7361,1480000.0,1480000.0,413000.0,1067000.0,2023-05-12,2023-06-08,2023-07-04,2023-12-06,,Ongoing,29.0,AGY-ZP-03,Zila Parishad Rural Infrastructure Cell,2,3,False,DEMO/SYNTHETIC DATA
MPL-2024-MA-001518,REC-2023-7306,MP-LS-17-23,Hon'ble Member of Parliament (Thane),"Village Waste Segregation Shed at Padgha, Block Murbad",Health & Sanitation,Village Waste Segregation Shed,Maharashtra,Thane,Thane,Murbad,Padgha,19.2519,73.0318,1240000.0,1140000.0,1140000.0,0.0,2023-02-20,2023-03-20,2023-04-01,2023-11-08,2023-10-30,Completed,100.0,AGY-ZP-03,Zila Parishad Rural Infrastructure Cell,5,3,True,DEMO/SYNTHETIC DATA
MPL-2024-MA-001519,REC-2023-6972,MP-LS-17-75,Hon'ble Member of Parliament (Thane),"School Science Laboratory at Padgha, Block Ambernath",Education & Classrooms,School Science Laboratory,Maharashtra,Thane,Thane,Ambernath,Padgha,19.2186,72.998,2370000.0,2220000.0,2220000.0,0.0,2023-12-08,2024-01-24,2024-02-06,2024-09-17,2024-10-27,Completed,100.0,AGY-DRDA-04,District Rural Development Agency (DRDA),5,2,True,DEMO/SYNTHETIC DATA
MPL-2024-MA-001520,REC-2023-9379,MP-LS-17-88,Hon'ble Member of Parliament (Thane),"Link Road Widening at Saralgaon, Block Bhiwandi",Rural Roads & Bridges,Link Road Widening,Maharashtra,Thane,Thane,Bhiwandi,Saralgaon,19.2145,72.9052,3770000.0,3670000.0,1578000.0,2092000.0,2023-01-14,2023-02-24,2023-03-14,2023-12-10,,Ongoing,43.0,AGY-RWD-02,Rural Works Department (RWD) Engineering Wing,3,2,False,DEMO/SYNTHETIC DATA
MPL-2024-KE-001521,REC-2023-1305,MP-LS-17-76,Hon'ble Member of Parliament (Ernakulam),"Health Diagnostic Equipment at Kalamassery, Block Muvattupuzha",Health & Sanitation,Health Diagnostic Equipment,Kerala,Ernakulam,Ernakulam,Muvattupuzha,Kalamassery,9.9187,76.3482,2500000.0,2500000.0,1509000.0,991000.0,2023-08-18,2023-09-14,2023-09-27,2024-06-05,,Ongoing,67.0,AGY-XYZ-99,XYZ Infrastructure & Construction Private Ltd,4,2,False,DEMO/SYNTHETIC DATA
MPL-2024-AS-001522,REC-2023-2173,MP-LS-17-28,Hon'ble Member of Parliament (Gauhati),"High-Mast Solar Lighting Chowk at Mirza, Block Chaygaon",Solar & Renewable Energy,High-Mast Solar Lighting Chowk,Assam,Kamrup,Gauhati,Chaygaon,Mirza,26.0681,91.763,1350000.0,1300000.0,1300000.0,0.0,2023-06-07,2023-08-03,2023-08-30,2024-01-06,2023-12-27,Completed,100.0,AGY-WSS-05,Public Health Engineering & Water Supply Dept,4,2,True,DEMO/SYNTHETIC DATA
MPL-2024-WE-001523,REC-2023-5507,MP-LS-17-49,Hon'ble Member of Parliament (Krishnanagar),"Public Bus Passenger Shelter at Bethuadahari, Block Krishnanagar-I",Community Infrastructure,Public Bus Passenger Shelter,West Bengal,Nadia,Krishnanagar,Krishnanagar-I,Bethuadahari,23.4776,88.4254,1470000.0,1470000.0,678000.0,792000.0,2023-07-09,2023-08-07,2023-08-24,2024-02-19,,Ongoing,47.0,AGY-ZP-03,Zila Parishad Rural Infrastructure Cell,4,1,False,DEMO/SYNTHETIC DATA
MPL-2024-WE-001524,REC-2023-6156,MP-LS-17-84,Hon'ble Member of Parliament (Krishnanagar),"Link Road Widening at Debagram, Block Chapra",Rural Roads & Bridges,Link Road Widening,West Bengal,Nadia,Krishnanagar,Chapra,Debagram,23.3967,88.5795,3630000.0,3530000.0,0.0,3530000.0,2023-10-01,2023-11-07,2023-12-06,2024-06-26,,Sanctioned,0.0,AGY-RWD-02,Rural Works Department (RWD) Engineering Wing,2,0,False,DEMO/SYNTHETIC DATA
MPL-2024-WE-001525,REC-2023-9048,MP-LS-17-53,Hon'ble Member of Parliament (Krishnanagar),"Panchayat Community Hall at Bethuadahari, Block Nabadwip",Community Infrastructure,Panchayat Community Hall,West Bengal,Nadia,Krishnanagar,Nabadwip,Bethuadahari,23.3431,88.4572,1880000.0,1830000.0,1830000.0,0.0,2023-09-03,2023-10-05,2023-10-27,2024-08-05,2024-08-06,Completed,100.0,AGY-RWD-02,Rural Works Department (RWD) Engineering Wing,4,2,True,DEMO/SYNTHETIC DATA
MPL-2024-BI-001526,REC-2023-9906,MP-LS-17-40,Hon'ble Member of Parliament (Patna Sahib),"High-Mast Solar Lighting Chowk at Jethuli, Block Sampatchak",Solar & Renewable Energy,High-Mast Solar Lighting Chowk,Bihar,Patna,Patna Sahib,Sampatchak,Jethuli,25.5879,85.1909,790000.0,790000.0,790000.0,0.0,2023-02-03,2023-03-18,2023-04-01,2024-01-02,2024-01-25,Completed,100.0,AGY-ZP-03,Zila Parishad Rural Infrastructure Cell,4,3,True,DEMO/SYNTHETIC DATA
MPL-2024-UT-001527,REC-2023-5784,MP-LS-17-58,Hon'ble Member of Parliament (Varanasi),"Village Waste Segregation Shed at Babatpur, Block Sewapuri",Health & Sanitation,Village Waste Segregation Shed,Uttar Pradesh,Varanasi,Varanasi,Sewapuri,Babatpur,25.2595,83.0138,1470000.0,1320000.0,0.0,1320000.0,2023-06-26,2023-08-09,2023-08-23,2024-03-16,,Sanctioned,0.0,AGY-DRDA-04,District Rural Development Agency (DRDA),2,0,False,DEMO/SYNTHETIC DATA
MPL-2024-UT-001528,REC-2023-6629,MP-LS-17-11,Hon'ble Member of Parliament (Varanasi),"High-Mast Solar Lighting Chowk at Rampur, Block Cholapur",Solar & Renewable Energy,High-Mast Solar Lighting Chowk,Uttar Pradesh,Varanasi,Varanasi,Cholapur,Rampur,25.3114,83.0148,1300000.0,1300000.0,0.0,1300000.0,2023-06-02,2023-07-13,2023-07-31,2024-01-04,,Sanctioned,0.0,AGY-XYZ-99,XYZ Infrastructure & Construction Private Ltd,2,0,False,DEMO/SYNTHETIC DATA
MPL-2024-UT-001529,REC-2023-2109,MP-LS-17-39,Hon'ble Member of Parliament (Varanasi),"RO Water Treatment Plant at Rampur, Block Sewapuri",Drinking Water,RO Water Treatment Plant,Uttar Pradesh,Varanasi,Varanasi,Sewapuri,Rampur,25.2538,82.9602,650000.0,600000.0,600000.0,0.0,2023-09-24,2023-10-23,2023-11-18,2024-07-28,2024-08-06,Completed,100.0,AGY-PWD-01,Public Works Department (PWD) Division I,4,3,True,DEMO/SYNTHETIC DATA
MPL-2024-KA-001530,REC-2023-3314,MP-LS-17-79,Hon'ble Member of Parliament (Bangalore North),"Piped Water Overhead Tank at Singanayakanahalli, Block Yelahanka",Drinking Water,Piped Water Overhead Tank,Karnataka,Bengaluru Urban,Bangalore North,Yelahanka,Singanayakanahalli,13.0437,77.6636,1930000.0,1830000.0,1830000.0,0.0,2023-12-07,2024-01-03,2024-01-31,2024-11-01,2024-12-03,Completed,100.0,AGY-XYZ-99,XYZ Infrastructure & Construction Private Ltd,5,2,True,DEMO/SYNTHETIC DATA
MPL-2024-MA-001531,REC-2023-1437,MP-LS-17-11,Hon'ble Member of Parliament (Thane),"Paver Block Road at Saralgaon, Block Shahapur",Rural Roads & Bridges,Paver Block Road,Maharashtra,Thane,Thane,Shahapur,Saralgaon,19.2717,72.9646,3250000.0,3100000.0,2477000.0,623000.0,2023-06-27,2023-08-21,2023-09-09,2024-04-03,,Ongoing,84.0,AGY-XYZ-99,XYZ Infrastructure & Construction Private Ltd,4,2,False,DEMO/SYNTHETIC DATA
MPL-2024-RA-001532,REC-2023-6714,MP-LS-17-65,Hon'ble Member of Parliament (Jaipur Rural),"Panchayat Community Hall at Bagru, Block Shahpura",Community Infrastructure,Panchayat Community Hall,Rajasthan,Jaipur,Jaipur Rural,Shahpura,Bagru,26.8371,75.8511,2190000.0,2090000.0,2090000.0,0.0,2023-04-18,2023-05-27,2023-06-18,2024-03-05,2024-04-04,Completed,100.0,AGY-WSS-05,Public Health Engineering & Water Supply Dept,5,4,True,DEMO/SYNTHETIC DATA
MPL-2024-BI-001533,REC-2023-8895,MP-LS-17-78,Hon'ble Member of Parliament (Patna Sahib),"Panchayat Community Hall at Sabbalpur, Block Sampatchak",Community Infrastructure,Panchayat Community Hall,Bihar,Patna,Patna Sahib,Sampatchak,Sabbalpur,25.5237,85.0605,2920000.0,2820000.0,1179000.0,1641000.0,2023-02-07,2023-04-03,2023-04-28,2024-01-05,,Ongoing,41.0,AGY-RWD-02,Rural Works Department (RWD) Engineering Wing,4,1,False,DEMO/SYNTHETIC DATA
MPL-2024-KE-001534,REC-2023-2796,MP-LS-17-48,Hon'ble Member of Parliament (Ernakulam),"School Science Laboratory at Kalamassery, Block Vyttila",Education & Classrooms,School Science Laboratory,Kerala,Ernakulam,Ernakulam,Vyttila,Kalamassery,9.9578,76.2214,1140000.0,1040000.0,1040000.0,0.0,2023-11-01,2023-12-08,2023-12-27,2024-07-05,2024-07-28,Completed,100.0,AGY-DRDA-04,District Rural Development Agency (DRDA),4,3,True,DEMO/SYNTHETIC DATA
MPL-2024-BI-001535,REC-2023-1773,MP-LS-17-21,Hon'ble Member of Parliament (Patna Sahib),"Rooftop Solar for Govt Hospital at Gauri Chak, Block Sampatchak",Solar & Renewable Energy,Rooftop Solar for Govt Hospital,Bihar,Patna,Patna Sahib,Sampatchak,Gauri Chak,25.6422,85.1537,1210000.0,1110000.0,1110000.0,0.0,2023-06-11,2023-07-11,2023-07-24,2024-04-11,2024-05-01,Completed,100.0,AGY-RWD-02,Rural Works Department (RWD) Engineering Wing,5,2,True,DEMO/SYNTHETIC DATA
MPL-2024-KE-001536,REC-2023-9283,MP-LS-17-76,Hon'ble Member of Parliament (Ernakulam),"School Boundary Wall & Sanitation at Perumbavoor, Block Angamaly",Education & Classrooms,School Boundary Wall & Sanitation,Kerala,Ernakulam,Ernakulam,Angamaly,Perumbavoor,10.0458,76.3206,2480000.0,2380000.0,733000.0,1647000.0,2023-09-02,2023-09-24,2023-10-10,2024-07-04,,Ongoing,34.0,AGY-RWD-02,Rural Works Department (RWD) Engineering Wing,2,2,False,DEMO/SYNTHETIC DATA
MPL-2024-RA-001537,REC-2023-7907,MP-LS-17-58,Hon'ble Member of Parliament (Jaipur Rural),"Primary Health Sub-Centre Building at Bassi, Block Chaksu",Health & Sanitation,Primary Health Sub-Centre Building,Rajasthan,Jaipur,Jaipur Rural,Chaksu,Bassi,26.9763,75.814,2100000.0,1950000.0,1414000.0,536000.0,2023-06-25,2023-08-06,2023-08-16,2024-06-09,,Ongoing,66.0,AGY-RWD-02,Rural Works Department (RWD) Engineering Wing,4,2,False,DEMO/SYNTHETIC DATA
MPL-2024-RA-001538,REC-2023-3647,MP-LS-17-51,Hon'ble Member of Parliament (Jaipur Rural),"Primary Health Sub-Centre Building at Kukas, Block Kotputli",Health & Sanitation,Primary Health Sub-Centre Building,Rajasthan,Jaipur,Jaipur Rural,Kotputli,Kukas,26.8414,75.7293,1340000.0,1290000.0,244000.0,1046000.0,2023-11-01,2023-12-12,2023-12-30,2024-09-28,,Ongoing,20.0,AGY-ZP-03,Zila Parishad Rural Infrastructure Cell,4,3,False,DEMO/SYNTHETIC DATA
MPL-2024-AS-001539,REC-2023-6941,MP-LS-17-69,Hon'ble Member of Parliament (Gauhati),"Additional Classroom Building at Dadara, Block Kamalpur",Education & Classrooms,Additional Classroom Building,Assam,Kamrup,Gauhati,Kamalpur,Dadara,26.1968,91.7365,1370000.0,1220000.0,258000.0,962000.0,2023-06-19,2023-07-31,2023-08-15,2024-04-17,,Ongoing,21.0,AGY-PWD-01,Public Works Department (PWD) Division I,3,1,False,DEMO/SYNTHETIC DATA
MPL-2024-MA-001540,REC-2023-7758,MP-LS-17-63,Hon'ble Member of Parliament (Thane),"High-Mast Solar Lighting Chowk at Vashind, Block Kalyan",Solar & Renewable Energy,High-Mast Solar Lighting Chowk,Maharashtra,Thane,Thane,Kalyan,Vashind,19.1876,72.915,610000.0,460000.0,460000.0,0.0,2023-11-07,2023-12-19,2023-12-30,2024-08-05,2024-07-24,Completed,100.0,AGY-XYZ-99,XYZ Infrastructure & Construction Private Ltd,4,3,True,DEMO/SYNTHETIC DATA
MPL-2024-KA-001541,REC-2023-1639,MP-LS-17-62,Hon'ble Member of Parliament (Bangalore North),"Hand Pump Installation Cluster at Singanayakanahalli, Block Yelahanka",Drinking Water,Hand Pump Installation Cluster,Karnataka,Bengaluru Urban,Bangalore North,Yelahanka,Singanayakanahalli,12.9412,77.6311,1350000.0,1250000.0,529000.0,721000.0,2023-03-26,2023-05-15,2023-05-26,2023-12-04,,Ongoing,41.0,AGY-RWD-02,Rural Works Department (RWD) Engineering Wing,2,1,False,DEMO/SYNTHETIC DATA
MPL-2024-MA-001542,REC-2023-3438,MP-LS-17-19,Hon'ble Member of Parliament (Thane),"School Boundary Wall & Sanitation at Saralgaon, Block Shahapur",Education & Classrooms,School Boundary Wall & Sanitation,Maharashtra,Thane,Thane,Shahapur,Saralgaon,19.2007,73.0098,2630000.0,2480000.0,1823000.0,657000.0,2023-05-19,2023-06-14,2023-07-05,2023-11-18,,Ongoing,72.0,AGY-RWD-02,Rural Works Department (RWD) Engineering Wing,2,2,False,DEMO/SYNTHETIC DATA
MPL-2024-UT-001543,REC-2023-4730,MP-LS-17-46,Hon'ble Member of Parliament (Varanasi),"School Science Laboratory at Badagaon, Block Pindra",Education & Classrooms,School Science Laboratory,Uttar Pradesh,Varanasi,Varanasi,Pindra,Badagaon,25.3448,82.9326,3160000.0,3060000.0,3060000.0,0.0,2023-09-23,2023-10-30,2023-11-10,2024-08-04,2024-08-21,Completed,100.0,AGY-XYZ-99,XYZ Infrastructure & Construction Private Ltd,5,4,True,DEMO/SYNTHETIC DATA
MPL-2024-BI-001544,REC-2023-4869,MP-LS-17-17,Hon'ble Member of Parliament (Patna Sahib),"School Boundary Wall & Sanitation at Ranipur, Block Danapur",Education & Classrooms,School Boundary Wall & Sanitation,Bihar,Patna,Patna Sahib,Danapur,Ranipur,25.5841,85.2101,2180000.0,2080000.0,2080000.0,0.0,2023-12-16,2024-02-02,2024-02-22,2024-09-18,2024-08-31,Completed,100.0,AGY-ZP-03,Zila Parishad Rural Infrastructure Cell,4,4,True,DEMO/SYNTHETIC DATA
MPL-2024-MA-001545,REC-2023-7825,MP-LS-17-17,Hon'ble Member of Parliament (Thane),"Deep Borewell & Solar Pump System at Khadavali, Block Bhiwandi",Drinking Water,Deep Borewell & Solar Pump System,Maharashtra,Thane,Thane,Bhiwandi,Khadavali,19.2723,72.9582,1350000.0,1250000.0,891000.0,359000.0,2023-04-16,2023-06-03,2023-06-21,2024-01-30,,Ongoing,72.0,AGY-WSS-05,Public Health Engineering & Water Supply Dept,3,3,False,DEMO/SYNTHETIC DATA
MPL-2024-WE-001546,REC-2023-3055,MP-LS-17-59,Hon'ble Member of Parliament (Krishnanagar),"Public Bus Passenger Shelter at Tehatta, Block Nabadwip",Community Infrastructure,Public Bus Passenger Shelter,West Bengal,Nadia,Krishnanagar,Nabadwip,Tehatta,23.3577,88.4779,1290000.0,1140000.0,0.0,1140000.0,2023-02-25,2023-04-24,2023-05-14,2023-12-25,,Sanctioned,0.0,AGY-XYZ-99,XYZ Infrastructure & Construction Private Ltd,2,0,False,DEMO/SYNTHETIC DATA
MPL-2024-MA-001547,REC-2023-7136,MP-LS-17-88,Hon'ble Member of Parliament (Thane),"Village Waste Segregation Shed at Titwala, Block Bhiwandi",Health & Sanitation,Village Waste Segregation Shed,Maharashtra,Thane,Thane,Bhiwandi,Titwala,19.2111,72.9609,2090000.0,1940000.0,1001000.0,939000.0,2023-12-17,2024-01-17,2024-02-07,2024-09-09,,Ongoing,51.0,AGY-ZP-03,Zila Parishad Rural Infrastructure Cell,4,2,False,DEMO/SYNTHETIC DATA
MPL-2024-WE-001548,REC-2023-1619,MP-LS-17-65,Hon'ble Member of Parliament (Krishnanagar),"School Science Laboratory at Debagram, Block Nakashipara",Education & Classrooms,School Science Laboratory,West Bengal,Nadia,Krishnanagar,Nakashipara,Debagram,23.4658,88.5205,1840000.0,1790000.0,0.0,1790000.0,2023-04-05,2023-06-02,2023-06-22,2024-04-08,,Sanctioned,0.0,AGY-XYZ-99,XYZ Infrastructure & Construction Private Ltd,2,0,False,DEMO/SYNTHETIC DATA
MPL-2024-KA-001549,REC-2023-1082,MP-LS-17-99,Hon'ble Member of Parliament (Bangalore North),"Community Public Toilet Complex at Singanayakanahalli, Block Anekal",Health & Sanitation,Community Public Toilet Complex,Karnataka,Bengaluru Urban,Bangalore North,Anekal,Singanayakanahalli,12.9826,77.5814,1200000.0,1150000.0,600000.0,550000.0,2023-08-25,2023-10-13,2023-11-07,2024-08-10,,Ongoing,52.0,AGY-RWD-02,Rural Works Department (RWD) Engineering Wing,3,1,False,DEMO/SYNTHETIC DATA
MPL-2024-WE-001550,REC-2023-1448,MP-LS-17-83,Hon'ble Member of Parliament (Krishnanagar),"School Science Laboratory at Tehatta, Block Nakashipara",Education & Classrooms,School Science Laboratory,West Bengal,Nadia,Krishnanagar,Nakashipara,Tehatta,23.44,88.5013,2160000.0,2160000.0,2160000.0,0.0,2023-05-06,2023-05-26,2023-06-13,2024-04-04,2024-04-18,Completed,100.0,AGY-ZP-03,Zila Parishad Rural Infrastructure Cell,5,3,True,DEMO/SYNTHETIC DATA
MPL-2024-BI-001551,REC-2023-2247,MP-LS-17-76,Hon'ble Member of Parliament (Patna Sahib),"Health Diagnostic Equipment at Jethuli, Block Sampatchak",Health & Sanitation,Health Diagnostic Equipment,Bihar,Patna,Patna Sahib,Sampatchak,Jethuli,25.5846,85.1933,910000.0,860000.0,575000.0,285000.0,2023-09-03,2023-10-17,2023-11-08,2024-05-07,,Ongoing,73.0,AGY-XYZ-99,XYZ Infrastructure & Construction Private Ltd,2,3,False,DEMO/SYNTHETIC DATA
MPL-2024-KE-001552,REC-2023-2113,MP-LS-17-73,Hon'ble Member of Parliament (Ernakulam),"Crematorium Shed with Amenities at Cherai, Block Aluva",Community Infrastructure,Crematorium Shed with Amenities,Kerala,Ernakulam,Ernakulam,Aluva,Cherai,10.0513,76.2465,3140000.0,3040000.0,3040000.0,0.0,2023-04-22,2023-06-18,2023-07-05,2024-02-09,2024-01-30,Completed,100.0,AGY-RWD-02,Rural Works Department (RWD) Engineering Wing,4,3,True,DEMO/SYNTHETIC DATA
MPL-2024-KA-001553,REC-2023-2678,MP-LS-17-36,Hon'ble Member of Parliament (Bangalore North),"School Boundary Wall & Sanitation at Doddaballapur Rd, Block Yelahanka",Education & Classrooms,School Boundary Wall & Sanitation,Karnataka,Bengaluru Urban,Bangalore North,Yelahanka,Doddaballapur Rd,12.953,77.6114,3010000.0,2960000.0,2960000.0,0.0,2023-05-04,2023-06-13,2023-07-03,2024-04-17,2024-05-20,Completed,100.0,AGY-PWD-01,Public Works Department (PWD) Division I,5,3,True,DEMO/SYNTHETIC DATA
MPL-2024-KE-001554,REC-2023-4004,MP-LS-17-82,Hon'ble Member of Parliament (Ernakulam),"Deep Borewell & Solar Pump System at Edappally, Block Paravur",Drinking Water,Deep Borewell & Solar Pump System,Kerala,Ernakulam,Ernakulam,Paravur,Edappally,10.036,76.278,870000.0,820000.0,231000.0,589000.0,2023-04-04,2023-05-22,2023-06-19,2023-11-20,,Ongoing,28.0,AGY-ZP-03,Zila Parishad Rural Infrastructure Cell,4,3,False,DEMO/SYNTHETIC DATA
MPL-2024-AS-001555,REC-2023-6117,MP-LS-17-80,Hon'ble Member of Parliament (Gauhati),"Panchayat Community Hall at Mirza, Block Chaygaon",Community Infrastructure,Panchayat Community Hall,Assam,Kamrup,Gauhati,Chaygaon,Mirza,26.1568,91.748,2320000.0,2320000.0,670000.0,1650000.0,2023-05-08,2023-06-13,2023-07-07,2023-12-08,,Ongoing,29.0,AGY-WSS-05,Public Health Engineering & Water Supply Dept,2,2,False,DEMO/SYNTHETIC DATA
MPL-2024-KE-001556,REC-2023-1570,MP-LS-17-36,Hon'ble Member of Parliament (Ernakulam),"Community Public Toilet Complex at Kalamassery, Block Muvattupuzha",Health & Sanitation,Community Public Toilet Complex,Kerala,Ernakulam,Ernakulam,Muvattupuzha,Kalamassery,9.9108,76.3782,2520000.0,2520000.0,0.0,2520000.0,2023-10-04,2023-11-07,2023-11-22,2024-06-16,,Sanctioned,0.0,AGY-XYZ-99,XYZ Infrastructure & Construction Private Ltd,2,0,False,DEMO/SYNTHETIC DATA
MPL-2024-MA-001557,REC-2023-4429,MP-LS-17-32,Hon'ble Member of Parliament (Thane),"Smart Digital Library Block at Tokawade, Block Shahapur",Education & Classrooms,Smart Digital Library Block,Maharashtra,Thane,Thane,Shahapur,Tokawade,19.1418,72.9527,1170000.0,1170000.0,834000.0,336000.0,2023-04-14,2023-05-13,2023-06-09,2024-03-22,,Ongoing,66.0,AGY-DRDA-04,District Rural Development Agency (DRDA),4,3,False,DEMO/SYNTHETIC DATA
MPL-2024-WE-001558,REC-2023-7290,MP-LS-17-40,Hon'ble Member of Parliament (Krishnanagar),"Community Public Toilet Complex at Tehatta, Block Krishnanagar-I",Health & Sanitation,Community Public Toilet Complex,West Bengal,Nadia,Krishnanagar,Krishnanagar-I,Tehatta,23.3932,88.5146,1120000.0,970000.0,508000.0,462000.0,2023-06-24,2023-08-13,2023-08-29,2024-02-23,,Ongoing,51.0,AGY-PWD-01,Public Works Department (PWD) Division I,4,3,False,DEMO/SYNTHETIC DATA
MPL-2024-UT-001559,REC-2023-5929,MP-LS-17-99,Hon'ble Member of Parliament (Varanasi),"Crematorium Shed with Amenities at Tikari, Block Sewapuri",Community Infrastructure,Crematorium Shed with Amenities,Uttar Pradesh,Varanasi,Varanasi,Sewapuri,Tikari,25.2723,83.0111,2190000.0,2190000.0,602000.0,1588000.0,2023-09-24,2023-11-07,2023-11-19,2024-07-17,,Ongoing,29.0,AGY-ZP-03,Zila Parishad Rural Infrastructure Cell,3,2,False,DEMO/SYNTHETIC DATA
MPL-2024-KA-001560,REC-2023-6537,MP-LS-17-74,Hon'ble Member of Parliament (Bangalore North),"RO Water Treatment Plant at Mandur, Block Yelahanka",Drinking Water,RO Water Treatment Plant,Karnataka,Bengaluru Urban,Bangalore North,Yelahanka,Mandur,12.8963,77.609,860000.0,710000.0,0.0,710000.0,2023-02-21,2023-03-15,2023-04-10,2023-10-14,,Sanctioned,0.0,AGY-WSS-05,Public Health Engineering & Water Supply Dept,2,0,False,DEMO/SYNTHETIC DATA
MPL-2024-AS-001561,REC-2023-9070,MP-LS-17-27,Hon'ble Member of Parliament (Gauhati),"Deep Borewell & Solar Pump System at Mirza, Block Hajo",Drinking Water,Deep Borewell & Solar Pump System,Assam,Kamrup,Gauhati,Hajo,Mirza,26.0805,91.6984,2390000.0,2290000.0,0.0,2290000.0,2023-06-20,2023-08-12,2023-09-04,2024-02-15,,Sanctioned,0.0,AGY-ZP-03,Zila Parishad Rural Infrastructure Cell,2,0,False,DEMO/SYNTHETIC DATA
MPL-2024-UT-001562,REC-2023-2301,MP-LS-17-60,Hon'ble Member of Parliament (Varanasi),"Public Bus Passenger Shelter at Harahua, Block Pindra",Community Infrastructure,Public Bus Passenger Shelter,Uttar Pradesh,Varanasi,Varanasi,Pindra,Harahua,25.2983,82.9726,4060000.0,3960000.0,0.0,3960000.0,2023-01-26,2023-02-15,2023-03-13,2023-10-01,,Sanctioned,0.0,AGY-XYZ-99,XYZ Infrastructure & Construction Private Ltd,2,0,False,DEMO/SYNTHETIC DATA
MPL-2024-MA-001563,REC-2023-5825,MP-LS-17-67,Hon'ble Member of Parliament (Thane),"School Science Laboratory at Vashind, Block Shahapur",Education & Classrooms,School Science Laboratory,Maharashtra,Thane,Thane,Shahapur,Vashind,19.2883,72.9009,3440000.0,3290000.0,814000.0,2476000.0,2023-03-14,2023-04-16,2023-05-09,2023-09-07,,Ongoing,25.0,AGY-WSS-05,Public Health Engineering & Water Supply Dept,2,3,False,DEMO/SYNTHETIC DATA
MPL-2024-KA-001564,REC-2023-5778,MP-LS-17-50,Hon'ble Member of Parliament (Bangalore North),"Smart Digital Library Block at Hesaraghatta, Block Yelahanka",Education & Classrooms,Smart Digital Library Block,Karnataka,Bengaluru Urban,Bangalore North,Yelahanka,Hesaraghatta,12.9925,77.6221,2360000.0,2260000.0,1271000.0,989000.0,2023-11-12,2023-12-24,2024-01-14,2024-05-31,,Ongoing,59.0,AGY-PWD-01,Public Works Department (PWD) Division I,3,2,False,DEMO/SYNTHETIC DATA
MPL-2024-RA-001565,REC-2023-2556,MP-LS-17-24,Hon'ble Member of Parliament (Jaipur Rural),"Senior Citizen Recreation Shed at Bagru, Block Amer",Community Infrastructure,Senior Citizen Recreation Shed,Rajasthan,Jaipur,Jaipur Rural,Amer,Bagru,26.9062,75.828,1380000.0,1380000.0,1380000.0,0.0,2023-10-21,2023-11-18,2023-11-29,2024-06-19,2024-07-28,Completed,100.0,AGY-RWD-02,Rural Works Department (RWD) Engineering Wing,5,3,True,DEMO/SYNTHETIC DATA
MPL-2024-KA-001566,REC-2023-6697,MP-LS-17-45,Hon'ble Member of Parliament (Bangalore North),"Crematorium Shed with Amenities at Singanayakanahalli, Block K.R. Puram",Community Infrastructure,Crematorium Shed with Amenities,Karnataka,Bengaluru Urban,Bangalore North,K.R. Puram,Singanayakanahalli,12.9263,77.553,3240000.0,3190000.0,3190000.0,0.0,2023-08-03,2023-09-24,2023-10-05,2024-05-29,2024-06-21,Completed,100.0,AGY-PWD-01,Public Works Department (PWD) Division I,4,4,True,DEMO/SYNTHETIC DATA
MPL-2024-UT-001567,REC-2023-2161,MP-LS-17-10,Hon'ble Member of Parliament (Varanasi),"Additional Classroom Building at Babatpur, Block Sewapuri",Education & Classrooms,Additional Classroom Building,Uttar Pradesh,Varanasi,Varanasi,Sewapuri,Babatpur,25.3493,82.9092,1640000.0,1540000.0,1540000.0,0.0,2023-02-04,2023-03-31,2023-04-15,2023-12-28,2024-01-06,Completed,100.0,AGY-XYZ-99,XYZ Infrastructure & Construction Private Ltd,4,4,True,DEMO/SYNTHETIC DATA
MPL-2024-RA-001568,REC-2023-4858,MP-LS-17-45,Hon'ble Member of Parliament (Jaipur Rural),"Link Road Widening at Kukas, Block Sanganer",Rural Roads & Bridges,Link Road Widening,Rajasthan,Jaipur,Jaipur Rural,Sanganer,Kukas,26.9711,75.7289,4380000.0,4230000.0,3692000.0,538000.0,2023-12-24,2024-02-01,2024-02-22,2024-10-01,,Ongoing,81.0,AGY-ZP-03,Zila Parishad Rural Infrastructure Cell,4,3,False,DEMO/SYNTHETIC DATA
MPL-2024-KE-001569,REC-2023-2365,MP-LS-17-77,Hon'ble Member of Parliament (Ernakulam),"RO Water Treatment Plant at Kalamassery, Block Aluva",Drinking Water,RO Water Treatment Plant,Kerala,Ernakulam,Ernakulam,Aluva,Kalamassery,10.0031,76.2697,2490000.0,2440000.0,2440000.0,0.0,2023-06-14,2023-08-05,2023-09-01,2024-04-11,2024-05-21,Completed,100.0,AGY-ZP-03,Zila Parishad Rural Infrastructure Cell,5,2,True,DEMO/SYNTHETIC DATA
MPL-2024-KE-001570,REC-2023-6312,MP-LS-17-58,Hon'ble Member of Parliament (Ernakulam),"Panchayat Community Hall at Cherai, Block Muvattupuzha",Community Infrastructure,Panchayat Community Hall,Kerala,Ernakulam,Ernakulam,Muvattupuzha,Cherai,10.0205,76.29,2730000.0,2680000.0,1908000.0,772000.0,2023-01-03,2023-01-24,2023-02-15,2023-07-29,,Ongoing,65.0,AGY-RWD-02,Rural Works Department (RWD) Engineering Wing,4,3,False,DEMO/SYNTHETIC DATA
MPL-2024-UT-001571,REC-2023-6916,MP-LS-17-46,Hon'ble Member of Parliament (Varanasi),"RO Water Treatment Plant at Babatpur, Block Cholapur",Drinking Water,RO Water Treatment Plant,Uttar Pradesh,Varanasi,Varanasi,Cholapur,Babatpur,25.2704,82.9826,1130000.0,1080000.0,718000.0,362000.0,2023-07-28,2023-09-01,2023-09-28,2024-06-06,,Ongoing,65.0,AGY-WSS-05,Public Health Engineering & Water Supply Dept,3,2,False,DEMO/SYNTHETIC DATA
MPL-2024-WE-001572,REC-2023-9359,MP-LS-17-53,Hon'ble Member of Parliament (Krishnanagar),"Health Diagnostic Equipment at Bethuadahari, Block Chapra",Health & Sanitation,Health Diagnostic Equipment,West Bengal,Nadia,Krishnanagar,Chapra,Bethuadahari,23.4077,88.4434,2470000.0,2420000.0,0.0,2420000.0,2023-07-23,2023-09-03,2023-09-29,2024-05-24,,Sanctioned,0.0,AGY-XYZ-99,XYZ Infrastructure & Construction Private Ltd,2,0,False,DEMO/SYNTHETIC DATA
MPL-2024-WE-001573,REC-2023-3950,MP-LS-17-46,Hon'ble Member of Parliament (Krishnanagar),"Senior Citizen Recreation Shed at Debagram, Block Nakashipara",Community Infrastructure,Senior Citizen Recreation Shed,West Bengal,Nadia,Krishnanagar,Nakashipara,Debagram,23.3645,88.4877,1490000.0,1340000.0,1340000.0,0.0,2023-10-16,2023-12-05,2023-12-19,2024-06-02,2024-06-09,Completed,100.0,AGY-RWD-02,Rural Works Department (RWD) Engineering Wing,4,2,True,DEMO/SYNTHETIC DATA
MPL-2024-AS-001574,REC-2023-1601,MP-LS-17-32,Hon'ble Member of Parliament (Gauhati),"Deep Borewell & Solar Pump System at Sualkuchi, Block Kamalpur",Drinking Water,Deep Borewell & Solar Pump System,Assam,Kamrup,Gauhati,Kamalpur,Sualkuchi,26.2023,91.7648,1600000.0,1500000.0,1500000.0,0.0,2023-11-02,2023-11-23,2023-12-12,2024-07-20,2024-07-05,Completed,100.0,AGY-PWD-01,Public Works Department (PWD) Division I,5,4,True,DEMO/SYNTHETIC DATA
MPL-2024-UT-001575,REC-2023-4061,MP-LS-17-56,Hon'ble Member of Parliament (Varanasi),"Community Public Toilet Complex at Rampur, Block Sewapuri",Health & Sanitation,Community Public Toilet Complex,Uttar Pradesh,Varanasi,Varanasi,Sewapuri,Rampur,25.3731,82.9298,2110000.0,2110000.0,2110000.0,0.0,2023-06-19,2023-08-18,2023-08-28,2024-04-17,2024-05-21,Completed,100.0,AGY-XYZ-99,XYZ Infrastructure & Construction Private Ltd,4,3,True,DEMO/SYNTHETIC DATA
MPL-2024-BI-001576,REC-2023-6070,MP-LS-17-89,Hon'ble Member of Parliament (Patna Sahib),"Panchayat Community Hall at Ranipur, Block Danapur",Community Infrastructure,Panchayat Community Hall,Bihar,Patna,Patna Sahib,Danapur,Ranipur,25.6614,85.0878,4090000.0,3990000.0,2743000.0,1247000.0,2023-04-02,2023-05-10,2023-05-26,2023-11-07,,Ongoing,64.0,AGY-XYZ-99,XYZ Infrastructure & Construction Private Ltd,4,1,False,DEMO/SYNTHETIC DATA
MPL-2024-RA-001577,REC-2023-8335,MP-LS-17-36,Hon'ble Member of Parliament (Jaipur Rural),"Health Diagnostic Equipment at Nayla, Block Amer",Health & Sanitation,Health Diagnostic Equipment,Rajasthan,Jaipur,Jaipur Rural,Amer,Nayla,26.9707,75.8066,1120000.0,1120000.0,845000.0,275000.0,2023-04-20,2023-06-16,2023-06-30,2024-01-04,,Ongoing,70.0,AGY-ZP-03,Zila Parishad Rural Infrastructure Cell,4,3,False,DEMO/SYNTHETIC DATA
MPL-2024-MA-001578,REC-2023-5072,MP-LS-17-43,Hon'ble Member of Parliament (Thane),"School Boundary Wall & Sanitation at Vashind, Block Kalyan",Education & Classrooms,School Boundary Wall & Sanitation,Maharashtra,Thane,Thane,Kalyan,Vashind,19.2215,73.0094,2990000.0,2840000.0,898000.0,1942000.0,2023-12-17,2024-02-10,2024-02-23,2024-08-31,,Ongoing,30.0,AGY-PWD-01,Public Works Department (PWD) Division I,2,3,False,DEMO/SYNTHETIC DATA
MPL-2024-KE-001579,REC-2023-6533,MP-LS-17-77,Hon'ble Member of Parliament (Ernakulam),"Hand Pump Installation Cluster at Cherai, Block Paravur",Drinking Water,Hand Pump Installation Cluster,Kerala,Ernakulam,Ernakulam,Paravur,Cherai,10.0323,76.2728,1140000.0,990000.0,990000.0,0.0,2023-03-20,2023-05-16,2023-06-12,2023-10-12,2023-10-31,Completed,100.0,AGY-DRDA-04,District Rural Development Agency (DRDA),4,3,True,DEMO/SYNTHETIC DATA
MPL-2024-AS-001580,REC-2023-5174,MP-LS-17-92,Hon'ble Member of Parliament (Gauhati),"Panchayat Community Hall at Sualkuchi, Block Rangia",Community Infrastructure,Panchayat Community Hall,Assam,Kamrup,Gauhati,Rangia,Sualkuchi,26.1799,91.6954,1330000.0,1230000.0,1230000.0,0.0,2023-11-17,2024-01-06,2024-01-30,2024-08-31,2024-08-11,Completed,100.0,AGY-RWD-02,Rural Works Department (RWD) Engineering Wing,5,4,True,DEMO/SYNTHETIC DATA
MPL-2024-RA-001581,REC-2023-1318,MP-LS-17-93,Hon'ble Member of Parliament (Jaipur Rural),"Deep Borewell & Solar Pump System at Bagru, Block Shahpura",Drinking Water,Deep Borewell & Solar Pump System,Rajasthan,Jaipur,Jaipur Rural,Shahpura,Bagru,26.9107,75.8207,2400000.0,2250000.0,2250000.0,0.0,2023-09-21,2023-10-12,2023-11-04,2024-04-04,2024-03-19,Completed,100.0,AGY-WSS-05,Public Health Engineering & Water Supply Dept,5,4,True,DEMO/SYNTHETIC DATA
MPL-2024-BI-001582,REC-2023-9601,MP-LS-17-47,Hon'ble Member of Parliament (Patna Sahib),"Senior Citizen Recreation Shed at Sabbalpur, Block Danapur",Community Infrastructure,Senior Citizen Recreation Shed,Bihar,Patna,Patna Sahib,Danapur,Sabbalpur,25.5185,85.1225,3140000.0,3090000.0,3090000.0,0.0,2023-05-26,2023-06-24,2023-07-10,2023-12-05,2024-01-14,Completed,100.0,AGY-RWD-02,Rural Works Department (RWD) Engineering Wing,4,4,True,DEMO/SYNTHETIC DATA
MPL-2024-MA-001583,REC-2023-4699,MP-LS-17-83,Hon'ble Member of Parliament (Thane),"Primary Health Sub-Centre Building at Vashind, Block Bhiwandi",Health & Sanitation,Primary Health Sub-Centre Building,Maharashtra,Thane,Thane,Bhiwandi,Vashind,19.2197,73.0076,2470000.0,2320000.0,0.0,2320000.0,2023-06-26,2023-08-14,2023-08-26,2024-03-18,,Sanctioned,0.0,AGY-WSS-05,Public Health Engineering & Water Supply Dept,2,0,False,DEMO/SYNTHETIC DATA
MPL-2024-MA-001584,REC-2023-1402,MP-LS-17-29,Hon'ble Member of Parliament (Thane),"Culvert & Drainage Bridge at Vashind, Block Shahapur",Rural Roads & Bridges,Culvert & Drainage Bridge,Maharashtra,Thane,Thane,Shahapur,Vashind,19.2117,72.9264,3330000.0,3180000.0,3180000.0,0.0,2023-06-08,2023-07-07,2023-08-03,2023-12-06,2023-12-12,Completed,100.0,AGY-WSS-05,Public Health Engineering & Water Supply Dept,4,2,True,DEMO/SYNTHETIC DATA
MPL-2024-RA-001585,REC-2023-8497,MP-LS-17-84,Hon'ble Member of Parliament (Jaipur Rural),"Community Public Toilet Complex at Bassi, Block Kotputli",Health & Sanitation,Community Public Toilet Complex,Rajasthan,Jaipur,Jaipur Rural,Kotputli,Bassi,26.8491,75.7988,2900000.0,2850000.0,1552000.0,1298000.0,2023-03-09,2023-04-10,2023-04-24,2024-01-02,,Ongoing,50.0,AGY-DRDA-04,District Rural Development Agency (DRDA),3,3,False,DEMO/SYNTHETIC DATA
MPL-2024-BI-001586,REC-2023-2701,MP-LS-17-71,Hon'ble Member of Parliament (Patna Sahib),"School Boundary Wall & Sanitation at Ranipur, Block Bakhtiarpur",Education & Classrooms,School Boundary Wall & Sanitation,Bihar,Patna,Patna Sahib,Bakhtiarpur,Ranipur,25.5164,85.0632,1840000.0,1840000.0,1840000.0,0.0,2023-04-28,2023-05-19,2023-06-07,2024-02-06,2024-01-29,Completed,100.0,AGY-XYZ-99,XYZ Infrastructure & Construction Private Ltd,4,4,True,DEMO/SYNTHETIC DATA
MPL-2024-MA-001587,REC-2023-8106,MP-LS-17-35,Hon'ble Member of Parliament (Thane),"Smart Digital Library Block at Padgha, Block Murbad",Education & Classrooms,Smart Digital Library Block,Maharashtra,Thane,Thane,Murbad,Padgha,19.1619,73.0238,1460000.0,1410000.0,0.0,1410000.0,2023-06-25,2023-08-12,2023-09-11,2024-02-20,,Sanctioned,0.0,AGY-ZP-03,Zila Parishad Rural Infrastructure Cell,2,0,False,DEMO/SYNTHETIC DATA
MPL-2024-MA-001588,REC-2023-3168,MP-LS-17-48,Hon'ble Member of Parliament (Thane),"Solar Street Light Grid (50 poles) at Khadavali, Block Kalyan",Solar & Renewable Energy,Solar Street Light Grid (50 poles),Maharashtra,Thane,Thane,Kalyan,Khadavali,19.1817,72.9709,970000.0,920000.0,920000.0,0.0,2023-04-12,2023-05-25,2023-06-24,2023-12-19,2024-01-22,Completed,100.0,AGY-DRDA-04,District Rural Development Agency (DRDA),5,4,True,DEMO/SYNTHETIC DATA
MPL-2024-AS-001589,REC-2023-5727,MP-LS-17-35,Hon'ble Member of Parliament (Gauhati),"RO Water Treatment Plant at Boko, Block Rangia",Drinking Water,RO Water Treatment Plant,Assam,Kamrup,Gauhati,Rangia,Boko,26.0693,91.7008,580000.0,580000.0,580000.0,0.0,2023-06-07,2023-08-04,2023-08-30,2024-06-11,2024-07-14,Completed,100.0,AGY-XYZ-99,XYZ Infrastructure & Construction Private Ltd,4,3,True,DEMO/SYNTHETIC DATA
MPL-2024-KA-001590,REC-2023-8012,MP-LS-17-26,Hon'ble Member of Parliament (Bangalore North),"Additional Classroom Building at Mandur, Block Yelahanka",Education & Classrooms,Additional Classroom Building,Karnataka,Bengaluru Urban,Bangalore North,Yelahanka,Mandur,13.0186,77.6638,2890000.0,2790000.0,0.0,2790000.0,2023-08-24,2023-10-21,2023-11-11,2024-05-10,,Sanctioned,0.0,AGY-DRDA-04,District Rural Development Agency (DRDA),2,0,False,DEMO/SYNTHETIC DATA
MPL-2024-WE-001591,REC-2023-5925,MP-LS-17-45,Hon'ble Member of Parliament (Krishnanagar),"School Boundary Wall & Sanitation at Bethuadahari, Block Chapra",Education & Classrooms,School Boundary Wall & Sanitation,West Bengal,Nadia,Krishnanagar,Chapra,Bethuadahari,23.4299,88.4239,2710000.0,2660000.0,1824000.0,836000.0,2023-02-01,2023-02-21,2023-03-03,2023-09-01,,Ongoing,66.0,AGY-ZP-03,Zila Parishad Rural Infrastructure Cell,2,3,False,DEMO/SYNTHETIC DATA
MPL-2024-RA-001592,REC-2023-8429,MP-LS-17-40,Hon'ble Member of Parliament (Jaipur Rural),"Link Road Widening at Nayla, Block Kotputli",Rural Roads & Bridges,Link Road Widening,Rajasthan,Jaipur,Jaipur Rural,Kotputli,Nayla,26.9486,75.7379,2460000.0,2360000.0,984000.0,1376000.0,2023-10-27,2023-12-15,2024-01-14,2024-07-28,,Ongoing,41.0,AGY-XYZ-99,XYZ Infrastructure & Construction Private Ltd,3,3,False,DEMO/SYNTHETIC DATA
MPL-2024-KE-001593,REC-2023-1698,MP-LS-17-24,Hon'ble Member of Parliament (Ernakulam),"Senior Citizen Recreation Shed at Kothamangalam, Block Muvattupuzha",Community Infrastructure,Senior Citizen Recreation Shed,Kerala,Ernakulam,Ernakulam,Muvattupuzha,Kothamangalam,9.9319,76.2539,2470000.0,2420000.0,2420000.0,0.0,2023-01-27,2023-03-25,2023-04-13,2023-09-01,2023-09-30,Completed,100.0,AGY-DRDA-04,District Rural Development Agency (DRDA),5,3,True,DEMO/SYNTHETIC DATA
MPL-2024-KA-001594,REC-2023-4859,MP-LS-17-33,Hon'ble Member of Parliament (Bangalore North),"Smart Digital Library Block at Singanayakanahalli, Block K.R. Puram",Education & Classrooms,Smart Digital Library Block,Karnataka,Bengaluru Urban,Bangalore North,K.R. Puram,Singanayakanahalli,12.9189,77.6643,2480000.0,2480000.0,1856000.0,624000.0,2023-09-04,2023-10-31,2023-11-17,2024-05-30,,Ongoing,75.0,AGY-PWD-01,Public Works Department (PWD) Division I,4,3,False,DEMO/SYNTHETIC DATA
MPL-2024-RA-001595,REC-2023-9576,MP-LS-17-83,Hon'ble Member of Parliament (Jaipur Rural),"Piped Water Overhead Tank at Kukas, Block Chaksu",Drinking Water,Piped Water Overhead Tank,Rajasthan,Jaipur,Jaipur Rural,Chaksu,Kukas,26.9317,75.7662,1150000.0,1000000.0,575000.0,425000.0,2023-03-16,2023-04-05,2023-04-23,2023-09-15,,Ongoing,57.0,AGY-XYZ-99,XYZ Infrastructure & Construction Private Ltd,3,3,False,DEMO/SYNTHETIC DATA
MPL-2024-UT-001596,REC-2023-5555,MP-LS-17-94,Hon'ble Member of Parliament (Varanasi),"Culvert & Drainage Bridge at Harahua, Block Cholapur",Rural Roads & Bridges,Culvert & Drainage Bridge,Uttar Pradesh,Varanasi,Varanasi,Cholapur,Harahua,25.2422,82.9895,3010000.0,3010000.0,671000.0,2339000.0,2023-11-12,2023-12-31,2024-01-16,2024-09-13,,Ongoing,22.0,AGY-XYZ-99,XYZ Infrastructure & Construction Private Ltd,2,2,False,DEMO/SYNTHETIC DATA
MPL-2024-UT-001597,REC-2023-9823,MP-LS-17-16,Hon'ble Member of Parliament (Varanasi),"Crematorium Shed with Amenities at Harahua, Block Arajiline",Community Infrastructure,Crematorium Shed with Amenities,Uttar Pradesh,Varanasi,Varanasi,Arajiline,Harahua,25.2494,82.9813,2200000.0,2050000.0,2050000.0,0.0,2023-02-14,2023-03-26,2023-04-07,2023-10-18,2023-11-12,Completed,100.0,AGY-RWD-02,Rural Works Department (RWD) Engineering Wing,5,3,True,DEMO/SYNTHETIC DATA
MPL-2024-UT-001598,REC-2023-9500,MP-LS-17-32,Hon'ble Member of Parliament (Varanasi),"Public Bus Passenger Shelter at Chhatar, Block Pindra",Community Infrastructure,Public Bus Passenger Shelter,Uttar Pradesh,Varanasi,Varanasi,Pindra,Chhatar,25.3017,82.9579,1550000.0,1400000.0,1400000.0,0.0,2023-05-12,2023-07-09,2023-08-06,2024-04-20,2024-05-09,Completed,100.0,AGY-WSS-05,Public Health Engineering & Water Supply Dept,4,2,True,DEMO/SYNTHETIC DATA
MPL-2024-RA-001599,REC-2023-1036,MP-LS-17-64,Hon'ble Member of Parliament (Jaipur Rural),"Piped Water Overhead Tank at Kukas, Block Chaksu",Drinking Water,Piped Water Overhead Tank,Rajasthan,Jaipur,Jaipur Rural,Chaksu,Kukas,26.9087,75.714,2590000.0,2440000.0,2440000.0,0.0,2023-04-16,2023-06-05,2023-06-20,2024-03-09,2024-03-07,Completed,100.0,AGY-DRDA-04,District Rural Development Agency (DRDA),4,3,True,DEMO/SYNTHETIC DATA
MPL-2024-WE-001600,REC-2023-9474,MP-LS-17-58,Hon'ble Member of Parliament (Krishnanagar),"CC Road Construction at Bethuadahari, Block Nabadwip",Rural Roads & Bridges,CC Road Construction,West Bengal,Nadia,Krishnanagar,Nabadwip,Bethuadahari,23.3762,88.5066,4410000.0,4260000.0,2118000.0,2142000.0,2023-11-01,2023-12-21,2024-01-03,2024-07-22,,Ongoing,50.0,AGY-RWD-02,Rural Works Department (RWD) Engineering Wing,4,2,False,DEMO/SYNTHETIC DATA
